

===== FILE: web/libs/editor/src/examples/timeseries/sample-sin.json =====
[
  {
    "data": {
      "timeseries": {
        "time": [
          1602707685290, 1602707695271, 1602707705259, 1602707715317, 1602707725263, 1602707735312, 1602707745282,
          1602707755319, 1602707765270, 1602707775244, 1602707785251, 1602707795280, 1602707805276, 1602707815269,
          1602707825292, 1602707835287, 1602707845268, 1602707855242, 1602707865313, 1602707875299, 1602707885260,
          1602707895270, 1602707905238, 1602707915252, 1602707925257, 1602707935303, 1602707945258, 1602707955262,
          1602707965268, 1602707975307, 1602707985294, 1602707995296, 1602708005259, 1602708015238, 1602708025239,
          1602708035277, 1602708045278, 1602708055242, 1602708065278, 1602708075280, 1602708085319, 1602708095281,
          1602708105263, 1602708115254, 1602708125246, 1602708135232, 1602708145233, 1602708155327, 1602708165276,
          1602708175246, 1602708185240, 1602708195247, 1602708205272, 1602708215251, 1602708225279, 1602708235247,
          1602708245232, 1602708255325, 1602708265242, 1602708275272, 1602708285276, 1602708295279, 1602708305310,
          1602708315255, 1602708325232, 1602708335271, 1602708345305, 1602708355253, 1602708365241, 1602708375312,
          1602708385229, 1602708395260, 1602708405272, 1602708415296, 1602708425307, 1602708435274, 1602708445276,
          1602708455288, 1602708465323, 1602708475229, 1602708485239, 1602708495238, 1602708505281, 1602708515255,
          1602708525319, 1602708535270, 1602708545279, 1602708555323, 1602708565308, 1602708575299, 1602708585300,
          1602708595278, 1602708605267, 1602708615236, 1602708625268, 1602708635261, 1602708645253, 1602708655288,
          1602708665293, 1602708675237, 1602708685322, 1602708695229, 1602708705296, 1602708715311, 1602708725264,
          1602708735275, 1602708745296, 1602708755266, 1602708765263, 1602708775254, 1602708785315, 1602708795247,
          1602708805312, 1602708815248, 1602708825304, 1602708835302, 1602708845256, 1602708855280, 1602708865328,
          1602708875305, 1602708885298, 1602708895274, 1602708905287, 1602708915249, 1602708925267, 1602708935284,
          1602708945252, 1602708955269, 1602708965314, 1602708975281, 1602708985277, 1602708995294, 1602709005273,
          1602709015288, 1602709025268, 1602709035251, 1602709045308, 1602709055325, 1602709065294, 1602709075286,
          1602709085229, 1602709095324, 1602709105242, 1602709115271, 1602709125262, 1602709135314, 1602709145261,
          1602709155314, 1602709165230, 1602709175274, 1602709185303, 1602709195261, 1602709205293, 1602709215301,
          1602709225315, 1602709235249, 1602709245251, 1602709255321, 1602709265234, 1602709275245, 1602709285325,
          1602709295276, 1602709305267, 1602709315294, 1602709325297, 1602709335318, 1602709345243, 1602709355325,
          1602709365238, 1602709375276, 1602709385252, 1602709395273, 1602709405245, 1602709415271, 1602709425258,
          1602709435278, 1602709445244, 1602709455281, 1602709465270, 1602709475299, 1602709485292, 1602709495257,
          1602709505303, 1602709515297, 1602709525292, 1602709535274, 1602709545231, 1602709555277, 1602709565273,
          1602709575285, 1602709585230, 1602709595230, 1602709605252, 1602709615291, 1602709625302, 1602709635235,
          1602709645243, 1602709655262, 1602709665267, 1602709675291, 1602709685255, 1602709695321, 1602709705314,
          1602709715239, 1602709725242, 1602709735286, 1602709745293, 1602709755284, 1602709765264, 1602709775265,
          1602709785275, 1602709795296, 1602709805283, 1602709815328, 1602709825268, 1602709835315, 1602709845266,
          1602709855255, 1602709865289, 1602709875320, 1602709885281, 1602709895279, 1602709905241, 1602709915294,
          1602709925236, 1602709935292, 1602709945266, 1602709955234, 1602709965242, 1602709975255, 1602709985231,
          1602709995300, 1602710005241, 1602710015288, 1602710025260, 1602710035317, 1602710045289, 1602710055292,
          1602710065251, 1602710075312, 1602710085307, 1602710095290, 1602710105327, 1602710115293, 1602710125318,
          1602710135228, 1602710145292, 1602710155239, 1602710165267, 1602710175305, 1602710185320, 1602710195281,
          1602710205274, 1602710215316, 1602710225266, 1602710235293, 1602710245325, 1602710255267, 1602710265299,
          1602710275278, 1602710285255, 1602710295300, 1602710305261, 1602710315301, 1602710325269, 1602710335308,
          1602710345284, 1602710355304, 1602710365284, 1602710375234, 1602710385231, 1602710395267, 1602710405289,
          1602710415303, 1602710425269, 1602710435261, 1602710445266, 1602710455260, 1602710465288, 1602710475245,
          1602710485328, 1602710495308, 1602710505316, 1602710515262, 1602710525301, 1602710535298, 1602710545323,
          1602710555235, 1602710565300, 1602710575244, 1602710585267, 1602710595275, 1602710605262, 1602710615280,
          1602710625323, 1602710635254, 1602710645286, 1602710655324, 1602710665310, 1602710675324, 1602710685231,
          1602710695309, 1602710705290, 1602710715310, 1602710725286, 1602710735298, 1602710745236, 1602710755245,
          1602710765313, 1602710775257, 1602710785298, 1602710795292, 1602710805276, 1602710815230, 1602710825262,
          1602710835257, 1602710845264, 1602710855249, 1602710865291, 1602710875268, 1602710885242, 1602710895232,
          1602710905267, 1602710915299, 1602710925319, 1602710935265, 1602710945236, 1602710955294, 1602710965238,
          1602710975258, 1602710985233, 1602710995296, 1602711005234, 1602711015322, 1602711025250, 1602711035252,
          1602711045264, 1602711055248, 1602711065326, 1602711075283, 1602711085255, 1602711095234, 1602711105250,
          1602711115323, 1602711125237, 1602711135232, 1602711145250, 1602711155250, 1602711165256, 1602711175317,
          1602711185287, 1602711195275, 1602711205290, 1602711215282, 1602711225313, 1602711235290, 1602711245287,
          1602711255231, 1602711265229, 1602711275269, 1602711285255, 1602711295298, 1602711305321, 1602711315306,
          1602711325250, 1602711335267, 1602711345315, 1602711355270, 1602711365265, 1602711375302, 1602711385309,
          1602711395267, 1602711405261, 1602711415302, 1602711425308, 1602711435312, 1602711445324, 1602711455322,
          1602711465280, 1602711475246, 1602711485243, 1602711495307, 1602711505282, 1602711515273, 1602711525318,
          1602711535245, 1602711545259, 1602711555250, 1602711565326, 1602711575235, 1602711585325, 1602711595299,
          1602711605273, 1602711615262, 1602711625273, 1602711635277, 1602711645259, 1602711655317, 1602711665284,
          1602711675233, 1602711685316, 1602711695308, 1602711705324, 1602711715313, 1602711725276, 1602711735236,
          1602711745327, 1602711755288, 1602711765247, 1602711775255, 1602711785264, 1602711795320, 1602711805240,
          1602711815324, 1602711825228, 1602711835316, 1602711845236, 1602711855277, 1602711865235, 1602711875303,
          1602711885247, 1602711895297, 1602711905254, 1602711915285, 1602711925273, 1602711935285, 1602711945311,
          1602711955316, 1602711965241, 1602711975254, 1602711985281, 1602711995326, 1602712005299, 1602712015283,
          1602712025317, 1602712035233, 1602712045303, 1602712055287, 1602712065262, 1602712075291, 1602712085325,
          1602712095313, 1602712105268, 1602712115303, 1602712125315, 1602712135299, 1602712145279, 1602712155278,
          1602712165318, 1602712175287, 1602712185297, 1602712195308, 1602712205246, 1602712215242, 1602712225327,
          1602712235265, 1602712245322, 1602712255249, 1602712265266, 1602712275320, 1602712285235, 1602712295242,
          1602712305328, 1602712315278, 1602712325303, 1602712335237, 1602712345291, 1602712355293, 1602712365241,
          1602712375327, 1602712385311, 1602712395294, 1602712405263, 1602712415262, 1602712425235, 1602712435232,
          1602712445307, 1602712455243, 1602712465269, 1602712475276, 1602712485254, 1602712495310, 1602712505282,
          1602712515292, 1602712525250, 1602712535324, 1602712545295, 1602712555310, 1602712565325, 1602712575228,
          1602712585286, 1602712595228, 1602712605323, 1602712615281, 1602712625229, 1602712635270, 1602712645325,
          1602712655277, 1602712665311, 1602712675320, 1602712685234, 1602712695294, 1602712705288, 1602712715298,
          1602712725244, 1602712735308, 1602712745322, 1602712755305, 1602712765238, 1602712775280, 1602712785286,
          1602712795270, 1602712805266, 1602712815296, 1602712825271, 1602712835256, 1602712845286, 1602712855327,
          1602712865305, 1602712875236, 1602712885235, 1602712895320, 1602712905240, 1602712915286, 1602712925256,
          1602712935281, 1602712945274, 1602712955319, 1602712965277, 1602712975270, 1602712985280, 1602712995272,
          1602713005239, 1602713015296, 1602713025229, 1602713035314, 1602713045235, 1602713055266, 1602713065289,
          1602713075313, 1602713085291, 1602713095322, 1602713105285, 1602713115283, 1602713125276, 1602713135232,
          1602713145287, 1602713155289, 1602713165315, 1602713175273, 1602713185301, 1602713195283, 1602713205273,
          1602713215242, 1602713225285, 1602713235240, 1602713245273, 1602713255281, 1602713265230, 1602713275235,
          1602713285238, 1602713295244, 1602713305299, 1602713315232, 1602713325260, 1602713335277, 1602713345241,
          1602713355297, 1602713365283, 1602713375292, 1602713385231, 1602713395241, 1602713405269, 1602713415285,
          1602713425237, 1602713435276, 1602713445249, 1602713455253, 1602713465300, 1602713475323, 1602713485294,
          1602713495285, 1602713505231, 1602713515277, 1602713525272, 1602713535315, 1602713545238, 1602713555248,
          1602713565253, 1602713575229, 1602713585267, 1602713595237, 1602713605286, 1602713615260, 1602713625308,
          1602713635298, 1602713645327, 1602713655242, 1602713665318, 1602713675231, 1602713685233, 1602713695317,
          1602713705237, 1602713715279, 1602713725288, 1602713735323, 1602713745231, 1602713755293, 1602713765241,
          1602713775256, 1602713785313, 1602713795313, 1602713805300, 1602713815232, 1602713825246, 1602713835268,
          1602713845312, 1602713855260, 1602713865274, 1602713875281, 1602713885233, 1602713895308, 1602713905239,
          1602713915268, 1602713925259, 1602713935241, 1602713945317, 1602713955270, 1602713965290, 1602713975267,
          1602713985324, 1602713995286, 1602714005306, 1602714015266, 1602714025325, 1602714035252, 1602714045298,
          1602714055248, 1602714065324, 1602714075315, 1602714085266, 1602714095264, 1602714105297, 1602714115326,
          1602714125240, 1602714135296, 1602714145299, 1602714155245, 1602714165243, 1602714175277, 1602714185277,
          1602714195272, 1602714205235, 1602714215250, 1602714225283, 1602714235253, 1602714245316, 1602714255236,
          1602714265248, 1602714275312, 1602714285258, 1602714295232, 1602714305285, 1602714315313, 1602714325270,
          1602714335273, 1602714345324, 1602714355262, 1602714365314, 1602714375292, 1602714385235, 1602714395321,
          1602714405321, 1602714415257, 1602714425237, 1602714435259, 1602714445327, 1602714455304, 1602714465282,
          1602714475246, 1602714485328, 1602714495285, 1602714505254, 1602714515261, 1602714525229, 1602714535311,
          1602714545294, 1602714555261, 1602714565316, 1602714575318, 1602714585258, 1602714595275, 1602714605279,
          1602714615306, 1602714625246, 1602714635315, 1602714645322, 1602714655240, 1602714665244, 1602714675274,
          1602714685279, 1602714695237, 1602714705281, 1602714715242, 1602714725327, 1602714735289, 1602714745242,
          1602714755251, 1602714765293, 1602714775258, 1602714785275, 1602714795309, 1602714805316, 1602714815236,
          1602714825246, 1602714835272, 1602714845320, 1602714855276, 1602714865259, 1602714875276, 1602714885247,
          1602714895311, 1602714905290, 1602714915231, 1602714925324, 1602714935321, 1602714945238, 1602714955328,
          1602714965280, 1602714975282, 1602714985229, 1602714995256, 1602715005274, 1602715015230, 1602715025313,
          1602715035258, 1602715045322, 1602715055275, 1602715065259, 1602715075301, 1602715085259, 1602715095291,
          1602715105269, 1602715115278, 1602715125307, 1602715135251, 1602715145270, 1602715155243, 1602715165264,
          1602715175327, 1602715185262, 1602715195265, 1602715205301, 1602715215289, 1602715225316, 1602715235272,
          1602715245237, 1602715255299, 1602715265292, 1602715275309, 1602715285268, 1602715295248, 1602715305302,
          1602715315269, 1602715325235, 1602715335313, 1602715345295, 1602715355280, 1602715365245, 1602715375311,
          1602715385328, 1602715395270, 1602715405276, 1602715415295, 1602715425283, 1602715435255, 1602715445282,
          1602715455265, 1602715465304, 1602715475326, 1602715485328, 1602715495249, 1602715505286, 1602715515266,
          1602715525231, 1602715535281, 1602715545243, 1602715555302, 1602715565229, 1602715575305, 1602715585320,
          1602715595277, 1602715605323, 1602715615274, 1602715625247, 1602715635261, 1602715645263, 1602715655264,
          1602715665287, 1602715675268, 1602715685232, 1602715695296, 1602715705271, 1602715715265, 1602715725260,
          1602715735264, 1602715745290, 1602715755255, 1602715765299, 1602715775285, 1602715785302, 1602715795264,
          1602715805294, 1602715815318, 1602715825280, 1602715835313, 1602715845316, 1602715855246, 1602715865234,
          1602715875243, 1602715885312, 1602715895309, 1602715905289, 1602715915300, 1602715925307, 1602715935273,
          1602715945322, 1602715955295, 1602715965306, 1602715975294, 1602715985257, 1602715995243, 1602716005312,
          1602716015276, 1602716025301, 1602716035259, 1602716045269, 1602716055249, 1602716065286, 1602716075267,
          1602716085249, 1602716095274, 1602716105303, 1602716115234, 1602716125316, 1602716135318, 1602716145253,
          1602716155244, 1602716165261, 1602716175238, 1602716185268, 1602716195255, 1602716205268, 1602716215278,
          1602716225242, 1602716235305, 1602716245255, 1602716255249, 1602716265263, 1602716275298, 1602716285275,
          1602716295267, 1602716305287, 1602716315272, 1602716325317, 1602716335242, 1602716345247, 1602716355294,
          1602716365303, 1602716375244, 1602716385234, 1602716395279, 1602716405318, 1602716415323, 1602716425290,
          1602716435298, 1602716445316, 1602716455269, 1602716465275, 1602716475307, 1602716485306, 1602716495323,
          1602716505247, 1602716515240, 1602716525248, 1602716535234, 1602716545301, 1602716555318, 1602716565274,
          1602716575256, 1602716585304, 1602716595269, 1602716605321, 1602716615254, 1602716625270, 1602716635281,
          1602716645312, 1602716655260, 1602716665258, 1602716675328, 1602716685233, 1602716695307, 1602716705298,
          1602716715310, 1602716725243, 1602716735242, 1602716745291, 1602716755298, 1602716765260, 1602716775240,
          1602716785274, 1602716795310, 1602716805324, 1602716815251, 1602716825282, 1602716835268, 1602716845308,
          1602716855317, 1602716865240, 1602716875264, 1602716885270, 1602716895327, 1602716905264, 1602716915245,
          1602716925266, 1602716935273, 1602716945233, 1602716955320, 1602716965271, 1602716975268, 1602716985281,
          1602716995308, 1602717005294, 1602717015291, 1602717025240, 1602717035305, 1602717045266, 1602717055300,
          1602717065268, 1602717075324, 1602717085257, 1602717095266, 1602717105233, 1602717115258, 1602717125290,
          1602717135251, 1602717145247, 1602717155230, 1602717165265, 1602717175275, 1602717185250, 1602717195270,
          1602717205278, 1602717215252, 1602717225241, 1602717235288, 1602717245264, 1602717255280, 1602717265309,
          1602717275262, 1602717285261, 1602717295327, 1602717305304, 1602717315310, 1602717325246, 1602717335245,
          1602717345255, 1602717355231, 1602717365261, 1602717375308, 1602717385258, 1602717395277, 1602717405280,
          1602717415283, 1602717425290, 1602717435290, 1602717445251, 1602717455285, 1602717465240, 1602717475301,
          1602717485229, 1602717495323, 1602717505262, 1602717515254, 1602717525311, 1602717535275, 1602717545254,
          1602717555284, 1602717565325, 1602717575301, 1602717585258, 1602717595315, 1602717605310, 1602717615282,
          1602717625244, 1602717635306, 1602717645266, 1602717655274, 1602717665280, 1602717675273
        ],
        "one": [
          37.03620982977559, 16.8961637786484, 49.29810756459162, 66.41300313283884, 34.77100583247356,
          58.11684303722001, 84.35846790031925, 50.727889108984215, 90.56566064825813, 93.10636411810053,
          99.25549063297521, 94.90613396884045, 114.33633602827135, 95.83111506644275, 83.48146950170867,
          103.61445992488154, 146.06931528855873, 144.48361191286608, 149.59479594730706, 154.20929908058707,
          165.39135728978562, 123.83270419031122, 161.40287948278828, 129.2083612075148, 185.373455128006,
          171.6384434542441, 173.80071440011466, 161.09072281077206, 160.10006569000004, 171.92741097359263,
          184.03989131424015, 165.7452092442041, 205.40153222875813, 184.2415239843076, 164.69151590761925,
          172.56631635558531, 193.58977203042156, 164.9529133641715, 219.9107443415817, 204.8812683532066,
          209.5000983832279, 189.06696340286788, 215.19805569917747, 211.91195073388596, 174.25700854649656,
          189.33533464774382, 174.85465556768068, 228.7372593810509, 188.73144633280356, 227.6571454806826,
          180.08383918343824, 178.65981295212205, 174.29443425653452, 174.9538312071245, 197.56047498714494,
          195.42225877687437, 167.78613932762613, 206.14839910167393, 168.60699992102533, 169.11465797498047,
          191.33602973577771, 181.871157263041, 207.80457709887122, 184.29555559160255, 172.59328591380597,
          161.37011349649774, 164.79598423325328, 188.2481830379336, 192.5711015009636, 200.56759657948237,
          169.60107719421944, 150.57796828257545, 173.61599355332075, 155.85135087747912, 158.66778126316206,
          173.39359507274892, 185.0815740680075, 179.48573585362377, 172.19990147400537, 171.49876003156433,
          138.28388010176616, 179.82863027910494, 178.91710248085684, 161.25210131895778, 158.7418643121636,
          121.24075198340927, 118.83482999410825, 147.77276076683043, 122.88558103236045, 143.44302089304676,
          112.41446648684244, 141.17594014253856, 147.31630754511247, 127.41896802261135, 125.24894478755083,
          141.28979620351234, 146.8474598497446, 143.32431747777525, 155.37724615575425, 142.7490361686633,
          119.92760940131483, 107.05447353171692, 126.71656776178429, 137.48467671185654, 115.7345726665841,
          154.34556335422963, 101.52504447156892, 112.39499999177751, 104.99423993324147, 149.30570151410467,
          106.6517649378346, 150.26601350226935, 133.74797568254357, 135.97987206024143, 101.62795509240237,
          142.50793419054088, 141.5369822077268, 137.23845045158643, 129.34468335856388, 127.76456802515216,
          109.311240264339, 129.41308517549925, 155.19411309575645, 144.92931541892526, 140.0553113711135,
          137.00825067593087, 149.58472556753472, 152.48285277949637, 153.93671129214954, 136.51212374131836,
          119.64652356572955, 125.73439970137842, 135.53361119285282, 108.26319237266961, 122.61051389434184,
          137.81987511013278, 129.78985880244568, 161.30496870788636, 140.3733400195162, 146.92263437593206,
          104.99617824863171, 136.63854870776737, 158.47340372179374, 106.0446989838948, 140.7521759965705,
          102.85489835310128, 122.64136529226928, 114.96366261271923, 105.87503400073706, 111.40985615256243,
          107.08045338991971, 121.38972169184161, 113.51238421532739, 143.01689140447476, 123.60761347406782,
          119.99812499524461, 100.71972716897332, 99.5163945446057, 143.1120586489253, 133.30108178475905,
          132.89379804709614, 83.37783827481934, 109.89769144152183, 117.44289736716598, 119.17566308868481,
          119.92657011426579, 78.69510835446546, 94.12567314877718, 65.13964540111374, 108.05979123139656,
          114.15277617034228, 58.988423735500675, 89.54796260375758, 101.78778332797506, 60.43235749926134,
          69.17704305488604, 62.312990407280424, 90.78387731222799, 84.61437368218691, 75.12302227911084,
          62.088045911657474, 66.49677421488457, 35.12570004940379, 44.828590994037235, 17.836661711066615,
          36.37229221395488, 21.238619654773366, 52.40801076004285, 43.364293869657594, 18.529441630534905,
          15.34307848649093, -1.8454189533429926, 14.172331748694468, 32.35045829787427, -9.272967458495902,
          24.64619318375083, 16.16564111842803, -17.26538253146252, -15.464674805384874, 15.213959978372323,
          14.790591752149197, 5.253293068278076, -6.566243684750333, -14.505745534656615, 17.45828780611518,
          13.93987208314168, -41.26591091347484, -0.17478275300927493, 0.8632635380559535, -9.521304851379647,
          0.5516823576515506, 7.962911617163236, -19.949359831624616, -5.772697517030437, -39.73193856629793,
          -50.68352861987721, -18.219593994212985, -23.139899620420273, -31.91796828918963, -8.592271131257725,
          -20.338985562631336, -16.91781331752267, 2.288291438688667, 12.337276311041848, -10.93160373190402,
          14.627937056361631, 4.073936585970436, -29.082382786776403, -8.681959635946093, 24.018732235080464,
          -10.506983406915325, 25.74730100566084, 12.763014656403264, 32.95417006482374, 31.79161849008122,
          -11.17799047780355, 24.10809189187118, 0.6344873707933942, -3.3987857482314014, 3.934274340875774,
          37.13276477370155, 6.905315230293392, 55.431069010645565, 68.7941698799516, 73.83093619436103,
          22.710685575725453, 77.55811643006547, 66.7710548846955, 60.044689848155585, 57.034995024501576,
          82.38810744729071, 56.06673058437107, 62.47577749938577, 59.67202529656878, 63.18449211838183,
          80.27801229621852, 117.06009833647803, 113.95469569648515, 98.48051748922529, 78.42215740322227,
          84.48336260660759, 115.88997728294774, 115.32604472875315, 98.97172465509628, 107.06649373557877,
          117.20623938616967, 138.12149889339548, 115.0685889114704, 130.89332153087807, 115.074590790773,
          165.1210479848923, 153.8300498654595, 150.8047420184761, 166.9799341482218, 166.62165208905668,
          155.37191892107123, 130.51967048411336, 189.30495166823, 157.03931456016738, 192.95933338991654,
          184.90526400892378, 151.61765416982368, 158.58923931393974, 184.60214891055116, 165.52305102709576,
          184.14361412139772, 200.486923707275, 176.6422523741312, 156.85579927212535, 200.22459209003298,
          181.88754942894002, 169.78224768512732, 170.1578006229115, 191.89138626831704, 192.503666533134,
          171.93510446734854, 151.982509372278, 150.19532447719763, 149.9359593988638, 183.63849798066684,
          159.7000652770664, 176.02340868187127, 179.8176391080522, 180.77596712458387, 175.5610819429371,
          155.76911505411437, 149.3133842628528, 141.95718886560414, 131.0680972731796, 113.5963164056549,
          147.1738055201289, 152.34372809687235, 123.05025839769478, 137.4282259001729, 136.38659874156002,
          142.91473318697436, 133.04175416846923, 146.51444562642462, 98.0974337487937, 100.89523164524557,
          108.35182105847065, 95.04757003548215, 118.76378378961488, 125.0754551621323, 79.44083160631332,
          106.60954271449964, 76.48802846520358, 72.66107495860933, 54.08094807926947, 89.15655259967272,
          83.48611285944318, 91.14689839854748, 81.95468468105555, 40.36831166977962, 75.70439158511631,
          64.269420917759, 36.23205734223097, 73.25604089580284, 53.16954534876516, 33.110040995902786,
          35.26943459105837, 56.367977661663375, 63.574588943940256, 19.451865016666513, 58.5940505599862,
          56.030171788553396, 36.036359123227605, 32.71482911959865, 16.09237137468998, 28.18765643191366,
          32.011417592294514, 10.600671643587503, 22.880390390389273, 13.096309360754244, 9.607538154468969,
          -0.7604935301237727, -2.3762818833525188, -15.338179239447495, -14.845983382852653, 12.593979599749588,
          14.765549745607633, 22.830965903437775, 13.020406432275692, 20.758424737218267, -14.107573317905924,
          -12.86911418702007, 7.793152421689573, 2.5627432447345306, 6.63471280389324, 18.822671834159813,
          8.995727831216634, 20.643134960839262, -5.035279673808567, -14.249089725765568, -4.185126472740954,
          11.89870108752553, 13.778914297462485, 10.122893927049894, 19.235688000894946, -23.11495849450944,
          -30.37801901286177, 19.741993944462585, -21.411058825099033, -6.563311544496152, -13.542727119885527,
          11.778464595564976, -22.089150403921607, -24.29893155292889, -11.90040008285792, -20.856837880839347,
          2.6090057821249673, -20.463974837644326, -34.80042266337493, -46.28185386070532, -25.12881720007126,
          -17.455583730873386, -13.778287704616105, -3.1131832256002667, -43.94859565008565, -50.702670560208105,
          -25.667548630231785, -36.56471163526952, -20.123700247532426, -21.460888810689646, -43.03024156966646,
          -47.30554390676319, -65.39323502216949, -65.43333590236432, -32.319175501513705, -25.28880464351284,
          -41.52106166852366, -49.88631810381539, -78.72667107829841, -73.83312240285166, -87.87797922987824,
          -63.2990682914059, -79.28097718172785, -90.51020560842235, -70.06585379390468, -79.86788394171573,
          -113.8078864913276, -66.26393707874948, -115.28719850746006, -72.49192312499574, -112.471551197887,
          -136.30705944377732, -98.34071675429107, -112.27288860186896, -109.64312890465942, -127.19460646898966,
          -133.75593686863792, -104.95332226348057, -125.94287951709315, -153.98745431987416, -165.0213869945511,
          -137.814725868225, -157.51167762546297, -167.58829421418008, -168.28726500466774, -131.5876920217247,
          -156.42711746603948, -136.71014098610124, -139.2999723703883, -145.6576378994739, -175.37543539409364,
          -181.653580221646, -166.9565506300392, -156.64597656783053, -210.75997817765005, -202.55666319096488,
          -212.6571435863847, -215.55830462279698, -180.8814639274485, -177.30489425581902, -197.47434510709746,
          -187.1739874672055, -203.91873605298994, -209.90488595803242, -180.23256443157445, -213.8955949105111,
          -220.2995256710347, -183.93998417330351, -221.71594867616597, -199.41753781224315, -191.5711878850026,
          -204.0853304505439, -237.53462114951319, -216.31111030430588, -216.93071999849877, -204.9049516644199,
          -226.0569518783836, -229.4222442584649, -189.51656383524977, -215.56057083096707, -199.42879559594263,
          -196.13375496245533, -183.0279179837235, -203.9837504405301, -169.73380794746527, -199.53660967477873,
          -194.82697302885623, -206.01376986029214, -161.46146238097307, -186.43547351094395, -195.41796084285969,
          -194.9838669987035, -185.02936489124795, -157.78094788127666, -190.3418322346723, -178.9477070901038,
          -178.38351749653643, -141.31141571876796, -171.14487819582322, -158.96185317116652, -119.35608787781379,
          -116.31681004845515, -126.00590460554132, -133.16844493022117, -136.1061810404656, -110.48992640014527,
          -126.61438170240021, -116.29413665920367, -74.52336613423645, -83.98518794890848, -105.8713736062597,
          -91.91121264770348, -50.9753050791814, -63.738724788767925, -52.639410361223085, -63.51591788315696,
          -64.50607520558593, -54.17108393230111, -26.100048087959706, -27.67059349650959, -11.629654079091566,
          -53.18023206204362, -52.892205399162656, -31.272687591157617, -15.84121386554181, -0.4435031191872838,
          -11.897533752440445, -9.689911239600011, -19.749716215749878, 12.347412789668489, -7.629938266891719,
          32.0159838071728, -2.715068195716576, 46.40400837671401, 44.88831620891453, 36.648600109468624,
          9.37300122281486, 60.57833051765774, 35.9911620010534, 35.80177932156548, 47.59002593872466,
          34.80655280047216, 64.10925429234507, 56.37715209072721, 82.57283479422571, 69.31709098745375,
          40.67050215175826, 75.86373208124229, 84.486308941667, 47.36895517891964, 65.89844976185256,
          81.07353543420365, 81.88144958320805, 87.21367173804228, 93.54117369159349, 61.61675739253328,
          48.015869650315246, 40.117586645245865, 88.89746953558344, 99.98796558671894, 51.15497535543708,
          53.25315371285361, 83.03941150067685, 58.48137085157417, 52.900188440297526, 67.8684289059646,
          85.65389089127706, 75.71647364159972, 86.84898984976839, 61.49407340530006, 89.51543655378671,
          76.20833655762496, 55.601645423962566, 84.56735110113578, 40.13247181645257, 77.45550458977658,
          34.55963933491154, 52.660068978426665, 86.62886789652327, 30.40030670786043, 57.46387348674696,
          83.098847282247, 40.482125133092225, 73.16204346388011, 30.4857007993763, 22.645336323266026,
          56.0200794863957, 51.77469250126795, 67.1546560196787, 57.87691608694495, 17.41759720151727,
          54.878109106701125, 47.493283372059445, 64.57786770483617, 48.993636626937906, 34.1951786665862,
          36.3257696640557, 14.568419490363965, 63.23317546125337, 26.418963234489517, 15.31591248775866,
          53.99452831401371, 22.985585125801872, 15.244261841435254, 15.23320499798178, 59.28898624752186,
          48.983103088031285, 18.450586805496407, 35.37513701009135, 35.31874809381071, 62.220022028913625,
          25.20158903554477, 72.47043701948445, 49.47528245085166, 17.745819537598152, 57.03771073288418,
          62.3287043719062, 65.662768941524, 63.25011497635633, 23.289204458704578, 41.393225930912166,
          73.59501176387027, 41.535832393379785, 64.37236779550251, 72.73765654594138, 45.48900839495211,
          36.31587332826628, 73.06956417695692, 55.1598276517079, 56.29052053695725, 34.383252772599526,
          43.887287166806885, 53.070289648631835, 56.72548828406186, 66.76859604323485, 72.38274423960786,
          85.6341943921511, 67.89554907928215, 42.3776667606313, 43.00662936071367, 73.85951401947919,
          50.97403825523812, 68.654898648826, 69.76645870972168, 91.80786484702291, 94.20892590318653,
          73.50291525633878, 63.23291432088306, 73.88421574602562, 70.49146714322764, 102.71380005964126,
          99.42153275576707, 92.06989401296948, 111.50301413714867, 94.66342298368384, 103.29591018789162,
          91.84402167849802, 83.94310914943563, 82.8125796151381, 73.3562654303183, 101.80043137225377,
          107.80662349082351, 95.27722522080565, 71.81467649892133, 86.60010093790301, 84.95639197669398,
          47.8226256516017, 64.12146255424244, 45.09154603073557, 76.42982041356987, 50.46009054508337,
          78.6166059326094, 92.86183373911632, 38.297782341368205, 58.9299706177996, 55.89894202222745,
          77.8233515654263, 33.02241035573655, 78.62455450093327, 31.598734151030524, 21.067593095542144,
          20.191034028285053, 30.77286098281669, 12.218727266680862, 63.65774554204725, 41.923375149758186,
          58.12104212072491, 29.605547811809856, 22.59694723494056, 15.487356055957473, 3.974129006086411,
          -0.20028201406429247, 14.490088845662548, -9.463395126295264, -9.036101872829681, -15.991779736900444,
          -29.087589733227002, 24.80789681699087, 24.08515277928742, 18.643593559037782, -10.048052302910243,
          -22.296350099365313, -19.900681526080522, -40.51956856261426, 7.995279615065584, -23.75762059263617,
          -36.21280451581157, -51.30653628838034, -14.973451850015927, -12.102776734108886, -22.92141011390678,
          -38.03739604911054, -43.27241280945676, -30.319328991987007, -24.66755064542329, -50.80561689390146,
          -7.482679556753894, -36.392132826717656, -44.708312560033676, -24.58273469245448, -36.019147755802365,
          -9.07348428587322, -49.734001673806816, -50.75452558860551, -40.34966717413306, -47.7580042804002,
          -17.99447417787585, -11.560948317519355, -44.83684970566581, -32.21333876901835, -59.11691388047349,
          -43.53779144648816, -53.77359463006016, -34.9652704766076, -23.07934600270852, -26.026669192313005,
          2.385634574131913, -18.70104485669859, -11.300389325321689, 6.125584826302301, 23.37806794844431,
          22.687228094063634, -12.781593968580395, 4.024895629623511, -18.177437536079594, 0.2663084532167517,
          29.698074030663772, 34.02883642190601, 33.43024786117799, 23.76733022232676, 54.17568555199081,
          9.443772300891151, 50.71547323216697, 30.62246906621458, 56.47090430219434, 60.74774647230859,
          58.0637733531682, 45.639675601221555, 45.08497419547462, 82.30094212732857, 64.96007607663661,
          67.1067875438888, 101.27912636885212, 113.44260613045327, 117.63961207716953, 76.57700523076957,
          106.78276552404587, 135.63445748275967, 125.46532424590501, 109.41361019604425, 111.1898571652688,
          154.03133140720854, 110.16651672260186, 115.1117379105762, 151.97073079358177, 167.2799953757663,
          150.92207831359377, 189.06944558917516, 177.98134138898382, 183.59158986891072, 168.9854230066182,
          157.19661953986713, 191.54398019286833, 185.581256719504, 216.8584439554592, 212.03212705829267,
          214.94509266903424, 184.0472317716919, 184.45100053169907, 215.94288942018233, 221.46986307563412,
          217.31009278486258, 205.70291032222957, 191.05597234194158, 216.56367975266082, 242.13532768493792,
          198.5688100198425, 224.47493819269562, 206.43918139577872, 195.77914977448964, 219.7158477209509,
          226.9544745423874, 247.08763173720297, 230.1312912650799, 233.48892202541003, 226.53187497367105,
          236.7443173336522, 209.51612565284768, 246.44058255732867, 216.6046096558702, 237.94045335342133,
          204.39929606976298, 198.8653653946592, 196.71700144176478, 208.57619221588976, 248.6702103768165,
          247.72840295120278, 213.30271282901322, 229.53134212998327, 226.62201260012984, 222.59591450075877,
          228.00479951463853, 212.16892618454526, 225.26419263148503, 234.77964676970612, 225.16698144456706,
          210.54173452558967, 197.62070284837154, 227.67369671642822, 192.69235751914007, 209.37202977785307,
          171.84575020834876, 204.35901720000254, 180.710386928622, 215.93323544468197, 169.28193247452643,
          160.78259662298672, 212.11358448981866, 168.1205288104478, 165.22595195634003, 174.00640560164337,
          181.49192271846607, 201.27697673975803, 176.3898072199412, 172.82166493933633, 199.2119263934316,
          139.7113400862038, 139.44835065899542, 167.656089617775, 163.19864272385533, 142.13590943908247,
          160.65441254454788, 132.79006006458502, 146.8007870451806, 129.8221440428195, 154.9981676706181,
          156.239647368755, 174.37444772112264, 141.54411202897427, 126.37902605644943, 126.63064036066785,
          144.475538193849, 133.9653096913545, 126.68079606860756, 167.2200079640907, 128.302397128574,
          165.95081194859833, 155.6886986075325, 124.0639520337419, 124.5822340552818, 159.50629965722086,
          171.86733728017842, 132.58024511107442, 149.43199725504644, 115.28529859850413, 138.1141289726093,
          162.71643472655472, 124.63362898737334, 121.22246289627155, 132.20688964015653, 120.051631816624,
          138.17205091830962, 167.0686961702507, 112.58890625024416, 120.8056168337006, 154.8765892293838,
          118.2925043142191, 119.33542414059771, 117.60165284894256, 124.73164337030329, 139.39521246705908,
          130.22309574168804, 158.01501184558757, 126.6341012253639, 125.64055822192584, 149.1414581737555,
          149.1749365230358, 110.08734856226843, 148.66243454279754, 104.62526535773817, 107.88768216514309,
          99.52703512581778, 148.1683219154004, 141.9569617235268, 146.17232589785766, 131.21033237251078,
          111.03055071737319, 124.61430379706525, 138.95203938686598, 131.9123936043433, 104.87510720051091,
          125.57058377977525, 110.48817921955823, 74.54514500049592, 125.03382650808186, 97.15929624757464,
          97.9433585837035, 73.0017002826365, 77.19261849445766, 87.25230366657115, 78.55546487918744,
          81.43247977022205, 99.04188759502969, 88.51690074505214, 74.14598371176263, 40.55976338644172,
          82.3399003384706, 56.57608109007839, 71.97539752267141, 44.49605497703074, 61.137446214883624,
          26.855959703764693, 5.759185976780195, 32.469607474829914, 10.019461328137524, 4.2380292782364535,
          -1.8170551054217547, -18.73290516935153, -0.7243773353155305, -0.7455892024436537, -12.506165623330268,
          -37.314621455031485, -50.26847159607498, -23.684054749044577, -43.714897249838884, -27.560834125382158,
          -65.92156522987374, -65.80289160938011, -75.78156002111317, -78.37774602993623, -61.72990301702971,
          -55.03187231073241, -84.4936660460418, -95.04128748737972, -107.84100080068161, -71.86684355142842,
          -116.42026333988275, -115.6197642656727, -102.30226919293312, -126.75550054723168, -103.24100123123502,
          -107.29371421953914, -82.27400557125733, -104.79244662967926, -107.5573254870045, -100.4536883913838,
          -119.6513430965621, -132.76253575875796, -153.38419853777066, -161.60708969802897, -110.62759268400096,
          -163.5760629792642, -148.28160645329808, -139.6796520256861, -120.76878034790437, -117.01145098266258,
          -135.32272959100268, -145.7653120340161, -175.64702357968375, -122.84965099640303, -136.66369209205288,
          -141.55679415700865, -177.0439967777879, -130.82127859560322, -153.2307284872943, -149.5885922447043,
          -173.87683551499896, -128.21427480771, -167.5073700396225, -136.4587090769843, -117.20404582492924,
          -115.7483250025667, -163.08837968081792, -165.9571799635692, -151.49876950021172, -132.75583227211303,
          -149.44035340544457, -131.46093129514352, -113.67776700524311, -106.9053290330692, -150.15662250802313,
          -131.3581649406843, -137.18732218023973, -126.53294282815509, -101.34478878028523, -89.1798376237136
        ],
        "two": [
          0, -20.140046051127193, 32.40194378594322, 17.11489556824722, -31.641997300365276, 23.345837204746445,
          26.241624863099247, -33.63057879133504, 39.837771539273916, 2.5407034698423985, 6.1491265148746805,
          -4.34935666413476, 19.430202059430897, -18.5052209618286, -12.349645564734075, 20.13299042317287,
          42.45485536367718, -1.5857033756926455, 5.111184034440981, 4.61450313328001, 11.182058209198544,
          -41.5586530994744, 37.57017529247706, -32.19451827527348, 56.16509392049119, -13.735011673761875,
          2.162270945870546, -12.709991589342593, -0.9906571207720276, 11.827345283592592, 12.112480340647522,
          -18.29468207003606, 39.65632298455404, -21.160008244450523, -19.550008076688357, 7.8748004479660665,
          21.023455674836242, -28.63685866625005, 54.9578309774102, -15.029475988375111, 4.618830030021314,
          -20.433134980360023, 26.13109229630959, -3.286104965291514, -37.654942187389395, 15.078326101247256,
          -14.48067908006314, 53.882603813370224, -40.00581304824735, 38.925699147879044, -47.57330629724436,
          -1.4240262313161907, -4.3653786955875375, 0.6593969505899793, 22.60664378002045, -2.1382162102705706,
          -27.63611944924824, 38.3622597740478, -37.5413991806486, 0.5076580539551401, 22.22137176079724,
          -9.464872472736715, 25.93341983583022, -23.50902150726867, -11.70226967779658, -11.223172417308234,
          3.4258707367555417, 23.452198804680307, 4.322918463030021, 7.9964950785187625, -30.966519385262927,
          -19.023108911643988, 23.038025270745294, -17.76464267584163, 2.816430385682935, 14.725813809586867,
          11.68797899525859, -5.595838214383747, -7.285834379618393, -0.7011414424410418, -33.21487992979817,
          41.544750177338784, -0.9115277982481018, -17.665001161899056, -2.5102370067941706, -37.501112328754346,
          -2.405921989301021, 28.937930772722183, -24.88717973446998, 20.557439860686316, -31.02855440620432,
          28.761473655696122, 6.140367402573901, -19.897339522501113, -2.170023235060526, 16.040851415961512,
          5.557663646232271, -3.5231423719693566, 12.052928677978997, -12.62820998709094, -22.821426767348484,
          -12.873135869597903, 19.662094230067368, 10.768108950072246, -21.750104045272437, 38.610990687645526,
          -52.82051888266071, 10.869955520208592, -7.4007600585360365, 44.311461580863195, -42.65393657627007,
          43.614248564434746, -16.518037819725777, 2.231896377697865, -34.35191696783906, 40.879979098138506,
          -0.9709519828140856, -4.298531756140363, -7.8937670930225465, -1.580115333411726, -18.453327760813153,
          20.101844911160242, 25.781027920257202, -10.264797676831193, -4.874004047811752, -3.047060695182637,
          12.576474891603851, 2.8981272119616506, 1.45385851265317, -17.424587550831177, -16.86560017558881,
          6.0878761356488695, 9.799211491474395, -27.27041882018321, 14.347321521672228, 15.209361215790949,
          -8.030016307687106, 31.51510990544068, -20.931628688370154, 6.5492943564158566, -41.926456127300355,
          31.642370459135662, 21.834855014026374, -52.42870473789894, 34.70747701267568, -37.89727764346921,
          19.786466939168008, -7.677702679550052, -9.088628611982173, 5.534822151825367, -4.329402762642715,
          14.309268301921904, -7.877337476514228, 29.504507189147375, -19.409277930406944, -3.6094884788232093,
          -19.278397826271288, -1.2033326243676186, 43.59566410431961, -9.810976864166264, -0.40728373766290815,
          -49.5159597722768, 26.51985316670249, 7.545205925644154, 1.732765721518831, 0.7509070255809718,
          -41.231461759800325, 15.43056479431172, -28.986027747663442, 42.92014583028282, 6.092984938945719,
          -55.164352434841604, 30.559538868256908, 12.23982072421748, -41.35542582871372, 8.744685555624699,
          -6.864052647605618, 28.470886904947562, -6.169503630041078, -9.491351403076067, -13.034976367453368,
          4.408728303227093, -31.371074165480778, 9.702890944633445, -26.99192928297062, 18.535630502888264,
          -15.133672559181512, 31.169391105269483, -9.043716890385255, -24.83485223912269, -3.186363144043975,
          -17.188497439833924, 16.01775070203746, 18.1781265491798, -41.62342575637017, 33.91916064224674,
          -8.4805520653228, -33.43102364989055, 1.800707726077647, 30.678634783757197, -0.42336822622312553,
          -9.537298683871121, -11.819536753028409, -7.939501849906282, 31.964033340771795, -3.5184157229735007,
          -55.20578299661652, 41.091128160465566, 1.0380462910652284, -10.3845683894356, 10.072987209031197,
          7.4112292595116855, -27.912271448787852, 14.176662314594179, -33.95924104926749, -10.951590053579281,
          32.46393462566422, -4.920305626207288, -8.778068668769357, 23.325697157931906, -11.746714431373611,
          3.421172245108668, 19.206104756211335, 10.04898487235318, -23.268880042945867, 25.55954078826565,
          -10.554000470391195, -33.156319372746836, 20.40042315083031, 32.70069187102656, -34.52571564199579,
          36.25428441257617, -12.984286349257577, 20.191155408420478, -1.1625515747425226, -42.96960896788477,
          35.28608236967473, -23.473604521077785, -4.033273119024796, 7.3330600891071755, 33.19849043282578,
          -30.22744954340816, 48.525753780352176, 13.363100869306031, 5.036766314409434, -51.12025061863558,
          54.84743085434002, -10.787061545369966, -6.726365036539917, -3.0096948236540086, 25.35311242278913,
          -26.321376862919635, 6.409046915014699, -2.8037522028169874, 3.5124668218130495, 17.093520177836687,
          36.782086040259514, -3.1054026399928887, -15.474178207259854, -20.05836008600302, 6.061205203385313,
          31.406614676340155, -0.5639325541945936, -16.354320073656865, 8.094769080482493, 10.139745650590896,
          20.915259507225812, -23.052909981925083, 15.82473261940767, -15.818730740105067, 50.0464571941193,
          -11.2909981194328, -3.025307846983395, 16.17519212974568, -0.3582820591651057, -11.249733167985454,
          -24.852248436957865, 58.78528118411663, -32.265637108062606, 35.920018829749154, -8.054069380992757,
          -33.2876098391001, 6.971585144116062, 26.012909596611422, -19.079097883455404, 18.620563094301957,
          16.34330958587728, -23.844671333143793, -19.78645310200585, 43.36879281790763, -18.337042661092966,
          -12.105301743812703, 0.3755529377841924, 21.733585645405526, 0.6122802648169738, -20.56856206578547,
          -19.952595095070535, -1.7871848950803724, -0.25936507833384326, 33.702538581803054, -23.938432703600455,
          16.323343404804888, 3.794230426180917, 0.9583280165316808, -5.214885181646764, -19.791966888822742,
          -6.455730791261573, -7.356195397248655, -10.889091592424535, -17.4717808675247, 33.57748911447399,
          5.16992257674346, -29.293469699177578, 14.377967502478114, -1.0416271586128687, 6.528134445414338,
          -9.872979018505134, 13.472691457955392, -48.41701187763091, 2.7977978964518684, 7.456589413225075,
          -13.304251022988495, 23.716213754132724, 6.311671372517424, -45.634623555818976, 27.168711108186315,
          -30.121514249296055, -3.8269535065942506, -18.580126879339865, 35.07560452040325, -5.67043974022954,
          7.660785539104296, -9.192213717491924, -41.58637301127593, 35.33607991533669, -11.434970667357305,
          -28.037363575528033, 37.02398355357187, -20.08649554703768, -20.059504352862376, 2.159393595155585,
          21.098543070605004, 7.2066112822768815, -44.12272392727374, 39.142185543319684, -2.5638787714328046,
          -19.99381266532579, -3.3215300036289577, -16.62245774490867, 12.09528505722368, 3.8237611603808546,
          -21.41074594870701, 12.27971874680177, -9.78408102963503, -3.488771206285275, -10.368031684592742,
          -1.615788353228746, -12.961897356094976, 0.4921958565948419, 27.43996298260224, 2.1715701458580448,
          8.065416157830143, -9.810559471162083, 7.738018304942575, -34.865998055124194, 1.238459130885854,
          20.662266608709643, -5.2304091769550425, 4.07196955915871, 12.187959030266573, -9.82694400294318,
          11.647407129622628, -25.67841463464783, -9.213810051957001, 10.063963253024614, 16.083827560266485,
          1.8802132099369544, -3.656020370412591, 9.112794073845052, -42.35064649540439, -7.263060518352329,
          50.120012957324356, -41.15305276956162, 14.847747280602881, -6.979415575389375, 25.321191715450503,
          -33.867614999486584, -2.2097811490072843, 12.39853147007097, -8.956437797981426, 23.465843662964314,
          -23.072980619769293, -14.336447825730605, -11.481431197330387, 21.153036660634058, 7.673233469197875,
          3.677296026257281, 10.665104479015838, -40.835412424485384, -6.754074910122455, 25.03512192997632,
          -10.897163005037733, 16.441011387737092, -1.3371885631572198, -21.569352758976812, -4.275302337096733,
          -18.0876911154063, -0.04010088019482794, 33.114160400850615, 7.030370858000865, -16.232257025010817,
          -8.365256435291734, -28.840352974483018, 4.893548675446752, -14.044856827026578, 24.578910938472333,
          -15.981908890321947, -11.229228426694505, 20.444351814517674, -9.802030147811053, -33.94000254961186,
          47.543949412578115, -49.02326142871058, 42.795275382464325, -39.97962807289126, -23.835508245890324,
          37.966342689486254, -13.93217184757789, 2.6297596972095363, -17.55147756433024, -6.561330399648256,
          28.802614605157345, -20.989557253612574, -28.044574802781014, -11.033932674676947, 27.20666112632611,
          -19.69695175723797, -10.076616588717116, -0.6989707904876639, 36.69957298294304, -24.83942544431477,
          19.71697647993824, -2.5898313842870664, -6.357665529085608, -29.71779749461973, -6.278144827552353,
          14.697029591606793, 10.310574062208673, -54.114001609819525, 8.203314986685172, -10.100480395419822,
          -2.901161036412276, 34.67684069534849, 3.5765696716294713, -20.16945085127844, 10.300357639891956,
          -16.744748585784436, -5.986149905042481, 29.672321526457978, -33.66303047893666, -6.403930760523593,
          36.359541497731186, -37.77596450286245, 22.29841086392281, 7.846349927240567, -12.514142565541306,
          -33.44929069896929, 21.2235108452073, -0.6196096941928886, 12.025768334078862, -21.152000213963674,
          -3.365292380081314, 39.90568042321513, -26.044006995717297, 16.131775235024435, 3.2950406334873037,
          13.105836978731816, -20.955832456806576, 34.24994249306482, -29.802801727313465, 4.709636645922501,
          -11.186796831435913, 44.55230747931907, -24.974011129970876, -8.982487331915735, 0.43409384415619456,
          9.95450210745554, 27.24841700997129, -32.560884353395636, 11.394125144568505, 0.5641895935673631,
          37.07210177776847, -29.833462477055264, 12.1830250246567, 39.60576529335273, 3.039277829358639,
          -9.689094557086165, -7.162540324679853, -2.9377361102444297, 25.616254640320335, -16.124455302254944,
          10.320245043196536, 41.77077052496722, -9.461821814672021, -21.88618565735122, 13.960160958556216,
          40.935907568522076, -12.763419709586522, 11.09931442754484, -10.876507521933874, -0.9901573224289706,
          10.334991273284821, 28.071035844341402, -1.570545408549883, 16.040939417418024, -41.550577982952056,
          0.28802666288096646, 21.61951780800504, 15.431473725615806, 15.397710746354527, -11.454030633253161,
          2.207622512840434, -10.059804976149866, 32.09712900541837, -19.97735105656021, 39.64592207406452,
          -34.73105200288938, 49.119076572430586, -1.5156921677994788, -8.239716099445907, -27.275598886653764,
          51.20532929484288, -24.587168516604343, -0.1893826794879132, 11.788246617159174, -12.783473138252496,
          29.30270149187291, -7.732102201617863, 26.195682703498505, -13.25574380677196, -28.646588835695496,
          35.19322992948403, 8.622576860424715, -37.11735376274736, 18.52949458293292, 15.175085672351088,
          0.8079141490044037, 5.332222154834227, 6.327501953551206, -31.924416299060205, -13.600887742218035,
          -7.898283005069381, 48.779882890337575, 11.090496051135503, -48.83299023128186, 2.098178357416529,
          29.78625778782324, -24.55804064910268, -5.581182411276643, 14.96824046566708, 17.785461985312452,
          -9.937417249677338, 11.132516208168667, -25.35491644446833, 28.021363148486657, -13.307099996161753,
          -20.606691133662395, 28.96570567717322, -44.43487928468321, 37.32303277332401, -42.89586525486504,
          18.100429643515128, 33.96879891809661, -56.228561188662844, 27.063566778886532, 25.63497379550003,
          -42.61672214915477, 32.679918330787885, -42.67634266450381, -7.840364476110274, 33.37474316312968,
          -4.245386985127752, 15.379963518410747, -9.277739932733745, -40.45931888542768, 37.46051190518385,
          -7.38482573464168, 17.08458433277672, -15.58423107789826, -14.798457960351705, 2.130590997469497,
          -21.757350173691734, 48.6647559708894, -36.81421222676385, -11.103050746730858, 38.67861582625505,
          -31.008943188211834, -7.741323284366619, -0.01105684345347413, 44.05578124954008, -10.305883159490577,
          -30.53251628253488, 16.924550204594944, -0.05638891628063902, 26.901273935102914, -37.018432993368855,
          47.26884798393968, -22.995154568632792, -31.729462913253506, 39.29189119528603, 5.29099363902202,
          3.3340645696178086, -2.412653965167678, -39.960910517651755, 18.104021472207588, 32.20178583295811,
          -32.05917937049049, 22.836535402122728, 8.365288750438864, -27.24864815098927, -9.17313506668583,
          36.75369084869064, -17.909736525249016, 1.1306928852493527, -21.907267764357726, 9.504034394207359,
          9.18300248182495, 3.6551986354300254, 10.04310775917299, 5.614148196373009, 13.251450152543242,
          -17.738645312868954, -25.517882318650848, 0.6289626000823674, 30.852884658765525, -22.88547576424107,
          17.680860393587885, 1.1115600608956697, 22.041406137301237, 2.4010610561636128, -20.706010646847744,
          -10.27000093545572, 10.651301425142556, -3.3927486027979796, 32.22233291641362, -3.2922673038741834,
          -7.35163874279759, 19.433120124179183, -16.839591153464823, 8.632487204207777, -11.451888509393598,
          -7.900912529062396, -1.1305295342975228, -9.456314184819803, 28.444165941935466, 6.006192118569743,
          -12.529398270017865, -23.462548721884318, 14.785424438981678, -1.643708961209029, -37.13376632509228,
          16.298836902640744, -19.02991652350687, 31.3382743828343, -25.969729868486503, 28.156515387526035,
          14.245227806506918, -54.564051397748116, 20.632188276431393, -3.0310285955721454, 21.92440954319884,
          -44.800941209689746, 45.602144145196725, -47.025820349902745, -10.53114105548838, -0.8765590672570909,
          10.581826954531639, -18.55413371613583, 51.439018275366394, -21.734370392289065, 16.197666970966722,
          -28.515494308915052, -7.008600576869295, -7.109591178983088, -11.513227049871062, -4.174411020150703,
          14.69037085972684, -23.953483971957812, 0.42729325346558333, -6.955677864070763, -13.095809996326558,
          53.89548655021787, -0.7227440377034497, -5.441559220249637, -28.691645861948025, -12.24829779645507,
          2.395668573284791, -20.61888703653374, 48.514848177679845, -31.752900207701753, -12.455183923175401,
          -15.093731772568773, 36.333084438364416, 2.8706751159070407, -10.818633379797895, -15.11598593520376,
          -5.23501676034622, 12.953083817469754, 5.651778346563717, -26.138066248478168, 43.322937337147565,
          -28.909453269963763, -8.31617973331602, 20.125577867579196, -11.436413063347885, 26.945663469929144,
          -40.660517387933595, -1.0205239147986944, 10.40485841447245, -7.40833710626714, 29.76353010252435,
          6.433525860356497, -33.27590138814646, 12.623510936647463, -26.90357511145514, 15.579122433985333,
          -10.235803183572003, 18.80832415345256, 11.885924473899081, -2.947323189604486, 28.412303766444918,
          -21.086679430830504, 7.400655531376902, 17.42597415162399, 17.25248312214201, -0.6908398543806769,
          -35.46882206264403, 16.806489598203907, -22.202333165703106, 18.443745989296346, 29.43176557744702,
          4.330762391242235, -0.5985885607280181, -9.66291763885123, 30.40835532966405, -44.731913251099655,
          41.27170093127582, -20.09300416595239, 25.84843523597976, 4.27684217011425, -2.68397311914039,
          -12.424097751946647, -0.5547014057469326, 37.215967931853946, -17.340866050691957, 2.1467114672521888,
          34.17233882496332, 12.163479761601153, 4.19700594671626, -41.06260684639996, 30.2057602932763,
          28.8516919587138, -10.169133236854663, -16.051714049860763, 1.7762469692245588, 42.841474241939736,
          -43.864814684606685, 4.94522118797434, 36.85899288300557, 15.30926458218454, -16.357917062172532,
          38.14736727558139, -11.088104200191339, 5.610248479926895, -14.606166862292525, -11.788803466751062,
          34.3473606530012, -5.962723473364321, 31.277187235955182, -4.826316897166521, 2.9129656107415656,
          -30.897860897342326, 0.40376876000715356, 31.49188888848326, 5.526973655451798, -4.159770290771547,
          -11.607182462633006, -14.646937980287987, 25.507707410719235, 25.571647932277102, -43.56651766509543,
          25.90612817285313, -18.0357567969169, -10.660031621289079, 23.936697946461265, 7.2386268214364975,
          20.133157194815567, -16.95634047212306, 3.3576307603301245, -6.957047051738982, 10.21244235998114,
          -27.228191680804514, 36.92445690448099, -29.83597290145846, 21.335843697551127, -33.54115728365835,
          -5.5339306751037896, -2.148363952894414, 11.859190774124983, 40.09401816092674, -0.9418074256137174,
          -34.425690122189565, 16.228629300970056, -2.909329529853437, -4.026098099371069, 5.408885013879768,
          -15.835873330093278, 13.095266446939775, 9.515454138221088, -9.612665325139062, -14.625246918977382,
          -12.921031677218139, 30.05299386805669, -34.98133919728815, 16.679672258712998, -37.52627956950431,
          32.51326699165378, -23.64863027138054, 35.22284851605997, -46.65130297015554, -8.499335851539712,
          51.33098786683195, -43.993055679370855, -2.8945768541077825, 8.78045364530334, 7.485517116822706,
          19.785054021291955, -24.887169519816837, -3.56814228060486, 26.39026145409528, -59.50058630722782,
          -0.2629894272083675, 28.207738958779572, -4.457446893919666, -21.06273328477286, 18.518503105465413,
          -27.86435247996286, 14.010726980595592, -16.97864300236111, 25.1760236277986, 1.2414796981368852,
          18.134800352367648, -32.83033569214837, -15.165085972524835, 0.2516143042184211, 17.844897833181136,
          -10.510228502494499, -7.284513622746928, 40.53921189548315, -38.91761083551671, 37.64841482002433,
          -10.262113341065827, -31.624746573790603, 0.5182820215399033, 34.92406560193906, 12.361037622957554,
          -39.287092169104, 16.85175214397202, -34.14669865654231, 22.82883037410518, 24.602305753945416,
          -38.08280573918138, -3.4111660911017907, 10.984426743884981, -12.155257823532537, 18.120419101685627,
          28.896645251941067, -54.479789920006525, 8.216710583456432, 34.0709723956832, -36.584084915164695,
          1.0429198263786077, -1.7337712916551453, 7.129990521360725, 14.663569096755793, -9.17211672537104,
          27.791916103899524, -31.38091062022366, -0.993543003438063, 23.500899951829652, 0.033478349280301245,
          -39.087587960767365, 38.57508598052911, -44.03716918505937, 3.262416807404918, -8.360647039325315,
          48.64128678958264, -6.211360191873609, 4.215364174330858, -14.961993525346884, -20.17978165513759,
          13.583753079692059, 14.33773558980073, -7.039645782522683, -27.037286403832383, 20.695476579264337,
          -15.082404560217014, -35.94303421906231, 50.48868150758594, -27.874530260507214, 0.784062336128855,
          -24.941658301066994, 4.190918211821156, 10.05968517211349, -8.696838787383712, 2.877014891034605,
          17.609407824807647, -10.524986849977552, -14.370917033289516, -33.5862203253209, 41.780136952028876,
          -25.76381924839221, 15.399316432593025, -27.479342545640677, 16.641391237852886, -34.28148651111893,
          -21.096773726984498, 26.71042149804972, -22.45014614669239, -5.7814320499010705, -6.055084383658208,
          -16.915850063929774, 18.008527834036, -0.021211867128123174, -11.760576420886615, -24.808455831701217,
          -12.953850141043496, 26.584416847030404, -20.030842500794307, 16.154063124456727, -38.36073110449158,
          0.11867362049362384, -9.978668411733054, -2.596186008823068, 16.64784301290652, 6.698030706297303,
          -29.461793735309385, -10.547621441337924, -12.799713313301893, 35.974157249253196, -44.553419788454335,
          0.8004990742100517, 13.317495072739575, -24.453231354298552, 23.51449931599666, -4.052712988304123,
          25.019708648281807, -22.518441058421928, -2.764878857325243, 7.103637095620698, -19.197654705178294,
          -13.111192662195862, -20.621662779012695, -8.222891160258314, 50.97949701402801, -52.94847029526325,
          15.294456525966126, 8.601954427611986, 18.910871677781728, 3.7573293652417874, -18.311278608340103,
          -10.442582443013407, -29.881711545667656, 52.79737258328072, -13.814041095649856, -4.8931020649557695,
          -35.48720262077924, 46.22271818218468, -22.409449891691082, 3.6421362425899986, -24.288243270294657,
          45.66256070728895, -39.293095231912474, 31.048660962638195, 19.254663252055053, 1.4557208223625366,
          -47.34005467825122, -2.868800282751266, 14.458410463357467, 18.742937228098697, -16.684521133331543,
          17.979422110301044, 17.783164289900412, 6.772437972173918, -43.25129347495394, 18.79845756733883,
          -5.829157239555428, 10.654379352084646, 25.18815404786986, 12.164951156571632
        ]
      }
    }
  }
]

===== END FILE: web/libs/editor/src/examples/timeseries/sample-sin.json =====


===== FILE: web/libs/editor/src/examples/timeseries/annotations/1.json =====
{
    "annotations": [
        {
            "id": "1001",
            "result": [
                {
                    "value": {
                        "start": 1602708145233,
                        "end": 1602708375312,
                        "instant": false,
                        "timeserieslabels": [
                            "Voice"
                        ]
                    },
                    "id": "9TxbkzPXdp",
                    "from_name": "label",
                    "to_name": "ts",
                    "type": "timeserieslabels",
                    "origin": "prediction"
                },
                {
                    "value": {
                        "start": 1602708695229,
                        "end": 1602708975281,
                        "instant": false,
                        "timeserieslabels": [
                            "Other"
                        ]
                    },
                    "id": "5CqP2WqMRz",
                    "from_name": "label",
                    "to_name": "ts",
                    "type": "timeserieslabels"
                }
            ]
        }
    ]
}

===== END FILE: web/libs/editor/src/examples/timeseries/annotations/1.json =====


===== FILE: web/libs/editor/src/examples/image_bbox_large/index.js =====
import config from "./config.xml";
import tasks from "./tasks.json";
import annotation from "./annotations/1.json";

export const ImageBboxLarge = { config, tasks, annotation };

===== END FILE: web/libs/editor/src/examples/image_bbox_large/index.js =====


===== FILE: web/libs/editor/src/examples/image_bbox_large/config.xml =====
<View>
  <Image name="img" value="$image"></Image>
  <RectangleLabels name="tag" toName="img" fillOpacity="0.5" strokeWidth="5">
    <Label value="Planet"></Label>
    <Label value="Moonwalker" background="blue"></Label>
  </RectangleLabels>
  <KeyPointLabels name="kp" toName="img" strokeWidth="1">
    <Label value="Point1"/>
    <Label value="Point2"/>
  </KeyPointLabels>
</View>

===== END FILE: web/libs/editor/src/examples/image_bbox_large/config.xml =====


===== FILE: web/libs/editor/src/examples/image_bbox_large/tasks.json =====
[
  {
    "data": {
      "image": "https://htx-pub.s3.us-east-1.amazonaws.com/examples/images/nick-owuor-astro-nic-visuals-wDifg5xc9Z4-unsplash.jpg"
    },
    "predictions": [
      {
        "model_version": "model 1",
        "created_ago": "3 hours",
        "result": [
          {
            "from_name": "tag",
            "id": "t5sp3TyXPo",
            "source": "$image",
            "to_name": "img",
            "type": "rectanglelabels",
            "value": {
              "height": 11.612284069097889,
              "rectanglelabels": ["Moonwalker"],
              "rotation": 0,
              "width": 39.6,
              "x": 13.2,
              "y": 34.702495201535505
            }
          }
        ]
      },
      {
        "model_version": "model 2",
        "created_ago": "4 hours",
        "result": [
          {
            "from_name": "tag",
            "id": "t5sp3TyXPo",
            "source": "$image",
            "to_name": "img",
            "type": "rectanglelabels",
            "value": {
              "height": 33.61228406909789,
              "rectanglelabels": ["Moonwalker"],
              "rotation": 0,
              "width": 39.6,
              "x": 13.2,
              "y": 54.702495201535505
            }
          }
        ]
      }
    ]
  },
  {
    "data": {
      "image": "https://htx-pub.s3.us-east-1.amazonaws.com/examples/images/history-in-hd-e5eDHbmHprg-unsplash.jpg"
    }
  },
  {
    "data": {
      "image": "https://htx-pub.s3.us-east-1.amazonaws.com/examples/images/soroush-karimi-crjPrExvShc-unsplash.jpg"
    }
  }
]

===== END FILE: web/libs/editor/src/examples/image_bbox_large/tasks.json =====


===== FILE: web/libs/editor/src/examples/image_bbox_large/START.md =====

# Image object detection 

![Image Object Detection](/images/screenshots/image_bbox.png "Image Object Detection")

# Install

## Linux & Ubuntu guide

Install python and virtualenv 

```bash
# install python and virtualenv 
apt install python3.6
pip3 install virtualenv

# setup python virtual environment 
virtualenv -p python3 env3
source env3/bin/activate

# install requirements 
cd backend
pip install -r requirements.txt
```

# Start

Image bounding box labeling

```bash
python server.py -c config.json -l ../examples/image_bbox/config.xml -i ../examples/image_bbox/tasks.json -o output
```

===== END FILE: web/libs/editor/src/examples/image_bbox_large/START.md =====


===== FILE: web/libs/editor/src/examples/image_bbox_large/annotations/1.json =====
{
    "annotations": [
        {
            "id": "1001",
            "lead_time": 15.053,
            "result": [
                {
                    "original_width": 2242,
                    "original_height": 2802,
                    "image_rotation": 0,
                    "value": {
                        "x": 25.733333333333334,
                        "y": 24.759871931696907,
                        "width": 12.4,
                        "height": 10.458911419423693,
                        "rotation": 0,
                        "rectanglelabels": [
                            "Moonwalker"
                        ]
                    },
                    "id": "Dx_aB91ISN",
                    "from_name": "tag",
                    "to_name": "img",
                    "type": "rectanglelabels"
                },
                {
                    "original_width": 2242,
                    "original_height": 2802,
                    "image_rotation": 0,
                    "value": {
                        "x": 45.733333333333334,
                        "y": 22.30522945570971,
                        "width": 12.666666666666666,
                        "height": 8.858057630736393,
                        "rotation": 0,
                        "rectanglelabels": [
                            "Planet"
                        ]
                    },
                    "id": "YdtLI2svMR",
                    "from_name": "tag",
                    "to_name": "img",
                    "type": "rectanglelabels"
                },
                {
                    "original_width": 2242,
                    "original_height": 2802,
                    "image_rotation": 0,
                    "value": {
                        "x": 49.333333333333336,
                        "y": 33.29775880469584,
                        "width": 14.933333333333334,
                        "height": 13.980789754535753,
                        "rotation": 0,
                        "rectanglelabels": [
                            "Planet"
                        ]
                    },
                    "id": "Tk0rXYOb2o",
                    "from_name": "tag",
                    "to_name": "img",
                    "type": "rectanglelabels"
                },
                {
                    "original_width": 2242,
                    "original_height": 2802,
                    "image_rotation": 0,
                    "value": {
                        "x": 39.06666666666668,
                        "y": 51.2273212379936,
                        "width": 17.866666666666667,
                        "height": 9.818569903948772,
                        "rotation": 0,
                        "rectanglelabels": [
                            "Planet"
                        ]
                    },
                    "id": "vummunptlZ",
                    "from_name": "tag",
                    "to_name": "img",
                    "type": "rectanglelabels"
                },
                {
                    "original_width": 2242,
                    "original_height": 2802,
                    "image_rotation": 0,
                    "value": {
                        "x": 26.4,
                        "y": 39.91462113127001,
                        "width": 9.6,
                        "height": 25.6136606189968,
                        "rotation": 0,
                        "rectanglelabels": [
                            "Planet"
                        ]
                    },
                    "id": "CCMfwXx3uz",
                    "from_name": "tag",
                    "to_name": "img",
                    "type": "rectanglelabels"
                },
                {
                    "original_width": 2242,
                    "original_height": 2802,
                    "image_rotation": 0,
                    "value": {
                        "x": 18.133333333333333,
                        "y": 49.30629669156884,
                        "width": 29.2,
                        "height": 15.048025613660618,
                        "rotation": 0,
                        "rectanglelabels": [
                            "Planet"
                        ]
                    },
                    "id": "0ynPsXU7y7",
                    "from_name": "tag",
                    "to_name": "img",
                    "type": "rectanglelabels"
                },
                {
                    "original_width": 2242,
                    "original_height": 2802,
                    "image_rotation": 0,
                    "value": {
                        "x": 28.133333333333333,
                        "y": 45.250800426894344,
                        "width": 24.533333333333335,
                        "height": 12.486659551760939,
                        "rotation": 0,
                        "rectanglelabels": [
                            "Planet"
                        ]
                    },
                    "id": "Xcio9ldztz",
                    "from_name": "tag",
                    "to_name": "img",
                    "type": "rectanglelabels"
                },
                {
                    "original_width": 2242,
                    "original_height": 2802,
                    "image_rotation": 0,
                    "value": {
                        "x": 56.93333333333333,
                        "y": 58.80469583778015,
                        "width": 15.466666666666667,
                        "height": 7.897545357524013,
                        "rotation": 0,
                        "rectanglelabels": [
                            "Planet"
                        ]
                    },
                    "id": "2Rc0HiAQKH",
                    "from_name": "tag",
                    "to_name": "img",
                    "type": "rectanglelabels"
                },
                {
                    "original_width": 2242,
                    "original_height": 2802,
                    "image_rotation": 0,
                    "value": {
                        "x": 62.13333333333333,
                        "y": 34.25827107790822,
                        "width": 24.4,
                        "height": 25.29348986125934,
                        "rotation": 0,
                        "rectanglelabels": [
                            "Planet"
                        ]
                    },
                    "id": "_Bxjtt_vsG",
                    "from_name": "tag",
                    "to_name": "img",
                    "type": "rectanglelabels"
                },
                {
                    "original_width": 2242,
                    "original_height": 2802,
                    "image_rotation": 0,
                    "value": {
                        "x": 51.733333333333334,
                        "y": 17.822838847385274,
                        "width": 22.533333333333335,
                        "height": 16.542155816435432,
                        "rotation": 0,
                        "rectanglelabels": [
                            "Planet"
                        ]
                    },
                    "id": "luo2-gKlLI",
                    "from_name": "tag",
                    "to_name": "img",
                    "type": "rectanglelabels"
                },
                {
                    "original_width": 2242,
                    "original_height": 2802,
                    "image_rotation": 0,
                    "value": {
                        "x": 56.53333333333333,
                        "y": 12.913553895410885,
                        "width": 28.266666666666666,
                        "height": 17.502668089647813,
                        "rotation": 0,
                        "rectanglelabels": [
                            "Planet"
                        ]
                    },
                    "id": "eG1GMofLIn",
                    "from_name": "tag",
                    "to_name": "img",
                    "type": "rectanglelabels"
                },
                {
                    "original_width": 2242,
                    "original_height": 2802,
                    "image_rotation": 0,
                    "value": {
                        "x": 36.13333333333333,
                        "y": 12.379935965848453,
                        "width": 18.53333333333334,
                        "height": 13.980789754535753,
                        "rotation": 0,
                        "rectanglelabels": [
                            "Planet"
                        ]
                    },
                    "id": "Ce9pWOdE_r",
                    "from_name": "tag",
                    "to_name": "img",
                    "type": "rectanglelabels"
                },
                {
                    "original_width": 2242,
                    "original_height": 2802,
                    "image_rotation": 0,
                    "value": {
                        "x": 18,
                        "y": 27.2145144076841,
                        "width": 30.266666666666666,
                        "height": 11.526147278548558,
                        "rotation": 0,
                        "rectanglelabels": [
                            "Planet"
                        ]
                    },
                    "id": "wQyYykg6eo",
                    "from_name": "tag",
                    "to_name": "img",
                    "type": "rectanglelabels"
                },
                {
                    "original_width": 2242,
                    "original_height": 2802,
                    "image_rotation": 0,
                    "value": {
                        "x": 16.666666666666668,
                        "y": 21.237993596584847,
                        "width": 14.533333333333333,
                        "height": 13.660618996798293,
                        "rotation": 0,
                        "rectanglelabels": [
                            "Planet"
                        ]
                    },
                    "id": "LHSHcgifXr",
                    "from_name": "tag",
                    "to_name": "img",
                    "type": "rectanglelabels"
                },
                {
                    "original_width": 2242,
                    "original_height": 2802,
                    "image_rotation": 0,
                    "value": {
                        "x": 27.066666666666666,
                        "y": 3.52187833511206,
                        "width": 13.733333333333333,
                        "height": 15.048025613660618,
                        "rotation": 0,
                        "rectanglelabels": [
                            "Planet"
                        ]
                    },
                    "id": "Egz63ZQ1Vv",
                    "from_name": "tag",
                    "to_name": "img",
                    "type": "rectanglelabels"
                },
                {
                    "original_width": 2242,
                    "original_height": 2802,
                    "image_rotation": 0,
                    "value": {
                        "x": 8,
                        "y": 14.834578441835646,
                        "width": 22.8,
                        "height": 14.08751334044824,
                        "rotation": 0,
                        "rectanglelabels": [
                            "Planet"
                        ]
                    },
                    "id": "k7-y9kw3JC",
                    "from_name": "tag",
                    "to_name": "img",
                    "type": "rectanglelabels"
                },
                {
                    "original_width": 2242,
                    "original_height": 2802,
                    "image_rotation": 0,
                    "value": {
                        "x": 10.800000000000002,
                        "y": 52.294557097118464,
                        "width": 16.4,
                        "height": 21.985058697972253,
                        "rotation": 0,
                        "rectanglelabels": [
                            "Planet"
                        ]
                    },
                    "id": "TDBEkq8irK",
                    "from_name": "tag",
                    "to_name": "img",
                    "type": "rectanglelabels"
                },
                {
                    "original_width": 2242,
                    "original_height": 2802,
                    "image_rotation": 0,
                    "value": {
                        "x": 38.93333333333332,
                        "y": 65.95517609391678,
                        "width": 19.2,
                        "height": 18.036286019210245,
                        "rotation": 0,
                        "rectanglelabels": [
                            "Planet"
                        ]
                    },
                    "id": "iHZf9J6aZs",
                    "from_name": "tag",
                    "to_name": "img",
                    "type": "rectanglelabels"
                },
                {
                    "original_width": 2242,
                    "original_height": 2802,
                    "image_rotation": 0,
                    "value": {
                        "x": 44.53333333333333,
                        "y": 67.02241195304163,
                        "width": 28.933333333333334,
                        "height": 11.739594450373533,
                        "rotation": 0,
                        "rectanglelabels": [
                            "Planet"
                        ]
                    },
                    "id": "sALmFfiZyH",
                    "from_name": "tag",
                    "to_name": "img",
                    "type": "rectanglelabels"
                },
                {
                    "original_width": 2242,
                    "original_height": 2802,
                    "image_rotation": 0,
                    "value": {
                        "x": 53.6,
                        "y": 51.65421558164354,
                        "width": 34.79999999999999,
                        "height": 15.901814300960512,
                        "rotation": 0,
                        "rectanglelabels": [
                            "Planet"
                        ]
                    },
                    "id": "ETqAAHKCRQ",
                    "from_name": "tag",
                    "to_name": "img",
                    "type": "rectanglelabels"
                },
                {
                    "original_width": 2242,
                    "original_height": 2802,
                    "image_rotation": 0,
                    "value": {
                        "x": 54.666666666666664,
                        "y": 65.95517609391678,
                        "width": 37.86666666666667,
                        "height": 12.379935965848453,
                        "rotation": 0,
                        "rectanglelabels": [
                            "Planet"
                        ]
                    },
                    "id": "mxNxQf7BuW",
                    "from_name": "tag",
                    "to_name": "img",
                    "type": "rectanglelabels"
                },
                {
                    "original_width": 2242,
                    "original_height": 2802,
                    "image_rotation": 0,
                    "value": {
                        "x": 53.46666666666667,
                        "y": 73.42582710779082,
                        "width": 27.2,
                        "height": 16.221985058697967,
                        "rotation": 0,
                        "rectanglelabels": [
                            "Planet"
                        ]
                    },
                    "id": "i4d-P5U6zh",
                    "from_name": "tag",
                    "to_name": "img",
                    "type": "rectanglelabels"
                },
                {
                    "original_width": 2242,
                    "original_height": 2802,
                    "image_rotation": 0,
                    "value": {
                        "x": 18.399999999999995,
                        "y": 67.34258271077908,
                        "width": 25.733333333333334,
                        "height": 20.064034151547492,
                        "rotation": 0,
                        "rectanglelabels": [
                            "Planet"
                        ]
                    },
                    "id": "8S7PAXOCOv",
                    "from_name": "tag",
                    "to_name": "img",
                    "type": "rectanglelabels"
                },
                {
                    "original_width": 2242,
                    "original_height": 2802,
                    "image_rotation": 0,
                    "value": {
                        "x": 29.6,
                        "y": 72.99893276414087,
                        "width": 28.933333333333334,
                        "height": 20.277481323372466,
                        "rotation": 0,
                        "rectanglelabels": [
                            "Planet"
                        ]
                    },
                    "id": "fzkPl3uFkO",
                    "from_name": "tag",
                    "to_name": "img",
                    "type": "rectanglelabels"
                },
                {
                    "original_width": 2242,
                    "original_height": 2802,
                    "image_rotation": 0,
                    "value": {
                        "x": 46.266666666666666,
                        "y": 78.4418356456777,
                        "width": 28.4,
                        "height": 15.688367129135539,
                        "rotation": 0,
                        "rectanglelabels": [
                            "Planet"
                        ]
                    },
                    "id": "zhYM9bxnr7",
                    "from_name": "tag",
                    "to_name": "img",
                    "type": "rectanglelabels"
                },
                {
                    "original_width": 2242,
                    "original_height": 2802,
                    "image_rotation": 0,
                    "value": {
                        "x": 60,
                        "y": 4.16221985058698,
                        "width": 24,
                        "height": 20.917822838847385,
                        "rotation": 0,
                        "rectanglelabels": [
                            "Planet"
                        ]
                    },
                    "id": "uz1Tnso1x_",
                    "from_name": "tag",
                    "to_name": "img",
                    "type": "rectanglelabels"
                },
                {
                    "original_width": 2242,
                    "original_height": 2802,
                    "image_rotation": 0,
                    "value": {
                        "x": 10.800000000000002,
                        "y": 39.27427961579509,
                        "width": 41.333333333333336,
                        "height": 11.419423692636073,
                        "rotation": 0,
                        "rectanglelabels": [
                            "Planet"
                        ]
                    },
                    "id": "9SS-O5ekYO",
                    "from_name": "tag",
                    "to_name": "img",
                    "type": "rectanglelabels"
                },
                {
                    "original_width": 2242,
                    "original_height": 2802,
                    "image_rotation": 0,
                    "value": {
                        "x": 68.40000000000002,
                        "y": 37.67342582710779,
                        "width": 26.4,
                        "height": 17.07577374599786,
                        "rotation": 0,
                        "rectanglelabels": [
                            "Planet"
                        ]
                    },
                    "id": "BY8AZ8V5it",
                    "from_name": "tag",
                    "to_name": "img",
                    "type": "rectanglelabels"
                },
                {
                    "original_width": 2242,
                    "original_height": 2802,
                    "image_rotation": 0,
                    "value": {
                        "x": 70.13333333333335,
                        "y": 27.107790821771612,
                        "width": 28.933333333333334,
                        "height": 8.751334044823906,
                        "rotation": 0,
                        "rectanglelabels": [
                            "Planet"
                        ]
                    },
                    "id": "m0gC5Z5IKE",
                    "from_name": "tag",
                    "to_name": "img",
                    "type": "rectanglelabels"
                },
                {
                    "original_width": 2242,
                    "original_height": 2802,
                    "image_rotation": 0,
                    "value": {
                        "x": 66.4,
                        "y": 10.779082177161152,
                        "width": 22.933333333333334,
                        "height": 19.316969050160086,
                        "rotation": 0,
                        "rectanglelabels": [
                            "Planet"
                        ]
                    },
                    "id": "0N9MFtx_ul",
                    "from_name": "tag",
                    "to_name": "img",
                    "type": "rectanglelabels"
                },
                {
                    "original_width": 2242,
                    "original_height": 2802,
                    "image_rotation": 0,
                    "value": {
                        "x": 65.6,
                        "y": 75.34685165421558,
                        "width": 21.2,
                        "height": 18.463180362860193,
                        "rotation": 0,
                        "rectanglelabels": [
                            "Planet"
                        ]
                    },
                    "id": "ohmFQpfYvB",
                    "from_name": "tag",
                    "to_name": "img",
                    "type": "rectanglelabels"
                },
                {
                    "original_width": 2242,
                    "original_height": 2802,
                    "image_rotation": 0,
                    "value": {
                        "x": 51.733333333333334,
                        "y": 12.913553895410885,
                        "width": 42.93333333333332,
                        "height": 21.66488794023479,
                        "rotation": 0,
                        "rectanglelabels": [
                            "Planet"
                        ]
                    },
                    "id": "HCe3MCuTwf",
                    "from_name": "tag",
                    "to_name": "img",
                    "type": "rectanglelabels"
                },
                {
                    "original_width": 2242,
                    "original_height": 2802,
                    "image_rotation": 0,
                    "value": {
                        "x": 9.73333333333333,
                        "y": 8.217716115261473,
                        "width": 28.4,
                        "height": 16.11526147278548,
                        "rotation": 0,
                        "rectanglelabels": [
                            "Planet"
                        ]
                    },
                    "id": "pzWTOWrSWW",
                    "from_name": "tag",
                    "to_name": "img",
                    "type": "rectanglelabels"
                },
                {
                    "original_width": 2242,
                    "original_height": 2802,
                    "image_rotation": 0,
                    "value": {
                        "x": 6.133333333333334,
                        "y": 30.73639274279616,
                        "width": 32.266666666666666,
                        "height": 17.929562433297757,
                        "rotation": 0,
                        "rectanglelabels": [
                            "Planet"
                        ]
                    },
                    "id": "lWQvDAUFDq",
                    "from_name": "tag",
                    "to_name": "img",
                    "type": "rectanglelabels"
                },
                {
                    "original_width": 2242,
                    "original_height": 2802,
                    "image_rotation": 0,
                    "value": {
                        "x": 6.533333333333333,
                        "y": 57.31056563500534,
                        "width": 2.6666666666666665,
                        "height": 35.965848452508006,
                        "rotation": 0,
                        "rectanglelabels": [
                            "Planet"
                        ]
                    },
                    "id": "wTJ6bRHuML",
                    "from_name": "tag",
                    "to_name": "img",
                    "type": "rectanglelabels"
                },
                {
                    "original_width": 2242,
                    "original_height": 2802,
                    "image_rotation": 0,
                    "value": {
                        "x": 11.6,
                        "y": 37.353255069370334,
                        "width": 44.93333333333333,
                        "height": 47.705442902881536,
                        "rotation": 0,
                        "rectanglelabels": [
                            "Planet"
                        ]
                    },
                    "id": "Stga_dgqIG",
                    "from_name": "tag",
                    "to_name": "img",
                    "type": "rectanglelabels"
                },
                {
                    "original_width": 2242,
                    "original_height": 2802,
                    "image_rotation": 0,
                    "value": {
                        "x": 62.8,
                        "y": 66.27534685165423,
                        "width": 28.533333333333335,
                        "height": 28.495197438633937,
                        "rotation": 0,
                        "rectanglelabels": [
                            "Planet"
                        ]
                    },
                    "id": "DHLH2pMzOY",
                    "from_name": "tag",
                    "to_name": "img",
                    "type": "rectanglelabels"
                },
                {
                    "original_width": 2242,
                    "original_height": 2802,
                    "image_rotation": 0,
                    "value": {
                        "x": 47.86666666666667,
                        "y": 5.44290288153682,
                        "width": 38.53333333333333,
                        "height": 33.724653148345794,
                        "rotation": 0,
                        "rectanglelabels": [
                            "Planet"
                        ]
                    },
                    "id": "IMM9eCx3Mj",
                    "from_name": "tag",
                    "to_name": "img",
                    "type": "rectanglelabels"
                },
                {
                    "original_width": 2242,
                    "original_height": 2802,
                    "image_rotation": 0,
                    "value": {
                        "x": 5.2,
                        "y": 56.35005336179296,
                        "width": 46.8,
                        "height": 41.30202774813234,
                        "rotation": 0,
                        "rectanglelabels": [
                            "Planet"
                        ]
                    },
                    "id": "kGcU5UvF_W",
                    "from_name": "tag",
                    "to_name": "img",
                    "type": "rectanglelabels"
                },
                {
                    "original_width": 2242,
                    "original_height": 2802,
                    "image_rotation": 0,
                    "value": {
                        "x": 5.733333333333333,
                        "y": 5.016008537886873,
                        "width": 30.8,
                        "height": 25.18676627534685,
                        "rotation": 0,
                        "rectanglelabels": [
                            "Planet"
                        ]
                    },
                    "id": "UBZ-aOA-9p",
                    "from_name": "tag",
                    "to_name": "img",
                    "type": "rectanglelabels"
                },
                {
                    "original_width": 2242,
                    "original_height": 2802,
                    "image_rotation": 0,
                    "value": {
                        "x": 38.4,
                        "y": 15.261472785485592,
                        "width": 43.333333333333336,
                        "height": 32.123799359658484,
                        "rotation": 0,
                        "rectanglelabels": [
                            "Planet"
                        ]
                    },
                    "id": "Z0_7obrAC_",
                    "from_name": "tag",
                    "to_name": "img",
                    "type": "rectanglelabels"
                },
                {
                    "original_width": 2242,
                    "original_height": 2802,
                    "image_rotation": 0,
                    "value": {
                        "x": 54.266666666666666,
                        "y": 60.19210245464247,
                        "width": 32.53333333333333,
                        "height": 31.803628601921023,
                        "rotation": 0,
                        "rectanglelabels": [
                            "Planet"
                        ]
                    },
                    "id": "Pi4JNBEuE1",
                    "from_name": "tag",
                    "to_name": "img",
                    "type": "rectanglelabels"
                },
                {
                    "original_width": 2242,
                    "original_height": 2802,
                    "image_rotation": 0,
                    "value": {
                        "x": 62.8,
                        "y": 64.88794023479187,
                        "width": 31.066666666666666,
                        "height": 32.97758804695839,
                        "rotation": 0,
                        "rectanglelabels": [
                            "Planet"
                        ]
                    },
                    "id": "cmhMyGlmve",
                    "from_name": "tag",
                    "to_name": "img",
                    "type": "rectanglelabels"
                },
                {
                    "original_width": 2242,
                    "original_height": 2802,
                    "image_rotation": 0,
                    "value": {
                        "x": 43.06666666666668,
                        "y": 3.84204909284952,
                        "width": 23.6,
                        "height": 25.933831376734258,
                        "rotation": 0,
                        "rectanglelabels": [
                            "Planet"
                        ]
                    },
                    "id": "Pq3_F6DHTY",
                    "from_name": "tag",
                    "to_name": "img",
                    "type": "rectanglelabels"
                },
                {
                    "original_width": 2242,
                    "original_height": 2802,
                    "image_rotation": 0,
                    "value": {
                        "x": 2,
                        "y": 5.44290288153682,
                        "width": 35.20000000000001,
                        "height": 27.641408751334044,
                        "rotation": 0,
                        "rectanglelabels": [
                            "Planet"
                        ]
                    },
                    "id": "56d5L6RDjB",
                    "from_name": "tag",
                    "to_name": "img",
                    "type": "rectanglelabels"
                },
                {
                    "original_width": 2242,
                    "original_height": 2802,
                    "image_rotation": 0,
                    "value": {
                        "x": 2.8,
                        "y": 38.95410885805763,
                        "width": 34.79999999999999,
                        "height": 21.451440768409817,
                        "rotation": 0,
                        "rectanglelabels": [
                            "Planet"
                        ]
                    },
                    "id": "nMyH3O2bOo",
                    "from_name": "tag",
                    "to_name": "img",
                    "type": "rectanglelabels"
                },
                {
                    "original_width": 2242,
                    "original_height": 2802,
                    "image_rotation": 0,
                    "value": {
                        "x": 11.333333333333334,
                        "y": 62.00640341515475,
                        "width": 26,
                        "height": 20.8110992529349,
                        "rotation": 0,
                        "rectanglelabels": [
                            "Planet"
                        ]
                    },
                    "id": "ZnSwQvk1GK",
                    "from_name": "tag",
                    "to_name": "img",
                    "type": "rectanglelabels"
                },
                {
                    "original_width": 2242,
                    "original_height": 2802,
                    "image_rotation": 0,
                    "value": {
                        "x": 69.46666666666667,
                        "y": 50.48025613660619,
                        "width": 29.866666666666667,
                        "height": 16.542155816435432,
                        "rotation": 0,
                        "rectanglelabels": [
                            "Planet"
                        ]
                    },
                    "id": "Ngr0vv20oA",
                    "from_name": "tag",
                    "to_name": "img",
                    "type": "rectanglelabels"
                },
                {
                    "original_width": 2242,
                    "original_height": 2802,
                    "image_rotation": 0,
                    "value": {
                        "x": 62.53333333333333,
                        "y": 63.39381003201708,
                        "width": 34,
                        "height": 25.400213447171826,
                        "rotation": 0,
                        "rectanglelabels": [
                            "Planet"
                        ]
                    },
                    "id": "vr_hVl_Jk3",
                    "from_name": "tag",
                    "to_name": "img",
                    "type": "rectanglelabels"
                },
                {
                    "original_width": 2242,
                    "original_height": 2802,
                    "image_rotation": 0,
                    "value": {
                        "x": 41.86666666666667,
                        "y": 32.23052294557096,
                        "width": 1.2,
                        "height": 1.0672358591248663,
                        "rotation": 0,
                        "rectanglelabels": [
                            "Planet"
                        ]
                    },
                    "id": "xt8Jr4wIbk",
                    "from_name": "tag",
                    "to_name": "img",
                    "type": "rectanglelabels"
                },
                {
                    "original_width": 2242,
                    "original_height": 2802,
                    "image_rotation": 0,
                    "value": {
                        "x": 55.46666666666667,
                        "y": 38.63393810032017,
                        "width": 30.8,
                        "height": 16.755602988260407,
                        "rotation": 0,
                        "rectanglelabels": [
                            "Planet"
                        ]
                    },
                    "id": "k7Y0XzXDkd",
                    "from_name": "tag",
                    "to_name": "img",
                    "type": "rectanglelabels"
                },
                {
                    "original_width": 2242,
                    "original_height": 2802,
                    "image_rotation": 0,
                    "value": {
                        "x": 25.733333333333334,
                        "y": 20.277481323372466,
                        "width": 32.266666666666666,
                        "height": 26.25400213447172,
                        "rotation": 0,
                        "rectanglelabels": [
                            "Planet"
                        ]
                    },
                    "id": "fZXPyvri6c",
                    "from_name": "tag",
                    "to_name": "img",
                    "type": "rectanglelabels"
                },
                {
                    "original_width": 2242,
                    "original_height": 2802,
                    "image_rotation": 0,
                    "value": {
                        "x": 65.33333333333333,
                        "y": 3.0949839914621133,
                        "width": 30.4,
                        "height": 21.34471718249733,
                        "rotation": 0,
                        "rectanglelabels": [
                            "Planet"
                        ]
                    },
                    "id": "sAT0phlLEP",
                    "from_name": "tag",
                    "to_name": "img",
                    "type": "rectanglelabels"
                },
                {
                    "original_width": 2242,
                    "original_height": 2802,
                    "image_rotation": 0,
                    "value": {
                        "x": 4.933333333333334,
                        "y": 2.8815368196371396,
                        "width": 28.933333333333334,
                        "height": 26.040554962646745,
                        "rotation": 0,
                        "rectanglelabels": [
                            "Planet"
                        ]
                    },
                    "id": "WVd_WNjK6V",
                    "from_name": "tag",
                    "to_name": "img",
                    "type": "rectanglelabels"
                },
                {
                    "original_width": 2242,
                    "original_height": 2802,
                    "image_rotation": 0,
                    "value": {
                        "x": 5.066666666666666,
                        "y": 1.92102454642476,
                        "width": 16,
                        "height": 21.66488794023479,
                        "rotation": 0,
                        "rectanglelabels": [
                            "Planet"
                        ]
                    },
                    "id": "1526TfD-Ry",
                    "from_name": "tag",
                    "to_name": "img",
                    "type": "rectanglelabels"
                },
                {
                    "original_width": 2242,
                    "original_height": 2802,
                    "image_rotation": 0,
                    "value": {
                        "x": 9.73333333333333,
                        "y": 11.312700106723586,
                        "width": 19.2,
                        "height": 23.906083244397013,
                        "rotation": 0,
                        "rectanglelabels": [
                            "Planet"
                        ]
                    },
                    "id": "oJIzgY_YoQ",
                    "from_name": "tag",
                    "to_name": "img",
                    "type": "rectanglelabels"
                },
                {
                    "original_width": 2242,
                    "original_height": 2802,
                    "image_rotation": 0,
                    "value": {
                        "x": 17.333333333333332,
                        "y": 21.237993596584847,
                        "width": 22.266666666666666,
                        "height": 21.77161152614728,
                        "rotation": 0,
                        "rectanglelabels": [
                            "Planet"
                        ]
                    },
                    "id": "Yum9qHmoP4",
                    "from_name": "tag",
                    "to_name": "img",
                    "type": "rectanglelabels"
                },
                {
                    "original_width": 2242,
                    "original_height": 2802,
                    "image_rotation": 0,
                    "value": {
                        "x": 17.333333333333332,
                        "y": 15.901814300960512,
                        "width": 20.133333333333333,
                        "height": 20.8110992529349,
                        "rotation": 0,
                        "rectanglelabels": [
                            "Planet"
                        ]
                    },
                    "id": "uUnFclWgbM",
                    "from_name": "tag",
                    "to_name": "img",
                    "type": "rectanglelabels"
                },
                {
                    "original_width": 2242,
                    "original_height": 2802,
                    "image_rotation": 0,
                    "value": {
                        "x": 23.333333333333332,
                        "y": 15.581643543223052,
                        "width": 15.733333333333333,
                        "height": 16.862326574172897,
                        "rotation": 0,
                        "rectanglelabels": [
                            "Planet"
                        ]
                    },
                    "id": "MIAbjI8zyM",
                    "from_name": "tag",
                    "to_name": "img",
                    "type": "rectanglelabels"
                },
                {
                    "original_width": 2242,
                    "original_height": 2802,
                    "image_rotation": 0,
                    "value": {
                        "x": 37.6,
                        "y": 7.897545357524013,
                        "width": 16.8,
                        "height": 16.755602988260407,
                        "rotation": 0,
                        "rectanglelabels": [
                            "Planet"
                        ]
                    },
                    "id": "SAQWFcQWJm",
                    "from_name": "tag",
                    "to_name": "img",
                    "type": "rectanglelabels"
                },
                {
                    "original_width": 2242,
                    "original_height": 2802,
                    "image_rotation": 0,
                    "value": {
                        "x": 33.733333333333334,
                        "y": 8.004268943436502,
                        "width": 33.2,
                        "height": 23.052294557097117,
                        "rotation": 0,
                        "rectanglelabels": [
                            "Planet"
                        ]
                    },
                    "id": "CmFOTHbpV0",
                    "from_name": "tag",
                    "to_name": "img",
                    "type": "rectanglelabels"
                },
                {
                    "original_width": 2242,
                    "original_height": 2802,
                    "image_rotation": 0,
                    "value": {
                        "x": 56.4,
                        "y": 7.363927427961579,
                        "width": 22.4,
                        "height": 28.601921024546424,
                        "rotation": 0,
                        "rectanglelabels": [
                            "Planet"
                        ]
                    },
                    "id": "Z-Xmke6urR",
                    "from_name": "tag",
                    "to_name": "img",
                    "type": "rectanglelabels"
                },
                {
                    "original_width": 2242,
                    "original_height": 2802,
                    "image_rotation": 0,
                    "value": {
                        "x": 61.6,
                        "y": 5.763073639274279,
                        "width": 31.866666666666667,
                        "height": 31.376734258271078,
                        "rotation": 0,
                        "rectanglelabels": [
                            "Planet"
                        ]
                    },
                    "id": "5sjUBXVjaH",
                    "from_name": "tag",
                    "to_name": "img",
                    "type": "rectanglelabels"
                },
                {
                    "original_width": 2242,
                    "original_height": 2802,
                    "image_rotation": 0,
                    "value": {
                        "x": 21.733333333333334,
                        "y": 12.913553895410885,
                        "width": 29.866666666666667,
                        "height": 23.372465314834578,
                        "rotation": 0,
                        "rectanglelabels": [
                            "Planet"
                        ]
                    },
                    "id": "p1eOcslGmN",
                    "from_name": "tag",
                    "to_name": "img",
                    "type": "rectanglelabels"
                },
                {
                    "original_width": 2242,
                    "original_height": 2802,
                    "image_rotation": 0,
                    "value": {
                        "x": 44.13333333333333,
                        "y": 11.205976520811099,
                        "width": 31.733333333333334,
                        "height": 33.084311632870865,
                        "rotation": 0,
                        "rectanglelabels": [
                            "Planet"
                        ]
                    },
                    "id": "3pFxTFyLrE",
                    "from_name": "tag",
                    "to_name": "img",
                    "type": "rectanglelabels"
                },
                {
                    "original_width": 2242,
                    "original_height": 2802,
                    "image_rotation": 0,
                    "value": {
                        "x": 27.066666666666666,
                        "y": 21.985058697972253,
                        "width": 26.933333333333334,
                        "height": 34.3649946638207,
                        "rotation": 0,
                        "rectanglelabels": [
                            "Planet"
                        ]
                    },
                    "id": "JMxv0CPoYY",
                    "from_name": "tag",
                    "to_name": "img",
                    "type": "rectanglelabels"
                },
                {
                    "original_width": 2242,
                    "original_height": 2802,
                    "image_rotation": 0,
                    "value": {
                        "x": 40.93333333333332,
                        "y": 15.901814300960512,
                        "width": 32.266666666666666,
                        "height": 30.843116328708646,
                        "rotation": 0,
                        "rectanglelabels": [
                            "Planet"
                        ]
                    },
                    "id": "EQh7KKDRDJ",
                    "from_name": "tag",
                    "to_name": "img",
                    "type": "rectanglelabels"
                },
                {
                    "original_width": 2242,
                    "original_height": 2802,
                    "image_rotation": 0,
                    "value": {
                        "x": 38.13333333333333,
                        "y": 28.17502668089648,
                        "width": 44,
                        "height": 33.724653148345794,
                        "rotation": 0,
                        "rectanglelabels": [
                            "Planet"
                        ]
                    },
                    "id": "9CLzcbJR37",
                    "from_name": "tag",
                    "to_name": "img",
                    "type": "rectanglelabels"
                },
                {
                    "original_width": 2242,
                    "original_height": 2802,
                    "image_rotation": 0,
                    "value": {
                        "x": 30.133333333333333,
                        "y": 34.25827107790822,
                        "width": 31.2,
                        "height": 32.23052294557096,
                        "rotation": 0,
                        "rectanglelabels": [
                            "Planet"
                        ]
                    },
                    "id": "js5YezNOm4",
                    "from_name": "tag",
                    "to_name": "img",
                    "type": "rectanglelabels"
                },
                {
                    "original_width": 2242,
                    "original_height": 2802,
                    "image_rotation": 0,
                    "value": {
                        "x": 44.266666666666666,
                        "y": 39.48772678762006,
                        "width": 36,
                        "height": 28.8153681963714,
                        "rotation": 0,
                        "rectanglelabels": [
                            "Planet"
                        ]
                    },
                    "id": "9aeO7loson",
                    "from_name": "tag",
                    "to_name": "img",
                    "type": "rectanglelabels"
                },
                {
                    "original_width": 2242,
                    "original_height": 2802,
                    "image_rotation": 0,
                    "value": {
                        "x": 58.4,
                        "y": 63.39381003201708,
                        "width": 32.4,
                        "height": 24.22625400213447,
                        "rotation": 0,
                        "rectanglelabels": [
                            "Planet"
                        ]
                    },
                    "id": "BLpmvqnsuz",
                    "from_name": "tag",
                    "to_name": "img",
                    "type": "rectanglelabels"
                },
                {
                    "original_width": 2242,
                    "original_height": 2802,
                    "image_rotation": 0,
                    "value": {
                        "x": 11.866666666666667,
                        "y": 59.12486659551761,
                        "width": 41.06666666666668,
                        "height": 29.455709711846318,
                        "rotation": 0,
                        "rectanglelabels": [
                            "Planet"
                        ]
                    },
                    "id": "RbcDkdmUhm",
                    "from_name": "tag",
                    "to_name": "img",
                    "type": "rectanglelabels"
                },
                {
                    "original_width": 2242,
                    "original_height": 2802,
                    "image_rotation": 0,
                    "value": {
                        "x": 21.600000000000005,
                        "y": 50.907150480256135,
                        "width": 23.466666666666665,
                        "height": 25.400213447171826,
                        "rotation": 0,
                        "rectanglelabels": [
                            "Planet"
                        ]
                    },
                    "id": "qDypA2bCcq",
                    "from_name": "tag",
                    "to_name": "img",
                    "type": "rectanglelabels"
                },
                {
                    "original_width": 2242,
                    "original_height": 2802,
                    "image_rotation": 0,
                    "value": {
                        "x": 21.600000000000005,
                        "y": 67.8762006403415,
                        "width": 18.266666666666666,
                        "height": 21.451440768409817,
                        "rotation": 0,
                        "rectanglelabels": [
                            "Planet"
                        ]
                    },
                    "id": "1nDjfAgsO_",
                    "from_name": "tag",
                    "to_name": "img",
                    "type": "rectanglelabels"
                },
                {
                    "original_width": 2242,
                    "original_height": 2802,
                    "image_rotation": 0,
                    "value": {
                        "x": 16.533333333333335,
                        "y": 62.32657417289221,
                        "width": 30.266666666666666,
                        "height": 28.495197438633937,
                        "rotation": 0,
                        "rectanglelabels": [
                            "Planet"
                        ]
                    },
                    "id": "EqXL9tBLK0",
                    "from_name": "tag",
                    "to_name": "img",
                    "type": "rectanglelabels"
                },
                {
                    "original_width": 2242,
                    "original_height": 2802,
                    "image_rotation": 0,
                    "value": {
                        "x": 25.866666666666667,
                        "y": 61.36606189967983,
                        "width": 18.8,
                        "height": 21.558164354322304,
                        "rotation": 0,
                        "rectanglelabels": [
                            "Planet"
                        ]
                    },
                    "id": "VfHsHNdppQ",
                    "from_name": "tag",
                    "to_name": "img",
                    "type": "rectanglelabels"
                },
                {
                    "original_width": 2242,
                    "original_height": 2802,
                    "image_rotation": 0,
                    "value": {
                        "x": 34.93333333333332,
                        "y": 56.45677694770544,
                        "width": 25.066666666666666,
                        "height": 34.79188900747065,
                        "rotation": 0,
                        "rectanglelabels": [
                            "Planet"
                        ]
                    },
                    "id": "l3k-Jzmqx_",
                    "from_name": "tag",
                    "to_name": "img",
                    "type": "rectanglelabels"
                },
                {
                    "original_width": 2242,
                    "original_height": 2802,
                    "image_rotation": 0,
                    "value": {
                        "x": 32,
                        "y": 66.16862326574173,
                        "width": 35.06666666666668,
                        "height": 24.439701173959445,
                        "rotation": 0,
                        "rectanglelabels": [
                            "Planet"
                        ]
                    },
                    "id": "xlTLkVHAjY",
                    "from_name": "tag",
                    "to_name": "img",
                    "type": "rectanglelabels"
                },
                {
                    "original_width": 2242,
                    "original_height": 2802,
                    "image_rotation": 0,
                    "value": {
                        "x": 44.93333333333333,
                        "y": 62.4332977588047,
                        "width": 43.6,
                        "height": 24.012806830309497,
                        "rotation": 0,
                        "rectanglelabels": [
                            "Planet"
                        ]
                    },
                    "id": "e8Udp4m-P1",
                    "from_name": "tag",
                    "to_name": "img",
                    "type": "rectanglelabels"
                },
                {
                    "original_width": 2242,
                    "original_height": 2802,
                    "image_rotation": 0,
                    "value": {
                        "x": 31.466666666666665,
                        "y": 27.534685165421557,
                        "width": 25.466666666666665,
                        "height": 44.71718249733191,
                        "rotation": 0,
                        "rectanglelabels": [
                            "Planet"
                        ]
                    },
                    "id": "SOqWqDqt0R",
                    "from_name": "tag",
                    "to_name": "img",
                    "type": "rectanglelabels"
                },
                {
                    "original_width": 2242,
                    "original_height": 2802,
                    "image_rotation": 0,
                    "value": {
                        "x": 44.666666666666664,
                        "y": 28.495197438633937,
                        "width": 37.46666666666667,
                        "height": 39.48772678762006,
                        "rotation": 0,
                        "rectanglelabels": [
                            "Planet"
                        ]
                    },
                    "id": "wxX74Dj6Rz",
                    "from_name": "tag",
                    "to_name": "img",
                    "type": "rectanglelabels"
                },
                {
                    "original_width": 2242,
                    "original_height": 2802,
                    "image_rotation": 0,
                    "value": {
                        "x": 37.333333333333336,
                        "y": 18.463180362860193,
                        "width": 44.4,
                        "height": 34.25827107790822,
                        "rotation": 0,
                        "rectanglelabels": [
                            "Moonwalker"
                        ]
                    },
                    "id": "SLb_1IAXmv",
                    "from_name": "tag",
                    "to_name": "img",
                    "type": "rectanglelabels"
                },
                {
                    "original_width": 2242,
                    "original_height": 2802,
                    "image_rotation": 0,
                    "value": {
                        "x": 51.86666666666667,
                        "y": 38.4204909284952,
                        "width": 40.53333333333333,
                        "height": 28.495197438633937,
                        "rotation": 0,
                        "rectanglelabels": [
                            "Planet"
                        ]
                    },
                    "id": "ue2EnmhObs",
                    "from_name": "tag",
                    "to_name": "img",
                    "type": "rectanglelabels"
                },
                {
                    "original_width": 2242,
                    "original_height": 2802,
                    "image_rotation": 0,
                    "value": {
                        "x": 40.4,
                        "y": 44.50373532550694,
                        "width": 32.266666666666666,
                        "height": 31.376734258271078,
                        "rotation": 0,
                        "rectanglelabels": [
                            "Planet"
                        ]
                    },
                    "id": "x7-MMqvj15",
                    "from_name": "tag",
                    "to_name": "img",
                    "type": "rectanglelabels"
                },
                {
                    "original_width": 2242,
                    "original_height": 2802,
                    "image_rotation": 0,
                    "value": {
                        "x": 9.466666666666667,
                        "y": 59.018143009605126,
                        "width": 44.53333333333333,
                        "height": 35.64567769477055,
                        "rotation": 0,
                        "rectanglelabels": [
                            "Planet"
                        ]
                    },
                    "id": "kVd5p6xJBC",
                    "from_name": "tag",
                    "to_name": "img",
                    "type": "rectanglelabels"
                },
                {
                    "original_width": 2242,
                    "original_height": 2802,
                    "image_rotation": 0,
                    "value": {
                        "x": 17.46666666666666,
                        "y": 62.96691568836713,
                        "width": 28.266666666666666,
                        "height": 26.147278548559232,
                        "rotation": 0,
                        "rectanglelabels": [
                            "Planet"
                        ]
                    },
                    "id": "CmRrNSDVC3",
                    "from_name": "tag",
                    "to_name": "img",
                    "type": "rectanglelabels"
                },
                {
                    "original_width": 2242,
                    "original_height": 2802,
                    "image_rotation": 0,
                    "value": {
                        "x": 13.866666666666667,
                        "y": 46.4247598719317,
                        "width": 39.20000000000001,
                        "height": 30.416221985058698,
                        "rotation": 0,
                        "rectanglelabels": [
                            "Planet"
                        ]
                    },
                    "id": "6XMxSQnc24",
                    "from_name": "tag",
                    "to_name": "img",
                    "type": "rectanglelabels"
                },
                {
                    "original_width": 2242,
                    "original_height": 2802,
                    "image_rotation": 0,
                    "value": {
                        "x": 19.733333333333334,
                        "y": 48.7726787620064,
                        "width": 30.8,
                        "height": 34.4717182497332,
                        "rotation": 0,
                        "rectanglelabels": [
                            "Planet"
                        ]
                    },
                    "id": "kTeBAwARXJ",
                    "from_name": "tag",
                    "to_name": "img",
                    "type": "rectanglelabels"
                },
                {
                    "original_width": 2242,
                    "original_height": 2802,
                    "image_rotation": 0,
                    "value": {
                        "x": 11.733333333333333,
                        "y": 4.909284951974386,
                        "width": 24.266666666666666,
                        "height": 23.799359658484526,
                        "rotation": 0,
                        "rectanglelabels": [
                            "Planet"
                        ]
                    },
                    "id": "A5rzKIa0mu",
                    "from_name": "tag",
                    "to_name": "img",
                    "type": "rectanglelabels"
                },
                {
                    "original_width": 2242,
                    "original_height": 2802,
                    "image_rotation": 0,
                    "value": {
                        "x": 11.733333333333333,
                        "y": 5.656350053361793,
                        "width": 35.06666666666668,
                        "height": 23.479188900747065,
                        "rotation": 0,
                        "rectanglelabels": [
                            "Planet"
                        ]
                    },
                    "id": "e-Hpu7TSIn",
                    "from_name": "tag",
                    "to_name": "img",
                    "type": "rectanglelabels"
                },
                {
                    "original_width": 2242,
                    "original_height": 2802,
                    "image_rotation": 0,
                    "value": {
                        "x": 52.666666666666664,
                        "y": 2.2411953041622197,
                        "width": 41.733333333333334,
                        "height": 28.8153681963714,
                        "rotation": 0,
                        "rectanglelabels": [
                            "Planet"
                        ]
                    },
                    "id": "3OMy_1bXOg",
                    "from_name": "tag",
                    "to_name": "img",
                    "type": "rectanglelabels"
                },
                {
                    "original_width": 2242,
                    "original_height": 2802,
                    "image_rotation": 0,
                    "value": {
                        "x": 5.733333333333333,
                        "y": 47.38527214514408,
                        "width": 38,
                        "height": 15.581643543223052,
                        "rotation": 0,
                        "rectanglelabels": [
                            "Planet"
                        ]
                    },
                    "id": "hAbLB7Wrmi",
                    "from_name": "tag",
                    "to_name": "img",
                    "type": "rectanglelabels"
                },
                {
                    "original_width": 2242,
                    "original_height": 2802,
                    "image_rotation": 0,
                    "value": {
                        "x": 3.2,
                        "y": 35.53895410885806,
                        "width": 31.466666666666665,
                        "height": 18.78335112059765,
                        "rotation": 0,
                        "rectanglelabels": [
                            "Planet"
                        ]
                    },
                    "id": "G6p3Av3Ifw",
                    "from_name": "tag",
                    "to_name": "img",
                    "type": "rectanglelabels"
                },
                {
                    "original_width": 2242,
                    "original_height": 2802,
                    "image_rotation": 0,
                    "value": {
                        "x": 11.6,
                        "y": 40.23479188900747,
                        "width": 27.066666666666666,
                        "height": 17.716115261472787,
                        "rotation": 0,
                        "rectanglelabels": [
                            "Planet"
                        ]
                    },
                    "id": "_g0gTRUPwE",
                    "from_name": "tag",
                    "to_name": "img",
                    "type": "rectanglelabels"
                },
                {
                    "original_width": 2242,
                    "original_height": 2802,
                    "image_rotation": 0,
                    "value": {
                        "x": 4.133333333333334,
                        "y": 50.3735325506937,
                        "width": 21.2,
                        "height": 19.957310565635005,
                        "rotation": 0,
                        "rectanglelabels": [
                            "Planet"
                        ]
                    },
                    "id": "41VZoxzmI2",
                    "from_name": "tag",
                    "to_name": "img",
                    "type": "rectanglelabels"
                },
                {
                    "original_width": 2242,
                    "original_height": 2802,
                    "image_rotation": 0,
                    "value": {
                        "x": 15.333333333333334,
                        "y": 48.45250800426894,
                        "width": 38.53333333333333,
                        "height": 27.001067235859125,
                        "rotation": 0,
                        "rectanglelabels": [
                            "Moonwalker"
                        ]
                    },
                    "id": "y-7bY12AWk",
                    "from_name": "tag",
                    "to_name": "img",
                    "type": "rectanglelabels"
                },
                {
                    "original_width": 2242,
                    "original_height": 2802,
                    "image_rotation": 0,
                    "value": {
                        "x": 25.6,
                        "y": 61.68623265741729,
                        "width": 42.666666666666664,
                        "height": 21.77161152614728,
                        "rotation": 0,
                        "rectanglelabels": [
                            "Moonwalker"
                        ]
                    },
                    "id": "ywbgGIZOve",
                    "from_name": "tag",
                    "to_name": "img",
                    "type": "rectanglelabels"
                },
                {
                    "original_width": 2242,
                    "original_height": 2802,
                    "image_rotation": 0,
                    "value": {
                        "x": 30.4,
                        "y": 54.96264674493063,
                        "width": 52.93333333333333,
                        "height": 1.2806830309498398,
                        "rotation": 0,
                        "rectanglelabels": [
                            "Planet"
                        ]
                    },
                    "id": "d3s5brqLHx",
                    "from_name": "tag",
                    "to_name": "img",
                    "type": "rectanglelabels"
                },
                {
                    "original_width": 2242,
                    "original_height": 2802,
                    "image_rotation": 0,
                    "value": {
                        "x": 36.79999999999999,
                        "y": 49.51974386339381,
                        "width": 45.733333333333334,
                        "height": 23.906083244397013,
                        "rotation": 0,
                        "rectanglelabels": [
                            "Moonwalker"
                        ]
                    },
                    "id": "4ENvSDbHj5",
                    "from_name": "tag",
                    "to_name": "img",
                    "type": "rectanglelabels"
                },
                {
                    "original_width": 2242,
                    "original_height": 2802,
                    "image_rotation": 0,
                    "value": {
                        "x": 57.333333333333336,
                        "y": 22.518676627534685,
                        "width": 23.466666666666665,
                        "height": 22.198505869797224,
                        "rotation": 0,
                        "rectanglelabels": [
                            "Moonwalker"
                        ]
                    },
                    "id": "rDJgp8Bwx4",
                    "from_name": "tag",
                    "to_name": "img",
                    "type": "rectanglelabels"
                },
                {
                    "original_width": 2242,
                    "original_height": 2802,
                    "image_rotation": 0,
                    "value": {
                        "x": 27.733333333333334,
                        "y": 5.763073639274279,
                        "width": 28.133333333333333,
                        "height": 25.18676627534685,
                        "rotation": 0,
                        "rectanglelabels": [
                            "Moonwalker"
                        ]
                    },
                    "id": "EIror-7RzY",
                    "from_name": "tag",
                    "to_name": "img",
                    "type": "rectanglelabels"
                },
                {
                    "original_width": 2242,
                    "original_height": 2802,
                    "image_rotation": 0,
                    "value": {
                        "x": 15.733333333333333,
                        "y": 13.874066168623266,
                        "width": 31.066666666666666,
                        "height": 30.629669156883672,
                        "rotation": 0,
                        "rectanglelabels": [
                            "Moonwalker"
                        ]
                    },
                    "id": "EeLzAO13AZ",
                    "from_name": "tag",
                    "to_name": "img",
                    "type": "rectanglelabels"
                },
                {
                    "original_width": 2242,
                    "original_height": 2802,
                    "image_rotation": 0,
                    "value": {
                        "x": 46.8,
                        "y": 7.68409818569904,
                        "width": 40.53333333333333,
                        "height": 27.107790821771612,
                        "rotation": 0,
                        "rectanglelabels": [
                            "Moonwalker"
                        ]
                    },
                    "id": "3qPIUBx_k7",
                    "from_name": "tag",
                    "to_name": "img",
                    "type": "rectanglelabels"
                },
                {
                    "original_width": 2242,
                    "original_height": 2802,
                    "image_rotation": 0,
                    "value": {
                        "x": 44.13333333333333,
                        "y": 15.048025613660618,
                        "width": 34,
                        "height": 31.91035218783351,
                        "rotation": 0,
                        "rectanglelabels": [
                            "Moonwalker"
                        ]
                    },
                    "id": "HxCuw9JuLj",
                    "from_name": "tag",
                    "to_name": "img",
                    "type": "rectanglelabels"
                },
                {
                    "original_width": 2242,
                    "original_height": 2802,
                    "image_rotation": 0,
                    "value": {
                        "x": 28.533333333333335,
                        "y": 41.19530416221985,
                        "width": 44.93333333333333,
                        "height": 20.17075773745998,
                        "rotation": 0,
                        "rectanglelabels": [
                            "Moonwalker"
                        ]
                    },
                    "id": "mVzjrPLwax",
                    "from_name": "tag",
                    "to_name": "img",
                    "type": "rectanglelabels"
                },
                {
                    "original_width": 2242,
                    "original_height": 2802,
                    "image_rotation": 0,
                    "value": {
                        "x": 27.333333333333332,
                        "y": 38.95410885805763,
                        "width": 38.266666666666666,
                        "height": 33.084311632870865,
                        "rotation": 0,
                        "rectanglelabels": [
                            "Moonwalker"
                        ]
                    },
                    "id": "TRwjKtbkL2",
                    "from_name": "tag",
                    "to_name": "img",
                    "type": "rectanglelabels"
                },
                {
                    "original_width": 2242,
                    "original_height": 2802,
                    "image_rotation": 0,
                    "value": {
                        "x": 35.733333333333334,
                        "y": 26.467449306296693,
                        "width": 35.46666666666667,
                        "height": 31.163287086446104,
                        "rotation": 0,
                        "rectanglelabels": [
                            "Moonwalker"
                        ]
                    },
                    "id": "BI3cXM8dKU",
                    "from_name": "tag",
                    "to_name": "img",
                    "type": "rectanglelabels"
                },
                {
                    "original_width": 2242,
                    "original_height": 2802,
                    "image_rotation": 0,
                    "value": {
                        "x": 40.13333333333333,
                        "y": 31.69690501600854,
                        "width": 49.46666666666667,
                        "height": 26.360725720384206,
                        "rotation": 0,
                        "rectanglelabels": [
                            "Moonwalker"
                        ]
                    },
                    "id": "AbJ3m9QUy6",
                    "from_name": "tag",
                    "to_name": "img",
                    "type": "rectanglelabels"
                },
                {
                    "original_width": 2242,
                    "original_height": 2802,
                    "image_rotation": 0,
                    "value": {
                        "x": 51.333333333333336,
                        "y": 56.029882604055494,
                        "width": 37.86666666666667,
                        "height": 27.107790821771612,
                        "rotation": 0,
                        "rectanglelabels": [
                            "Moonwalker"
                        ]
                    },
                    "id": "QHw4wjB6Qw",
                    "from_name": "tag",
                    "to_name": "img",
                    "type": "rectanglelabels"
                },
                {
                    "original_width": 2242,
                    "original_height": 2802,
                    "image_rotation": 0,
                    "value": {
                        "x": 16.266666666666666,
                        "y": 38.52721451440768,
                        "width": 43.6,
                        "height": 42.3692636072572,
                        "rotation": 0,
                        "rectanglelabels": [
                            "Moonwalker"
                        ]
                    },
                    "id": "UApPrfNK5R",
                    "from_name": "tag",
                    "to_name": "img",
                    "type": "rectanglelabels"
                },
                {
                    "original_width": 2242,
                    "original_height": 2802,
                    "image_rotation": 0,
                    "value": {
                        "x": 27.333333333333332,
                        "y": 27.961579509071505,
                        "width": 26,
                        "height": 20.8110992529349,
                        "rotation": 0,
                        "rectanglelabels": [
                            "Moonwalker"
                        ]
                    },
                    "id": "o_EtI0s2WV",
                    "from_name": "tag",
                    "to_name": "img",
                    "type": "rectanglelabels"
                },
                {
                    "original_width": 2242,
                    "original_height": 2802,
                    "image_rotation": 0,
                    "value": {
                        "x": 8.533333333333333,
                        "y": 19.103521878335112,
                        "width": 27.466666666666665,
                        "height": 19.957310565635005,
                        "rotation": 0,
                        "rectanglelabels": [
                            "Moonwalker"
                        ]
                    },
                    "id": "lUscgu_jp0",
                    "from_name": "tag",
                    "to_name": "img",
                    "type": "rectanglelabels"
                },
                {
                    "original_width": 2242,
                    "original_height": 2802,
                    "image_rotation": 0,
                    "value": {
                        "x": 9.73333333333333,
                        "y": 39.91462113127001,
                        "width": 29.066666666666666,
                        "height": 28.281750266808963,
                        "rotation": 0,
                        "rectanglelabels": [
                            "Moonwalker"
                        ]
                    },
                    "id": "8Ukno_kgp-",
                    "from_name": "tag",
                    "to_name": "img",
                    "type": "rectanglelabels"
                },
                {
                    "original_width": 2242,
                    "original_height": 2802,
                    "image_rotation": 0,
                    "value": {
                        "x": 19.2,
                        "y": 32.764140875133414,
                        "width": 35.20000000000001,
                        "height": 29.669156883671292,
                        "rotation": 0,
                        "rectanglelabels": [
                            "Moonwalker"
                        ]
                    },
                    "id": "q2qEa1rvKK",
                    "from_name": "tag",
                    "to_name": "img",
                    "type": "rectanglelabels"
                },
                {
                    "original_width": 2242,
                    "original_height": 2802,
                    "image_rotation": 0,
                    "value": {
                        "x": 35.06666666666668,
                        "y": 58.3778014941302,
                        "width": 54.666666666666664,
                        "height": 31.91035218783351,
                        "rotation": 0,
                        "rectanglelabels": [
                            "Moonwalker"
                        ]
                    },
                    "id": "KBCdC3qC2v",
                    "from_name": "tag",
                    "to_name": "img",
                    "type": "rectanglelabels"
                },
                {
                    "original_width": 2242,
                    "original_height": 2802,
                    "image_rotation": 0,
                    "value": {
                        "x": 17.600000000000005,
                        "y": 57.097118463180365,
                        "width": 39.6,
                        "height": 34.25827107790822,
                        "rotation": 0,
                        "rectanglelabels": [
                            "Moonwalker"
                        ]
                    },
                    "id": "BbidrB5qyG",
                    "from_name": "tag",
                    "to_name": "img",
                    "type": "rectanglelabels"
                },
                {
                    "original_width": 2242,
                    "original_height": 2802,
                    "image_rotation": 0,
                    "value": {
                        "x": 50.53333333333333,
                        "y": 61.89967982924226,
                        "width": 37.333333333333336,
                        "height": 32.55069370330843,
                        "rotation": 0,
                        "rectanglelabels": [
                            "Moonwalker"
                        ]
                    },
                    "id": "KA0dX-n2pu",
                    "from_name": "tag",
                    "to_name": "img",
                    "type": "rectanglelabels"
                },
                {
                    "original_width": 2242,
                    "original_height": 2802,
                    "image_rotation": 0,
                    "value": {
                        "x": 52.53333333333333,
                        "y": 22.73212379935966,
                        "width": 41.733333333333334,
                        "height": 28.068303094983992,
                        "rotation": 0,
                        "rectanglelabels": [
                            "Moonwalker"
                        ]
                    },
                    "id": "zj9dtAbnkv",
                    "from_name": "tag",
                    "to_name": "img",
                    "type": "rectanglelabels"
                },
                {
                    "original_width": 2242,
                    "original_height": 2802,
                    "image_rotation": 0,
                    "value": {
                        "x": 34.266666666666666,
                        "y": 31.590181430096052,
                        "width": 36.79999999999999,
                        "height": 31.376734258271078,
                        "rotation": 0,
                        "rectanglelabels": [
                            "Moonwalker"
                        ]
                    },
                    "id": "WSRJe8aqCb",
                    "from_name": "tag",
                    "to_name": "img",
                    "type": "rectanglelabels"
                },
                {
                    "original_width": 2242,
                    "original_height": 2802,
                    "image_rotation": 0,
                    "value": {
                        "x": 37.6,
                        "y": 33.51120597652081,
                        "width": 31.733333333333334,
                        "height": 32.01707577374601,
                        "rotation": 0,
                        "rectanglelabels": [
                            "Planet"
                        ]
                    },
                    "id": "tMbzqZ98-J",
                    "from_name": "tag",
                    "to_name": "img",
                    "type": "rectanglelabels"
                },
                {
                    "original_width": 2242,
                    "original_height": 2802,
                    "image_rotation": 0,
                    "value": {
                        "x": 19.733333333333334,
                        "y": 31.483457844183565,
                        "width": 26.133333333333333,
                        "height": 19.103521878335112,
                        "rotation": 0,
                        "rectanglelabels": [
                            "Planet"
                        ]
                    },
                    "id": "7XN2Gk1KpW",
                    "from_name": "tag",
                    "to_name": "img",
                    "type": "rectanglelabels"
                },
                {
                    "original_width": 2242,
                    "original_height": 2802,
                    "image_rotation": 0,
                    "value": {
                        "x": 23.333333333333332,
                        "y": 31.803628601921023,
                        "width": 36.266666666666666,
                        "height": 38.84738527214515,
                        "rotation": 0,
                        "rectanglelabels": [
                            "Planet"
                        ]
                    },
                    "id": "xdapQJD8cG",
                    "from_name": "tag",
                    "to_name": "img",
                    "type": "rectanglelabels"
                },
                {
                    "original_width": 2242,
                    "original_height": 2802,
                    "image_rotation": 0,
                    "value": {
                        "x": 52.13333333333333,
                        "y": 52.61472785485592,
                        "width": 23.866666666666667,
                        "height": 18.463180362860193,
                        "rotation": 0,
                        "rectanglelabels": [
                            "Planet"
                        ]
                    },
                    "id": "gG-nkSs9s8",
                    "from_name": "tag",
                    "to_name": "img",
                    "type": "rectanglelabels"
                },
                {
                    "original_width": 2242,
                    "original_height": 2802,
                    "image_rotation": 0,
                    "value": {
                        "x": 43.733333333333334,
                        "y": 30.522945570971185,
                        "width": 33.733333333333334,
                        "height": 26.360725720384206,
                        "rotation": 0,
                        "rectanglelabels": [
                            "Planet"
                        ]
                    },
                    "id": "LcOPhjbc9p",
                    "from_name": "tag",
                    "to_name": "img",
                    "type": "rectanglelabels"
                },
                {
                    "original_width": 2242,
                    "original_height": 2802,
                    "image_rotation": 0,
                    "value": {
                        "x": 28.133333333333333,
                        "y": 43.863393810032015,
                        "width": 33.733333333333334,
                        "height": 37.5667022411953,
                        "rotation": 0,
                        "rectanglelabels": [
                            "Planet"
                        ]
                    },
                    "id": "OfkHyhw1hq",
                    "from_name": "tag",
                    "to_name": "img",
                    "type": "rectanglelabels"
                },
                {
                    "original_width": 2242,
                    "original_height": 2802,
                    "image_rotation": 0,
                    "value": {
                        "x": 54.666666666666664,
                        "y": 63.92742796157951,
                        "width": 21.733333333333334,
                        "height": 23.052294557097117,
                        "rotation": 0,
                        "rectanglelabels": [
                            "Planet"
                        ]
                    },
                    "id": "oLpVpGcvIV",
                    "from_name": "tag",
                    "to_name": "img",
                    "type": "rectanglelabels"
                },
                {
                    "original_width": 2242,
                    "original_height": 2802,
                    "image_rotation": 0,
                    "value": {
                        "x": 44.53333333333333,
                        "y": 11.84631803628602,
                        "width": 38.666666666666664,
                        "height": 29.242262540021343,
                        "rotation": 0,
                        "rectanglelabels": [
                            "Planet"
                        ]
                    },
                    "id": "DeeUfkYDWV",
                    "from_name": "tag",
                    "to_name": "img",
                    "type": "rectanglelabels"
                },
                {
                    "original_width": 2242,
                    "original_height": 2802,
                    "image_rotation": 0,
                    "value": {
                        "x": 10.800000000000002,
                        "y": 12.059765208110992,
                        "width": 32.4,
                        "height": 24.973319103521877,
                        "rotation": 0,
                        "rectanglelabels": [
                            "Planet"
                        ]
                    },
                    "id": "Kx-fOl84y_",
                    "from_name": "tag",
                    "to_name": "img",
                    "type": "rectanglelabels"
                },
                {
                    "original_width": 2242,
                    "original_height": 2802,
                    "image_rotation": 0,
                    "value": {
                        "x": 12.533333333333333,
                        "y": 23.479188900747065,
                        "width": 42.53333333333333,
                        "height": 38.95410885805763,
                        "rotation": 0,
                        "rectanglelabels": [
                            "Planet"
                        ]
                    },
                    "id": "FMWjTIdLja",
                    "from_name": "tag",
                    "to_name": "img",
                    "type": "rectanglelabels"
                },
                {
                    "original_width": 2242,
                    "original_height": 2802,
                    "image_rotation": 0,
                    "value": {
                        "x": 38.13333333333333,
                        "y": 14.194236926360725,
                        "width": 33.2,
                        "height": 32.443970117395935,
                        "rotation": 0,
                        "rectanglelabels": [
                            "Planet"
                        ]
                    },
                    "id": "picc9sykys",
                    "from_name": "tag",
                    "to_name": "img",
                    "type": "rectanglelabels"
                },
                {
                    "original_width": 2242,
                    "original_height": 2802,
                    "image_rotation": 0,
                    "value": {
                        "x": 24.666666666666668,
                        "y": 10.992529348986126,
                        "width": 37.86666666666667,
                        "height": 40.981856990394874,
                        "rotation": 0,
                        "rectanglelabels": [
                            "Planet"
                        ]
                    },
                    "id": "ENolYMEe3_",
                    "from_name": "tag",
                    "to_name": "img",
                    "type": "rectanglelabels"
                },
                {
                    "original_width": 2242,
                    "original_height": 2802,
                    "image_rotation": 0,
                    "value": {
                        "x": 18.266666666666666,
                        "y": 43.75667022411953,
                        "width": 34.4,
                        "height": 38.740661686232656,
                        "rotation": 0,
                        "rectanglelabels": [
                            "Planet"
                        ]
                    },
                    "id": "0UsXBDFuxD",
                    "from_name": "tag",
                    "to_name": "img",
                    "type": "rectanglelabels"
                },
                {
                    "original_width": 2242,
                    "original_height": 2802,
                    "image_rotation": 0,
                    "value": {
                        "x": 23.2,
                        "y": 51.65421558164354,
                        "width": 25.2,
                        "height": 31.803628601921023,
                        "rotation": 0,
                        "rectanglelabels": [
                            "Planet"
                        ]
                    },
                    "id": "cU9DbHpDq2",
                    "from_name": "tag",
                    "to_name": "img",
                    "type": "rectanglelabels"
                },
                {
                    "original_width": 2242,
                    "original_height": 2802,
                    "image_rotation": 0,
                    "value": {
                        "x": 46.53333333333333,
                        "y": 57.6307363927428,
                        "width": 40.79999999999999,
                        "height": 24.119530416221984,
                        "rotation": 0,
                        "rectanglelabels": [
                            "Planet"
                        ]
                    },
                    "id": "AUcyQyFGgH",
                    "from_name": "tag",
                    "to_name": "img",
                    "type": "rectanglelabels"
                },
                {
                    "original_width": 2242,
                    "original_height": 2802,
                    "image_rotation": 0,
                    "value": {
                        "x": 44.13333333333333,
                        "y": 31.483457844183565,
                        "width": 42.93333333333332,
                        "height": 28.922091782283886,
                        "rotation": 0,
                        "rectanglelabels": [
                            "Planet"
                        ]
                    },
                    "id": "9AvuJ6vibX",
                    "from_name": "tag",
                    "to_name": "img",
                    "type": "rectanglelabels"
                },
                {
                    "original_width": 2242,
                    "original_height": 2802,
                    "image_rotation": 0,
                    "value": {
                        "x": 54.53333333333333,
                        "y": 2.454642475987193,
                        "width": 36.93333333333332,
                        "height": 29.242262540021343,
                        "rotation": 0,
                        "rectanglelabels": [
                            "Planet"
                        ]
                    },
                    "id": "A0UfmVpe_2",
                    "from_name": "tag",
                    "to_name": "img",
                    "type": "rectanglelabels"
                },
                {
                    "original_width": 2242,
                    "original_height": 2802,
                    "image_rotation": 0,
                    "value": {
                        "x": 26,
                        "y": 8.64461045891142,
                        "width": 33.86666666666667,
                        "height": 31.056563500533617,
                        "rotation": 0,
                        "rectanglelabels": [
                            "Planet"
                        ]
                    },
                    "id": "-59auoX4AD",
                    "from_name": "tag",
                    "to_name": "img",
                    "type": "rectanglelabels"
                },
                {
                    "original_width": 2242,
                    "original_height": 2802,
                    "image_rotation": 0,
                    "value": {
                        "x": 12.4,
                        "y": 12.059765208110992,
                        "width": 47.2,
                        "height": 42.58271077908218,
                        "rotation": 0,
                        "rectanglelabels": [
                            "Planet"
                        ]
                    },
                    "id": "jFZFBQzxnb",
                    "from_name": "tag",
                    "to_name": "img",
                    "type": "rectanglelabels"
                },
                {
                    "original_width": 2242,
                    "original_height": 2802,
                    "image_rotation": 0,
                    "value": {
                        "x": 44.4,
                        "y": 17.822838847385274,
                        "width": 40.666666666666664,
                        "height": 24.759871931696907,
                        "rotation": 0,
                        "rectanglelabels": [
                            "Planet"
                        ]
                    },
                    "id": "40xdjZlnQw",
                    "from_name": "tag",
                    "to_name": "img",
                    "type": "rectanglelabels"
                },
                {
                    "original_width": 2242,
                    "original_height": 2802,
                    "image_rotation": 0,
                    "value": {
                        "x": 44.266666666666666,
                        "y": 23.479188900747065,
                        "width": 26.4,
                        "height": 32.55069370330843,
                        "rotation": 0,
                        "rectanglelabels": [
                            "Planet"
                        ]
                    },
                    "id": "JnimJLuZv1",
                    "from_name": "tag",
                    "to_name": "img",
                    "type": "rectanglelabels"
                },
                {
                    "original_width": 2242,
                    "original_height": 2802,
                    "image_rotation": 0,
                    "value": {
                        "x": 44.4,
                        "y": 62.96691568836713,
                        "width": 38.79999999999999,
                        "height": 26.894343649946638,
                        "rotation": 0,
                        "rectanglelabels": [
                            "Moonwalker"
                        ]
                    },
                    "id": "JiEzAvO7Bg",
                    "from_name": "tag",
                    "to_name": "img",
                    "type": "rectanglelabels"
                },
                {
                    "original_width": 2242,
                    "original_height": 2802,
                    "image_rotation": 0,
                    "value": {
                        "x": 20.666666666666668,
                        "y": 46.10458911419423,
                        "width": 31.733333333333334,
                        "height": 39.06083244397012,
                        "rotation": 0,
                        "rectanglelabels": [
                            "Moonwalker"
                        ]
                    },
                    "id": "4Kv8HQHksd",
                    "from_name": "tag",
                    "to_name": "img",
                    "type": "rectanglelabels"
                },
                {
                    "original_width": 2242,
                    "original_height": 2802,
                    "image_rotation": 0,
                    "value": {
                        "x": 19.2,
                        "y": 23.799359658484526,
                        "width": 36,
                        "height": 29.989327641408753,
                        "rotation": 0,
                        "rectanglelabels": [
                            "Moonwalker"
                        ]
                    },
                    "id": "II3SNd3DSF",
                    "from_name": "tag",
                    "to_name": "img",
                    "type": "rectanglelabels"
                },
                {
                    "original_width": 2242,
                    "original_height": 2802,
                    "image_rotation": 0,
                    "value": {
                        "x": 44.4,
                        "y": 23.906083244397013,
                        "width": 33.2,
                        "height": 30.73639274279616,
                        "rotation": 0,
                        "rectanglelabels": [
                            "Moonwalker"
                        ]
                    },
                    "id": "6HBaWAiVkb",
                    "from_name": "tag",
                    "to_name": "img",
                    "type": "rectanglelabels"
                },
                {
                    "original_width": 2242,
                    "original_height": 2802,
                    "image_rotation": 0,
                    "value": {
                        "x": 40.666666666666664,
                        "y": 43.009605122732125,
                        "width": 34.13333333333333,
                        "height": 25.82710779082177,
                        "rotation": 0,
                        "rectanglelabels": [
                            "Moonwalker"
                        ]
                    },
                    "id": "zoWU-BG9B6",
                    "from_name": "tag",
                    "to_name": "img",
                    "type": "rectanglelabels"
                },
                {
                    "original_width": 2242,
                    "original_height": 2802,
                    "image_rotation": 0,
                    "value": {
                        "x": 25.2,
                        "y": 10.992529348986126,
                        "width": 52.666666666666664,
                        "height": 28.70864461045891,
                        "rotation": 0,
                        "rectanglelabels": [
                            "Moonwalker"
                        ]
                    },
                    "id": "9A30BFyF4o",
                    "from_name": "tag",
                    "to_name": "img",
                    "type": "rectanglelabels"
                },
                {
                    "original_width": 2242,
                    "original_height": 2802,
                    "image_rotation": 0,
                    "value": {
                        "x": 12.4,
                        "y": 8.110992529348984,
                        "width": 33.06666666666667,
                        "height": 33.724653148345794,
                        "rotation": 0,
                        "rectanglelabels": [
                            "Moonwalker"
                        ]
                    },
                    "id": "mK94GWAiJn",
                    "from_name": "tag",
                    "to_name": "img",
                    "type": "rectanglelabels"
                },
                {
                    "original_width": 2242,
                    "original_height": 2802,
                    "image_rotation": 0,
                    "value": {
                        "x": 33.86666666666667,
                        "y": 14.194236926360725,
                        "width": 43.333333333333336,
                        "height": 28.70864461045891,
                        "rotation": 0,
                        "rectanglelabels": [
                            "Moonwalker"
                        ]
                    },
                    "id": "UcuZTY9EyB",
                    "from_name": "tag",
                    "to_name": "img",
                    "type": "rectanglelabels"
                },
                {
                    "original_width": 2242,
                    "original_height": 2802,
                    "image_rotation": 0,
                    "value": {
                        "x": 46.666666666666664,
                        "y": 37.5667022411953,
                        "width": 31.733333333333334,
                        "height": 38.740661686232656,
                        "rotation": 0,
                        "rectanglelabels": [
                            "Moonwalker"
                        ]
                    },
                    "id": "ZQBXA2yrlT",
                    "from_name": "tag",
                    "to_name": "img",
                    "type": "rectanglelabels"
                },
                {
                    "original_width": 2242,
                    "original_height": 2802,
                    "image_rotation": 0,
                    "value": {
                        "x": 23.6,
                        "y": 42.47598719316969,
                        "width": 35.06666666666668,
                        "height": 37.03308431163287,
                        "rotation": 0,
                        "rectanglelabels": [
                            "Moonwalker"
                        ]
                    },
                    "id": "aARc44z3Wx",
                    "from_name": "tag",
                    "to_name": "img",
                    "type": "rectanglelabels"
                },
                {
                    "original_width": 2242,
                    "original_height": 2802,
                    "image_rotation": 0,
                    "value": {
                        "x": 19.866666666666667,
                        "y": 17.502668089647813,
                        "width": 32.666666666666664,
                        "height": 31.376734258271078,
                        "rotation": 0,
                        "rectanglelabels": [
                            "Planet"
                        ]
                    },
                    "id": "KGxHWstaFC",
                    "from_name": "tag",
                    "to_name": "img",
                    "type": "rectanglelabels"
                },
                {
                    "original_width": 2242,
                    "original_height": 2802,
                    "image_rotation": 0,
                    "value": {
                        "x": 37.20000000000001,
                        "y": 17.716115261472787,
                        "width": 37.06666666666668,
                        "height": 32.01707577374601,
                        "rotation": 0,
                        "rectanglelabels": [
                            "Planet"
                        ]
                    },
                    "id": "7gQDSKaCgt",
                    "from_name": "tag",
                    "to_name": "img",
                    "type": "rectanglelabels"
                },
                {
                    "original_width": 2242,
                    "original_height": 2802,
                    "image_rotation": 0,
                    "value": {
                        "x": 20.933333333333334,
                        "y": 35.859124866595515,
                        "width": 32.666666666666664,
                        "height": 39.167556029882604,
                        "rotation": 0,
                        "rectanglelabels": [
                            "Planet"
                        ]
                    },
                    "id": "dIpEzci-TX",
                    "from_name": "tag",
                    "to_name": "img",
                    "type": "rectanglelabels"
                },
                {
                    "original_width": 2242,
                    "original_height": 2802,
                    "image_rotation": 0,
                    "value": {
                        "x": 40.266666666666666,
                        "y": 43.009605122732125,
                        "width": 33.46666666666667,
                        "height": 33.83137673425827,
                        "rotation": 0,
                        "rectanglelabels": [
                            "Planet"
                        ]
                    },
                    "id": "fpHjqiRNqU",
                    "from_name": "tag",
                    "to_name": "img",
                    "type": "rectanglelabels"
                },
                {
                    "original_width": 2242,
                    "original_height": 2802,
                    "image_rotation": 0,
                    "value": {
                        "x": 54.93333333333333,
                        "y": 8.53788687299893,
                        "width": 34.79999999999999,
                        "height": 27.641408751334044,
                        "rotation": 0,
                        "rectanglelabels": [
                            "Planet"
                        ]
                    },
                    "id": "_-suFRAQXV",
                    "from_name": "tag",
                    "to_name": "img",
                    "type": "rectanglelabels"
                },
                {
                    "original_width": 2242,
                    "original_height": 2802,
                    "image_rotation": 0,
                    "value": {
                        "x": 61.06666666666667,
                        "y": 43.2230522945571,
                        "width": 27.866666666666667,
                        "height": 33.724653148345794,
                        "rotation": 0,
                        "rectanglelabels": [
                            "Planet"
                        ]
                    },
                    "id": "99bGzHDDlZ",
                    "from_name": "tag",
                    "to_name": "img",
                    "type": "rectanglelabels"
                },
                {
                    "original_width": 2242,
                    "original_height": 2802,
                    "image_rotation": 0,
                    "value": {
                        "x": 16.666666666666668,
                        "y": 54.64247598719317,
                        "width": 30.4,
                        "height": 30.096051227321237,
                        "rotation": 0,
                        "rectanglelabels": [
                            "Planet"
                        ]
                    },
                    "id": "AG7jknHrGl",
                    "from_name": "tag",
                    "to_name": "img",
                    "type": "rectanglelabels"
                },
                {
                    "original_width": 2242,
                    "original_height": 2802,
                    "image_rotation": 0,
                    "value": {
                        "x": 11.466666666666667,
                        "y": 12.913553895410885,
                        "width": 29.733333333333334,
                        "height": 36.07257203842049,
                        "rotation": 0,
                        "rectanglelabels": [
                            "Planet"
                        ]
                    },
                    "id": "6plbOt0qwA",
                    "from_name": "tag",
                    "to_name": "img",
                    "type": "rectanglelabels"
                },
                {
                    "original_width": 2242,
                    "original_height": 2802,
                    "image_rotation": 0,
                    "value": {
                        "x": 38,
                        "y": 9.818569903948772,
                        "width": 34.266666666666666,
                        "height": 29.135538954108856,
                        "rotation": 0,
                        "rectanglelabels": [
                            "Planet"
                        ]
                    },
                    "id": "K9s9YWimpw",
                    "from_name": "tag",
                    "to_name": "img",
                    "type": "rectanglelabels"
                },
                {
                    "original_width": 2242,
                    "original_height": 2802,
                    "image_rotation": 0,
                    "value": {
                        "x": 48.53333333333333,
                        "y": 26.040554962646745,
                        "width": 31.2,
                        "height": 35.75240128068303,
                        "rotation": 0,
                        "rectanglelabels": [
                            "Planet"
                        ]
                    },
                    "id": "GhrRWBFeCR",
                    "from_name": "tag",
                    "to_name": "img",
                    "type": "rectanglelabels"
                },
                {
                    "original_width": 2242,
                    "original_height": 2802,
                    "image_rotation": 0,
                    "value": {
                        "x": 28.133333333333333,
                        "y": 15.048025613660618,
                        "width": 29.733333333333334,
                        "height": 37.13980789754536,
                        "rotation": 0,
                        "rectanglelabels": [
                            "Planet"
                        ]
                    },
                    "id": "X4gVkVNo-9",
                    "from_name": "tag",
                    "to_name": "img",
                    "type": "rectanglelabels"
                },
                {
                    "original_width": 2242,
                    "original_height": 2802,
                    "image_rotation": 0,
                    "value": {
                        "x": 22.666666666666668,
                        "y": 36.392742796157954,
                        "width": 27.2,
                        "height": 31.483457844183565,
                        "rotation": 0,
                        "rectanglelabels": [
                            "Planet"
                        ]
                    },
                    "id": "QxcEmHiSYU",
                    "from_name": "tag",
                    "to_name": "img",
                    "type": "rectanglelabels"
                },
                {
                    "original_width": 2242,
                    "original_height": 2802,
                    "image_rotation": 0,
                    "value": {
                        "x": 54.93333333333333,
                        "y": 7.257203842049093,
                        "width": 31.6,
                        "height": 25.82710779082177,
                        "rotation": 0,
                        "rectanglelabels": [
                            "Planet"
                        ]
                    },
                    "id": "YZd-iskT3o",
                    "from_name": "tag",
                    "to_name": "img",
                    "type": "rectanglelabels"
                },
                {
                    "original_width": 2242,
                    "original_height": 2802,
                    "image_rotation": 0,
                    "value": {
                        "x": 14.666666666666666,
                        "y": 10.138740661686233,
                        "width": 25.466666666666665,
                        "height": 31.163287086446104,
                        "rotation": 0,
                        "rectanglelabels": [
                            "Planet"
                        ]
                    },
                    "id": "RpUuG96AO5",
                    "from_name": "tag",
                    "to_name": "img",
                    "type": "rectanglelabels"
                },
                {
                    "original_width": 2242,
                    "original_height": 2802,
                    "image_rotation": 0,
                    "value": {
                        "x": 18.933333333333334,
                        "y": 41.942369263607254,
                        "width": 26.533333333333335,
                        "height": 24.546424759871933,
                        "rotation": 0,
                        "rectanglelabels": [
                            "Planet"
                        ]
                    },
                    "id": "cQuxQCLEve",
                    "from_name": "tag",
                    "to_name": "img",
                    "type": "rectanglelabels"
                },
                {
                    "original_width": 2242,
                    "original_height": 2802,
                    "image_rotation": 0,
                    "value": {
                        "x": 52.4,
                        "y": 14.727854855923159,
                        "width": 27.066666666666666,
                        "height": 24.65314834578442,
                        "rotation": 0,
                        "rectanglelabels": [
                            "Planet"
                        ]
                    },
                    "id": "OghsyxKnYi",
                    "from_name": "tag",
                    "to_name": "img",
                    "type": "rectanglelabels"
                },
                {
                    "original_width": 2242,
                    "original_height": 2802,
                    "image_rotation": 0,
                    "value": {
                        "x": 36.266666666666666,
                        "y": 12.8068303094984,
                        "width": 30.266666666666666,
                        "height": 29.028815368196373,
                        "rotation": 0,
                        "rectanglelabels": [
                            "Planet"
                        ]
                    },
                    "id": "8J9HtvHssg",
                    "from_name": "tag",
                    "to_name": "img",
                    "type": "rectanglelabels"
                },
                {
                    "original_width": 2242,
                    "original_height": 2802,
                    "image_rotation": 0,
                    "value": {
                        "x": 44.666666666666664,
                        "y": 46.85165421558165,
                        "width": 38,
                        "height": 33.29775880469584,
                        "rotation": 0,
                        "rectanglelabels": [
                            "Planet"
                        ]
                    },
                    "id": "eFcMn_lTsW",
                    "from_name": "tag",
                    "to_name": "img",
                    "type": "rectanglelabels"
                },
                {
                    "original_width": 2242,
                    "original_height": 2802,
                    "image_rotation": 0,
                    "value": {
                        "x": 22.666666666666668,
                        "y": 38.4204909284952,
                        "width": 23.866666666666667,
                        "height": 25.29348986125934,
                        "rotation": 0,
                        "rectanglelabels": [
                            "Moonwalker"
                        ]
                    },
                    "id": "pjdIw4oU2S",
                    "from_name": "tag",
                    "to_name": "img",
                    "type": "rectanglelabels"
                },
                {
                    "original_width": 2242,
                    "original_height": 2802,
                    "image_rotation": 0,
                    "value": {
                        "x": 22.933333333333334,
                        "y": 16.862326574172897,
                        "width": 18.266666666666666,
                        "height": 15.901814300960512,
                        "rotation": 0,
                        "rectanglelabels": [
                            "Moonwalker"
                        ]
                    },
                    "id": "KOhddDbdpr",
                    "from_name": "tag",
                    "to_name": "img",
                    "type": "rectanglelabels"
                },
                {
                    "original_width": 2242,
                    "original_height": 2802,
                    "image_rotation": 0,
                    "value": {
                        "x": 52.13333333333333,
                        "y": 16.755602988260407,
                        "width": 25.733333333333334,
                        "height": 26.680896478121664,
                        "rotation": 0,
                        "rectanglelabels": [
                            "Moonwalker"
                        ]
                    },
                    "id": "SUAUMN-dHD",
                    "from_name": "tag",
                    "to_name": "img",
                    "type": "rectanglelabels"
                },
                {
                    "original_width": 2242,
                    "original_height": 2802,
                    "image_rotation": 0,
                    "value": {
                        "x": 40.666666666666664,
                        "y": 11.526147278548558,
                        "width": 42.53333333333333,
                        "height": 27.001067235859125,
                        "rotation": 0,
                        "rectanglelabels": [
                            "Planet"
                        ]
                    },
                    "id": "j_ZucMlu9j",
                    "from_name": "tag",
                    "to_name": "img",
                    "type": "rectanglelabels"
                },
                {
                    "original_width": 2242,
                    "original_height": 2802,
                    "image_rotation": 0,
                    "value": {
                        "x": 11.2,
                        "y": 51.44076840981857,
                        "width": 34.53333333333333,
                        "height": 33.19103521878335,
                        "rotation": 0,
                        "rectanglelabels": [
                            "Moonwalker"
                        ]
                    },
                    "id": "8WhDMC9-hz",
                    "from_name": "tag",
                    "to_name": "img",
                    "type": "rectanglelabels"
                },
                {
                    "original_width": 2242,
                    "original_height": 2802,
                    "image_rotation": 0,
                    "value": {
                        "x": 53.86666666666667,
                        "y": 59.978655282817506,
                        "width": 30.133333333333333,
                        "height": 27.42796157950907,
                        "rotation": 0,
                        "rectanglelabels": [
                            "Moonwalker"
                        ]
                    },
                    "id": "-aQd7Pt0BU",
                    "from_name": "tag",
                    "to_name": "img",
                    "type": "rectanglelabels"
                },
                {
                    "original_width": 2242,
                    "original_height": 2802,
                    "image_rotation": 0,
                    "value": {
                        "x": 41.86666666666667,
                        "y": 43.970117395944506,
                        "width": 38.53333333333333,
                        "height": 23.799359658484526,
                        "rotation": 0,
                        "rectanglelabels": [
                            "Moonwalker"
                        ]
                    },
                    "id": "JAM-oiP1Ft",
                    "from_name": "tag",
                    "to_name": "img",
                    "type": "rectanglelabels"
                },
                {
                    "original_width": 2242,
                    "original_height": 2802,
                    "image_rotation": 0,
                    "value": {
                        "x": 16,
                        "y": 37.246531483457844,
                        "width": 35.86666666666667,
                        "height": 26.680896478121664,
                        "rotation": 0,
                        "rectanglelabels": [
                            "Planet"
                        ]
                    },
                    "id": "vZ713OzPzM",
                    "from_name": "tag",
                    "to_name": "img",
                    "type": "rectanglelabels"
                },
                {
                    "original_width": 2242,
                    "original_height": 2802,
                    "image_rotation": 0,
                    "value": {
                        "x": 24.266666666666666,
                        "y": 48.66595517609392,
                        "width": 35.333333333333336,
                        "height": 34.47171824973319,
                        "rotation": 0,
                        "rectanglelabels": [
                            "Planet"
                        ]
                    },
                    "id": "FracPfapou",
                    "from_name": "tag",
                    "to_name": "img",
                    "type": "rectanglelabels"
                },
                {
                    "original_width": 2242,
                    "original_height": 2802,
                    "image_rotation": 0,
                    "value": {
                        "x": 54.266666666666666,
                        "y": 57.097118463180365,
                        "width": 25.333333333333332,
                        "height": 23.479188900747065,
                        "rotation": 0,
                        "rectanglelabels": [
                            "Planet"
                        ]
                    },
                    "id": "_tTQgLN1IQ",
                    "from_name": "tag",
                    "to_name": "img",
                    "type": "rectanglelabels"
                },
                {
                    "original_width": 2242,
                    "original_height": 2802,
                    "image_rotation": 0,
                    "value": {
                        "x": 42.53333333333333,
                        "y": 31.27001067235859,
                        "width": 36.13333333333333,
                        "height": 29.455709711846318,
                        "rotation": 0,
                        "rectanglelabels": [
                            "Planet"
                        ]
                    },
                    "id": "PedlEI7FUL",
                    "from_name": "tag",
                    "to_name": "img",
                    "type": "rectanglelabels"
                },
                {
                    "original_width": 2242,
                    "original_height": 2802,
                    "image_rotation": 0,
                    "value": {
                        "x": 17.866666666666667,
                        "y": 27.107790821771612,
                        "width": 32.666666666666664,
                        "height": 33.40448239060832,
                        "rotation": 0,
                        "rectanglelabels": [
                            "Planet"
                        ]
                    },
                    "id": "_i4NwweVho",
                    "from_name": "tag",
                    "to_name": "img",
                    "type": "rectanglelabels"
                },
                {
                    "original_width": 2242,
                    "original_height": 2802,
                    "image_rotation": 0,
                    "value": {
                        "x": 18,
                        "y": 55.38954108858058,
                        "width": 32.4,
                        "height": 30.629669156883672,
                        "rotation": 0,
                        "rectanglelabels": [
                            "Planet"
                        ]
                    },
                    "id": "UVDbNMx05i",
                    "from_name": "tag",
                    "to_name": "img",
                    "type": "rectanglelabels"
                },
                {
                    "original_width": 2242,
                    "original_height": 2802,
                    "image_rotation": 0,
                    "value": {
                        "x": 45.06666666666667,
                        "y": 8.858057630736393,
                        "width": 36,
                        "height": 22.198505869797224,
                        "rotation": 0,
                        "rectanglelabels": [
                            "Planet"
                        ]
                    },
                    "id": "075mXgpeqE",
                    "from_name": "tag",
                    "to_name": "img",
                    "type": "rectanglelabels"
                },
                {
                    "original_width": 2242,
                    "original_height": 2802,
                    "image_rotation": 0,
                    "value": {
                        "x": 20,
                        "y": 14.300960512273212,
                        "width": 32.53333333333333,
                        "height": 20.70437566702241,
                        "rotation": 0,
                        "rectanglelabels": [
                            "Planet"
                        ]
                    },
                    "id": "nHrw41Fx6M",
                    "from_name": "tag",
                    "to_name": "img",
                    "type": "rectanglelabels"
                },
                {
                    "original_width": 2242,
                    "original_height": 2802,
                    "image_rotation": 0,
                    "value": {
                        "x": 41.06666666666667,
                        "y": 31.803628601921023,
                        "width": 40.8,
                        "height": 24.119530416221984,
                        "rotation": 0,
                        "rectanglelabels": [
                            "Planet"
                        ]
                    },
                    "id": "Y5TrutIkba",
                    "from_name": "tag",
                    "to_name": "img",
                    "type": "rectanglelabels"
                },
                {
                    "original_width": 2242,
                    "original_height": 2802,
                    "image_rotation": 0,
                    "value": {
                        "x": 46,
                        "y": 53.5752401280683,
                        "width": 28.133333333333333,
                        "height": 28.495197438633937,
                        "rotation": 0,
                        "rectanglelabels": [
                            "Planet"
                        ]
                    },
                    "id": "d1tPCGfWoP",
                    "from_name": "tag",
                    "to_name": "img",
                    "type": "rectanglelabels"
                },
                {
                    "original_width": 2242,
                    "original_height": 2802,
                    "image_rotation": 0,
                    "value": {
                        "x": 52.8,
                        "y": 5.549626467449306,
                        "width": 34.4,
                        "height": 21.451440768409817,
                        "rotation": 0,
                        "rectanglelabels": [
                            "Planet"
                        ]
                    },
                    "id": "Benk3jUj5G",
                    "from_name": "tag",
                    "to_name": "img",
                    "type": "rectanglelabels"
                },
                {
                    "original_width": 2242,
                    "original_height": 2802,
                    "image_rotation": 0,
                    "value": {
                        "x": 11.733333333333333,
                        "y": 9.28495197438634,
                        "width": 35.6,
                        "height": 25.400213447171826,
                        "rotation": 0,
                        "rectanglelabels": [
                            "Planet"
                        ]
                    },
                    "id": "eBYEIJSwoQ",
                    "from_name": "tag",
                    "to_name": "img",
                    "type": "rectanglelabels"
                },
                {
                    "original_width": 2242,
                    "original_height": 2802,
                    "image_rotation": 0,
                    "value": {
                        "x": 12.4,
                        "y": 46.744930629669156,
                        "width": 27.2,
                        "height": 26.894343649946638,
                        "rotation": 0,
                        "rectanglelabels": [
                            "Planet"
                        ]
                    },
                    "id": "PVVSaA5iU8",
                    "from_name": "tag",
                    "to_name": "img",
                    "type": "rectanglelabels"
                },
                {
                    "original_width": 2242,
                    "original_height": 2802,
                    "image_rotation": 0,
                    "value": {
                        "x": 27.866666666666667,
                        "y": 14.621131270010672,
                        "width": 30.4,
                        "height": 28.922091782283886,
                        "rotation": 0,
                        "rectanglelabels": [
                            "Moonwalker"
                        ]
                    },
                    "id": "PbDoCblGmg",
                    "from_name": "tag",
                    "to_name": "img",
                    "type": "rectanglelabels"
                },
                {
                    "original_width": 2242,
                    "original_height": 2802,
                    "image_rotation": 0,
                    "value": {
                        "x": 50,
                        "y": 16.435432230522945,
                        "width": 31.466666666666665,
                        "height": 28.495197438633937,
                        "rotation": 0,
                        "rectanglelabels": [
                            "Moonwalker"
                        ]
                    },
                    "id": "iXFQeM4HVC",
                    "from_name": "tag",
                    "to_name": "img",
                    "type": "rectanglelabels"
                },
                {
                    "original_width": 2242,
                    "original_height": 2802,
                    "image_rotation": 0,
                    "value": {
                        "x": 29.333333333333332,
                        "y": 43.970117395944506,
                        "width": 32,
                        "height": 31.27001067235859,
                        "rotation": 0,
                        "rectanglelabels": [
                            "Moonwalker"
                        ]
                    },
                    "id": "qwt2EqGXxd",
                    "from_name": "tag",
                    "to_name": "img",
                    "type": "rectanglelabels"
                },
                {
                    "original_width": 2242,
                    "original_height": 2802,
                    "image_rotation": 0,
                    "value": {
                        "x": 45.2,
                        "y": 46.85165421558165,
                        "width": 33.733333333333334,
                        "height": 29.028815368196373,
                        "rotation": 0,
                        "rectanglelabels": [
                            "Moonwalker"
                        ]
                    },
                    "id": "W9aDyKVcy-",
                    "from_name": "tag",
                    "to_name": "img",
                    "type": "rectanglelabels"
                },
                {
                    "original_width": 2242,
                    "original_height": 2802,
                    "image_rotation": 0,
                    "value": {
                        "x": 38.8,
                        "y": 24.973319103521877,
                        "width": 32.8,
                        "height": 29.028815368196373,
                        "rotation": 0,
                        "rectanglelabels": [
                            "Moonwalker"
                        ]
                    },
                    "id": "wsS4HlHJaq",
                    "from_name": "tag",
                    "to_name": "img",
                    "type": "rectanglelabels"
                },
                {
                    "original_width": 2242,
                    "original_height": 2802,
                    "image_rotation": 0,
                    "value": {
                        "x": 33.86666666666667,
                        "y": 32.44397011739594,
                        "width": 27.466666666666665,
                        "height": 32.33724653148346,
                        "rotation": 0,
                        "rectanglelabels": [
                            "Moonwalker"
                        ]
                    },
                    "id": "vDff2blXa8",
                    "from_name": "tag",
                    "to_name": "img",
                    "type": "rectanglelabels"
                },
                {
                    "original_width": 2242,
                    "original_height": 2802,
                    "image_rotation": 0,
                    "value": {
                        "x": 38.13333333333333,
                        "y": 50.58697972251868,
                        "width": 32.53333333333333,
                        "height": 21.985058697972253,
                        "rotation": 0,
                        "rectanglelabels": [
                            "Moonwalker"
                        ]
                    },
                    "id": "gJz2VHKzul",
                    "from_name": "tag",
                    "to_name": "img",
                    "type": "rectanglelabels"
                },
                {
                    "original_width": 2242,
                    "original_height": 2802,
                    "image_rotation": 0,
                    "value": {
                        "x": 24.8,
                        "y": 40.34151547491996,
                        "width": 26.933333333333334,
                        "height": 35.75240128068303,
                        "rotation": 0,
                        "rectanglelabels": [
                            "Moonwalker"
                        ]
                    },
                    "id": "AiFGy2oeZO",
                    "from_name": "tag",
                    "to_name": "img",
                    "type": "rectanglelabels"
                },
                {
                    "original_width": 2242,
                    "original_height": 2802,
                    "image_rotation": 0,
                    "value": {
                        "x": 16.8,
                        "y": 16.862326574172894,
                        "width": 26.8,
                        "height": 25.506937033084313,
                        "rotation": 0,
                        "rectanglelabels": [
                            "Moonwalker"
                        ]
                    },
                    "id": "c-F30Mz0Y8",
                    "from_name": "tag",
                    "to_name": "img",
                    "type": "rectanglelabels"
                },
                {
                    "original_width": 2242,
                    "original_height": 2802,
                    "image_rotation": 0,
                    "value": {
                        "x": 16.8,
                        "y": 51.54749199573106,
                        "width": 22.133333333333333,
                        "height": 25.6136606189968,
                        "rotation": 0,
                        "rectanglelabels": [
                            "Moonwalker"
                        ]
                    },
                    "id": "rGUYGuUb63",
                    "from_name": "tag",
                    "to_name": "img",
                    "type": "rectanglelabels"
                },
                {
                    "original_width": 2242,
                    "original_height": 2802,
                    "image_rotation": 0,
                    "value": {
                        "x": 52.13333333333333,
                        "y": 8.964781216648879,
                        "width": 36.4,
                        "height": 28.38847385272145,
                        "rotation": 0,
                        "rectanglelabels": [
                            "Moonwalker"
                        ]
                    },
                    "id": "vGpO0Tipbh",
                    "from_name": "tag",
                    "to_name": "img",
                    "type": "rectanglelabels"
                },
                {
                    "original_width": 2242,
                    "original_height": 2802,
                    "image_rotation": 0,
                    "value": {
                        "x": 60.8,
                        "y": 58.27107790821771,
                        "width": 30,
                        "height": 24.759871931696907,
                        "rotation": 0,
                        "rectanglelabels": [
                            "Moonwalker"
                        ]
                    },
                    "id": "544BszfECL",
                    "from_name": "tag",
                    "to_name": "img",
                    "type": "rectanglelabels"
                }
            ]
        }
    ],
    "data": {
        "image": "https://htx-pub.s3.us-east-1.amazonaws.com/examples/images/nick-owuor-astro-nic-visuals-wDifg5xc9Z4-unsplash.jpg"
    },
    "id": 1,
    "predictions": [
        {
            "created_ago": "3 hours",
            "model_version": "model 1",
            "result": [
                {
                    "from_name": "tag",
                    "id": "t5sp3TyXPo",
                    "source": "$image",
                    "to_name": "img",
                    "type": "rectanglelabels",
                    "value": {
                        "height": 11.612284069097889,
                        "rectanglelabels": [
                            "Moonwalker"
                        ],
                        "rotation": 0,
                        "width": 39.6,
                        "x": 13.2,
                        "y": 34.702495201535505
                    }
                }
            ]
        },
        {
            "created_ago": "4 hours",
            "model_version": "model 2",
            "result": [
                {
                    "from_name": "tag",
                    "id": "t5sp3TyXPo",
                    "source": "$image",
                    "to_name": "img",
                    "type": "rectanglelabels",
                    "value": {
                        "height": 33.61228406909789,
                        "rectanglelabels": [
                            "Moonwalker"
                        ],
                        "rotation": 0,
                        "width": 39.6,
                        "x": 13.2,
                        "y": 54.702495201535505
                    }
                }
            ]
        }
    ]
}

===== END FILE: web/libs/editor/src/examples/image_bbox_large/annotations/1.json =====


===== FILE: web/libs/editor/src/examples/image_list_perregion/config.xml =====
<View>
  <Image name="img" valueList="$images"></Image>

  <RectangleLabels name="tag" toName="img" fillOpacity="0.5" strokeWidth="5">
    <Label value="Planet"></Label>
    <Label value="Moonwalker" background="blue"></Label>
  </RectangleLabels>

  <View visibleWhen="region-selected">
    <Choices name="type" toName="img" perRegion="true">
      <Choice value="Planet"></Choice>
      <Choice value="Moonwalker"></Choice>
    </Choices>
  </View>
</View>

===== END FILE: web/libs/editor/src/examples/image_list_perregion/config.xml =====


===== FILE: web/libs/editor/src/examples/image_list_perregion/index.ts =====
import config from "./config.xml";
import tasks from "./tasks.json";
import annotation from "./annotations/1.json";

export const ImageListPerregion = { config, tasks, annotation };

===== END FILE: web/libs/editor/src/examples/image_list_perregion/index.ts =====


===== FILE: web/libs/editor/src/examples/image_list_perregion/tasks.json =====
[
  {
    "data": {
      "images": [
        "https://data.heartex.net/open-images/train_0/mini/00133643bbf063a9.jpg",
        "https://data.heartex.net/open-images/train_0/mini/00155094b7acc33b.jpg",
        "https://data.heartex.net/open-images/train_0/mini/000e842c55ab7d14.jpg",
        "https://data.heartex.net/open-images/train_0/mini/00766c7816e51125.jpg"
      ]
    },
    "predictions": [
      {
        "model_version": "model 1",
        "created_ago": "3 hours",
        "result": [
          {
            "from_name": "tag",
            "id": "t5sp3TyXPo",
            "source": "$image",
            "to_name": "img",
            "type": "rectanglelabels",
            "value": {
              "height": 11.612284069097889,
              "rectanglelabels": ["Moonwalker"],
              "rotation": 0,
              "width": 39.6,
              "x": 13.2,
              "y": 34.702495201535505
            }
          }
        ]
      },
      {
        "model_version": "model 2",
        "created_ago": "4 hours",
        "result": [
          {
            "from_name": "tag",
            "id": "t5sp3TyXPo",
            "source": "$image",
            "to_name": "img",
            "type": "rectanglelabels",
            "value": {
              "height": 33.61228406909789,
              "rectanglelabels": ["Moonwalker"],
              "rotation": 0,
              "width": 39.6,
              "x": 13.2,
              "y": 54.702495201535505
            }
          }
        ]
      }
    ]
  },
  {
    "data": {
      "image": "https://htx-pub.s3.us-east-1.amazonaws.com/examples/images/history-in-hd-e5eDHbmHprg-unsplash.jpg"
    }
  },
  {
    "data": {
      "image": "https://htx-pub.s3.us-east-1.amazonaws.com/examples/images/soroush-karimi-crjPrExvShc-unsplash.jpg"
    }
  }
]

===== END FILE: web/libs/editor/src/examples/image_list_perregion/tasks.json =====


===== FILE: web/libs/editor/src/examples/image_list_perregion/annotations/1.json =====
{
    "annotations": [
        {
            "id": "1001",
            "lead_time": 15.053,
            "result": [
                {
                    "from_name": "tag",
                    "id": "Dx_aB91ISN",
                    "source": "$image",
                    "to_name": "img",
                    "type": "rectanglelabels",
                    "item_index": 0,
                    "value": {
                        "height": 10.458911419423693,
                        "rectanglelabels": [
                            "Moonwalker"
                        ],
                        "rotation": 0,
                        "width": 12.4,
                        "x": 50.8,
                        "y": 5.869797225186766
                    }
                }
            ]
        }
    ],
    "data": {
        "image": "https://htx-pub.s3.us-east-1.amazonaws.com/examples/images/nick-owuor-astro-nic-visuals-wDifg5xc9Z4-unsplash.jpg"
    },
    "id": 1,
    "predictions": [
        {
            "created_ago": "3 hours",
            "model_version": "model 1",
            "result": [
                {
                    "from_name": "tag",
                    "id": "t5sp3TyXPo",
                    "source": "$image",
                    "to_name": "img",
                    "type": "rectanglelabels",
                    "value": {
                        "height": 11.612284069097889,
                        "rectanglelabels": [
                            "Moonwalker"
                        ],
                        "rotation": 0,
                        "width": 39.6,
                        "x": 13.2,
                        "y": 34.702495201535505
                    }
                }
            ]
        },
        {
            "created_ago": "4 hours",
            "model_version": "model 2",
            "result": [
                {
                    "from_name": "tag",
                    "id": "t5sp3TyXPo",
                    "source": "$image",
                    "to_name": "img",
                    "type": "rectanglelabels",
                    "value": {
                        "height": 33.61228406909789,
                        "rectanglelabels": [
                            "Moonwalker"
                        ],
                        "rotation": 0,
                        "width": 39.6,
                        "x": 13.2,
                        "y": 54.702495201535505
                    }
                }
            ]
        }
    ]
}

===== END FILE: web/libs/editor/src/examples/image_list_perregion/annotations/1.json =====


===== FILE: web/libs/editor/src/examples/video_audio/index.js =====
import config from "./config.xml";
import tasks from "./tasks.json";
import annotation from "./annotations/1.json";

export const VideoAudio = { config, tasks, annotation };

===== END FILE: web/libs/editor/src/examples/video_audio/index.js =====


===== FILE: web/libs/editor/src/examples/video_audio/config.xml =====
<View>
  <Video name="video" value="$video" sync="audio"></Video>

  <Labels name="tricks" toName="audio" choice="multiple">
    <Label value="Kickflip" background="#1BB500"/>
    <Label value="360 Flip" background="#FFA91D"/>
    <Label value="Trick" background="#358EF3"/>
  </Labels>

  <Audio name="audio" value="$video" sync="video" zoom="true" speed="true" volume="true"/>
</View>

===== END FILE: web/libs/editor/src/examples/video_audio/config.xml =====


===== FILE: web/libs/editor/src/examples/video_audio/tasks.json =====
[
  {
    "data": {
      "video": "https://app.heartex.ai/static/samples/opossum_snow.mp4"
    }
  }
]

===== END FILE: web/libs/editor/src/examples/video_audio/tasks.json =====


===== FILE: web/libs/editor/src/examples/video_audio/annotations/1.json =====
{
    "annotations": [
        {
            "id": "1001",
            "result": []
        }
    ]
}

===== END FILE: web/libs/editor/src/examples/video_audio/annotations/1.json =====


===== FILE: web/libs/editor/src/examples/datetime/index.js =====
import config from "./config.xml";

const tasks = [
  {
    data: {
      text: 'Albert Einstein (/ˈaɪnstaɪn/ EYEN-styne;[6] German: [ˈalbɛʁt ˈʔaɪnʃtaɪn] (listen); 14 March 1879 – 18 April 1955) was a German-born theoretical physicist,[7] widely acknowledged to be one of the greatest and most influential physicists of all time. Einstein is best known for developing the theory of relativity, but he also made important contributions to the development of the theory of quantum mechanics. Relativity and quantum mechanics are together the two pillars of modern physics.[3][8] His mass–energy equivalence formula E = mc2, which arises from relativity theory, has been dubbed "the world\'s most famous equation".[9] His work is also known for its influence on the philosophy of science.[10][11] He received the 1921 Nobel Prize in Physics "for his services to theoretical physics, and especially for his discovery of the law of the photoelectric effect",[12] a pivotal step in the development of quantum theory. His intellectual achievements and originality resulted in "Einstein" becoming synonymous with "genius".[13]',
    },
  },
];

const annotation = {
  annotations: [
    {
      id: "1",
      result: [
        {
          value: { start: 83, end: 96, text: "14 March 1879", labels: ["birth"] },
          id: "NLn3WDm6w2",
          from_name: "label",
          to_name: "text",
          type: "labels",
        },
        {
          value: { start: 83, end: 96, text: "14 March 1879", datetime: "1879-03-14" },
          id: "NLn3WDm6w2",
          from_name: "date",
          to_name: "text",
          type: "datetime",
        },
        {
          value: { start: 99, end: 112, text: "18 April 1955", labels: ["death"] },
          id: "7vVaxtYJIc",
          from_name: "label",
          to_name: "text",
          type: "labels",
        },
        {
          value: { start: 99, end: 112, text: "18 April 1955", datetime: "1955-04-18" },
          id: "7vVaxtYJIc",
          from_name: "date",
          to_name: "text",
          type: "datetime",
        },
        {
          value: { start: 728, end: 755, text: "1921 Nobel Prize in Physics", labels: ["event"] },
          id: "cnFnKW7CR5",
          from_name: "label",
          to_name: "text",
          type: "labels",
        },
        {
          value: { start: 728, end: 755, text: "1921 Nobel Prize in Physics", datetime: "1921-12-10" },
          id: "cnFnKW7CR5",
          from_name: "date",
          to_name: "text",
          type: "datetime",
        },
        {
          value: { datetime: "24.06.2022 17:01" },
          id: "xiMzVHO9fw",
          from_name: "full",
          to_name: "text",
          type: "datetime",
        },
      ],
    },
  ],
};

export const DateTime = { config, tasks, annotation };

===== END FILE: web/libs/editor/src/examples/datetime/index.js =====


===== FILE: web/libs/editor/src/examples/datetime/config.xml =====
<View>
  <Header>Global date+time, required, stored as dd.mm.yyyy HH:MM</Header>
  <DateTime name="full" toName="text" required="true" min="2021-11-10" format="%d.%m.%Y %H:%M"/>
  <Header>Select text to see related smaller DateTime controls for every region</Header>
  <Labels name="label" toName="text">
    <Label value="birth" background="green"/>
    <Label value="death" background="red"/>
    <Label value="event" background="orange"/>
  </Labels>
  <Text name="text" value="$text"/>
  <View visibleWhen="region-selected">
    <Header>Date in this fragment, required, stored as ISO date</Header>
    <DateTime name="date" toName="text" perRegion="true" only="date" required="true" format="%Y-%m-%d"/>
    <Header>Year this happened, but stored also as ISO date</Header>
    <DateTime name="year" toName="text" perRegion="true" only="year" format="%Y-%m-%d"/>
  </View>
</View>

===== END FILE: web/libs/editor/src/examples/datetime/config.xml =====


===== FILE: web/libs/editor/src/examples/references/index.js =====
import config from "./config.xml";
import tasks from "./tasks.json";
import annotation from "./annotations/1.json";

export const References = { config, tasks, annotation };

===== END FILE: web/libs/editor/src/examples/references/index.js =====


===== FILE: web/libs/editor/src/examples/references/config.xml =====
<View>
  <Text name="text" value="$text"></Text>
  <Choices name="validation-label" choice="single-radio" toName="text">
    <Choice value="Missing words" alias="missing-words"></Choice>
    <Choice value="Valid" alias="valid"></Choice>
  </Choices>
</View>

===== END FILE: web/libs/editor/src/examples/references/config.xml =====


===== FILE: web/libs/editor/src/examples/references/tasks.json =====
[
  {
    "data": {
      "text": "To have faith is to trust yourself to the water"
    },
    "predictions": [
      {
        "model_version": "model 1",
        "created_ago": "3 hours",
        "result": [
          {
            "from_name": "validation-label",
            "id": "NT0HCnJjv5",
            "to_name": "text",
            "type": "choices",
            "value": {
              "choices": ["valid"]
            }
          }
        ]
      }
    ]
  },
  {
    "data": {
      "text": "When you swim you don't grab hold of the water, because if you do you will sink and drown. Instead you relax, and float."
    }
  }
]

===== END FILE: web/libs/editor/src/examples/references/tasks.json =====


===== FILE: web/libs/editor/src/examples/references/annotations/1.json =====
{
    "annotations": [
        {
            "id": "1001",
            "result": [
                {
                    "from_name": "validation-label",
                    "id": "NT0HCnJjv5",
                    "to_name": "text",
                    "type": "choices",
                    "value": {
                        "choices": [
                            "valid"
                        ]
                    }
                }
            ]
        }
    ],
    "data": {
        "text": "To have faith is to trust yourself to the water"
    },
    "id": 1,
    "task_path": "../examples/references/tasks.json"
}

===== END FILE: web/libs/editor/src/examples/references/annotations/1.json =====


===== FILE: web/libs/editor/src/examples/transcribe_audio/index.js =====
import config from "./config.xml";
import tasks from "./tasks.json";
import annotation from "./annotations/1.json";

export const TranscribeAudio = { config, tasks, annotation };

===== END FILE: web/libs/editor/src/examples/transcribe_audio/index.js =====


===== FILE: web/libs/editor/src/examples/transcribe_audio/config.xml =====
<View>
  <Header value="Audio transcription:"></Header>
  <Audio name="audio" value="$url" height="46"></Audio>
  <TextArea name="answer" toName="audio" transcription="true" rows="3" maxSubmissions="1"></TextArea>


  <Style>
  [dataneedsupdate]{display:flex;align-items:center}
  [dataneedsupdate]>div:first-child{flex-grow:1;order:2}
  [dataneedsupdate]>div:last-child{margin-top:0 !important;margin-right:1em}
  [dataneedsupdate] button{height:46px}
  [dataneedsupdate] button span:nth-child(2){display:none}
  </Style>
</View>

===== END FILE: web/libs/editor/src/examples/transcribe_audio/config.xml =====


===== FILE: web/libs/editor/src/examples/transcribe_audio/tasks.json =====
[
  {
    "data": {
      "url": "https://htx-pub.s3.us-east-1.amazonaws.com/examples/audio/barradeen-emotional.mp3"
    },
    "predictions": [
      {
        "model_version": "model 1",
        "result": [
          {
            "from_name": "answer",
            "id": "oMvLrMj8WP",
            "to_name": "answer",
            "type": "textarea",
            "value": {
              "text": "Mario"
            }
          }
        ]
      }
    ]
  }
]

===== END FILE: web/libs/editor/src/examples/transcribe_audio/tasks.json =====


===== FILE: web/libs/editor/src/examples/transcribe_audio/START.md =====

# Transcribe an Audio

![Transcribe an Audio](https://user.fm/files/v2-e1f1d31d32db73c07d20a96a78758623/Screen%20Shot%202019-08-01%20at%209.39.54%20PM.png "Transcribe an Audio")

# Install

## Linux & Ubuntu guide

Install python and virtualenv 

```bash
# install python and virtualenv 
apt install python3.6
pip3 install virtualenv

# setup python virtual environment 
virtualenv -p python3 env3
source env3/bin/activate

# install requirements 
cd backend
pip install -r requirements.txt
```

# Start

Listen to an audio file and transcribe its content in natural language

```bash
python server.py -c config.json -l ../examples/transcribe_audio/config.xml -i ../examples/transcribe_audio/tasks.json -o output
```

===== END FILE: web/libs/editor/src/examples/transcribe_audio/START.md =====


===== FILE: web/libs/editor/src/examples/transcribe_audio/annotations/1.json =====
{
    "annotations": [
        {
            "id": "1001",
            "result": [
                {
                    "from_name": "answer",
                    "id": "oMvLrMj8WP",
                    "to_name": "answer",
                    "type": "textarea",
                    "value": {
                        "text": "Mario"
                    }
                }
            ]
        }
    ],
    "data": {
        "url": "https://htx-pub.s3.us-east-1.amazonaws.com/examples/audio/barradeen-emotional.mp3"
    },
    "id": 1,
    "task_path": "../examples/transcribe_audio/tasks.json"
}

===== END FILE: web/libs/editor/src/examples/transcribe_audio/annotations/1.json =====


===== FILE: web/libs/editor/src/examples/timeseries_single/index.js =====
import config from "./config.xml";
import tasks from "./tasks.json";
import annotation from "./annotations/1.json";

export const TimeSeriesSingle = { config, tasks, annotation };

===== END FILE: web/libs/editor/src/examples/timeseries_single/index.js =====


===== FILE: web/libs/editor/src/examples/timeseries_single/config.xml =====
<View>
  <Header value="Time Series from CSV"
          style="font-weight: normal"/>

  <TimeSeriesLabels name="label" toName="ts">
    <Label value="Run" background="#5b5"/>
    <Label value="Walk" background="#55f"/>
  </TimeSeriesLabels>

  <TimeSeries name="ts" valueType="url"
              timeColumn="time" value="$csv"
              sep="," overviewChannels="velocity">
    <Channel column="velocity" strokeColor="#1f77b4"/>
    <Channel column="acceleration" strokeColor="#ff7f0e"/>
  </TimeSeries>
</View>

===== END FILE: web/libs/editor/src/examples/timeseries_single/config.xml =====


===== FILE: web/libs/editor/src/examples/timeseries_single/sample-sin.json =====
[
  {
    "data": {
      "timeseries": {
        "time": [
          1602707685290, 1602707695271, 1602707705259, 1602707715317, 1602707725263, 1602707735312, 1602707745282,
          1602707755319, 1602707765270, 1602707775244, 1602707785251, 1602707795280, 1602707805276, 1602707815269,
          1602707825292, 1602707835287, 1602707845268, 1602707855242, 1602707865313, 1602707875299, 1602707885260,
          1602707895270, 1602707905238, 1602707915252, 1602707925257, 1602707935303, 1602707945258, 1602707955262,
          1602707965268, 1602707975307, 1602707985294, 1602707995296, 1602708005259, 1602708015238, 1602708025239,
          1602708035277, 1602708045278, 1602708055242, 1602708065278, 1602708075280, 1602708085319, 1602708095281,
          1602708105263, 1602708115254, 1602708125246, 1602708135232, 1602708145233, 1602708155327, 1602708165276,
          1602708175246, 1602708185240, 1602708195247, 1602708205272, 1602708215251, 1602708225279, 1602708235247,
          1602708245232, 1602708255325, 1602708265242, 1602708275272, 1602708285276, 1602708295279, 1602708305310,
          1602708315255, 1602708325232, 1602708335271, 1602708345305, 1602708355253, 1602708365241, 1602708375312,
          1602708385229, 1602708395260, 1602708405272, 1602708415296, 1602708425307, 1602708435274, 1602708445276,
          1602708455288, 1602708465323, 1602708475229, 1602708485239, 1602708495238, 1602708505281, 1602708515255,
          1602708525319, 1602708535270, 1602708545279, 1602708555323, 1602708565308, 1602708575299, 1602708585300,
          1602708595278, 1602708605267, 1602708615236, 1602708625268, 1602708635261, 1602708645253, 1602708655288,
          1602708665293, 1602708675237, 1602708685322, 1602708695229, 1602708705296, 1602708715311, 1602708725264,
          1602708735275, 1602708745296, 1602708755266, 1602708765263, 1602708775254, 1602708785315, 1602708795247,
          1602708805312, 1602708815248, 1602708825304, 1602708835302, 1602708845256, 1602708855280, 1602708865328,
          1602708875305, 1602708885298, 1602708895274, 1602708905287, 1602708915249, 1602708925267, 1602708935284,
          1602708945252, 1602708955269, 1602708965314, 1602708975281, 1602708985277, 1602708995294, 1602709005273,
          1602709015288, 1602709025268, 1602709035251, 1602709045308, 1602709055325, 1602709065294, 1602709075286,
          1602709085229, 1602709095324, 1602709105242, 1602709115271, 1602709125262, 1602709135314, 1602709145261,
          1602709155314, 1602709165230, 1602709175274, 1602709185303, 1602709195261, 1602709205293, 1602709215301,
          1602709225315, 1602709235249, 1602709245251, 1602709255321, 1602709265234, 1602709275245, 1602709285325,
          1602709295276, 1602709305267, 1602709315294, 1602709325297, 1602709335318, 1602709345243, 1602709355325,
          1602709365238, 1602709375276, 1602709385252, 1602709395273, 1602709405245, 1602709415271, 1602709425258,
          1602709435278, 1602709445244, 1602709455281, 1602709465270, 1602709475299, 1602709485292, 1602709495257,
          1602709505303, 1602709515297, 1602709525292, 1602709535274, 1602709545231, 1602709555277, 1602709565273,
          1602709575285, 1602709585230, 1602709595230, 1602709605252, 1602709615291, 1602709625302, 1602709635235,
          1602709645243, 1602709655262, 1602709665267, 1602709675291, 1602709685255, 1602709695321, 1602709705314,
          1602709715239, 1602709725242, 1602709735286, 1602709745293, 1602709755284, 1602709765264, 1602709775265,
          1602709785275, 1602709795296, 1602709805283, 1602709815328, 1602709825268, 1602709835315, 1602709845266,
          1602709855255, 1602709865289, 1602709875320, 1602709885281, 1602709895279, 1602709905241, 1602709915294,
          1602709925236, 1602709935292, 1602709945266, 1602709955234, 1602709965242, 1602709975255, 1602709985231,
          1602709995300, 1602710005241, 1602710015288, 1602710025260, 1602710035317, 1602710045289, 1602710055292,
          1602710065251, 1602710075312, 1602710085307, 1602710095290, 1602710105327, 1602710115293, 1602710125318,
          1602710135228, 1602710145292, 1602710155239, 1602710165267, 1602710175305, 1602710185320, 1602710195281,
          1602710205274, 1602710215316, 1602710225266, 1602710235293, 1602710245325, 1602710255267, 1602710265299,
          1602710275278, 1602710285255, 1602710295300, 1602710305261, 1602710315301, 1602710325269, 1602710335308,
          1602710345284, 1602710355304, 1602710365284, 1602710375234, 1602710385231, 1602710395267, 1602710405289,
          1602710415303, 1602710425269, 1602710435261, 1602710445266, 1602710455260, 1602710465288, 1602710475245,
          1602710485328, 1602710495308, 1602710505316, 1602710515262, 1602710525301, 1602710535298, 1602710545323,
          1602710555235, 1602710565300, 1602710575244, 1602710585267, 1602710595275, 1602710605262, 1602710615280,
          1602710625323, 1602710635254, 1602710645286, 1602710655324, 1602710665310, 1602710675324, 1602710685231,
          1602710695309, 1602710705290, 1602710715310, 1602710725286, 1602710735298, 1602710745236, 1602710755245,
          1602710765313, 1602710775257, 1602710785298, 1602710795292, 1602710805276, 1602710815230, 1602710825262,
          1602710835257, 1602710845264, 1602710855249, 1602710865291, 1602710875268, 1602710885242, 1602710895232,
          1602710905267, 1602710915299, 1602710925319, 1602710935265, 1602710945236, 1602710955294, 1602710965238,
          1602710975258, 1602710985233, 1602710995296, 1602711005234, 1602711015322, 1602711025250, 1602711035252,
          1602711045264, 1602711055248, 1602711065326, 1602711075283, 1602711085255, 1602711095234, 1602711105250,
          1602711115323, 1602711125237, 1602711135232, 1602711145250, 1602711155250, 1602711165256, 1602711175317,
          1602711185287, 1602711195275, 1602711205290, 1602711215282, 1602711225313, 1602711235290, 1602711245287,
          1602711255231, 1602711265229, 1602711275269, 1602711285255, 1602711295298, 1602711305321, 1602711315306,
          1602711325250, 1602711335267, 1602711345315, 1602711355270, 1602711365265, 1602711375302, 1602711385309,
          1602711395267, 1602711405261, 1602711415302, 1602711425308, 1602711435312, 1602711445324, 1602711455322,
          1602711465280, 1602711475246, 1602711485243, 1602711495307, 1602711505282, 1602711515273, 1602711525318,
          1602711535245, 1602711545259, 1602711555250, 1602711565326, 1602711575235, 1602711585325, 1602711595299,
          1602711605273, 1602711615262, 1602711625273, 1602711635277, 1602711645259, 1602711655317, 1602711665284,
          1602711675233, 1602711685316, 1602711695308, 1602711705324, 1602711715313, 1602711725276, 1602711735236,
          1602711745327, 1602711755288, 1602711765247, 1602711775255, 1602711785264, 1602711795320, 1602711805240,
          1602711815324, 1602711825228, 1602711835316, 1602711845236, 1602711855277, 1602711865235, 1602711875303,
          1602711885247, 1602711895297, 1602711905254, 1602711915285, 1602711925273, 1602711935285, 1602711945311,
          1602711955316, 1602711965241, 1602711975254, 1602711985281, 1602711995326, 1602712005299, 1602712015283,
          1602712025317, 1602712035233, 1602712045303, 1602712055287, 1602712065262, 1602712075291, 1602712085325,
          1602712095313, 1602712105268, 1602712115303, 1602712125315, 1602712135299, 1602712145279, 1602712155278,
          1602712165318, 1602712175287, 1602712185297, 1602712195308, 1602712205246, 1602712215242, 1602712225327,
          1602712235265, 1602712245322, 1602712255249, 1602712265266, 1602712275320, 1602712285235, 1602712295242,
          1602712305328, 1602712315278, 1602712325303, 1602712335237, 1602712345291, 1602712355293, 1602712365241,
          1602712375327, 1602712385311, 1602712395294, 1602712405263, 1602712415262, 1602712425235, 1602712435232,
          1602712445307, 1602712455243, 1602712465269, 1602712475276, 1602712485254, 1602712495310, 1602712505282,
          1602712515292, 1602712525250, 1602712535324, 1602712545295, 1602712555310, 1602712565325, 1602712575228,
          1602712585286, 1602712595228, 1602712605323, 1602712615281, 1602712625229, 1602712635270, 1602712645325,
          1602712655277, 1602712665311, 1602712675320, 1602712685234, 1602712695294, 1602712705288, 1602712715298,
          1602712725244, 1602712735308, 1602712745322, 1602712755305, 1602712765238, 1602712775280, 1602712785286,
          1602712795270, 1602712805266, 1602712815296, 1602712825271, 1602712835256, 1602712845286, 1602712855327,
          1602712865305, 1602712875236, 1602712885235, 1602712895320, 1602712905240, 1602712915286, 1602712925256,
          1602712935281, 1602712945274, 1602712955319, 1602712965277, 1602712975270, 1602712985280, 1602712995272,
          1602713005239, 1602713015296, 1602713025229, 1602713035314, 1602713045235, 1602713055266, 1602713065289,
          1602713075313, 1602713085291, 1602713095322, 1602713105285, 1602713115283, 1602713125276, 1602713135232,
          1602713145287, 1602713155289, 1602713165315, 1602713175273, 1602713185301, 1602713195283, 1602713205273,
          1602713215242, 1602713225285, 1602713235240, 1602713245273, 1602713255281, 1602713265230, 1602713275235,
          1602713285238, 1602713295244, 1602713305299, 1602713315232, 1602713325260, 1602713335277, 1602713345241,
          1602713355297, 1602713365283, 1602713375292, 1602713385231, 1602713395241, 1602713405269, 1602713415285,
          1602713425237, 1602713435276, 1602713445249, 1602713455253, 1602713465300, 1602713475323, 1602713485294,
          1602713495285, 1602713505231, 1602713515277, 1602713525272, 1602713535315, 1602713545238, 1602713555248,
          1602713565253, 1602713575229, 1602713585267, 1602713595237, 1602713605286, 1602713615260, 1602713625308,
          1602713635298, 1602713645327, 1602713655242, 1602713665318, 1602713675231, 1602713685233, 1602713695317,
          1602713705237, 1602713715279, 1602713725288, 1602713735323, 1602713745231, 1602713755293, 1602713765241,
          1602713775256, 1602713785313, 1602713795313, 1602713805300, 1602713815232, 1602713825246, 1602713835268,
          1602713845312, 1602713855260, 1602713865274, 1602713875281, 1602713885233, 1602713895308, 1602713905239,
          1602713915268, 1602713925259, 1602713935241, 1602713945317, 1602713955270, 1602713965290, 1602713975267,
          1602713985324, 1602713995286, 1602714005306, 1602714015266, 1602714025325, 1602714035252, 1602714045298,
          1602714055248, 1602714065324, 1602714075315, 1602714085266, 1602714095264, 1602714105297, 1602714115326,
          1602714125240, 1602714135296, 1602714145299, 1602714155245, 1602714165243, 1602714175277, 1602714185277,
          1602714195272, 1602714205235, 1602714215250, 1602714225283, 1602714235253, 1602714245316, 1602714255236,
          1602714265248, 1602714275312, 1602714285258, 1602714295232, 1602714305285, 1602714315313, 1602714325270,
          1602714335273, 1602714345324, 1602714355262, 1602714365314, 1602714375292, 1602714385235, 1602714395321,
          1602714405321, 1602714415257, 1602714425237, 1602714435259, 1602714445327, 1602714455304, 1602714465282,
          1602714475246, 1602714485328, 1602714495285, 1602714505254, 1602714515261, 1602714525229, 1602714535311,
          1602714545294, 1602714555261, 1602714565316, 1602714575318, 1602714585258, 1602714595275, 1602714605279,
          1602714615306, 1602714625246, 1602714635315, 1602714645322, 1602714655240, 1602714665244, 1602714675274,
          1602714685279, 1602714695237, 1602714705281, 1602714715242, 1602714725327, 1602714735289, 1602714745242,
          1602714755251, 1602714765293, 1602714775258, 1602714785275, 1602714795309, 1602714805316, 1602714815236,
          1602714825246, 1602714835272, 1602714845320, 1602714855276, 1602714865259, 1602714875276, 1602714885247,
          1602714895311, 1602714905290, 1602714915231, 1602714925324, 1602714935321, 1602714945238, 1602714955328,
          1602714965280, 1602714975282, 1602714985229, 1602714995256, 1602715005274, 1602715015230, 1602715025313,
          1602715035258, 1602715045322, 1602715055275, 1602715065259, 1602715075301, 1602715085259, 1602715095291,
          1602715105269, 1602715115278, 1602715125307, 1602715135251, 1602715145270, 1602715155243, 1602715165264,
          1602715175327, 1602715185262, 1602715195265, 1602715205301, 1602715215289, 1602715225316, 1602715235272,
          1602715245237, 1602715255299, 1602715265292, 1602715275309, 1602715285268, 1602715295248, 1602715305302,
          1602715315269, 1602715325235, 1602715335313, 1602715345295, 1602715355280, 1602715365245, 1602715375311,
          1602715385328, 1602715395270, 1602715405276, 1602715415295, 1602715425283, 1602715435255, 1602715445282,
          1602715455265, 1602715465304, 1602715475326, 1602715485328, 1602715495249, 1602715505286, 1602715515266,
          1602715525231, 1602715535281, 1602715545243, 1602715555302, 1602715565229, 1602715575305, 1602715585320,
          1602715595277, 1602715605323, 1602715615274, 1602715625247, 1602715635261, 1602715645263, 1602715655264,
          1602715665287, 1602715675268, 1602715685232, 1602715695296, 1602715705271, 1602715715265, 1602715725260,
          1602715735264, 1602715745290, 1602715755255, 1602715765299, 1602715775285, 1602715785302, 1602715795264,
          1602715805294, 1602715815318, 1602715825280, 1602715835313, 1602715845316, 1602715855246, 1602715865234,
          1602715875243, 1602715885312, 1602715895309, 1602715905289, 1602715915300, 1602715925307, 1602715935273,
          1602715945322, 1602715955295, 1602715965306, 1602715975294, 1602715985257, 1602715995243, 1602716005312,
          1602716015276, 1602716025301, 1602716035259, 1602716045269, 1602716055249, 1602716065286, 1602716075267,
          1602716085249, 1602716095274, 1602716105303, 1602716115234, 1602716125316, 1602716135318, 1602716145253,
          1602716155244, 1602716165261, 1602716175238, 1602716185268, 1602716195255, 1602716205268, 1602716215278,
          1602716225242, 1602716235305, 1602716245255, 1602716255249, 1602716265263, 1602716275298, 1602716285275,
          1602716295267, 1602716305287, 1602716315272, 1602716325317, 1602716335242, 1602716345247, 1602716355294,
          1602716365303, 1602716375244, 1602716385234, 1602716395279, 1602716405318, 1602716415323, 1602716425290,
          1602716435298, 1602716445316, 1602716455269, 1602716465275, 1602716475307, 1602716485306, 1602716495323,
          1602716505247, 1602716515240, 1602716525248, 1602716535234, 1602716545301, 1602716555318, 1602716565274,
          1602716575256, 1602716585304, 1602716595269, 1602716605321, 1602716615254, 1602716625270, 1602716635281,
          1602716645312, 1602716655260, 1602716665258, 1602716675328, 1602716685233, 1602716695307, 1602716705298,
          1602716715310, 1602716725243, 1602716735242, 1602716745291, 1602716755298, 1602716765260, 1602716775240,
          1602716785274, 1602716795310, 1602716805324, 1602716815251, 1602716825282, 1602716835268, 1602716845308,
          1602716855317, 1602716865240, 1602716875264, 1602716885270, 1602716895327, 1602716905264, 1602716915245,
          1602716925266, 1602716935273, 1602716945233, 1602716955320, 1602716965271, 1602716975268, 1602716985281,
          1602716995308, 1602717005294, 1602717015291, 1602717025240, 1602717035305, 1602717045266, 1602717055300,
          1602717065268, 1602717075324, 1602717085257, 1602717095266, 1602717105233, 1602717115258, 1602717125290,
          1602717135251, 1602717145247, 1602717155230, 1602717165265, 1602717175275, 1602717185250, 1602717195270,
          1602717205278, 1602717215252, 1602717225241, 1602717235288, 1602717245264, 1602717255280, 1602717265309,
          1602717275262, 1602717285261, 1602717295327, 1602717305304, 1602717315310, 1602717325246, 1602717335245,
          1602717345255, 1602717355231, 1602717365261, 1602717375308, 1602717385258, 1602717395277, 1602717405280,
          1602717415283, 1602717425290, 1602717435290, 1602717445251, 1602717455285, 1602717465240, 1602717475301,
          1602717485229, 1602717495323, 1602717505262, 1602717515254, 1602717525311, 1602717535275, 1602717545254,
          1602717555284, 1602717565325, 1602717575301, 1602717585258, 1602717595315, 1602717605310, 1602717615282,
          1602717625244, 1602717635306, 1602717645266, 1602717655274, 1602717665280, 1602717675273
        ],
        "one": [
          37.03620982977559, 16.8961637786484, 49.29810756459162, 66.41300313283884, 34.77100583247356,
          58.11684303722001, 84.35846790031925, 50.727889108984215, 90.56566064825813, 93.10636411810053,
          99.25549063297521, 94.90613396884045, 114.33633602827135, 95.83111506644275, 83.48146950170867,
          103.61445992488154, 146.06931528855873, 144.48361191286608, 149.59479594730706, 154.20929908058707,
          165.39135728978562, 123.83270419031122, 161.40287948278828, 129.2083612075148, 185.373455128006,
          171.6384434542441, 173.80071440011466, 161.09072281077206, 160.10006569000004, 171.92741097359263,
          184.03989131424015, 165.7452092442041, 205.40153222875813, 184.2415239843076, 164.69151590761925,
          172.56631635558531, 193.58977203042156, 164.9529133641715, 219.9107443415817, 204.8812683532066,
          209.5000983832279, 189.06696340286788, 215.19805569917747, 211.91195073388596, 174.25700854649656,
          189.33533464774382, 174.85465556768068, 228.7372593810509, 188.73144633280356, 227.6571454806826,
          180.08383918343824, 178.65981295212205, 174.29443425653452, 174.9538312071245, 197.56047498714494,
          195.42225877687437, 167.78613932762613, 206.14839910167393, 168.60699992102533, 169.11465797498047,
          191.33602973577771, 181.871157263041, 207.80457709887122, 184.29555559160255, 172.59328591380597,
          161.37011349649774, 164.79598423325328, 188.2481830379336, 192.5711015009636, 200.56759657948237,
          169.60107719421944, 150.57796828257545, 173.61599355332075, 155.85135087747912, 158.66778126316206,
          173.39359507274892, 185.0815740680075, 179.48573585362377, 172.19990147400537, 171.49876003156433,
          138.28388010176616, 179.82863027910494, 178.91710248085684, 161.25210131895778, 158.7418643121636,
          121.24075198340927, 118.83482999410825, 147.77276076683043, 122.88558103236045, 143.44302089304676,
          112.41446648684244, 141.17594014253856, 147.31630754511247, 127.41896802261135, 125.24894478755083,
          141.28979620351234, 146.8474598497446, 143.32431747777525, 155.37724615575425, 142.7490361686633,
          119.92760940131483, 107.05447353171692, 126.71656776178429, 137.48467671185654, 115.7345726665841,
          154.34556335422963, 101.52504447156892, 112.39499999177751, 104.99423993324147, 149.30570151410467,
          106.6517649378346, 150.26601350226935, 133.74797568254357, 135.97987206024143, 101.62795509240237,
          142.50793419054088, 141.5369822077268, 137.23845045158643, 129.34468335856388, 127.76456802515216,
          109.311240264339, 129.41308517549925, 155.19411309575645, 144.92931541892526, 140.0553113711135,
          137.00825067593087, 149.58472556753472, 152.48285277949637, 153.93671129214954, 136.51212374131836,
          119.64652356572955, 125.73439970137842, 135.53361119285282, 108.26319237266961, 122.61051389434184,
          137.81987511013278, 129.78985880244568, 161.30496870788636, 140.3733400195162, 146.92263437593206,
          104.99617824863171, 136.63854870776737, 158.47340372179374, 106.0446989838948, 140.7521759965705,
          102.85489835310128, 122.64136529226928, 114.96366261271923, 105.87503400073706, 111.40985615256243,
          107.08045338991971, 121.38972169184161, 113.51238421532739, 143.01689140447476, 123.60761347406782,
          119.99812499524461, 100.71972716897332, 99.5163945446057, 143.1120586489253, 133.30108178475905,
          132.89379804709614, 83.37783827481934, 109.89769144152183, 117.44289736716598, 119.17566308868481,
          119.92657011426579, 78.69510835446546, 94.12567314877718, 65.13964540111374, 108.05979123139656,
          114.15277617034228, 58.988423735500675, 89.54796260375758, 101.78778332797506, 60.43235749926134,
          69.17704305488604, 62.312990407280424, 90.78387731222799, 84.61437368218691, 75.12302227911084,
          62.088045911657474, 66.49677421488457, 35.12570004940379, 44.828590994037235, 17.836661711066615,
          36.37229221395488, 21.238619654773366, 52.40801076004285, 43.364293869657594, 18.529441630534905,
          15.34307848649093, -1.8454189533429926, 14.172331748694468, 32.35045829787427, -9.272967458495902,
          24.64619318375083, 16.16564111842803, -17.26538253146252, -15.464674805384874, 15.213959978372323,
          14.790591752149197, 5.253293068278076, -6.566243684750333, -14.505745534656615, 17.45828780611518,
          13.93987208314168, -41.26591091347484, -0.17478275300927493, 0.8632635380559535, -9.521304851379647,
          0.5516823576515506, 7.962911617163236, -19.949359831624616, -5.772697517030437, -39.73193856629793,
          -50.68352861987721, -18.219593994212985, -23.139899620420273, -31.91796828918963, -8.592271131257725,
          -20.338985562631336, -16.91781331752267, 2.288291438688667, 12.337276311041848, -10.93160373190402,
          14.627937056361631, 4.073936585970436, -29.082382786776403, -8.681959635946093, 24.018732235080464,
          -10.506983406915325, 25.74730100566084, 12.763014656403264, 32.95417006482374, 31.79161849008122,
          -11.17799047780355, 24.10809189187118, 0.6344873707933942, -3.3987857482314014, 3.934274340875774,
          37.13276477370155, 6.905315230293392, 55.431069010645565, 68.7941698799516, 73.83093619436103,
          22.710685575725453, 77.55811643006547, 66.7710548846955, 60.044689848155585, 57.034995024501576,
          82.38810744729071, 56.06673058437107, 62.47577749938577, 59.67202529656878, 63.18449211838183,
          80.27801229621852, 117.06009833647803, 113.95469569648515, 98.48051748922529, 78.42215740322227,
          84.48336260660759, 115.88997728294774, 115.32604472875315, 98.97172465509628, 107.06649373557877,
          117.20623938616967, 138.12149889339548, 115.0685889114704, 130.89332153087807, 115.074590790773,
          165.1210479848923, 153.8300498654595, 150.8047420184761, 166.9799341482218, 166.62165208905668,
          155.37191892107123, 130.51967048411336, 189.30495166823, 157.03931456016738, 192.95933338991654,
          184.90526400892378, 151.61765416982368, 158.58923931393974, 184.60214891055116, 165.52305102709576,
          184.14361412139772, 200.486923707275, 176.6422523741312, 156.85579927212535, 200.22459209003298,
          181.88754942894002, 169.78224768512732, 170.1578006229115, 191.89138626831704, 192.503666533134,
          171.93510446734854, 151.982509372278, 150.19532447719763, 149.9359593988638, 183.63849798066684,
          159.7000652770664, 176.02340868187127, 179.8176391080522, 180.77596712458387, 175.5610819429371,
          155.76911505411437, 149.3133842628528, 141.95718886560414, 131.0680972731796, 113.5963164056549,
          147.1738055201289, 152.34372809687235, 123.05025839769478, 137.4282259001729, 136.38659874156002,
          142.91473318697436, 133.04175416846923, 146.51444562642462, 98.0974337487937, 100.89523164524557,
          108.35182105847065, 95.04757003548215, 118.76378378961488, 125.0754551621323, 79.44083160631332,
          106.60954271449964, 76.48802846520358, 72.66107495860933, 54.08094807926947, 89.15655259967272,
          83.48611285944318, 91.14689839854748, 81.95468468105555, 40.36831166977962, 75.70439158511631,
          64.269420917759, 36.23205734223097, 73.25604089580284, 53.16954534876516, 33.110040995902786,
          35.26943459105837, 56.367977661663375, 63.574588943940256, 19.451865016666513, 58.5940505599862,
          56.030171788553396, 36.036359123227605, 32.71482911959865, 16.09237137468998, 28.18765643191366,
          32.011417592294514, 10.600671643587503, 22.880390390389273, 13.096309360754244, 9.607538154468969,
          -0.7604935301237727, -2.3762818833525188, -15.338179239447495, -14.845983382852653, 12.593979599749588,
          14.765549745607633, 22.830965903437775, 13.020406432275692, 20.758424737218267, -14.107573317905924,
          -12.86911418702007, 7.793152421689573, 2.5627432447345306, 6.63471280389324, 18.822671834159813,
          8.995727831216634, 20.643134960839262, -5.035279673808567, -14.249089725765568, -4.185126472740954,
          11.89870108752553, 13.778914297462485, 10.122893927049894, 19.235688000894946, -23.11495849450944,
          -30.37801901286177, 19.741993944462585, -21.411058825099033, -6.563311544496152, -13.542727119885527,
          11.778464595564976, -22.089150403921607, -24.29893155292889, -11.90040008285792, -20.856837880839347,
          2.6090057821249673, -20.463974837644326, -34.80042266337493, -46.28185386070532, -25.12881720007126,
          -17.455583730873386, -13.778287704616105, -3.1131832256002667, -43.94859565008565, -50.702670560208105,
          -25.667548630231785, -36.56471163526952, -20.123700247532426, -21.460888810689646, -43.03024156966646,
          -47.30554390676319, -65.39323502216949, -65.43333590236432, -32.319175501513705, -25.28880464351284,
          -41.52106166852366, -49.88631810381539, -78.72667107829841, -73.83312240285166, -87.87797922987824,
          -63.2990682914059, -79.28097718172785, -90.51020560842235, -70.06585379390468, -79.86788394171573,
          -113.8078864913276, -66.26393707874948, -115.28719850746006, -72.49192312499574, -112.471551197887,
          -136.30705944377732, -98.34071675429107, -112.27288860186896, -109.64312890465942, -127.19460646898966,
          -133.75593686863792, -104.95332226348057, -125.94287951709315, -153.98745431987416, -165.0213869945511,
          -137.814725868225, -157.51167762546297, -167.58829421418008, -168.28726500466774, -131.5876920217247,
          -156.42711746603948, -136.71014098610124, -139.2999723703883, -145.6576378994739, -175.37543539409364,
          -181.653580221646, -166.9565506300392, -156.64597656783053, -210.75997817765005, -202.55666319096488,
          -212.6571435863847, -215.55830462279698, -180.8814639274485, -177.30489425581902, -197.47434510709746,
          -187.1739874672055, -203.91873605298994, -209.90488595803242, -180.23256443157445, -213.8955949105111,
          -220.2995256710347, -183.93998417330351, -221.71594867616597, -199.41753781224315, -191.5711878850026,
          -204.0853304505439, -237.53462114951319, -216.31111030430588, -216.93071999849877, -204.9049516644199,
          -226.0569518783836, -229.4222442584649, -189.51656383524977, -215.56057083096707, -199.42879559594263,
          -196.13375496245533, -183.0279179837235, -203.9837504405301, -169.73380794746527, -199.53660967477873,
          -194.82697302885623, -206.01376986029214, -161.46146238097307, -186.43547351094395, -195.41796084285969,
          -194.9838669987035, -185.02936489124795, -157.78094788127666, -190.3418322346723, -178.9477070901038,
          -178.38351749653643, -141.31141571876796, -171.14487819582322, -158.96185317116652, -119.35608787781379,
          -116.31681004845515, -126.00590460554132, -133.16844493022117, -136.1061810404656, -110.48992640014527,
          -126.61438170240021, -116.29413665920367, -74.52336613423645, -83.98518794890848, -105.8713736062597,
          -91.91121264770348, -50.9753050791814, -63.738724788767925, -52.639410361223085, -63.51591788315696,
          -64.50607520558593, -54.17108393230111, -26.100048087959706, -27.67059349650959, -11.629654079091566,
          -53.18023206204362, -52.892205399162656, -31.272687591157617, -15.84121386554181, -0.4435031191872838,
          -11.897533752440445, -9.689911239600011, -19.749716215749878, 12.347412789668489, -7.629938266891719,
          32.0159838071728, -2.715068195716576, 46.40400837671401, 44.88831620891453, 36.648600109468624,
          9.37300122281486, 60.57833051765774, 35.9911620010534, 35.80177932156548, 47.59002593872466,
          34.80655280047216, 64.10925429234507, 56.37715209072721, 82.57283479422571, 69.31709098745375,
          40.67050215175826, 75.86373208124229, 84.486308941667, 47.36895517891964, 65.89844976185256,
          81.07353543420365, 81.88144958320805, 87.21367173804228, 93.54117369159349, 61.61675739253328,
          48.015869650315246, 40.117586645245865, 88.89746953558344, 99.98796558671894, 51.15497535543708,
          53.25315371285361, 83.03941150067685, 58.48137085157417, 52.900188440297526, 67.8684289059646,
          85.65389089127706, 75.71647364159972, 86.84898984976839, 61.49407340530006, 89.51543655378671,
          76.20833655762496, 55.601645423962566, 84.56735110113578, 40.13247181645257, 77.45550458977658,
          34.55963933491154, 52.660068978426665, 86.62886789652327, 30.40030670786043, 57.46387348674696,
          83.098847282247, 40.482125133092225, 73.16204346388011, 30.4857007993763, 22.645336323266026,
          56.0200794863957, 51.77469250126795, 67.1546560196787, 57.87691608694495, 17.41759720151727,
          54.878109106701125, 47.493283372059445, 64.57786770483617, 48.993636626937906, 34.1951786665862,
          36.3257696640557, 14.568419490363965, 63.23317546125337, 26.418963234489517, 15.31591248775866,
          53.99452831401371, 22.985585125801872, 15.244261841435254, 15.23320499798178, 59.28898624752186,
          48.983103088031285, 18.450586805496407, 35.37513701009135, 35.31874809381071, 62.220022028913625,
          25.20158903554477, 72.47043701948445, 49.47528245085166, 17.745819537598152, 57.03771073288418,
          62.3287043719062, 65.662768941524, 63.25011497635633, 23.289204458704578, 41.393225930912166,
          73.59501176387027, 41.535832393379785, 64.37236779550251, 72.73765654594138, 45.48900839495211,
          36.31587332826628, 73.06956417695692, 55.1598276517079, 56.29052053695725, 34.383252772599526,
          43.887287166806885, 53.070289648631835, 56.72548828406186, 66.76859604323485, 72.38274423960786,
          85.6341943921511, 67.89554907928215, 42.3776667606313, 43.00662936071367, 73.85951401947919,
          50.97403825523812, 68.654898648826, 69.76645870972168, 91.80786484702291, 94.20892590318653,
          73.50291525633878, 63.23291432088306, 73.88421574602562, 70.49146714322764, 102.71380005964126,
          99.42153275576707, 92.06989401296948, 111.50301413714867, 94.66342298368384, 103.29591018789162,
          91.84402167849802, 83.94310914943563, 82.8125796151381, 73.3562654303183, 101.80043137225377,
          107.80662349082351, 95.27722522080565, 71.81467649892133, 86.60010093790301, 84.95639197669398,
          47.8226256516017, 64.12146255424244, 45.09154603073557, 76.42982041356987, 50.46009054508337,
          78.6166059326094, 92.86183373911632, 38.297782341368205, 58.9299706177996, 55.89894202222745,
          77.8233515654263, 33.02241035573655, 78.62455450093327, 31.598734151030524, 21.067593095542144,
          20.191034028285053, 30.77286098281669, 12.218727266680862, 63.65774554204725, 41.923375149758186,
          58.12104212072491, 29.605547811809856, 22.59694723494056, 15.487356055957473, 3.974129006086411,
          -0.20028201406429247, 14.490088845662548, -9.463395126295264, -9.036101872829681, -15.991779736900444,
          -29.087589733227002, 24.80789681699087, 24.08515277928742, 18.643593559037782, -10.048052302910243,
          -22.296350099365313, -19.900681526080522, -40.51956856261426, 7.995279615065584, -23.75762059263617,
          -36.21280451581157, -51.30653628838034, -14.973451850015927, -12.102776734108886, -22.92141011390678,
          -38.03739604911054, -43.27241280945676, -30.319328991987007, -24.66755064542329, -50.80561689390146,
          -7.482679556753894, -36.392132826717656, -44.708312560033676, -24.58273469245448, -36.019147755802365,
          -9.07348428587322, -49.734001673806816, -50.75452558860551, -40.34966717413306, -47.7580042804002,
          -17.99447417787585, -11.560948317519355, -44.83684970566581, -32.21333876901835, -59.11691388047349,
          -43.53779144648816, -53.77359463006016, -34.9652704766076, -23.07934600270852, -26.026669192313005,
          2.385634574131913, -18.70104485669859, -11.300389325321689, 6.125584826302301, 23.37806794844431,
          22.687228094063634, -12.781593968580395, 4.024895629623511, -18.177437536079594, 0.2663084532167517,
          29.698074030663772, 34.02883642190601, 33.43024786117799, 23.76733022232676, 54.17568555199081,
          9.443772300891151, 50.71547323216697, 30.62246906621458, 56.47090430219434, 60.74774647230859,
          58.0637733531682, 45.639675601221555, 45.08497419547462, 82.30094212732857, 64.96007607663661,
          67.1067875438888, 101.27912636885212, 113.44260613045327, 117.63961207716953, 76.57700523076957,
          106.78276552404587, 135.63445748275967, 125.46532424590501, 109.41361019604425, 111.1898571652688,
          154.03133140720854, 110.16651672260186, 115.1117379105762, 151.97073079358177, 167.2799953757663,
          150.92207831359377, 189.06944558917516, 177.98134138898382, 183.59158986891072, 168.9854230066182,
          157.19661953986713, 191.54398019286833, 185.581256719504, 216.8584439554592, 212.03212705829267,
          214.94509266903424, 184.0472317716919, 184.45100053169907, 215.94288942018233, 221.46986307563412,
          217.31009278486258, 205.70291032222957, 191.05597234194158, 216.56367975266082, 242.13532768493792,
          198.5688100198425, 224.47493819269562, 206.43918139577872, 195.77914977448964, 219.7158477209509,
          226.9544745423874, 247.08763173720297, 230.1312912650799, 233.48892202541003, 226.53187497367105,
          236.7443173336522, 209.51612565284768, 246.44058255732867, 216.6046096558702, 237.94045335342133,
          204.39929606976298, 198.8653653946592, 196.71700144176478, 208.57619221588976, 248.6702103768165,
          247.72840295120278, 213.30271282901322, 229.53134212998327, 226.62201260012984, 222.59591450075877,
          228.00479951463853, 212.16892618454526, 225.26419263148503, 234.77964676970612, 225.16698144456706,
          210.54173452558967, 197.62070284837154, 227.67369671642822, 192.69235751914007, 209.37202977785307,
          171.84575020834876, 204.35901720000254, 180.710386928622, 215.93323544468197, 169.28193247452643,
          160.78259662298672, 212.11358448981866, 168.1205288104478, 165.22595195634003, 174.00640560164337,
          181.49192271846607, 201.27697673975803, 176.3898072199412, 172.82166493933633, 199.2119263934316,
          139.7113400862038, 139.44835065899542, 167.656089617775, 163.19864272385533, 142.13590943908247,
          160.65441254454788, 132.79006006458502, 146.8007870451806, 129.8221440428195, 154.9981676706181,
          156.239647368755, 174.37444772112264, 141.54411202897427, 126.37902605644943, 126.63064036066785,
          144.475538193849, 133.9653096913545, 126.68079606860756, 167.2200079640907, 128.302397128574,
          165.95081194859833, 155.6886986075325, 124.0639520337419, 124.5822340552818, 159.50629965722086,
          171.86733728017842, 132.58024511107442, 149.43199725504644, 115.28529859850413, 138.1141289726093,
          162.71643472655472, 124.63362898737334, 121.22246289627155, 132.20688964015653, 120.051631816624,
          138.17205091830962, 167.0686961702507, 112.58890625024416, 120.8056168337006, 154.8765892293838,
          118.2925043142191, 119.33542414059771, 117.60165284894256, 124.73164337030329, 139.39521246705908,
          130.22309574168804, 158.01501184558757, 126.6341012253639, 125.64055822192584, 149.1414581737555,
          149.1749365230358, 110.08734856226843, 148.66243454279754, 104.62526535773817, 107.88768216514309,
          99.52703512581778, 148.1683219154004, 141.9569617235268, 146.17232589785766, 131.21033237251078,
          111.03055071737319, 124.61430379706525, 138.95203938686598, 131.9123936043433, 104.87510720051091,
          125.57058377977525, 110.48817921955823, 74.54514500049592, 125.03382650808186, 97.15929624757464,
          97.9433585837035, 73.0017002826365, 77.19261849445766, 87.25230366657115, 78.55546487918744,
          81.43247977022205, 99.04188759502969, 88.51690074505214, 74.14598371176263, 40.55976338644172,
          82.3399003384706, 56.57608109007839, 71.97539752267141, 44.49605497703074, 61.137446214883624,
          26.855959703764693, 5.759185976780195, 32.469607474829914, 10.019461328137524, 4.2380292782364535,
          -1.8170551054217547, -18.73290516935153, -0.7243773353155305, -0.7455892024436537, -12.506165623330268,
          -37.314621455031485, -50.26847159607498, -23.684054749044577, -43.714897249838884, -27.560834125382158,
          -65.92156522987374, -65.80289160938011, -75.78156002111317, -78.37774602993623, -61.72990301702971,
          -55.03187231073241, -84.4936660460418, -95.04128748737972, -107.84100080068161, -71.86684355142842,
          -116.42026333988275, -115.6197642656727, -102.30226919293312, -126.75550054723168, -103.24100123123502,
          -107.29371421953914, -82.27400557125733, -104.79244662967926, -107.5573254870045, -100.4536883913838,
          -119.6513430965621, -132.76253575875796, -153.38419853777066, -161.60708969802897, -110.62759268400096,
          -163.5760629792642, -148.28160645329808, -139.6796520256861, -120.76878034790437, -117.01145098266258,
          -135.32272959100268, -145.7653120340161, -175.64702357968375, -122.84965099640303, -136.66369209205288,
          -141.55679415700865, -177.0439967777879, -130.82127859560322, -153.2307284872943, -149.5885922447043,
          -173.87683551499896, -128.21427480771, -167.5073700396225, -136.4587090769843, -117.20404582492924,
          -115.7483250025667, -163.08837968081792, -165.9571799635692, -151.49876950021172, -132.75583227211303,
          -149.44035340544457, -131.46093129514352, -113.67776700524311, -106.9053290330692, -150.15662250802313,
          -131.3581649406843, -137.18732218023973, -126.53294282815509, -101.34478878028523, -89.1798376237136
        ],
        "two": [
          0, -20.140046051127193, 32.40194378594322, 17.11489556824722, -31.641997300365276, 23.345837204746445,
          26.241624863099247, -33.63057879133504, 39.837771539273916, 2.5407034698423985, 6.1491265148746805,
          -4.34935666413476, 19.430202059430897, -18.5052209618286, -12.349645564734075, 20.13299042317287,
          42.45485536367718, -1.5857033756926455, 5.111184034440981, 4.61450313328001, 11.182058209198544,
          -41.5586530994744, 37.57017529247706, -32.19451827527348, 56.16509392049119, -13.735011673761875,
          2.162270945870546, -12.709991589342593, -0.9906571207720276, 11.827345283592592, 12.112480340647522,
          -18.29468207003606, 39.65632298455404, -21.160008244450523, -19.550008076688357, 7.8748004479660665,
          21.023455674836242, -28.63685866625005, 54.9578309774102, -15.029475988375111, 4.618830030021314,
          -20.433134980360023, 26.13109229630959, -3.286104965291514, -37.654942187389395, 15.078326101247256,
          -14.48067908006314, 53.882603813370224, -40.00581304824735, 38.925699147879044, -47.57330629724436,
          -1.4240262313161907, -4.3653786955875375, 0.6593969505899793, 22.60664378002045, -2.1382162102705706,
          -27.63611944924824, 38.3622597740478, -37.5413991806486, 0.5076580539551401, 22.22137176079724,
          -9.464872472736715, 25.93341983583022, -23.50902150726867, -11.70226967779658, -11.223172417308234,
          3.4258707367555417, 23.452198804680307, 4.322918463030021, 7.9964950785187625, -30.966519385262927,
          -19.023108911643988, 23.038025270745294, -17.76464267584163, 2.816430385682935, 14.725813809586867,
          11.68797899525859, -5.595838214383747, -7.285834379618393, -0.7011414424410418, -33.21487992979817,
          41.544750177338784, -0.9115277982481018, -17.665001161899056, -2.5102370067941706, -37.501112328754346,
          -2.405921989301021, 28.937930772722183, -24.88717973446998, 20.557439860686316, -31.02855440620432,
          28.761473655696122, 6.140367402573901, -19.897339522501113, -2.170023235060526, 16.040851415961512,
          5.557663646232271, -3.5231423719693566, 12.052928677978997, -12.62820998709094, -22.821426767348484,
          -12.873135869597903, 19.662094230067368, 10.768108950072246, -21.750104045272437, 38.610990687645526,
          -52.82051888266071, 10.869955520208592, -7.4007600585360365, 44.311461580863195, -42.65393657627007,
          43.614248564434746, -16.518037819725777, 2.231896377697865, -34.35191696783906, 40.879979098138506,
          -0.9709519828140856, -4.298531756140363, -7.8937670930225465, -1.580115333411726, -18.453327760813153,
          20.101844911160242, 25.781027920257202, -10.264797676831193, -4.874004047811752, -3.047060695182637,
          12.576474891603851, 2.8981272119616506, 1.45385851265317, -17.424587550831177, -16.86560017558881,
          6.0878761356488695, 9.799211491474395, -27.27041882018321, 14.347321521672228, 15.209361215790949,
          -8.030016307687106, 31.51510990544068, -20.931628688370154, 6.5492943564158566, -41.926456127300355,
          31.642370459135662, 21.834855014026374, -52.42870473789894, 34.70747701267568, -37.89727764346921,
          19.786466939168008, -7.677702679550052, -9.088628611982173, 5.534822151825367, -4.329402762642715,
          14.309268301921904, -7.877337476514228, 29.504507189147375, -19.409277930406944, -3.6094884788232093,
          -19.278397826271288, -1.2033326243676186, 43.59566410431961, -9.810976864166264, -0.40728373766290815,
          -49.5159597722768, 26.51985316670249, 7.545205925644154, 1.732765721518831, 0.7509070255809718,
          -41.231461759800325, 15.43056479431172, -28.986027747663442, 42.92014583028282, 6.092984938945719,
          -55.164352434841604, 30.559538868256908, 12.23982072421748, -41.35542582871372, 8.744685555624699,
          -6.864052647605618, 28.470886904947562, -6.169503630041078, -9.491351403076067, -13.034976367453368,
          4.408728303227093, -31.371074165480778, 9.702890944633445, -26.99192928297062, 18.535630502888264,
          -15.133672559181512, 31.169391105269483, -9.043716890385255, -24.83485223912269, -3.186363144043975,
          -17.188497439833924, 16.01775070203746, 18.1781265491798, -41.62342575637017, 33.91916064224674,
          -8.4805520653228, -33.43102364989055, 1.800707726077647, 30.678634783757197, -0.42336822622312553,
          -9.537298683871121, -11.819536753028409, -7.939501849906282, 31.964033340771795, -3.5184157229735007,
          -55.20578299661652, 41.091128160465566, 1.0380462910652284, -10.3845683894356, 10.072987209031197,
          7.4112292595116855, -27.912271448787852, 14.176662314594179, -33.95924104926749, -10.951590053579281,
          32.46393462566422, -4.920305626207288, -8.778068668769357, 23.325697157931906, -11.746714431373611,
          3.421172245108668, 19.206104756211335, 10.04898487235318, -23.268880042945867, 25.55954078826565,
          -10.554000470391195, -33.156319372746836, 20.40042315083031, 32.70069187102656, -34.52571564199579,
          36.25428441257617, -12.984286349257577, 20.191155408420478, -1.1625515747425226, -42.96960896788477,
          35.28608236967473, -23.473604521077785, -4.033273119024796, 7.3330600891071755, 33.19849043282578,
          -30.22744954340816, 48.525753780352176, 13.363100869306031, 5.036766314409434, -51.12025061863558,
          54.84743085434002, -10.787061545369966, -6.726365036539917, -3.0096948236540086, 25.35311242278913,
          -26.321376862919635, 6.409046915014699, -2.8037522028169874, 3.5124668218130495, 17.093520177836687,
          36.782086040259514, -3.1054026399928887, -15.474178207259854, -20.05836008600302, 6.061205203385313,
          31.406614676340155, -0.5639325541945936, -16.354320073656865, 8.094769080482493, 10.139745650590896,
          20.915259507225812, -23.052909981925083, 15.82473261940767, -15.818730740105067, 50.0464571941193,
          -11.2909981194328, -3.025307846983395, 16.17519212974568, -0.3582820591651057, -11.249733167985454,
          -24.852248436957865, 58.78528118411663, -32.265637108062606, 35.920018829749154, -8.054069380992757,
          -33.2876098391001, 6.971585144116062, 26.012909596611422, -19.079097883455404, 18.620563094301957,
          16.34330958587728, -23.844671333143793, -19.78645310200585, 43.36879281790763, -18.337042661092966,
          -12.105301743812703, 0.3755529377841924, 21.733585645405526, 0.6122802648169738, -20.56856206578547,
          -19.952595095070535, -1.7871848950803724, -0.25936507833384326, 33.702538581803054, -23.938432703600455,
          16.323343404804888, 3.794230426180917, 0.9583280165316808, -5.214885181646764, -19.791966888822742,
          -6.455730791261573, -7.356195397248655, -10.889091592424535, -17.4717808675247, 33.57748911447399,
          5.16992257674346, -29.293469699177578, 14.377967502478114, -1.0416271586128687, 6.528134445414338,
          -9.872979018505134, 13.472691457955392, -48.41701187763091, 2.7977978964518684, 7.456589413225075,
          -13.304251022988495, 23.716213754132724, 6.311671372517424, -45.634623555818976, 27.168711108186315,
          -30.121514249296055, -3.8269535065942506, -18.580126879339865, 35.07560452040325, -5.67043974022954,
          7.660785539104296, -9.192213717491924, -41.58637301127593, 35.33607991533669, -11.434970667357305,
          -28.037363575528033, 37.02398355357187, -20.08649554703768, -20.059504352862376, 2.159393595155585,
          21.098543070605004, 7.2066112822768815, -44.12272392727374, 39.142185543319684, -2.5638787714328046,
          -19.99381266532579, -3.3215300036289577, -16.62245774490867, 12.09528505722368, 3.8237611603808546,
          -21.41074594870701, 12.27971874680177, -9.78408102963503, -3.488771206285275, -10.368031684592742,
          -1.615788353228746, -12.961897356094976, 0.4921958565948419, 27.43996298260224, 2.1715701458580448,
          8.065416157830143, -9.810559471162083, 7.738018304942575, -34.865998055124194, 1.238459130885854,
          20.662266608709643, -5.2304091769550425, 4.07196955915871, 12.187959030266573, -9.82694400294318,
          11.647407129622628, -25.67841463464783, -9.213810051957001, 10.063963253024614, 16.083827560266485,
          1.8802132099369544, -3.656020370412591, 9.112794073845052, -42.35064649540439, -7.263060518352329,
          50.120012957324356, -41.15305276956162, 14.847747280602881, -6.979415575389375, 25.321191715450503,
          -33.867614999486584, -2.2097811490072843, 12.39853147007097, -8.956437797981426, 23.465843662964314,
          -23.072980619769293, -14.336447825730605, -11.481431197330387, 21.153036660634058, 7.673233469197875,
          3.677296026257281, 10.665104479015838, -40.835412424485384, -6.754074910122455, 25.03512192997632,
          -10.897163005037733, 16.441011387737092, -1.3371885631572198, -21.569352758976812, -4.275302337096733,
          -18.0876911154063, -0.04010088019482794, 33.114160400850615, 7.030370858000865, -16.232257025010817,
          -8.365256435291734, -28.840352974483018, 4.893548675446752, -14.044856827026578, 24.578910938472333,
          -15.981908890321947, -11.229228426694505, 20.444351814517674, -9.802030147811053, -33.94000254961186,
          47.543949412578115, -49.02326142871058, 42.795275382464325, -39.97962807289126, -23.835508245890324,
          37.966342689486254, -13.93217184757789, 2.6297596972095363, -17.55147756433024, -6.561330399648256,
          28.802614605157345, -20.989557253612574, -28.044574802781014, -11.033932674676947, 27.20666112632611,
          -19.69695175723797, -10.076616588717116, -0.6989707904876639, 36.69957298294304, -24.83942544431477,
          19.71697647993824, -2.5898313842870664, -6.357665529085608, -29.71779749461973, -6.278144827552353,
          14.697029591606793, 10.310574062208673, -54.114001609819525, 8.203314986685172, -10.100480395419822,
          -2.901161036412276, 34.67684069534849, 3.5765696716294713, -20.16945085127844, 10.300357639891956,
          -16.744748585784436, -5.986149905042481, 29.672321526457978, -33.66303047893666, -6.403930760523593,
          36.359541497731186, -37.77596450286245, 22.29841086392281, 7.846349927240567, -12.514142565541306,
          -33.44929069896929, 21.2235108452073, -0.6196096941928886, 12.025768334078862, -21.152000213963674,
          -3.365292380081314, 39.90568042321513, -26.044006995717297, 16.131775235024435, 3.2950406334873037,
          13.105836978731816, -20.955832456806576, 34.24994249306482, -29.802801727313465, 4.709636645922501,
          -11.186796831435913, 44.55230747931907, -24.974011129970876, -8.982487331915735, 0.43409384415619456,
          9.95450210745554, 27.24841700997129, -32.560884353395636, 11.394125144568505, 0.5641895935673631,
          37.07210177776847, -29.833462477055264, 12.1830250246567, 39.60576529335273, 3.039277829358639,
          -9.689094557086165, -7.162540324679853, -2.9377361102444297, 25.616254640320335, -16.124455302254944,
          10.320245043196536, 41.77077052496722, -9.461821814672021, -21.88618565735122, 13.960160958556216,
          40.935907568522076, -12.763419709586522, 11.09931442754484, -10.876507521933874, -0.9901573224289706,
          10.334991273284821, 28.071035844341402, -1.570545408549883, 16.040939417418024, -41.550577982952056,
          0.28802666288096646, 21.61951780800504, 15.431473725615806, 15.397710746354527, -11.454030633253161,
          2.207622512840434, -10.059804976149866, 32.09712900541837, -19.97735105656021, 39.64592207406452,
          -34.73105200288938, 49.119076572430586, -1.5156921677994788, -8.239716099445907, -27.275598886653764,
          51.20532929484288, -24.587168516604343, -0.1893826794879132, 11.788246617159174, -12.783473138252496,
          29.30270149187291, -7.732102201617863, 26.195682703498505, -13.25574380677196, -28.646588835695496,
          35.19322992948403, 8.622576860424715, -37.11735376274736, 18.52949458293292, 15.175085672351088,
          0.8079141490044037, 5.332222154834227, 6.327501953551206, -31.924416299060205, -13.600887742218035,
          -7.898283005069381, 48.779882890337575, 11.090496051135503, -48.83299023128186, 2.098178357416529,
          29.78625778782324, -24.55804064910268, -5.581182411276643, 14.96824046566708, 17.785461985312452,
          -9.937417249677338, 11.132516208168667, -25.35491644446833, 28.021363148486657, -13.307099996161753,
          -20.606691133662395, 28.96570567717322, -44.43487928468321, 37.32303277332401, -42.89586525486504,
          18.100429643515128, 33.96879891809661, -56.228561188662844, 27.063566778886532, 25.63497379550003,
          -42.61672214915477, 32.679918330787885, -42.67634266450381, -7.840364476110274, 33.37474316312968,
          -4.245386985127752, 15.379963518410747, -9.277739932733745, -40.45931888542768, 37.46051190518385,
          -7.38482573464168, 17.08458433277672, -15.58423107789826, -14.798457960351705, 2.130590997469497,
          -21.757350173691734, 48.6647559708894, -36.81421222676385, -11.103050746730858, 38.67861582625505,
          -31.008943188211834, -7.741323284366619, -0.01105684345347413, 44.05578124954008, -10.305883159490577,
          -30.53251628253488, 16.924550204594944, -0.05638891628063902, 26.901273935102914, -37.018432993368855,
          47.26884798393968, -22.995154568632792, -31.729462913253506, 39.29189119528603, 5.29099363902202,
          3.3340645696178086, -2.412653965167678, -39.960910517651755, 18.104021472207588, 32.20178583295811,
          -32.05917937049049, 22.836535402122728, 8.365288750438864, -27.24864815098927, -9.17313506668583,
          36.75369084869064, -17.909736525249016, 1.1306928852493527, -21.907267764357726, 9.504034394207359,
          9.18300248182495, 3.6551986354300254, 10.04310775917299, 5.614148196373009, 13.251450152543242,
          -17.738645312868954, -25.517882318650848, 0.6289626000823674, 30.852884658765525, -22.88547576424107,
          17.680860393587885, 1.1115600608956697, 22.041406137301237, 2.4010610561636128, -20.706010646847744,
          -10.27000093545572, 10.651301425142556, -3.3927486027979796, 32.22233291641362, -3.2922673038741834,
          -7.35163874279759, 19.433120124179183, -16.839591153464823, 8.632487204207777, -11.451888509393598,
          -7.900912529062396, -1.1305295342975228, -9.456314184819803, 28.444165941935466, 6.006192118569743,
          -12.529398270017865, -23.462548721884318, 14.785424438981678, -1.643708961209029, -37.13376632509228,
          16.298836902640744, -19.02991652350687, 31.3382743828343, -25.969729868486503, 28.156515387526035,
          14.245227806506918, -54.564051397748116, 20.632188276431393, -3.0310285955721454, 21.92440954319884,
          -44.800941209689746, 45.602144145196725, -47.025820349902745, -10.53114105548838, -0.8765590672570909,
          10.581826954531639, -18.55413371613583, 51.439018275366394, -21.734370392289065, 16.197666970966722,
          -28.515494308915052, -7.008600576869295, -7.109591178983088, -11.513227049871062, -4.174411020150703,
          14.69037085972684, -23.953483971957812, 0.42729325346558333, -6.955677864070763, -13.095809996326558,
          53.89548655021787, -0.7227440377034497, -5.441559220249637, -28.691645861948025, -12.24829779645507,
          2.395668573284791, -20.61888703653374, 48.514848177679845, -31.752900207701753, -12.455183923175401,
          -15.093731772568773, 36.333084438364416, 2.8706751159070407, -10.818633379797895, -15.11598593520376,
          -5.23501676034622, 12.953083817469754, 5.651778346563717, -26.138066248478168, 43.322937337147565,
          -28.909453269963763, -8.31617973331602, 20.125577867579196, -11.436413063347885, 26.945663469929144,
          -40.660517387933595, -1.0205239147986944, 10.40485841447245, -7.40833710626714, 29.76353010252435,
          6.433525860356497, -33.27590138814646, 12.623510936647463, -26.90357511145514, 15.579122433985333,
          -10.235803183572003, 18.80832415345256, 11.885924473899081, -2.947323189604486, 28.412303766444918,
          -21.086679430830504, 7.400655531376902, 17.42597415162399, 17.25248312214201, -0.6908398543806769,
          -35.46882206264403, 16.806489598203907, -22.202333165703106, 18.443745989296346, 29.43176557744702,
          4.330762391242235, -0.5985885607280181, -9.66291763885123, 30.40835532966405, -44.731913251099655,
          41.27170093127582, -20.09300416595239, 25.84843523597976, 4.27684217011425, -2.68397311914039,
          -12.424097751946647, -0.5547014057469326, 37.215967931853946, -17.340866050691957, 2.1467114672521888,
          34.17233882496332, 12.163479761601153, 4.19700594671626, -41.06260684639996, 30.2057602932763,
          28.8516919587138, -10.169133236854663, -16.051714049860763, 1.7762469692245588, 42.841474241939736,
          -43.864814684606685, 4.94522118797434, 36.85899288300557, 15.30926458218454, -16.357917062172532,
          38.14736727558139, -11.088104200191339, 5.610248479926895, -14.606166862292525, -11.788803466751062,
          34.3473606530012, -5.962723473364321, 31.277187235955182, -4.826316897166521, 2.9129656107415656,
          -30.897860897342326, 0.40376876000715356, 31.49188888848326, 5.526973655451798, -4.159770290771547,
          -11.607182462633006, -14.646937980287987, 25.507707410719235, 25.571647932277102, -43.56651766509543,
          25.90612817285313, -18.0357567969169, -10.660031621289079, 23.936697946461265, 7.2386268214364975,
          20.133157194815567, -16.95634047212306, 3.3576307603301245, -6.957047051738982, 10.21244235998114,
          -27.228191680804514, 36.92445690448099, -29.83597290145846, 21.335843697551127, -33.54115728365835,
          -5.5339306751037896, -2.148363952894414, 11.859190774124983, 40.09401816092674, -0.9418074256137174,
          -34.425690122189565, 16.228629300970056, -2.909329529853437, -4.026098099371069, 5.408885013879768,
          -15.835873330093278, 13.095266446939775, 9.515454138221088, -9.612665325139062, -14.625246918977382,
          -12.921031677218139, 30.05299386805669, -34.98133919728815, 16.679672258712998, -37.52627956950431,
          32.51326699165378, -23.64863027138054, 35.22284851605997, -46.65130297015554, -8.499335851539712,
          51.33098786683195, -43.993055679370855, -2.8945768541077825, 8.78045364530334, 7.485517116822706,
          19.785054021291955, -24.887169519816837, -3.56814228060486, 26.39026145409528, -59.50058630722782,
          -0.2629894272083675, 28.207738958779572, -4.457446893919666, -21.06273328477286, 18.518503105465413,
          -27.86435247996286, 14.010726980595592, -16.97864300236111, 25.1760236277986, 1.2414796981368852,
          18.134800352367648, -32.83033569214837, -15.165085972524835, 0.2516143042184211, 17.844897833181136,
          -10.510228502494499, -7.284513622746928, 40.53921189548315, -38.91761083551671, 37.64841482002433,
          -10.262113341065827, -31.624746573790603, 0.5182820215399033, 34.92406560193906, 12.361037622957554,
          -39.287092169104, 16.85175214397202, -34.14669865654231, 22.82883037410518, 24.602305753945416,
          -38.08280573918138, -3.4111660911017907, 10.984426743884981, -12.155257823532537, 18.120419101685627,
          28.896645251941067, -54.479789920006525, 8.216710583456432, 34.0709723956832, -36.584084915164695,
          1.0429198263786077, -1.7337712916551453, 7.129990521360725, 14.663569096755793, -9.17211672537104,
          27.791916103899524, -31.38091062022366, -0.993543003438063, 23.500899951829652, 0.033478349280301245,
          -39.087587960767365, 38.57508598052911, -44.03716918505937, 3.262416807404918, -8.360647039325315,
          48.64128678958264, -6.211360191873609, 4.215364174330858, -14.961993525346884, -20.17978165513759,
          13.583753079692059, 14.33773558980073, -7.039645782522683, -27.037286403832383, 20.695476579264337,
          -15.082404560217014, -35.94303421906231, 50.48868150758594, -27.874530260507214, 0.784062336128855,
          -24.941658301066994, 4.190918211821156, 10.05968517211349, -8.696838787383712, 2.877014891034605,
          17.609407824807647, -10.524986849977552, -14.370917033289516, -33.5862203253209, 41.780136952028876,
          -25.76381924839221, 15.399316432593025, -27.479342545640677, 16.641391237852886, -34.28148651111893,
          -21.096773726984498, 26.71042149804972, -22.45014614669239, -5.7814320499010705, -6.055084383658208,
          -16.915850063929774, 18.008527834036, -0.021211867128123174, -11.760576420886615, -24.808455831701217,
          -12.953850141043496, 26.584416847030404, -20.030842500794307, 16.154063124456727, -38.36073110449158,
          0.11867362049362384, -9.978668411733054, -2.596186008823068, 16.64784301290652, 6.698030706297303,
          -29.461793735309385, -10.547621441337924, -12.799713313301893, 35.974157249253196, -44.553419788454335,
          0.8004990742100517, 13.317495072739575, -24.453231354298552, 23.51449931599666, -4.052712988304123,
          25.019708648281807, -22.518441058421928, -2.764878857325243, 7.103637095620698, -19.197654705178294,
          -13.111192662195862, -20.621662779012695, -8.222891160258314, 50.97949701402801, -52.94847029526325,
          15.294456525966126, 8.601954427611986, 18.910871677781728, 3.7573293652417874, -18.311278608340103,
          -10.442582443013407, -29.881711545667656, 52.79737258328072, -13.814041095649856, -4.8931020649557695,
          -35.48720262077924, 46.22271818218468, -22.409449891691082, 3.6421362425899986, -24.288243270294657,
          45.66256070728895, -39.293095231912474, 31.048660962638195, 19.254663252055053, 1.4557208223625366,
          -47.34005467825122, -2.868800282751266, 14.458410463357467, 18.742937228098697, -16.684521133331543,
          17.979422110301044, 17.783164289900412, 6.772437972173918, -43.25129347495394, 18.79845756733883,
          -5.829157239555428, 10.654379352084646, 25.18815404786986, 12.164951156571632
        ]
      }
    }
  }
]

===== END FILE: web/libs/editor/src/examples/timeseries_single/sample-sin.json =====


===== FILE: web/libs/editor/src/examples/timeseries_single/tasks.json =====
[
  {
    "annotations": [
      {
        "result": [
          {
            "value": {
              "start": 4,
              "end": 23,
              "instant": false,
              "timeserieslabels": ["Run"]
            },
            "id": "Oek-tTCZ6_",
            "from_name": "label",
            "to_name": "ts",
            "type": "timeserieslabels"
          },
          {
            "value": {
              "start": 52,
              "end": 69,
              "instant": false,
              "timeserieslabels": ["Walk"]
            },
            "id": "U0S2_cORxv",
            "from_name": "label",
            "to_name": "ts",
            "type": "timeserieslabels"
          }
        ]
      }
    ],
    "data": {
      "csv": "https://htx-pub.s3.amazonaws.com/datasets/timeseries/time-series-velocity-acceleration.csv"
    },
    "id": 1,
    "predictions": []
  }
]

===== END FILE: web/libs/editor/src/examples/timeseries_single/tasks.json =====


===== FILE: web/libs/editor/src/examples/timeseries_single/annotations/1.json =====
{
    "annotations": [
        {
            "id": "1001",
            "readonly": true,
            "result": [
                {
                  "value": {
                    "start": 4,
                    "end": 23,
                    "instant": false,
                    "timeserieslabels": ["Run"]
                  },
                  "id": "Oek-tTCZ6_",
                  "from_name": "label",
                  "to_name": "ts",
                  "type": "timeserieslabels"
                },
                {
                  "value": {
                    "start": 52,
                    "end": 69,
                    "instant": false,
                    "timeserieslabels": ["Walk"]
                  },
                  "id": "U0S2_cORxv",
                  "from_name": "label",
                  "to_name": "ts",
                  "type": "timeserieslabels"
                }
              ]
        }
    ]
}

===== END FILE: web/libs/editor/src/examples/timeseries_single/annotations/1.json =====


===== FILE: web/libs/editor/src/examples/video_bboxes/index.js =====
import config from "./config.xml";
import tasks from "./tasks.json";
import annotation from "./annotations/1.json";

export const VideoRectangles = { config, tasks, annotation };

===== END FILE: web/libs/editor/src/examples/video_bboxes/index.js =====


===== FILE: web/libs/editor/src/examples/video_bboxes/config.xml =====
<View>
  <Header>Label the video:</Header>
  <Video name="video" value="$video" />
  <VideoRectangle name="box" toName="video" />

  <Labels name="videoLabels" toName="video">
    <Label value="Car" background="#944BFF"/>
    <Label value="Airplane" background="#98C84E"/>
    <Label value="Possum" background="#FA8C16"/>
  </Labels>
</View>

===== END FILE: web/libs/editor/src/examples/video_bboxes/config.xml =====


===== FILE: web/libs/editor/src/examples/video_bboxes/tasks.json =====
[
  {
    "data": {
      "video": "https://app.heartex.ai/static/samples/opossum_snow.mp4"
    }
  }
]

===== END FILE: web/libs/editor/src/examples/video_bboxes/tasks.json =====


===== FILE: web/libs/editor/src/examples/video_bboxes/annotations/1.json =====
{
    "annotations": [
        {
            "id": "1001",
            "result": [
                {
                    "value": {
                        "sequence": [
                            {
                                "frame": 1,
                                "enabled": true,
                                "x": 38.266666666666666,
                                "y": 38.898756660746,
                                "width": 41.333333333333336,
                                "height": 22.202486678507995,
                                "rotation": 0,
                                "time": 0.041666666666666664
                            },
                            {
                                "frame": 5,
                                "enabled": false,
                                "x": 40.266666666666666,
                                "y": 49.898756660746,
                                "width": 41.333333333333336,
                                "height": 22.202486678507995,
                                "rotation": 0,
                                "time": 0.20833333333333334
                            }
                        ],
                        "framesCount": 1009,
                        "labels": [
                            "Car"
                        ]
                    },
                    "id": "tJhYZLMC9G",
                    "from_name": "box",
                    "to_name": "video",
                    "type": "videorectangle",
                    "origin": "manual"
                },
                {
                    "value": {
                        "sequence": [
                            {
                                "frame": 33,
                                "enabled": true,
                                "rotation": 0,
                                "x": 21.640625,
                                "y": 92.08333333333333,
                                "width": 12.890625,
                                "height": -15.972222222222221,
                                "time": 1.375
                            },
                            {
                                "frame": 57,
                                "enabled": false,
                                "rotation": 0,
                                "x": 41.133720930232556,
                                "y": 98.92764857881136,
                                "width": 12.890625,
                                "height": -15.972222222222221,
                                "time": 2.375
                            },
                            {
                                "frame": 76,
                                "enabled": true,
                                "rotation": 0,
                                "x": 47.1875,
                                "y": 95.13888888888889,
                                "width": 12.890625,
                                "height": -15.972222222222221,
                                "time": 3.1666666666666665
                            },
                            {
                                "frame": 104,
                                "enabled": true,
                                "rotation": 0,
                                "x": 85,
                                "y": 97.91666666666666,
                                "width": 12.890625,
                                "height": -15.972222222222221,
                                "time": 4.333333333333333
                            }
                        ],
                        "framesCount": 1009,
                        "labels": [
                            "Airplane"
                        ]
                    },
                    "id": "FstfiS1SLJ",
                    "from_name": "box",
                    "to_name": "video",
                    "type": "videorectangle",
                    "origin": "manual"
                },
                {
                    "value": {
                        "sequence": [
                            {
                                "frame": 6,
                                "enabled": true,
                                "rotation": -31.861138243953643,
                                "x": 61.559107293190365,
                                "y": 42.20702037584792,
                                "width": 10.960969617939583,
                                "height": 29.506268116286332,
                                "time": 0.25
                            },
                            {
                                "frame": 7,
                                "enabled": true,
                                "rotation": -22.549359269426528,
                                "x": 56.98998040114064,
                                "y": 49.70337332762065,
                                "width": 14.204564766666886,
                                "height": 35.599299248741865,
                                "time": 0.2916666666666667
                            },
                            {
                                "frame": 8,
                                "enabled": true,
                                "rotation": -17.01629801096099,
                                "x": 57.285362761734795,
                                "y": 49.842678721011865,
                                "width": 14.204564766666895,
                                "height": 35.59929924874199,
                                "time": 0.3333333333333333
                            },
                            {
                                "frame": 9,
                                "enabled": true,
                                "rotation": -14.941865925117312,
                                "x": 57.182516216677705,
                                "y": 49.74455785048762,
                                "width": 13.902625094219378,
                                "height": 35.59929924874244,
                                "time": 0.375
                            },
                            {
                                "frame": 10,
                                "enabled": true,
                                "rotation": -14.941865925117362,
                                "x": 56.32291736280959,
                                "y": 49.23516593708433,
                                "width": 12.930556607471752,
                                "height": 35.59929924874252,
                                "time": 0.4166666666666667
                            },
                            {
                                "frame": 11,
                                "enabled": true,
                                "rotation": -14.941865925117362,
                                "x": 54.221675720020656,
                                "y": 49.914355154955494,
                                "width": 12.930556607471752,
                                "height": 35.599299248742525,
                                "time": 0.4583333333333333
                            },
                            {
                                "frame": 12,
                                "enabled": true,
                                "rotation": -9.766314234099964,
                                "x": 53.26074226213746,
                                "y": 49.575396162567394,
                                "width": 12.930556607471782,
                                "height": 35.599299248742675,
                                "time": 0.5
                            },
                            {
                                "frame": 13,
                                "enabled": true,
                                "rotation": -6.455055603443271,
                                "x": 53.20773493112818,
                                "y": 49.45195313881279,
                                "width": 12.423816098417992,
                                "height": 35.09313670192669,
                                "time": 0.5416666666666666
                            },
                            {
                                "frame": 14,
                                "enabled": true,
                                "rotation": -6.455055603443271,
                                "x": 52.15711410973371,
                                "y": 49.62175044328058,
                                "width": 12.423816098417992,
                                "height": 35.09313670192669,
                                "time": 0.5833333333333334
                            },
                            {
                                "frame": 15,
                                "enabled": true,
                                "rotation": -4.5924459022394135,
                                "x": 52.074987317593454,
                                "y": 48.70013048226438,
                                "width": 11.947794396636684,
                                "height": 35.09313670192674,
                                "time": 0.625
                            },
                            {
                                "frame": 17,
                                "enabled": true,
                                "rotation": -4.5924459022398105,
                                "x": 52.074987317593504,
                                "y": 48.700130482264385,
                                "width": 11.178512347669978,
                                "height": 35.09313670192677,
                                "time": 0.7083333333333334
                            },
                            {
                                "frame": 19,
                                "enabled": true,
                                "rotation": -4.592445902240129,
                                "x": 52.074987317593525,
                                "y": 48.70013048226442,
                                "width": 11.947794396636406,
                                "height": 35.09313670192681,
                                "time": 0.7916666666666666
                            },
                            {
                                "frame": 22,
                                "enabled": true,
                                "rotation": -4.592445902240129,
                                "x": 51.78845436630414,
                                "y": 48.360535873328836,
                                "width": 11.947794396636406,
                                "height": 35.09313670192681,
                                "time": 0.9166666666666666
                            },
                            {
                                "frame": 23,
                                "enabled": true,
                                "rotation": -4.592445902240129,
                                "x": 50.737833544909684,
                                "y": 45.64377900184417,
                                "width": 11.947794396636406,
                                "height": 35.09313670192681,
                                "time": 0.9583333333333334
                            },
                            {
                                "frame": 26,
                                "enabled": true,
                                "rotation": -4.5924459022402875,
                                "x": 49.9737456748048,
                                "y": 46.15317091524776,
                                "width": 12.473136482074914,
                                "height": 36.19022114430235,
                                "time": 1.0833333333333333
                            },
                            {
                                "frame": 27,
                                "enabled": true,
                                "rotation": -4.5924459022402875,
                                "x": 49.97374567480481,
                                "y": 47.002157437586725,
                                "width": 12.473136482074914,
                                "height": 36.19022114430235,
                                "time": 1.125
                            },
                            {
                                "frame": 29,
                                "enabled": true,
                                "rotation": -4.5924459022402875,
                                "x": 49.97374567480481,
                                "y": 45.98337361077997,
                                "width": 12.473136482074914,
                                "height": 36.19022114430235,
                                "time": 1.2083333333333333
                            },
                            {
                                "frame": 32,
                                "enabled": true,
                                "rotation": -4.5924459022402875,
                                "x": 49.878234691041676,
                                "y": 48.36053587332905,
                                "width": 12.473136482074914,
                                "height": 36.19022114430235,
                                "time": 1.3333333333333333
                            },
                            {
                                "frame": 33,
                                "enabled": true,
                                "rotation": -4.5924459022402875,
                                "x": 49.305168788462886,
                                "y": 49.37931970013579,
                                "width": 12.473136482074914,
                                "height": 36.19022114430235,
                                "time": 1.375
                            },
                            {
                                "frame": 34,
                                "enabled": true,
                                "rotation": -4.5924459022402875,
                                "x": 48.35005895083156,
                                "y": 51.247090049281496,
                                "width": 12.473136482074914,
                                "height": 36.19022114430235,
                                "time": 1.4166666666666667
                            },
                            {
                                "frame": 35,
                                "enabled": true,
                                "rotation": -4.5924459022404465,
                                "x": 46.6308612430953,
                                "y": 49.71891430907159,
                                "width": 13.489794921527665,
                                "height": 37.01677749755752,
                                "time": 1.4583333333333333
                            },
                            {
                                "frame": 37,
                                "enabled": true,
                                "rotation": -4.5924459022404465,
                                "x": 46.82188321062157,
                                "y": 48.36053587332927,
                                "width": 13.489794921527665,
                                "height": 37.01677749755752,
                                "time": 1.5416666666666667
                            },
                            {
                                "frame": 38,
                                "enabled": true,
                                "rotation": -4.5924459022403665,
                                "x": 47.10841616191116,
                                "y": 47.171954742055036,
                                "width": 14.117988673438967,
                                "height": 37.958205025728844,
                                "time": 1.5833333333333333
                            },
                            {
                                "frame": 39,
                                "enabled": true,
                                "rotation": -4.592445902240129,
                                "x": 48.63659190212141,
                                "y": 45.64377900184499,
                                "width": 14.597446802178785,
                                "height": 40.070802431904454,
                                "time": 1.625
                            },
                            {
                                "frame": 40,
                                "enabled": true,
                                "rotation": -4.59244590223997,
                                "x": 49.11414682093718,
                                "y": 45.47398169737751,
                                "width": 15.035231873377667,
                                "height": 40.985039467217184,
                                "time": 1.6666666666666667
                            },
                            {
                                "frame": 41,
                                "enabled": true,
                                "rotation": -4.5924459022396515,
                                "x": 49.11414682093726,
                                "y": 45.47398169737751,
                                "width": 15.511253575158882,
                                "height": 41.689238602608896,
                                "time": 1.7083333333333333
                            },
                            {
                                "frame": 42,
                                "enabled": true,
                                "rotation": -4.592445902239096,
                                "x": 48.732102885884906,
                                "y": 43.776008652699545,
                                "width": 15.815597675419275,
                                "height": 43.43614119465952,
                                "time": 1.75
                            },
                            {
                                "frame": 43,
                                "enabled": true,
                                "rotation": -4.5924459022391755,
                                "x": 48.0635259995431,
                                "y": 42.75722482589303,
                                "width": 17.098363584550295,
                                "height": 46.855860943132114,
                                "time": 1.7916666666666667
                            },
                            {
                                "frame": 46,
                                "enabled": true,
                                "rotation": -4.592445902239096,
                                "x": 46.909948893233825,
                                "y": 43.7982210369605,
                                "width": 18.44729347397025,
                                "height": 51.26252632308079,
                                "time": 1.9166666666666667
                            },
                            {
                                "frame": 47,
                                "enabled": true,
                                "rotation": -4.59244590223846,
                                "x": 46.994411708937,
                                "y": 45.66756907223706,
                                "width": 18.447293473970248,
                                "height": 50.741174594751456,
                                "time": 1.9583333333333333
                            },
                            {
                                "frame": 48,
                                "enabled": true,
                                "rotation": -4.59244590223846,
                                "x": 46.03930187130568,
                                "y": 51.610474728609766,
                                "width": 18.447293473970248,
                                "height": 50.741174594751456,
                                "time": 2
                            },
                            {
                                "frame": 49,
                                "enabled": true,
                                "rotation": -4.5924459022385395,
                                "x": 45.84827990377945,
                                "y": 54.83662351349785,
                                "width": 17.963624446072465,
                                "height": 50.741174594751584,
                                "time": 2.0416666666666665
                            },
                            {
                                "frame": 50,
                                "enabled": true,
                                "rotation": -4.5924459022375865,
                                "x": 45.97970396778286,
                                "y": 58.25471926050723,
                                "width": 17.963624446072483,
                                "height": 47.823102124697265,
                                "time": 2.0833333333333335
                            },
                            {
                                "frame": 51,
                                "enabled": true,
                                "rotation": -4.592445902237666,
                                "x": 46.075214951546,
                                "y": 61.14127343645976,
                                "width": 16.6231163549684,
                                "height": 47.82310212469735,
                                "time": 2.125
                            },
                            {
                                "frame": 52,
                                "enabled": true,
                                "rotation": -6.2086986386298815,
                                "x": 46.55349491839308,
                                "y": 66.69511246917195,
                                "width": 14.682300583283286,
                                "height": 42.86789452356098,
                                "time": 2.1666666666666665
                            },
                            {
                                "frame": 53,
                                "enabled": true,
                                "rotation": -6.20869863862994,
                                "x": 46.68140559246889,
                                "y": 68.7853794360068,
                                "width": 14.07326271290911,
                                "height": 40.765294876378974,
                                "time": 2.2083333333333335
                            },
                            {
                                "frame": 54,
                                "enabled": true,
                                "rotation": -6.208698638629999,
                                "x": 46.78430978979639,
                                "y": 70.46700019186957,
                                "width": 13.10508084525019,
                                "height": 39.07375247338881,
                                "time": 2.25
                            },
                            {
                                "frame": 55,
                                "enabled": true,
                                "rotation": -6.208698638629823,
                                "x": 46.52188084080814,
                                "y": 71.20049312197924,
                                "width": 12.504387607864492,
                                "height": 38.67753013228757,
                                "time": 2.2916666666666665
                            },
                            {
                                "frame": 56,
                                "enabled": true,
                                "rotation": -6.208698638630058,
                                "x": 46.13983690575565,
                                "y": 73.06826347112495,
                                "width": 11.839732221765246,
                                "height": 38.677530132287636,
                                "time": 2.3333333333333335
                            },
                            {
                                "frame": 57,
                                "enabled": true,
                                "rotation": -6.208698638629999,
                                "x": 46.16505805079208,
                                "y": 73.48041770857266,
                                "width": 11.333989753822097,
                                "height": 38.26294416408784,
                                "time": 2.375
                            },
                            {
                                "frame": 60,
                                "enabled": true,
                                "rotation": -8.300320640173492,
                                "x": 46.75660248227868,
                                "y": 75.12200477390226,
                                "width": 9.869462119494592,
                                "height": 25.528281513044522,
                                "time": 2.5
                            },
                            {
                                "frame": 63,
                                "enabled": true,
                                "rotation": -8.300320640173492,
                                "x": 47.719084777522255,
                                "y": 73.12485898983739,
                                "width": 8.703746968607936,
                                "height": 23.085105061695682,
                                "time": 2.625
                            },
                            {
                                "frame": 65,
                                "enabled": true,
                                "rotation": -8.78028122018538,
                                "x": 49.38991095239584,
                                "y": 74.05229491604389,
                                "width": 8.000015205612485,
                                "height": 21.173761119486098,
                                "time": 2.7083333333333335
                            },
                            {
                                "frame": 69,
                                "enabled": true,
                                "rotation": -8.780281220185465,
                                "x": 49.867465871211564,
                                "y": 74.39188952497942,
                                "width": 7.071425750264618,
                                "height": 18.513430899559793,
                                "time": 2.875
                            }
                        ],
                        "framesCount": 1009,
                        "labels": [
                            "Possum"
                        ]
                    },
                    "id": "HdYVzM7SwV",
                    "from_name": "box",
                    "to_name": "video",
                    "type": "videorectangle",
                    "origin": "manual"
                }
            ]
        }
    ]
}

===== END FILE: web/libs/editor/src/examples/video_bboxes/annotations/1.json =====


===== FILE: web/libs/editor/src/examples/audio_video_paragraphs/index.js =====
import config from "./config.xml";
import tasks from "./tasks.json";
import annotation from "./annotations/1.json";

export const AudioVideoParagraph = { config, tasks, annotation };

===== END FILE: web/libs/editor/src/examples/audio_video_paragraphs/index.js =====


===== FILE: web/libs/editor/src/examples/audio_video_paragraphs/config.xml =====
<View>
  <Video name="video" value="$video" sync="sync1" />
  <Labels name="audio_label" toName="audio">
    <Label value="Positive" background="red"></Label>
    <Label value="Negative" background="green"></Label>
    <Label value="Neutral" background="yellow"></Label>
  </Labels>
  <Audio name="audio" value="$video" hotkey="space" sync="sync1" />
  <ParagraphLabels name="label" toName="text">
    <Label value="Important Stuff"></Label>
    <Label value="Random talk"></Label>
  </ParagraphLabels>
  <Paragraphs audioUrl="$video" name="text" value="$dialogue" layout="dialogue" savetextresult="yes" sync="sync1" />
</View>


===== END FILE: web/libs/editor/src/examples/audio_video_paragraphs/config.xml =====


===== FILE: web/libs/editor/src/examples/audio_video_paragraphs/tasks.json =====
[
  {
    "data": {
      "video": "https://app.heartex.ai/static/samples/opossum_snow.mp4",
      "dialogue": [
        {
          "start": 3.1,
          "end": 5.6,
          "author": "Mia Wallace",
          "text": "Dont you hate that?"
        },
        {
          "start": 10.2,
          "duration": 3.1,
          "author": "Vincent Vega:",
          "text": "Hate what?"
        },
        {
          "author": "Mia Wallace:",
          "text": "Uncomfortable silences. Why do we feel its necessary to yak about nonsense in order to be comfortable?"
        },
        {
          "start": 20,
          "author": "Vincent Vega:",
          "text": "I dont know. Thats a good question."
        },
        {
          "author": "Mia Wallace:",
          "text": "Thats when you know you found somebody really special. When you can just shut the door closed a minute, and comfortably share silence."
        }
      ]
    }
  }
]

===== END FILE: web/libs/editor/src/examples/audio_video_paragraphs/tasks.json =====


===== FILE: web/libs/editor/src/examples/audio_video_paragraphs/START.md =====
# Audio Video Paragraph

# Install

## Linux & Ubuntu guide

Install python and virtualenv 

```bash
# install python and virtualenv 
apt install python3.6
pip3 install virtualenv

# setup python virtual environment 
virtualenv -p python3 env3
source env3/bin/activate

# install requirements 
cd backend
pip install -r requirements.txt
```

# Start

Listen to the audio transcriptions, watch the video, and classify

```bash
python server.py -c config.json -l ../examples/audio_video_paragraph/config.xml -i ../examples/audio_video_paragraph/tasks.json -o output
```

===== END FILE: web/libs/editor/src/examples/audio_video_paragraphs/START.md =====


===== FILE: web/libs/editor/src/examples/audio_video_paragraphs/annotations/1.json =====
{
    "annotations": [
        {
            "result": [
                {"id":"ryzr4QdL93","from_name":"label","to_name":"text","source":"$dialogue","type":"paragraphlabels","value":{"start":"2","end":"4","startOffset":0,"endOffset":134,"paragraphlabels":["Important Stuff"]}},
                {"id":"ryzr4QdL94","from_name":"audio_label","to_name":"audio","source":"$video","type":"labels","value": {"start": 2,"end": 4,"labels":["Neutral"]}}
            ]
        }
    ],
    "data": {
        "dialogue":[
            {
               "author":"Mia Wallace",
               "text":"Dont you hate that?"
            },
            {
               "author":"Vincent Vega:",
               "text":"Hate what?"
            },
            {
               "author":"Mia Wallace:",
               "text":"Uncomfortable silences. Why do we feel its necessary to yak about nonsense in order to be comfortable?"
            },
            {
               "author":"Vincent Vega:",
               "text":"I dont know. Thats a good question."
            },
            {
               "author":"Mia Wallace:",
               "text":"Thats when you know you found somebody really special. When you can just shut the door closed a minute, and comfortably share silence."
            }
         ]
    },
    "id": 0,
    "task_path": "../examples/audio_video_paragraphs/tasks.json"
}


===== END FILE: web/libs/editor/src/examples/audio_video_paragraphs/annotations/1.json =====


===== FILE: web/libs/editor/src/examples/nested_choices/complicated.js =====
import config from "./config-complicated.xml";
import tasks from "./tasks.json";
import annotation from "./annotations/0.json";

export const Nested = { config, tasks, annotation };

===== END FILE: web/libs/editor/src/examples/nested_choices/complicated.js =====


===== FILE: web/libs/editor/src/examples/nested_choices/index.js =====
import config from "./config.xml";
import tasks from "./tasks.json";
import annotation from "./annotations/0.json";

export const Nested = { config, tasks, annotation };

===== END FILE: web/libs/editor/src/examples/nested_choices/index.js =====


===== FILE: web/libs/editor/src/examples/nested_choices/config.xml =====
<View>
  <Text name="text" value="$reviewText" valueType="text" />
  <Choices name="sentiment" toName="text" showInLine="true">
    <Choice value="Positive" />
    <Choice value="Negative" />
    <Choice value="Neutral" />
  </Choices>
  <Choices name="ch" toName="text"
    choice="single" showInLine="true"
    visibleWhen="choice-selected"
  >
    <Choice value="Descriptive" />
    <Choice value="Emotional" />
  </Choices>
</View>
===== END FILE: web/libs/editor/src/examples/nested_choices/config.xml =====


===== FILE: web/libs/editor/src/examples/nested_choices/tasks.json =====
[
  {
    "data": {
      "reviewerID": "A2IBPI20UZIR0U",
      "asin": "1384719342",
      "reviewerName": "cassandra tu \"Yeah, well, that's just like, u...",
      "helpful": [0, 0],
      "reviewText": "Not much to write about here, but it does exactly what it's supposed to. filters out the pop sounds. now my recordings are much more crisp. it is one of the lowest prices pop filters on amazon so might as well buy it, they honestly work the same despite their pricing,",
      "overall": 5,
      "summary": "good",
      "unixReviewTime": 1393545600,
      "reviewTime": "02 28, 2014"
    },
    "predictions": []
  }
]

===== END FILE: web/libs/editor/src/examples/nested_choices/tasks.json =====


===== FILE: web/libs/editor/src/examples/nested_choices/config-complicated.xml =====
<View>
  <Labels name="ner" toName="my_text" choice="multiple">
    <Label value="Person" background="red"/>
    <Label value="Organization" background="darkorange"/>
    <Label value="Fact" background="orange"/>
    <Label value="Money" background="green"/>
    <Label value="Date" background="darkblue"/>
    <Label value="Time" background="blue"/>
    <Label value="Ordinal" background="purple"/>
    <Label value="Percent" background="#842"/>
    <Label value="Product" background="#428"/>
    <Label value="Language" background="#482"/>
    <Label value="Location" background="rgba(0,0,0,0.8)"/>
  </Labels>
  <Text name="my_text" value="$reviewText"/>
  <Choices name="sentiment" toName="my_text" choice="single" showInLine="true">
    <Choice value="Positive"/>
    <Choice value="Negative"/>
    <Choice value="Neutral"/>
  </Choices>
  <Textarea name="description" toName="my_text" perRegion="true"
             choice="single" showInLine="true" whenLabelValue="Person">
    </Textarea>
  <Choices name="gender" toName="my_text" perRegion="true"
             choice="single" showInLine="true" whenLabelValue="Person">
      <Choice value="Female"/>
      <Choice value="Male"/>
    </Choices>
  <Choices name="currency" toName="my_text" perRegion="true"
             choice="single" showInLine="true" whenLabelValue="Money">
      <Choice value="USD"/>
      <Choice value="EUR"/>
    </Choices>
  <Choices name="sentiment2" toName="my_text"
             choice="single" showInLine="true" perRegion="true">
      <Choice value="Positive"/>
      <Choice value="Negative"/>
    </Choices>
</View>

===== END FILE: web/libs/editor/src/examples/nested_choices/config-complicated.xml =====


===== FILE: web/libs/editor/src/examples/nested_choices/annotations/0.json =====
{
  "annotations": [
    {
      "result": []
    }
  ],
  "data": {
    "asin": "1384719342",
    "helpful": [13, 14],
    "overall": 5,
    "reviewText": "What a waste of money and time!",
    "reviewTime": "03 16, 2013",
    "reviewerID": "A14VAT5EAX3D9S",
    "reviewerName": "Jake",
    "summary": "Jake",
    "unixReviewTime": 1363392000
  },
  "id": 1,
  "task_path": "../examples/sentiment_analysis/tasks.json"
}

===== END FILE: web/libs/editor/src/examples/nested_choices/annotations/0.json =====


===== FILE: web/libs/editor/src/examples/rich_text_plain_remote/index.js =====
import config from "./config.xml";
import tasks from "./tasks.json";
import annotation from "./annotations/1.json";

export const RichTextPlainRemote = { config, tasks, annotation };

===== END FILE: web/libs/editor/src/examples/rich_text_plain_remote/index.js =====


===== FILE: web/libs/editor/src/examples/rich_text_plain_remote/config.xml =====
<View>
  <Labels name="ner" toName="text">
    <Label value="Person"></Label>
    <Label value="Organization"></Label>
    <Label value="Date"></Label>
  </Labels>
  <Text name="text" value="$url" valueType="url"></Text>
</View>

===== END FILE: web/libs/editor/src/examples/rich_text_plain_remote/config.xml =====


===== FILE: web/libs/editor/src/examples/rich_text_plain_remote/tasks.json =====
[
  {
    "data": {
      "url": "https://htx-pub.s3.amazonaws.com/example.txt"
    },
    "predictions": [
      {
        "model_version": "model 1",
        "created_ago": "2 weeks, 6 days",
        "result": []
      }
    ]
  }
]

===== END FILE: web/libs/editor/src/examples/rich_text_plain_remote/tasks.json =====


===== FILE: web/libs/editor/src/examples/rich_text_plain_remote/START.md =====

# HTML Document Annotation

![HTML Document Annotation](/images/screenshots/html_document.png "HTML Document Annotation")

# Install

## Linux & Ubuntu guide

Install python and virtualenv 

```bash
# install python and virtualenv 
apt install python3.6
pip3 install virtualenv

# setup python virtual environment 
virtualenv -p python3 env3
source env3/bin/activate

# install requirements 
cd backend
pip install -r requirements.txt
```

# Start

Named entity recognition for a piece of html markup

```bash
python server.py -c config.json -l ../examples/html_document/config.xml -i ../examples/html_document/tasks.json -o output
```

===== END FILE: web/libs/editor/src/examples/rich_text_plain_remote/START.md =====


===== FILE: web/libs/editor/src/examples/rich_text_plain_remote/annotations/1.json =====
{
    "annotations": [
        {
            "id": "1001",
            "result": []
        }
    ],
    "data": {
        "url": "https://htx-pub.s3.amazonaws.com/example.txt"
    },
    "id": 1,
    "task_path": "../examples/named_entity/tasks.json"
}

===== END FILE: web/libs/editor/src/examples/rich_text_plain_remote/annotations/1.json =====


===== FILE: web/libs/editor/src/examples/phrases/index.js =====
import config from "./config.xml";
import tasks from "./tasks.json";
import annotation from "./annotations/1.json";

export const Dialogue = { config, tasks, annotation };

===== END FILE: web/libs/editor/src/examples/phrases/index.js =====


===== FILE: web/libs/editor/src/examples/phrases/config.xml =====
<View>
  <ParagraphLabels name="ner" toName="text">
    <Label value="Important Stuff"></Label>
    <Label value="Random talk"></Label>
  </ParagraphLabels>
  <Paragraphs audioUrl="$audio" name="text" value="$dialogue" layout="dialogue" savetextresult="yes" />
</View>

===== END FILE: web/libs/editor/src/examples/phrases/config.xml =====


===== FILE: web/libs/editor/src/examples/phrases/tasks.json =====
[
  {
    "data": {
      "audio": "https://htx-pub.s3.us-east-1.amazonaws.com/examples/audio/barradeen-emotional.mp3",
      "dialogue": [
        {
          "start": 3.1,
          "end": 5.6,
          "author": "Mia Wallace",
          "text": "Dont you hate that?"
        },
        {
          "start": 4.2,
          "duration": 3.1,
          "author": "Vincent Vega:",
          "text": "Hate what?"
        },
        {
          "author": "Mia Wallace:",
          "text": "Uncomfortable silences. Why do we feel its necessary to yak about nonsense in order to be comfortable?"
        },
        {
          "start": 90,
          "author": "Vincent Vega:",
          "text": "I dont know. Thats a good question."
        },
        {
          "author": "Mia Wallace:",
          "text": "Thats when you know you found somebody really special. When you can just shut the door closed a minute, and comfortably share silence."
        }
      ]
    }
  }
]

===== END FILE: web/libs/editor/src/examples/phrases/tasks.json =====


===== FILE: web/libs/editor/src/examples/phrases/START.md =====

# HTML Document Annotation

![HTML Document Annotation](/images/screenshots/html_document.png "HTML Document Annotation")

# Install

## Linux & Ubuntu guide

Install python and virtualenv 

```bash
# install python and virtualenv 
apt install python3.6
pip3 install virtualenv

# setup python virtual environment 
virtualenv -p python3 env3
source env3/bin/activate

# install requirements 
cd backend
pip install -r requirements.txt
```

# Start

Named entity recognition for a piece of html markup

```bash
python server.py -c config.json -l ../examples/html_document/config.xml -i ../examples/html_document/tasks.json -o output
```

===== END FILE: web/libs/editor/src/examples/phrases/START.md =====


===== FILE: web/libs/editor/src/examples/phrases/annotations/1.json =====
{
    "annotations": [
        {
            "result": [
                {"id":"ryzr4QdL93","from_name":"ner","to_name":"text","source":"$dialogue","type":"paragraphlabels","value":{"start":"2","end":"4","startOffset":0,"endOffset":134,"paragraphlabels":["Important Stuff"]}}
            ]
        }
    ],
    "data": {
        "dialogue":[
            {
               "author":"Mia Wallace",
               "text":"Dont you hate that?"
            },
            {
               "author":"Vincent Vega:",
               "text":"Hate what?"
            },
            {
               "author":"Mia Wallace:",
               "text":"Uncomfortable silences. Why do we feel its necessary to yak about nonsense in order to be comfortable?"
            },
            {
               "author":"Vincent Vega:",
               "text":"I dont know. Thats a good question."
            },
            {
               "author":"Mia Wallace:",
               "text":"Thats when you know you found somebody really special. When you can just shut the door closed a minute, and comfortably share silence."
            }
         ]
    },
    "id": 0,
    "task_path": "../examples/phrases/tasks.json"
}

===== END FILE: web/libs/editor/src/examples/phrases/annotations/1.json =====


===== FILE: web/libs/editor/src/examples/image_keypoints/index.js =====
import config from "./config.xml";
import tasks from "./tasks.json";
import annotation from "./annotations/0.json";

export const ImageKeyPoint = { config, tasks, annotation };

===== END FILE: web/libs/editor/src/examples/image_keypoints/index.js =====


===== FILE: web/libs/editor/src/examples/image_keypoints/config.xml =====
<View>
  <Image name="img" value="$image" zoom="true"></Image>
  <KeyPointLabels name="tag" toName="img" fillcolor="red">
    <Label value="Hello" background="yellow"></Label>
    <Label value="World" background="blue"></Label>
  </KeyPointLabels>
</View>

===== END FILE: web/libs/editor/src/examples/image_keypoints/config.xml =====


===== FILE: web/libs/editor/src/examples/image_keypoints/tasks.json =====
[
  {
    "data": {
      "image": "https://user.fm/files/v2-901310d5cb3fa90e0616ca10590bacb3/spacexmoon-800x501.jpg"
    },
    "predictions": [
      {
        "model_version": "model 1",
        "created_ago": "3 hours",
        "result": [
          {
            "id": "hqudA4A3U4",
            "from_name": "tag",
            "to_name": "img",
            "source": "$image",
            "type": "keypointlabels",
            "value": {
              "x": 49.6,
              "y": 52.340425531914896,
              "width": 0.6666666666666666,
              "keypointlabels": ["Hello"]
            }
          }
        ]
      }
    ]
  }
]

===== END FILE: web/libs/editor/src/examples/image_keypoints/tasks.json =====


===== FILE: web/libs/editor/src/examples/image_keypoints/START.md =====

# Image KeyPoints

![Image KeyPoints](/images/screenshots/image_keypoints.png "Image KeyPoints")

# Install

## Linux & Ubuntu guide

Install python and virtualenv 

```bash
# install python and virtualenv 
apt install python3.6
pip3 install virtualenv

# setup python virtual environment 
virtualenv -p python3 env3
source env3/bin/activate

# install requirements 
cd backend
pip install -r requirements.txt
```

# Start

Key points for the images

```bash
python server.py -c config.json -l ../examples/image_keypoints/config.xml -i ../examples/image_keypoints/tasks.json -o output
```

===== END FILE: web/libs/editor/src/examples/image_keypoints/START.md =====


===== FILE: web/libs/editor/src/examples/image_keypoints/annotations/0.json =====
{
  "annotations": [
    {
      "result": [
        {
          "id": "hqudA4A3U4",
          "from_name": "tag",
          "to_name": "img",
          "source": "$image",
          "type": "keypointlabels",
          "value": {
            "x": 49.6,
            "y": 52.340425531914896,
            "width": 0.6666666666666666,
            "keypointlabels": ["Hello"]
          }
        },
        {
          "id": "Rz9oHDXIwG",
          "from_name": "tag",
          "to_name": "img",
          "source": "$image",
          "type": "keypointlabels",
          "value": {
            "x": 47.733333333333334,
            "y": 52.765957446808514,
            "width": 0.6666666666666666,
            "keypointlabels": ["World"]
          }
        }
      ]
    }
  ],
  "data": {
    "image": "https://user.fm/files/v2-901310d5cb3fa90e0616ca10590bacb3/spacexmoon-800x501.jpg"
  },
  "id": 0,
  "task_path": "../examples/image_keypoints/tasks.json"
}

===== END FILE: web/libs/editor/src/examples/image_keypoints/annotations/0.json =====


===== FILE: web/libs/editor/src/examples/required/index.js =====
import config from "./config.xml";
import tasks from "./tasks.json";
import annotation from "./annotations/1.json";

export const Required = { config, tasks, annotation };

===== END FILE: web/libs/editor/src/examples/required/index.js =====


===== FILE: web/libs/editor/src/examples/required/config.xml =====
<View>
  <Text name="text" value="$text"></Text>
  <Choices name="validation-label" required="true" toName="text">
    <Choice value="Missing words" alias="missing-words"></Choice>
    <Choice value="Valid" alias="valid"></Choice>
  </Choices>
  <Choices name="second" required="true" toName="text">
    <Choice value="Don't select me" alias="dont"></Choice>
    <Choice value="Me neither" alias="neither"></Choice>
  </Choices>
</View>

===== END FILE: web/libs/editor/src/examples/required/config.xml =====


===== FILE: web/libs/editor/src/examples/required/tasks.json =====
[
  {
    "data": {
      "text": "To have faith is to trust yourself to the water"
    },
    "predictions": [
      {
        "model_version": "model 1",
        "created_ago": "3 hours",
        "result": [
          {
            "from_name": "validation-label",
            "id": "NT0HCnJjv5",
            "to_name": "text",
            "type": "choices",
            "value": {
              "choices": ["valid"]
            }
          }
        ]
      }
    ]
  },
  {
    "data": {
      "text": "When you swim you don't grab hold of the water, because if you do you will sink and drown. Instead you relax, and float."
    }
  }
]

===== END FILE: web/libs/editor/src/examples/required/tasks.json =====


===== FILE: web/libs/editor/src/examples/required/annotations/1.json =====
{
    "annotations": [
        {
            "id": "1001",
            "result": []
        }
    ],
    "data": {
        "text": "To have faith is to trust yourself to the water"
    },
    "id": 1,
    "task_path": "../examples/references/tasks.json"
}

===== END FILE: web/libs/editor/src/examples/required/annotations/1.json =====


===== FILE: web/libs/editor/src/examples/image_tools/index.js =====
import config from "./config.xml";
import tasks from "./tasks.json";
import annotation from "./annotations/1.json";

export const ImageTools = { config, tasks, annotation };

===== END FILE: web/libs/editor/src/examples/image_tools/index.js =====


===== FILE: web/libs/editor/src/examples/image_tools/config.xml =====
<View>
  <Image name="image" value="$image" />
  <Rectangle name="rect" toName="image" />
  <Ellipse name="ellipse" toName="image" />
  <KeyPoint name="kp" toName="image" />
  <Polygon name="polygon" toName="image" />
  <Brush name="brush" toName="image" />
  <Labels name="labels" toName="image" fillOpacity="0.5" strokeWidth="5">
    <Label value="Planet" background="green"></Label>
    <Label value="Moonwalker" background="blue"></Label>
  </Labels>
  <RectangleLabels name="rectangle-labels" toName="image" fillOpacity="0.5" strokeWidth="5">
    <Label value="Planet" background="red"></Label>
    <Label value="Moonwalker" background="purple"></Label>
  </RectangleLabels>
  <Relations>
    <Relation value="similar" />
    <Relation value="dissimilar" />
  </Relations>
</View>

===== END FILE: web/libs/editor/src/examples/image_tools/config.xml =====


===== FILE: web/libs/editor/src/examples/image_tools/tasks.json =====
[
  {
    "data": {
      "image": "https://htx-pub.s3.us-east-1.amazonaws.com/examples/images/nick-owuor-astro-nic-visuals-wDifg5xc9Z4-unsplash.jpg"
    }
  }
]

===== END FILE: web/libs/editor/src/examples/image_tools/tasks.json =====
