

===== FILE: label_studio/core/static_build/images/heidi-404.svg =====
<svg width="812" height="338" viewBox="0 0 812 338" fill="none" xmlns="http://www.w3.org/2000/svg">
<path d="M211.402 323.235V269.275H80.682V213.035L172.642 57.2355H260.042V225.955H304.122V269.275H260.042V323.235H211.402ZM127.042 225.955H211.402V88.3955H204.562L127.042 219.875V225.955ZM435.504 328.555C404.091 328.555 378.884 319.942 359.884 302.715C340.884 285.235 331.384 258.889 331.384 223.675V156.795C331.384 122.595 340.884 96.6288 359.884 78.8955C378.884 60.9088 404.091 51.9155 435.504 51.9155C467.171 51.9155 492.377 60.9088 511.124 78.8955C530.124 96.6288 539.624 122.595 539.624 156.795V223.675C539.624 258.889 530.124 285.235 511.124 302.715C492.377 319.942 467.171 328.555 435.504 328.555ZM435.504 285.235C454.504 285.235 468.437 280.042 477.304 269.655C486.424 259.269 490.984 244.449 490.984 225.195V154.515C490.984 135.009 485.917 120.315 475.784 110.435C465.904 100.302 452.477 95.2355 435.504 95.2355C418.024 95.2355 404.344 100.429 394.464 110.815C384.837 121.202 380.024 135.769 380.024 154.515V225.195C380.024 245.209 384.584 260.282 393.704 270.415C403.077 280.295 417.011 285.235 435.504 285.235ZM699.39 323.235V269.275H568.67V213.035L660.63 57.2355H748.03V225.955H792.11V269.275H748.03V323.235H699.39ZM615.03 225.955H699.39V88.3955H692.55L615.03 219.875V225.955Z" fill="black"/>
<path d="M794.972 40.2966C796.282 39.7167 797.603 40.1645 798.847 40.908C801.754 42.652 803.859 45.4752 804.703 48.7651C805.551 52.0352 805.689 55.4497 805.108 58.7781C804.622 61.5612 803.557 64.2107 801.983 66.5544C800.932 68.2276 799.712 69.7986 798.504 71.3724C797.389 72.8286 796.104 74.146 794.677 75.2963C792.417 77.1088 789.825 78.4446 787.259 79.7792C785.306 80.8178 783.255 81.7533 781.176 82.596C779.267 83.3688 777.417 84.2877 775.567 85.1897C775.379 85.3163 775.151 85.3697 774.926 85.3399C774.701 85.3101 774.494 85.1991 774.345 85.0278C773.998 84.6488 774.421 84.3499 774.56 84.0164C774.698 83.6829 780.5 76.5661 781.399 75.6006C782.523 74.3801 783.38 72.9712 784.509 71.7715C786.053 70.0661 787.25 68.0758 788.035 65.9117C789.2 62.8866 789.109 59.6303 789.437 56.4584C789.653 54.3556 789.364 52.2229 789.814 50.1284C790.212 48.2516 790.681 46.3906 791.023 44.5058C791.218 43.5021 791.692 42.5742 792.391 41.8294C793.09 41.0846 793.985 40.5532 794.972 40.2966ZM790.444 56.3082C790.439 58.525 789.947 60.7185 789.767 62.9231C789.46 66.7157 787.316 69.6238 785.042 72.4978C784.584 73.0822 784.168 73.7006 783.738 74.3112C782.472 76.0986 780.73 77.4781 779.36 79.1806C778.776 79.8795 778.421 80.7706 777.646 81.3673C777.335 81.6052 776.877 82.0566 777.21 82.5112C777.476 82.8717 777.904 82.4111 778.305 82.472L782.902 80.4341C785.734 79.1946 788.501 77.8109 791.193 76.2884C793.102 75.1693 794.844 73.7842 796.365 72.1746C797.384 71.043 798.329 69.8465 799.194 68.5925C800.823 66.5154 802.186 64.2419 803.252 61.8251C804.145 59.5993 804.551 57.2076 804.444 54.8111C804.438 52.8085 804.174 50.815 803.659 48.88C803.23 47.2852 802.471 45.7984 801.433 44.5154C800.396 43.2324 799.101 42.1816 797.633 41.4307C796.086 40.6239 794.044 41.2137 792.81 42.9269C791.986 44.0673 791.888 45.3711 791.513 46.6273C790.648 49.7939 790.478 53.0431 790.44 56.3147L790.444 56.3082Z" fill="#262522"/>
<path d="M766.797 89.5437C766.303 88.841 766.592 88.3318 766.99 87.862C767.273 87.5314 767.56 87.2165 767.816 86.865C768.95 85.3263 769.572 83.527 770.727 81.9831C772.09 80.2186 773.211 78.2788 774.06 76.2155C774.782 74.3746 775.254 72.5019 775.785 70.6253C776.719 67.3584 777.711 64.1268 777.809 60.6741C777.991 57.3017 777.685 53.9209 776.901 50.6364C775.905 46.846 774.129 43.3433 772.812 39.6656C771.617 36.3233 769.743 33.2272 768.147 30.073C766.86 27.5234 765.334 25.0774 764.821 22.1696C764.475 20.6219 764.528 19.0115 764.975 17.49C765.477 15.942 765.88 14.4407 767.365 13.341C768.522 12.5 769.84 12.4666 771.084 12.0691C772.189 11.7834 773.353 11.8297 774.432 12.2021C776.033 12.7041 777.477 13.6126 778.624 14.8393C781.349 17.4863 783.51 20.4891 784.371 24.291C784.8 26.1893 784.971 28.1352 785.522 30.009C785.908 31.5211 786.118 33.0727 786.15 34.6331C786.327 37.7684 786.436 40.9204 785.867 44.0747C785.512 46.0181 785.592 48.0199 785.262 49.9739C784.916 52.0203 784.848 54.0922 784.175 56.1144C783.353 58.6005 783.051 61.2287 781.888 63.6332C781.076 65.3134 780.354 67.0435 779.634 68.7617C778.084 72.6183 776.145 76.3062 773.848 79.7684C772.192 82.1899 770.648 84.7109 768.853 87.0174C768.189 87.8634 767.805 88.9279 766.797 89.5437ZM777.366 70.809C779.042 67.3468 780.62 63.848 781.991 60.2456C782.381 59.2073 782.471 58.0717 782.8 57.0097C784.188 52.5168 784.167 47.8419 784.9 43.2679C785.347 40.4706 785.054 37.6911 785.107 34.9085C785.04 33.5934 784.89 32.2839 784.659 30.9876C784.39 28.5342 783.643 26.1775 783.122 23.7756C782.484 20.8545 780.705 18.6153 778.755 16.4905C778.146 15.7609 777.466 15.0948 776.723 14.5024C775.117 13.3041 773.107 12.7832 771.122 13.0511C769.997 13.1596 768.912 13.5256 767.95 14.1209C766.517 15.0303 766.377 16.4996 765.951 17.8626C765.582 19.164 765.542 20.5367 765.832 21.8577C766.299 24.5111 767.755 26.7417 768.866 29.1137C770.347 32.2741 772.161 35.3022 773.404 38.5494C774.648 41.7967 776.161 45.0654 777.294 48.4232C778.479 51.8153 779.033 55.3966 778.929 58.9893C778.802 62.3442 778.57 65.7249 777.313 68.9833C776.947 69.9161 776.974 70.9671 776.516 72.0223C777.234 71.7723 777.173 71.2114 777.366 70.809Z" fill="#262522"/>
<path d="M760.99 88.2427C760.817 88.0089 762.962 83.8763 763.104 83.3759C763.697 81.4122 764.176 79.4156 764.799 77.4611C765.544 75.1104 765.384 72.6468 765.884 70.2851C766.298 68.0022 766.268 65.6607 765.795 63.3894C765.481 61.5565 764.748 59.7723 764.317 57.9574C763.863 56.3667 763.215 54.8384 762.387 53.4072C761.153 51.0272 759.304 49.11 757.471 47.1888C756.574 46.2604 755.577 45.4342 754.499 44.7252C751.64 42.8122 748.908 40.715 746.32 38.4471C743.132 35.7972 740.443 32.5967 738.38 28.9969C736.864 26.2328 735.809 23.4372 735.912 20.3157C735.999 17.558 736.237 14.6962 739.437 13.4258C740.945 12.819 742.584 12.1851 744.172 12.6217C746.192 13.1534 748.136 13.9424 749.956 14.9693C751.838 16.0586 753.524 17.4069 755.334 18.586C758.278 20.4741 760.836 22.907 762.871 25.7546C765.566 29.5555 768.36 33.3096 769.881 37.8172C770.723 40.311 771.969 42.6716 772.564 45.4204C773.3 47.8189 773.31 50.4804 773.582 53.1046C773.854 55.5435 773.801 58.0078 773.424 60.4327C773.078 62.5457 771.773 70.3522 771.201 72.0617C770.283 74.9867 769.118 77.8276 767.716 80.5531C767.322 81.2112 766.838 81.8105 766.278 82.3336C765.187 83.4903 763.993 84.562 763.216 86.0011C762.833 86.7109 761.311 88.6673 760.99 88.2427ZM764.712 82.1461C766.339 81.1054 766.943 79.4103 767.728 77.8251C768.514 76.24 768.951 74.6749 769.658 73.1313C770.295 71.546 770.668 69.8668 770.763 68.1605C771.037 66.1962 771.428 64.2499 771.932 62.3317C772.615 59.5516 772.8 56.672 772.479 53.8271C772.245 52.0296 772.351 50.1978 772.086 48.3859C771.801 46.493 771.341 44.6306 770.713 42.8225C770.115 41.0712 769.313 39.3871 768.664 37.6539C767.976 35.9462 767.147 34.2994 766.184 32.7308C764.641 30.0442 762.899 27.4772 760.974 25.0513C759.536 23.2466 757.842 21.6629 755.947 20.3504C754.211 19.1585 752.626 17.7739 750.778 16.7094C748.524 15.4133 746.29 14.018 743.686 13.7173C741.473 13.4579 739.128 13.8736 737.761 15.9021C736.95 17.0894 736.887 18.628 736.833 20.087C736.754 23.1694 737.637 26.1995 739.359 28.754C740.798 31.0276 742.231 33.2751 744.18 35.1508C746.763 37.7528 749.58 40.1092 752.597 42.1897C756.569 44.7726 759.995 48.1159 762.676 52.0283C763.723 53.4875 764.463 55.1449 764.851 56.8998C765.244 58.8515 766.059 60.6764 766.466 62.5916C766.944 65.209 767.036 67.8827 766.739 70.527C766.428 74.304 765.475 77.9412 764.553 81.5928C764.534 81.6911 764.539 81.7924 764.566 81.8886C764.594 81.9847 764.644 82.073 764.712 82.1461Z" fill="#262522"/>
<path d="M792.826 42.9283C794.06 41.2099 796.125 40.6253 797.65 41.4321C799.118 42.1829 800.412 43.2337 801.45 44.5168C802.488 45.7998 803.246 47.2866 803.676 48.8814C804.191 50.8164 804.454 52.8099 804.461 54.8125C804.568 57.2089 804.162 59.6007 803.269 61.8265C802.206 64.2443 800.844 66.5191 799.217 68.5978C798.352 69.8518 797.407 71.0483 796.388 72.1799C794.867 73.7895 793.126 75.1746 791.216 76.2937C788.525 77.8162 785.757 79.1999 782.925 80.4394L778.329 82.4773C777.906 82.4216 777.473 82.8835 777.233 82.5165C776.896 82.0463 777.363 81.6092 777.669 81.3726C778.445 80.7759 778.804 79.9056 779.384 79.1859C780.753 77.4834 782.491 76.1052 783.762 74.3165C784.166 73.7176 784.602 73.0888 785.065 72.5031C787.336 69.6356 789.483 66.721 789.79 62.9284C789.969 60.7185 790.442 58.5185 790.467 56.3135C790.504 53.0366 790.675 49.7927 791.583 46.6209C791.913 45.3816 792.015 44.0713 792.826 42.9283Z" fill="#FF8267"/>
<path d="M766.807 70.4878C767.103 67.8434 767.011 65.1698 766.533 62.5524C766.123 60.6215 765.307 58.7914 764.919 56.8606C764.531 55.1057 763.791 53.4483 762.744 51.9891C760.062 48.0767 756.637 44.7333 752.664 42.1505C749.648 40.0699 746.831 37.7136 744.248 35.1116C742.294 33.2372 740.856 30.9688 739.426 28.7148C737.704 26.1603 736.821 23.1302 736.901 20.0478C736.955 18.5888 737.031 17.0411 737.829 15.8628C739.196 13.8344 741.54 13.4186 743.754 13.6781C746.358 13.9788 748.592 15.374 750.845 16.6702C752.693 17.7347 754.283 19.1401 756.014 20.3112C757.91 21.6237 759.604 23.2074 761.042 25.012C762.967 27.4379 764.709 30.005 766.252 32.6916C767.214 34.2602 768.044 35.907 768.732 37.6147C769.386 39.3466 770.183 41.0319 770.781 42.7833C771.409 44.5914 771.868 46.4537 772.154 48.3467C772.417 50.1533 772.312 51.9852 772.547 53.7878C772.867 56.6328 772.682 59.5124 771.999 62.2925C771.495 64.2107 771.105 66.157 770.83 68.1213C770.735 69.8276 770.362 71.5068 769.726 73.0921C769.003 74.6396 768.547 76.2646 767.796 77.7859C767.044 79.3072 766.397 81.0739 764.78 82.1069C764.722 82.0247 764.684 81.9299 764.67 81.8303C764.656 81.7307 764.666 81.6293 764.699 81.5342C765.542 77.8967 766.496 74.2647 766.807 70.4878Z" fill="#FFC27B"/>
<path d="M778.929 59.0107C779.033 55.418 778.479 51.8367 777.294 48.4446C776.16 45.0815 774.661 41.8976 773.404 38.5708C772.147 35.2441 770.352 32.2942 768.865 29.1351C767.729 26.7696 766.296 24.5443 765.832 21.8791C765.541 20.5581 765.582 19.1854 765.951 17.884C766.377 16.521 766.5 15.0282 767.95 14.1422C768.911 13.547 769.997 13.181 771.122 13.0725C773.106 12.8046 775.117 13.3255 776.723 14.5238C777.465 15.1162 778.146 15.7823 778.755 16.5119C780.705 18.6367 782.485 20.8811 783.122 23.797C783.643 26.1989 784.39 28.5556 784.659 31.009C784.89 32.3053 785.04 33.6148 785.107 34.9299C785.053 37.7125 785.369 40.4698 784.899 43.2893C784.167 47.8633 784.188 52.5381 782.799 57.0311C782.47 58.0931 782.382 59.2339 781.99 60.267C780.628 63.8564 779.04 67.363 777.366 70.8304C777.172 71.2328 777.223 71.7963 776.517 72.0711C776.975 71.0159 776.953 69.9636 777.314 69.032C778.575 65.7672 778.786 62.3916 778.929 59.0107Z" fill="#DD7DFF"/>
<path d="M33.0513 303.562C31.8736 304.379 31.5639 305.742 31.5455 307.194C31.5079 310.591 32.8077 313.866 35.163 316.308C37.4997 318.742 40.3301 320.645 43.4631 321.889C46.0831 322.928 48.892 323.403 51.7073 323.283C53.6791 323.26 55.6525 323.038 57.622 322.828C59.4429 322.636 61.2344 322.227 62.9584 321.608C65.6806 320.624 68.1717 319.106 70.6475 317.611C72.5518 316.484 74.4191 315.22 76.2226 313.884C77.8773 312.656 79.626 311.555 81.3595 310.446C81.5657 310.351 81.7303 310.184 81.8226 309.976C81.9149 309.768 81.9285 309.533 81.8608 309.316C81.7204 308.821 81.2449 309.027 80.8889 308.971C80.5329 308.915 71.4501 310.153 70.159 310.418C68.5337 310.74 66.8881 310.736 65.2779 311.074C63.0213 311.502 60.7032 311.485 58.4532 311.024C55.2725 310.439 52.552 308.658 49.6844 307.28C47.784 306.365 46.122 305.003 44.1063 304.293C42.3025 303.652 40.4753 303.08 38.6946 302.387C37.7393 302.029 36.7024 301.949 35.7039 302.157C34.7053 302.365 33.7857 302.852 33.0513 303.562ZM49.0302 308.062C50.9174 309.217 53.0391 309.943 55.0072 310.942C58.3917 312.663 61.9848 312.35 65.6167 311.909C66.353 311.823 67.0964 311.791 67.8399 311.743C70.0213 311.595 72.1048 310.827 74.2682 310.546C75.1678 310.412 76.1108 310.575 77.0234 310.224C77.3885 310.082 78.0115 309.927 78.2237 310.45C78.3912 310.865 77.776 310.99 77.6178 311.365L73.4824 314.229C70.9479 316.002 68.3248 317.644 65.6234 319.149C63.6738 320.196 61.5859 320.96 59.4222 321.419C57.9275 321.699 56.4164 321.881 54.8984 321.964C52.2808 322.271 49.6352 322.248 47.0235 321.896C44.6647 321.495 42.4191 320.592 40.4381 319.247C38.7389 318.195 37.1821 316.927 35.8062 315.476C34.6752 314.274 33.8078 312.849 33.2597 311.291C32.7117 309.733 32.4952 308.077 32.6242 306.43C32.7472 304.686 34.3163 303.248 36.4181 303.089C37.8181 302.981 38.9777 303.579 40.2416 303.915C43.3857 304.831 46.2368 306.384 49.0377 308.062L49.0302 308.062Z" fill="#262522"/>
<path d="M89.646 305.225C89.3068 304.436 88.723 304.416 88.1156 304.511C87.6867 304.58 87.269 304.66 86.8365 304.695C84.9356 304.86 83.0807 304.451 81.1645 304.631C78.9518 304.874 76.7167 304.818 74.5189 304.465C72.5763 304.12 70.7379 303.544 68.8649 303.017C65.5994 302.107 62.3335 301.266 59.3471 299.545C56.3855 297.937 53.6714 295.908 51.2891 293.52C48.5878 290.687 46.5388 287.338 44.1007 284.29C41.8842 281.521 40.2323 278.3 38.3855 275.286C36.8908 272.853 35.6095 270.27 33.406 268.311C32.2709 267.206 30.8741 266.41 29.3471 265.996C27.7688 265.616 26.282 265.176 24.5705 265.87C23.2507 266.42 22.5334 267.528 21.5449 268.384C20.7245 269.179 20.1552 270.199 19.9078 271.315C19.4976 272.946 19.5149 274.656 19.958 276.278C20.7834 279.991 22.2063 283.408 24.9881 286.132C26.3771 287.492 27.942 288.655 29.2469 290.106C30.3307 291.226 31.5396 292.217 32.8497 293.059C35.4223 294.85 38.0445 296.591 41.0237 297.754C42.8612 298.467 44.5212 299.581 46.3547 300.321C48.2751 301.095 50.0723 302.12 52.1428 302.603C54.6863 303.199 57.0782 304.315 59.7304 304.578C61.5832 304.763 63.4314 305.05 65.2682 305.333C69.3571 306.024 73.5058 306.295 77.6497 306.142C80.5743 305.992 83.5242 305.99 86.4235 305.662C87.4899 305.536 88.5954 305.765 89.646 305.225ZM68.1943 304.465C64.3751 304.087 60.5756 303.607 56.7968 302.895C55.7101 302.686 54.6978 302.169 53.623 301.895C49.0778 300.732 45.1149 298.27 40.8434 296.505C38.2314 295.426 36.0222 293.721 33.6288 292.312C32.546 291.567 31.5111 290.755 30.5301 289.879C28.5849 288.367 26.9722 286.496 25.2028 284.795C23.0532 282.722 22.0799 280.031 21.293 277.253C20.991 276.351 20.7807 275.421 20.6653 274.477C20.4864 272.477 21.0946 270.486 22.3599 268.93C23.0403 268.025 23.9188 267.289 24.9278 266.778C26.45 266.028 27.7723 266.677 29.1537 267.025C30.4526 267.391 31.6408 268.073 32.612 269.012C34.6235 270.799 35.7582 273.21 37.1941 275.399C39.1061 278.318 40.7321 281.451 42.8424 284.212C44.9527 286.973 46.94 289.976 49.2022 292.699C51.4663 295.486 54.2209 297.832 57.3293 299.621C60.248 301.266 63.2431 302.835 66.6699 303.465C67.6545 303.639 68.5337 304.212 69.67 304.373C69.0825 304.855 68.6376 304.51 68.1943 304.465Z" fill="#262522"/>
<path d="M91.576 299.581C91.4681 299.31 86.8333 298.984 86.3338 298.844C84.3546 298.323 82.4066 297.69 80.4196 297.2C78.0315 296.608 76.0211 295.183 73.7521 294.376C71.595 293.536 69.6202 292.286 67.9366 290.695C66.5428 289.468 65.4093 287.908 64.092 286.591C62.977 285.371 62.0167 284.018 61.2328 282.562C59.8546 280.263 59.1914 277.681 58.5167 275.109C58.1967 273.857 58.0155 272.573 57.9765 271.28C57.845 267.836 57.4906 264.404 56.9157 261.006C56.3297 256.896 55.0148 252.924 53.0333 249.279C51.4764 246.537 49.6512 244.174 46.9441 242.63C44.5541 241.263 41.9968 239.971 39.2437 242.042C37.9397 243.013 36.544 244.083 36.0847 245.669C35.4806 247.674 35.1351 249.747 35.0566 251.84C34.9986 254.018 35.2632 256.165 35.3191 258.329C35.3852 261.832 36.116 265.29 37.4726 268.519C39.2947 272.81 41.0254 277.161 44.0618 280.818C45.7416 282.841 47.097 285.14 49.1225 287.086C50.7768 288.969 53.0338 290.37 55.1224 291.974C57.0537 293.481 59.1763 294.724 61.4346 295.67C63.4116 296.479 70.7302 299.445 72.4828 299.849C75.4488 300.594 78.4732 301.083 81.5227 301.31C82.2882 301.318 83.0509 301.217 83.7886 301.011C85.3418 300.684 86.8771 300.224 88.5069 300.312C89.3104 300.356 91.7695 300.077 91.576 299.581ZM84.4477 299.575C82.7123 300.422 80.9557 300.052 79.1975 299.894C77.4394 299.737 75.8805 299.292 74.1985 299.09C72.518 298.805 70.8954 298.246 69.3954 297.435C67.5819 296.643 65.7232 295.959 63.8292 295.387C61.1088 294.517 58.5641 293.17 56.3134 291.409C54.9076 290.269 53.295 289.402 51.8933 288.228C50.4335 286.994 49.0906 285.628 47.8818 284.146C46.7056 282.719 45.6935 281.153 44.5593 279.692C43.4673 278.211 42.5011 276.641 41.6709 274.998C40.1938 272.274 38.9222 269.444 37.8666 266.53C37.0843 264.357 36.6235 262.081 36.4989 259.774C36.3933 257.667 36.0448 255.589 36.1062 253.452C36.1826 250.848 36.1643 248.209 37.2703 245.826C38.2068 243.798 39.7862 242.011 42.225 241.904C43.6589 241.83 44.9993 242.582 46.268 243.298C48.9298 244.842 51.044 247.181 52.3151 249.988C53.4953 252.408 54.6566 254.808 55.2321 257.454C56.0938 261.022 56.6239 264.663 56.8155 268.329C56.9341 273.075 57.9854 277.751 59.9093 282.089C60.6025 283.747 61.6246 285.246 62.9135 286.495C64.367 287.851 65.4922 289.502 66.9078 290.851C68.883 292.628 71.1076 294.104 73.5106 295.233C76.8839 296.942 80.4741 298.029 84.0603 299.15C84.1537 299.185 84.2375 299.242 84.3048 299.316C84.3721 299.39 84.4211 299.479 84.4477 299.575Z" fill="#262522"/>
<path d="M36.4104 303.104C34.3048 303.26 32.7279 304.72 32.6165 306.445C32.4874 308.092 32.7039 309.748 33.252 311.306C33.8 312.864 34.6675 314.29 35.7985 315.491C37.1744 316.942 38.7312 318.21 40.4304 319.262C42.4113 320.607 44.6569 321.51 47.0157 321.911C49.6271 322.266 52.2727 322.291 54.8906 321.987C56.4086 321.903 57.9197 321.721 59.4143 321.442C61.5781 320.983 63.666 320.219 65.6156 319.171C68.317 317.667 70.9401 316.025 73.4746 314.251L77.61 311.388C77.7835 310.998 78.4025 310.869 78.2159 310.472C77.9924 309.938 77.3768 310.109 77.0156 310.247C76.103 310.598 75.1751 310.45 74.2604 310.569C72.097 310.85 70.0173 311.614 67.8321 311.766C67.1114 311.798 66.349 311.842 65.6089 311.932C61.9846 312.373 58.3839 312.685 54.9994 310.965C53.0276 309.962 50.9098 309.217 49.0224 308.085C46.2177 306.403 43.3703 304.854 40.1994 303.972C38.9736 303.605 37.8064 303.007 36.4104 303.104Z" fill="#DD7DFF"/>
<path d="M73.4419 295.271C71.0389 294.142 68.8143 292.665 66.8391 290.888C65.4122 289.528 64.2833 287.873 62.8448 286.532C61.5559 285.283 60.5338 283.784 59.8406 282.126C57.9167 277.788 56.8654 273.112 56.7468 268.366C56.5552 264.7 56.0251 261.06 55.1634 257.492C54.5917 254.841 53.4153 252.426 52.2464 250.026C50.9753 247.218 48.8611 244.879 46.1993 243.335C44.9306 242.619 43.5749 241.875 42.1564 241.941C39.7175 242.049 38.1382 243.836 37.2016 245.863C36.0956 248.247 36.1139 250.886 36.0376 253.49C35.9761 255.626 36.3397 257.72 36.4302 259.812C36.5548 262.118 37.0156 264.394 37.7979 266.567C38.8534 269.481 40.1251 272.312 41.6022 275.035C42.4324 276.678 43.3986 278.249 44.4906 279.729C45.621 281.194 46.6369 282.756 47.8131 284.183C49.0219 285.665 50.3648 287.032 51.8246 288.266C53.2226 289.435 54.8351 290.303 56.2447 291.446C58.4954 293.208 61.0401 294.555 63.7605 295.424C65.6545 295.997 67.5132 296.68 69.3267 297.473C70.8267 298.284 72.4493 298.843 74.1298 299.127C75.8232 299.318 77.4427 299.779 79.1288 299.932C80.815 300.085 82.655 300.455 84.379 299.612C84.3392 299.52 84.2782 299.438 84.2009 299.374C84.1236 299.31 84.0322 299.266 83.9343 299.244C80.4016 298.063 76.8152 296.979 73.4419 295.271Z" fill="#FF8267"/>
<path d="M57.3476 299.632C54.2392 297.843 51.4846 295.497 49.2205 292.71C46.9545 289.983 45.0313 287.037 42.8607 284.223C40.6901 281.409 39.1205 278.333 37.2123 275.41C35.7956 273.202 34.6531 270.814 32.6303 269.023C31.6591 268.085 30.4709 267.402 29.1719 267.036C27.7906 266.688 26.4571 266.013 24.946 266.789C23.9371 267.3 23.0586 268.036 22.3782 268.941C21.1129 270.498 20.5047 272.488 20.6836 274.488C20.799 275.432 21.0093 276.362 21.3112 277.264C22.0981 280.042 23.0753 282.737 25.2211 284.806C26.9905 286.507 28.6032 288.378 30.5484 289.89C31.5294 290.766 32.5643 291.578 33.6471 292.323C36.0405 293.732 38.2193 295.444 40.8617 296.516C45.1332 298.281 49.0961 300.744 53.6413 301.906C54.7161 302.18 55.7322 302.701 56.8151 302.906C60.5787 303.618 64.3896 304.094 68.2126 304.476C68.6559 304.521 69.1084 304.859 69.7109 304.399C68.5746 304.239 67.6916 303.67 66.7109 303.491C63.2765 302.862 60.2966 301.277 57.3476 299.632Z" fill="#FFC27B"/>
<path d="M469.607 197.954C470.103 198.261 471.153 197.868 471.077 198.911C471.077 199.562 470.428 199.265 470.075 199.361C469.435 199.361 468.729 199.198 468.595 198.605C468.462 198.012 469.225 197.696 469.607 197.954Z" fill="#ACAEBF"/>
<path d="M425.069 269.955C424.038 269.496 422.95 269.094 421.938 268.558C421.184 268.156 420.44 268.089 420.029 268.941C419.619 269.792 420.192 270.146 420.879 270.453C421.879 270.756 422.795 271.29 423.552 272.013C424.582 273.162 425.9 274.015 427.37 274.481C428.965 275.077 430.597 275.566 432.257 275.946C432.748 276.009 433.209 276.218 433.581 276.545C433.954 276.872 434.22 277.303 434.347 277.783C434.023 277.806 433.698 277.761 433.393 277.649C431.484 277.094 430.863 277.429 430.835 279.352C430.835 280.711 429.956 280.549 429.221 280.309C428.076 279.974 427.408 280.108 427.417 281.41C427.417 282.903 426.673 283.017 425.375 282.721C423.871 282.462 422.338 282.417 420.822 282.587C420.115 282.587 419.791 283.687 419.008 283.257C416.794 282.041 414.283 282.529 411.973 282.348C408.802 281.985 405.669 281.345 402.609 280.434C399.803 279.62 397.041 278.662 394.334 277.563C388.807 275.515 384.55 271.898 380.684 267.85C378.556 265.62 376.484 263.323 374.346 261.075C371.535 258.23 369.198 254.951 367.426 251.362C364.81 245.792 364.037 239.783 363.445 233.754C363.245 231.735 363.111 229.725 362.968 227.706C362.691 223.744 361.89 219.811 362.71 215.83C362.768 215.543 362.711 215.275 363.102 215.122C364.352 214.615 364.667 214.069 363.894 213.16C362.997 212.108 363.293 210.969 363.054 209.849C362.787 208.586 363.799 207.83 363.865 206.73C364.104 202.739 366.004 199.17 366.987 195.371C367.044 195.17 367.254 194.863 367.407 194.844C368.858 194.72 368.6 194.624 369.173 193.361C369.869 191.839 369.173 190.213 369.946 188.787C371.34 186.19 372.936 183.707 374.718 181.361C377.334 177.906 379.863 174.404 383.166 171.533C384.445 170.423 385.924 169.543 387.318 168.547C387.391 168.653 387.442 168.772 387.468 168.898C387.494 169.023 387.495 169.153 387.47 169.279C387.445 169.405 387.395 169.524 387.323 169.63C387.251 169.737 387.158 169.827 387.051 169.897C386.297 170.547 385.972 171.523 386.717 172.069C387.461 172.614 387.919 171.504 388.473 171.112C388.559 171.045 388.578 170.892 388.654 170.806C389.2 170.071 389.894 169.461 390.692 169.016C391.49 168.57 392.374 168.3 393.284 168.222C394.773 168.136 395.011 167.389 394.372 166.308C394.009 165.705 394.095 165.514 394.658 165.236C395.368 164.889 396.059 164.506 396.73 164.088C397.121 163.839 397.531 163.581 397.913 163.925C398.295 164.27 397.789 164.576 397.655 164.882C397.388 165.523 397.493 166.337 398.095 166.232C399.956 165.925 402.313 165.514 403.058 163.944C404.318 161.294 406.523 161.542 408.642 161.255C409.215 161.179 410.036 160.825 410.475 161.648C410.623 161.926 410.828 162.17 411.076 162.365C411.323 162.56 411.609 162.702 411.913 162.781C412.218 162.86 412.536 162.875 412.847 162.825C413.158 162.775 413.455 162.661 413.72 162.49C415.982 161.132 418.617 160.532 421.242 160.777C422.788 160.968 425.06 159.418 425.585 162.394C425.585 162.519 426.024 162.7 426.205 162.653C427.561 162.289 429.603 163.763 430.205 161.275C430.255 161.122 430.363 160.995 430.506 160.921C430.649 160.848 430.815 160.834 430.968 160.882C432.075 161.447 433.297 161.083 434.443 161.332C437.783 162.059 441.124 162.672 444.475 163.437C447.525 163.972 450.462 165.024 453.161 166.547C452.94 166.719 452.703 166.87 452.454 166.997C451.91 167.208 450.899 166.796 451.109 167.954C451.28 168.911 452.006 168.509 452.617 168.633C453.957 168.782 455.231 169.295 456.301 170.117C456.578 170.375 456.845 170.988 457.332 170.586C457.819 170.184 457.332 169.83 457.198 169.428C457.065 169.026 456.473 168.729 456.922 168.318C457.37 167.906 457.714 168.318 458.105 168.49C460.711 169.763 463.336 171.007 465.951 172.318C466.161 172.423 466.419 172.643 466.438 172.844C466.791 175.409 469.302 176.088 470.838 177.629C471.125 177.916 471.955 178.031 472.089 177.418C472.413 175.983 473.253 176.787 473.721 177.083C474.905 177.839 475.907 178.863 477.1 179.591C482.693 182.92 487.159 187.858 489.919 193.763C490.111 194.099 490.205 194.482 490.191 194.869C490.178 195.257 490.057 195.632 489.843 195.954C488.888 197.495 489.728 198.739 491.58 198.624C492.181 198.624 492.678 198.471 492.993 199.017C493.96 200.656 494.707 202.416 495.217 204.251C494.558 203.466 494.138 203.227 493.575 203.677C493.012 204.127 493.336 204.385 493.575 204.787C493.814 205.189 493.938 205.801 494.148 206.299C494.711 207.696 495.589 209.39 494.997 210.596C494.215 212.222 494.539 213.725 494.415 215.285C494.31 216.557 494.472 217.859 494.348 219.112C494.281 219.763 493.766 220.462 494.826 220.634C495.694 220.778 495.78 219.955 495.866 219.419C496.352 218.111 496.376 216.675 495.933 215.352C495.303 213.849 496.754 212.615 496.696 211.093C496.639 209.572 495.961 207.983 495.904 205.878C497.765 209.62 498.147 213.218 499.121 216.653C499.264 217.17 499.121 217.371 498.691 217.333C497.737 217.266 497.737 217.878 497.737 218.51C497.737 219.467 497.737 220.423 497.737 221.447C497.737 222.471 497.832 223.361 499.216 222.577C499.856 222.203 499.865 222.931 499.875 222.988C500.226 224.203 500.377 225.466 500.324 226.73C499.579 230.883 500.486 235.113 499.627 239.247C499.083 241.897 499.235 244.625 498.539 247.275C497.517 251.209 496.305 255.084 495.112 258.969C495.038 259.456 494.825 259.91 494.497 260.278C494.17 260.645 493.744 260.908 493.27 261.036C493.198 259.825 493.278 258.61 493.508 257.419C493.831 256.238 493.74 254.981 493.251 253.859C493.079 253.438 492.964 252.979 492.439 253.055C491.914 253.132 492.124 253.639 492.115 253.955C492.155 255.529 492.04 257.103 491.771 258.654C491.561 259.611 491.361 261.036 491.867 261.524C493.26 262.759 491.924 263.572 491.771 264.548C491.764 264.656 491.728 264.76 491.667 264.849C491.606 264.937 491.521 265.008 491.423 265.052C491.325 265.096 491.217 265.113 491.11 265.1C491.003 265.087 490.901 265.045 490.817 264.979C488.707 263.668 486.407 262.692 484.24 261.496C480.202 259.266 476.413 256.615 472.471 254.223C468.796 251.993 464.978 249.984 461.351 247.677C458.41 245.792 455.574 243.748 452.855 241.553C451.815 240.72 449.992 240.07 450.412 238.251C450.896 236.255 450.896 234.171 450.412 232.175C450.335 231.888 450.173 231.371 450.603 231.218C450.803 231.151 451.137 231.534 451.481 231.754C451.542 230.099 451.191 228.454 450.459 226.969C448.98 223.4 449.419 219.658 449.6 215.935C449.705 213.715 450.66 211.821 451.452 209.811C452.693 206.653 455.557 205.131 457.991 203.198C460.023 201.472 462.643 200.597 465.302 200.758C469.273 200.903 473.172 201.864 476.756 203.581C480.059 205.227 482.932 207.17 484.45 210.663C484.755 211.361 484.908 212.299 485.738 212.797C486.111 213.017 486.388 213.428 486.874 213.246C487.361 213.065 487.266 212.5 487.199 212.146C486.584 209.056 484.816 206.317 482.254 204.49C479.999 202.704 477.455 201.318 474.733 200.395C474.287 200.299 473.89 200.047 473.613 199.684C473.337 199.321 473.199 198.87 473.225 198.414C473.158 197.017 471.363 195.878 469.407 196.088C468.309 196.213 466.371 195.706 466.543 197.935C466.543 198.72 465.951 198.605 465.493 198.576C463.91 198.416 462.31 198.596 460.802 199.106C459.294 199.616 457.912 200.444 456.75 201.533C454.936 203.227 452.588 204.289 451.156 206.462C449.247 209.409 447.548 212.414 447.462 216.031C447.258 218.582 447.309 221.146 447.615 223.687C448.19 226.106 449.035 228.453 450.135 230.682C448.398 229.242 446.359 228.214 444.169 227.677C443.302 227.441 442.38 227.519 441.565 227.897C440.75 228.275 440.093 228.929 439.712 229.744C439.016 231.304 438.88 233.057 439.325 234.707C439.77 236.356 440.77 237.801 442.155 238.797C442.324 238.959 442.531 239.075 442.757 239.134C442.984 239.193 443.221 239.193 443.447 239.133C443.673 239.074 443.881 238.957 444.049 238.794C444.217 238.631 444.341 238.428 444.408 238.204C444.67 237.465 444.784 236.681 444.742 235.897C444.742 235.572 444.589 235.122 445.105 234.988C445.62 234.854 445.906 235.151 446.193 235.515C446.899 236.471 446.508 237.333 446.193 238.261C445.82 239.467 446.937 241.917 447.978 241.792C449.018 241.668 449.4 242.251 449.887 242.749C450.125 243.027 450.211 243.4 450.689 243.323C451.987 243.122 452.788 243.878 453.81 244.519C455.184 245.4 456.377 246.51 457.771 247.333C461.121 249.323 464.615 251.113 467.794 253.323C471.612 255.993 475.764 258.166 479.677 260.692C482.064 262.233 484.584 263.563 487.046 265.027C487.371 265.218 488.268 270.376 488.001 270.587C487.637 270.809 487.261 271.01 486.874 271.19C485.92 271.783 484.736 272.013 483.686 272.501C478.99 274.682 479.992 275.18 478.914 270.213C478.637 268.931 479.057 267.343 477.644 266.386C477.358 266.194 477.444 265.429 476.766 265.84C476.575 265.946 476.431 266.12 476.362 266.327C476.293 266.535 476.304 266.76 476.394 266.96C477.148 269.008 477.196 271.19 477.644 273.285C477.873 274.367 477.644 274.635 476.632 274.864C472.986 275.649 469.388 276.615 465.732 277.352C464.225 277.683 462.675 277.774 461.141 277.62C457.542 277.142 453.915 277.084 450.316 276.395C445.21 275.438 440.141 274.357 435.12 273.056C431.688 272.31 428.326 271.273 425.069 269.955ZM497.288 237.256C497.915 234.899 498.235 232.471 498.243 230.031C498.243 229.505 498.195 229.074 497.555 228.959C496.916 228.845 496.84 229.266 496.706 229.744C496.162 231.725 496.286 233.763 496 235.773C495.875 236.462 496.486 236.787 497.288 237.256ZM460.444 234.385C461.026 234.28 460.95 233.677 460.778 233.055C460.294 231.459 459.974 229.817 459.823 228.156C459.823 227.524 459.489 226.596 458.802 226.634C457.933 226.634 458.525 227.591 458.372 228.127C458.346 228.308 458.346 228.491 458.372 228.672C458.248 230.318 458.936 231.83 459.146 233.457C459.21 233.744 459.378 233.998 459.618 234.167C459.858 234.337 460.152 234.411 460.444 234.376V234.385ZM453.571 214.481C452.979 214.356 452.846 215.045 452.808 215.304C452.497 217.386 452.621 219.511 453.17 221.543C453.209 221.693 453.301 221.823 453.43 221.908C453.559 221.993 453.715 222.026 453.867 222.002C454.306 221.926 454.173 221.534 454.173 221.275C454.173 220.318 454.173 219.361 454.173 218.404C454.173 217.447 454.173 216.49 454.173 215.533C454.205 215.423 454.214 215.307 454.201 215.193C454.188 215.078 454.153 214.968 454.097 214.867C454.041 214.766 453.966 214.678 453.875 214.607C453.785 214.536 453.682 214.483 453.571 214.452V214.481ZM455.938 232.137C455.108 232.137 455.356 233.17 455.328 233.811C455.328 234.175 455.328 234.548 455.328 235.199C454.745 236.806 456.053 238.271 456.597 239.897C456.631 240.069 456.705 240.23 456.813 240.367C456.92 240.505 457.059 240.615 457.216 240.689C457.374 240.764 457.547 240.8 457.721 240.796C457.895 240.791 458.066 240.746 458.22 240.663C458.926 240.271 458.726 239.706 458.392 239.103C457.471 237.484 456.939 235.672 456.836 233.811C456.817 233.074 456.759 232.108 455.938 232.137ZM460.425 206.509C459.747 206.088 459.604 206.921 459.308 207.313C458.296 208.663 456.836 209.773 456.807 211.658C456.807 212.27 456.702 213.103 457.447 213.179C458.191 213.256 458.22 212.443 458.334 211.868C458.546 210.806 459.068 209.83 459.833 209.065C460.129 208.768 460.568 208.548 460.568 208.108C460.568 207.667 460.701 206.682 460.425 206.509ZM461.293 215.237C459.527 215.916 458.707 219.352 460.024 221.16C460.635 219.112 461.522 217.323 461.293 215.237ZM480.279 236.146C479.973 236.031 479.324 236.012 479.248 236.146C478.654 237.476 477.955 238.756 477.157 239.974C477.157 240.692 477.386 240.979 477.749 241.103C477.917 241.187 478.11 241.203 478.289 241.145C478.467 241.088 478.616 240.963 478.704 240.797C479.555 239.652 480.174 238.352 480.527 236.969C480.555 236.692 480.441 236.213 480.279 236.146ZM480.145 224.663C479.897 224.605 479.637 224.641 479.414 224.763C479.191 224.884 479.02 225.084 478.933 225.323C478.379 227.103 477.071 228.73 477.778 231.294C479.104 229.541 480.035 227.52 480.508 225.371C480.575 225.141 480.575 224.778 480.135 224.691L480.145 224.663ZM476.861 253.543C477.947 253.034 478.887 252.257 479.591 251.285C479.677 251.177 479.739 251.053 479.772 250.919C479.805 250.785 479.809 250.646 479.784 250.511C479.759 250.375 479.704 250.247 479.625 250.135C479.546 250.022 479.443 249.928 479.324 249.859C479.102 249.799 478.866 249.821 478.659 249.921C478.453 250.021 478.289 250.193 478.198 250.405C478.047 250.706 477.825 250.965 477.55 251.158C477.275 251.352 476.956 251.475 476.623 251.515C476.351 251.583 476.106 251.734 475.922 251.946C475.738 252.158 475.622 252.422 475.592 252.701C475.735 253.438 476.222 253.859 476.861 253.543ZM473.855 220.05C471.096 222.854 470.762 225.352 472.996 226.95C472.432 224.567 474.466 222.663 473.902 220.089L473.855 220.05ZM472.9 245.706C472.9 245.342 472.595 245.017 472.327 245.208C471.373 245.869 471.449 246.883 471.44 247.888C473.091 247.821 473.043 246.807 472.986 245.744L472.9 245.706ZM471.783 241.754C472.738 241.754 472.452 240.797 472.547 240.184C472.767 238.711 473.082 237.256 473.263 235.782C473.311 235.39 473.587 234.739 472.872 234.567C472.156 234.395 472.261 235.113 472.06 235.524C471.278 236.998 471.488 238.672 471.02 239.907C471.134 240.854 470.934 241.792 471.869 241.792L471.783 241.754ZM468.719 236.969C469.674 237.046 469.607 236.089 469.512 235.476C469.33 234.309 470.294 233.247 469.788 232.117C469.578 231.639 469.473 230.768 468.634 230.94C467.975 231.074 467.937 231.754 468.042 232.29C468.233 233.352 467.603 234.28 467.641 235.419C467.592 235.603 467.585 235.795 467.62 235.982C467.655 236.169 467.731 236.346 467.843 236.5C467.954 236.654 468.098 236.781 468.265 236.872C468.431 236.963 468.616 237.016 468.805 237.027L468.719 236.969ZM466.925 224.136C467.125 224.691 467.249 225.553 467.879 225.505C468.509 225.457 468.443 224.634 468.366 224.117C468.194 223.055 468.891 222.127 468.758 221.084C468.758 220.806 468.882 220.443 468.49 220.299C468.415 220.277 468.336 220.271 468.259 220.279C468.181 220.288 468.105 220.313 468.037 220.351C467.969 220.389 467.909 220.441 467.86 220.502C467.812 220.564 467.776 220.635 467.755 220.711C467.383 221.591 466.591 222.337 466.887 223.266C466.881 223.58 466.923 223.892 467.011 224.194L466.925 224.136ZM466.486 247.725C466.447 245.992 466.084 244.281 465.417 242.682C465.38 242.534 465.289 242.406 465.161 242.324C465.033 242.242 464.879 242.213 464.73 242.242C464.434 242.242 464.357 242.443 464.271 242.692C463.995 243.869 465.293 247.074 466.572 247.783L466.486 247.725ZM464.395 237.007C464.625 237.266 464.901 237.601 465.35 237.275C465.799 236.95 465.884 236.806 465.636 236.376C465.233 235.639 465.031 234.809 465.049 233.969C465.068 233.129 465.306 232.309 465.741 231.591C465.932 231.189 465.951 230.519 465.379 230.328C464.806 230.137 464.51 230.692 464.348 231.103C463.869 232.111 463.59 233.203 463.527 234.318C463.842 235.199 463.756 236.261 464.453 237.065L464.395 237.007ZM469.435 205.859C468.939 205.026 468.07 205.648 467.526 205.983C464.73 207.62 464.166 209.495 465.34 212.682C465.44 213.026 465.455 213.389 465.385 213.74C465.315 214.092 465.163 214.421 464.94 214.701C464.147 215.974 463.03 217.275 463.727 218.988C463.984 219.019 464.244 218.959 464.46 218.817C464.677 218.675 464.836 218.461 464.911 218.213C465.53 216.922 466.231 215.672 467.011 214.471C467.45 213.6 468.29 212.892 466.81 211.945C465.713 211.246 466.81 208.27 468.576 207.524C469.674 207.17 469.893 206.548 469.521 205.916L469.435 205.859ZM471.612 211.141C471.182 210.94 470.934 211.141 470.581 211.524C469.741 212.557 469.626 213.84 469.158 214.816C469.158 215.333 469.111 215.773 469.521 215.926C470.084 216.184 470.399 215.629 470.476 215.361C470.826 214.275 471.352 213.253 472.032 212.337C472.471 211.935 472.213 211.438 471.698 211.199L471.612 211.141ZM474.093 207.457C473.139 207.514 473.32 208.337 473.292 209.055C473.158 209.62 473.549 210.175 474.093 210.06C474.637 209.945 474.8 209.103 474.8 208.509C474.8 207.916 474.723 207.476 474.17 207.505L474.093 207.457ZM478.866 210.864C478.618 210.108 478.045 210.567 477.673 210.682C476.203 211.122 475.057 211.916 474.809 213.227C474.809 214.012 474.657 214.624 475.239 214.835C475.821 215.045 476.06 214.414 476.356 214.088C476.957 213.438 477.043 212.376 478.379 212.366C479.133 212.414 479.124 211.524 478.933 210.921L478.866 210.864ZM480.851 215.859C479.897 216.213 479.897 217.639 479.143 218.529C478.841 218.833 478.641 219.224 478.571 219.648C478.5 220.071 478.564 220.506 478.751 220.892C478.798 220.978 478.867 221.05 478.951 221.1C479.035 221.15 479.131 221.176 479.229 221.176C479.326 221.176 479.422 221.15 479.506 221.1C479.59 221.05 479.659 220.978 479.706 220.892C480.866 219.697 481.657 218.192 481.987 216.557C482.092 216.155 481.911 215.801 480.918 215.916L480.851 215.859ZM475.716 182.873C475.504 182.813 475.277 182.83 475.075 182.919C474.874 183.008 474.709 183.164 474.609 183.361C474.545 183.469 474.506 183.589 474.494 183.713C474.482 183.838 474.497 183.964 474.539 184.081C474.581 184.199 474.648 184.306 474.736 184.395C474.824 184.484 474.931 184.552 475.048 184.595C476.107 185.054 476.971 185.87 477.491 186.902C477.635 187.179 478.102 187.476 477.721 187.859C477.597 187.957 477.444 188.011 477.286 188.011C477.128 188.011 476.975 187.957 476.852 187.859C476.184 187.428 475.592 187.571 475.315 188.251C475.038 188.93 475.63 189.409 476.165 189.705C478.074 190.796 479.763 189.801 479.773 187.619C479.773 186.385 476.957 183.093 475.716 182.873ZM492.277 249.084C492.974 249.524 493.231 248.998 493.518 248.5C494.472 246.807 494.644 244.912 495.188 243.515C495.188 242.433 495.293 241.601 494.329 241.601C493.365 241.601 493.842 242.481 493.671 242.969C493.117 244.539 492.64 246.137 492.029 247.687C491.8 248.261 491.695 248.72 492.277 249.084ZM492.01 231.955C492.716 231.955 492.802 231.438 492.964 230.854C493.274 229.38 493.393 227.871 493.317 226.366C493.317 225.802 493.317 225.151 492.592 225.122C491.866 225.093 492.048 225.916 491.972 226.251C491.637 227.706 491.972 229.256 491.361 230.548C491.58 231.151 491.093 231.926 492.01 231.955ZM489.585 212.911C490.167 213.629 489.69 215.4 491.217 215.036C492.525 214.73 491.447 213.581 491.466 212.797C491.412 211.781 491.268 210.772 491.036 209.782C491.035 209.706 491.017 209.631 490.983 209.563C490.95 209.495 490.902 209.435 490.843 209.387C490.783 209.339 490.714 209.306 490.641 209.288C490.567 209.27 490.49 209.269 490.416 209.285C490.295 209.282 490.178 209.326 490.089 209.408C490 209.49 489.946 209.604 489.938 209.725C489.805 210.548 489.662 211.371 489.566 211.955C489.471 212.538 489.471 212.758 489.595 212.911H489.585ZM488.106 236.644C488.726 235.61 488.249 234.5 488.449 233.448C488.249 232.491 488.736 231.4 488.144 230.433C487.991 230.184 487.972 229.792 487.562 229.878C487.352 229.878 487.027 230.165 487.027 230.309C487.027 232.433 486.578 234.548 486.884 236.672C486.932 237.007 486.884 237.428 487.409 237.476C487.934 237.524 487.915 236.969 488.106 236.644ZM486.197 255.974C486.23 256.128 486.316 256.264 486.44 256.361C486.564 256.457 486.718 256.506 486.874 256.5C487.428 256.433 487.323 255.898 487.228 255.639C486.588 253.984 487.027 252.28 486.874 250.615C486.827 250.098 487.247 249.285 486.187 249.256C484.965 249.256 485.49 250.146 485.395 250.701C485.359 251.211 485.359 251.723 485.395 252.232C485.032 253.438 485.834 254.644 486.235 255.974H486.197ZM484.622 228.586C484.746 227.725 484.507 226.739 483.667 226.672C483.085 226.672 482.713 227.629 482.713 228.443C482.825 229.528 482.718 230.625 482.398 231.668C482.319 231.929 482.345 232.211 482.469 232.454C482.594 232.697 482.808 232.881 483.066 232.969C483.338 232.988 483.606 232.897 483.812 232.718C484.017 232.538 484.144 232.285 484.164 232.012C484.164 230.959 484.899 230.041 484.603 229.141C484.612 228.955 484.631 228.77 484.66 228.586H484.622ZM485.633 241.601C484.679 241.601 484.679 242.51 484.631 243.218C484.471 244.463 484.123 245.676 483.6 246.816C483.4 247.429 483.352 248.127 484.039 248.405C484.727 248.682 485.061 248.012 485.29 247.572C485.9 246.289 486.315 244.921 486.521 243.515C486.493 242.596 486.769 241.61 485.681 241.601H485.633ZM487.361 218.816C487.075 220.098 486.827 221.39 486.559 222.644C486.493 223.103 486.779 223.457 486.913 223.849C487.046 224.242 486.96 224.596 487.504 224.605C488.048 224.615 487.982 224.213 488.087 223.868C488.554 222.328 488.497 220.672 489.156 219.16C489.375 218.653 489.032 218.203 488.459 218.06C488.337 218.024 488.208 218.016 488.082 218.036C487.956 218.056 487.836 218.104 487.731 218.176C487.626 218.249 487.538 218.344 487.474 218.454C487.41 218.565 487.372 218.688 487.361 218.816ZM486.302 201.055C487.6 202.895 488.569 204.948 489.165 207.122C489.213 207.332 489.452 207.505 489.662 207.763C490.349 207.227 490.845 206.615 490.616 205.926C490.115 203.896 489.158 202.008 487.819 200.404C487.692 200.225 487.501 200.102 487.286 200.061C487.071 200.02 486.848 200.064 486.664 200.184C486.407 200.404 486.015 200.663 486.302 201.055ZM487.094 194.691C487.943 194.691 487.59 193.734 487.695 193.131C487.6 190.911 485.968 189.304 484.832 187.571C484.517 187.093 484.144 187.466 484.03 187.801C483.957 188.06 483.948 188.333 484.003 188.596C484.058 188.859 484.175 189.105 484.345 189.313C485.128 190.567 486.187 191.744 486.187 193.332C486.149 194.079 486.512 194.758 487.094 194.729V194.691ZM485.605 197.782C485.834 195.868 483.228 191.447 481.787 190.969C481.443 190.854 481.061 190.777 480.832 191.246C480.603 191.715 480.212 192.107 480.775 192.519C482.703 193.916 483.61 196.107 485.605 197.82V197.782ZM473.101 192.71C474.59 193.772 475.783 195.141 477.711 195.667C479.181 196.069 479.945 197.466 480.517 198.816C480.718 199.294 480.87 199.773 481.472 199.572C481.589 199.529 481.696 199.461 481.785 199.373C481.875 199.285 481.944 199.18 481.989 199.063C482.035 198.946 482.054 198.821 482.047 198.696C482.04 198.57 482.007 198.448 481.949 198.337C481.147 196.93 480.775 195.189 478.895 194.509C477.014 193.83 475.544 192.481 473.969 191.294C473.472 190.961 472.956 190.657 472.423 190.385C472.301 190.582 472.221 190.802 472.189 191.032C472.157 191.261 472.173 191.495 472.237 191.718C472.301 191.941 472.411 192.148 472.56 192.325C472.709 192.503 472.893 192.647 473.101 192.749V192.71ZM473.836 271.898C474.004 271.913 474.174 271.895 474.336 271.843C474.497 271.792 474.646 271.708 474.774 271.597C474.903 271.486 475.007 271.351 475.082 271.199C475.157 271.046 475.201 270.881 475.21 270.711C475.306 269.199 475.21 267.687 475.21 266.175C475.213 265.992 475.149 265.814 475.032 265.673C474.915 265.533 474.751 265.439 474.571 265.41C474.141 265.323 473.941 265.687 473.75 266.003C472.795 267.477 473.883 269.247 472.996 270.558C472.977 271.362 473.139 271.869 473.836 271.936V271.898ZM466.667 271.209C466.82 271.792 467.383 271.572 467.774 271.553C469.254 271.477 471.468 269.209 471.507 267.725C471.507 267.218 471.507 266.654 470.81 266.491C470.113 266.328 469.769 266.663 469.626 267.314C469.321 268.663 467.946 269.113 467.097 270.003C466.909 270.143 466.767 270.337 466.69 270.558C466.614 270.78 466.606 271.02 466.667 271.247V271.209ZM434.595 222.165C433.774 219.534 434.28 216.864 434.252 214.213C434.252 213.792 434.252 213.361 434.252 212.94C434.252 212.519 434.109 211.897 433.526 211.878C432.944 211.859 432.753 212.366 432.753 212.902V217.017C432.633 218.78 432.758 220.551 433.125 222.28C433.288 222.816 433.536 223.17 434.08 223.132C434.624 223.093 434.7 222.538 434.595 222.203V222.165ZM446.403 183.973C445.257 185.249 444.093 186.509 442.909 187.753C442.744 187.885 442.627 188.069 442.577 188.275C442.526 188.481 442.546 188.698 442.632 188.892C442.728 189.074 442.947 189.198 443.119 189.361C443.7 189.121 444.243 188.799 444.732 188.404C445.687 187.323 446.641 186.241 447.596 185.217C447.94 184.873 448.55 184.26 447.882 183.638C447.214 183.016 446.851 183.524 446.403 184.012V183.973ZM447.357 180.146C447.212 179.979 447.014 179.868 446.797 179.831C446.579 179.795 446.356 179.835 446.164 179.945C445.164 180.478 444.206 181.089 443.301 181.772C443.1 181.925 442.747 182.299 443.014 182.729C443.132 182.914 443.302 183.059 443.503 183.146C443.704 183.233 443.926 183.258 444.141 183.217C445.572 182.988 446.317 181.782 447.357 181.007C447.51 180.911 447.481 180.366 447.338 180.155L447.357 180.146ZM445.362 195.045C444.75 195.173 444.19 195.483 443.757 195.936C443.324 196.389 443.039 196.962 442.938 197.581C442.934 197.759 442.97 197.936 443.043 198.098C443.329 198.586 443.997 198.883 444.255 198.481C444.952 197.39 446.813 197.524 447.004 196.146C447.119 195.15 445.868 195.476 445.362 195.045ZM444.99 192.461C445.63 192.184 446.145 191.868 445.849 191.131C445.486 190.174 444.704 190.863 444.293 190.997C441.769 191.97 439.546 193.594 437.85 195.706C437.652 195.884 437.522 196.126 437.484 196.39C437.445 196.654 437.501 196.923 437.64 197.151C437.684 197.246 437.753 197.328 437.841 197.385C437.929 197.443 438.032 197.474 438.137 197.476C438.784 197.217 439.368 196.818 439.845 196.308C441.23 194.637 442.985 193.313 444.971 192.442L444.99 192.461ZM378.966 228.577C379.195 228.95 379.338 229.314 379.691 229.39C380.465 229.486 380.646 229.007 380.465 228.625C379.701 227.036 379.348 225.199 377.773 224.089C377.467 223.869 377.019 223.39 376.532 223.955C376.045 224.519 376.532 224.912 376.78 225.055C377.992 225.936 378.221 227.409 378.947 228.586L378.966 228.577ZM378.279 233.428C379.042 235.027 379.653 236.749 381.343 237.716C381.491 237.782 381.649 237.827 381.81 237.85C382.431 237.763 382.421 237.495 382.173 237.094C381.333 235.716 380.531 234.318 379.682 232.95C379.462 232.586 379.014 232.72 378.661 232.749C378.578 232.743 378.495 232.761 378.422 232.799C378.348 232.837 378.287 232.896 378.244 232.967C378.202 233.038 378.18 233.12 378.181 233.203C378.182 233.286 378.206 233.368 378.25 233.438L378.279 233.428ZM377.238 220.864C377.553 221.495 378.25 221.725 378.899 222.041C379.567 221.983 379.491 221.419 379.252 221.151C377.801 219.514 377.515 217.4 376.742 215.486C376.647 215.195 376.454 214.946 376.196 214.782C375.939 214.618 375.632 214.549 375.329 214.586C374.69 214.73 374.718 215.543 374.938 215.993C375.625 217.648 376.408 219.237 377.21 220.873L377.238 220.864ZM376.379 206.605C377.095 208.825 377.334 211.285 379.854 212.998C379.52 210.299 378.288 208.213 377.63 205.945C377.603 205.871 377.559 205.805 377.503 205.751C377.446 205.696 377.378 205.656 377.304 205.632C377.229 205.608 377.15 205.601 377.073 205.612C376.995 205.623 376.921 205.652 376.856 205.696C376.503 205.916 376.227 206.232 376.351 206.615L376.379 206.605ZM378.594 201.82C378.785 202.337 378.718 203.036 379.443 202.969C380.169 202.902 380.178 202.251 380.064 201.399C379.338 199.753 380.226 198.05 380.77 196.289C380.913 195.82 381.209 195.189 380.331 194.997C380.196 194.964 380.056 194.96 379.92 194.986C379.784 195.012 379.655 195.067 379.542 195.148C379.43 195.229 379.336 195.334 379.268 195.455C379.199 195.576 379.158 195.71 379.147 195.849C378.718 197.782 377.811 199.696 378.546 201.792L378.594 201.82ZM379.882 216.175C379.75 216.862 379.767 217.57 379.932 218.25C380.096 218.93 380.405 219.567 380.837 220.117C380.98 220.328 381.18 220.663 381.553 220.49C381.699 220.434 381.82 220.326 381.892 220.187C381.964 220.048 381.982 219.887 381.944 219.734C381.543 218.414 381.505 216.95 379.844 216.108L379.882 216.175ZM381.524 207.61L383.166 211.553C383.309 211.897 383.519 212.242 383.949 212.184C384.378 212.127 384.321 211.696 384.244 211.466C383.614 209.332 383.357 207.036 381.495 205.332C380.78 206.165 381.2 206.844 381.495 207.543L381.524 207.61ZM384.244 216.529C384.107 216.697 383.982 216.877 383.872 217.065C384.337 217.73 384.755 218.427 385.123 219.151C385.753 220.644 386.936 221.84 387.394 223.438C387.547 223.964 388.158 224.634 388.826 224.29C389.494 223.945 388.759 223.333 388.588 222.959C387.881 221.304 387.041 219.715 386.297 218.079C385.987 217.481 385.558 216.953 385.037 216.529C384.994 216.459 384.936 216.401 384.867 216.358C384.798 216.316 384.719 216.29 384.638 216.284C384.558 216.277 384.476 216.29 384.401 216.321C384.326 216.352 384.259 216.4 384.206 216.462L384.244 216.529ZM390.659 226.098C390.635 226.526 390.717 226.953 390.897 227.342C391.944 229.054 393.194 230.631 394.62 232.041C394.964 232.385 395.403 232.596 395.766 232.242C396.128 231.888 395.641 231.62 395.431 231.361C394.191 229.814 393.178 228.097 392.425 226.261C392.331 225.97 392.157 225.711 391.925 225.513C391.692 225.316 391.409 225.187 391.107 225.141C390.382 225.055 390.735 225.735 390.621 226.069L390.659 226.098ZM393.379 236.376C392.616 235.936 392.253 236.682 391.671 237.065C391.9 237.361 392.005 237.601 392.196 237.716C393.523 238.451 394.779 239.309 395.947 240.28C396.224 240.539 396.481 240.443 396.749 240.213C397.016 239.983 396.825 239.668 396.691 239.448C395.859 238.146 394.709 237.079 393.351 236.347L393.379 236.376ZM386.383 239.055C386.144 238.797 385.886 238.481 385.428 238.787C385.241 238.894 385.101 239.068 385.036 239.273C384.97 239.479 384.984 239.702 385.075 239.897C385.16 240.258 385.342 240.589 385.6 240.854C387.853 242.376 389.418 244.682 391.833 246.031L392.234 245.658C390.267 243.432 388.304 241.221 386.344 239.027L386.383 239.055ZM386.86 232.117C387.495 232.869 388.191 233.566 388.941 234.204C389.275 234.548 389.695 234.778 390.077 234.471C390.458 234.165 390.315 233.687 389.952 233.381C388.349 232.003 387.576 230.06 386.354 228.424C386.039 227.993 385.676 227.467 384.989 227.668C384.684 227.735 384.655 227.974 384.664 228.385C385.304 229.524 385.972 230.864 386.831 232.089L386.86 232.117ZM386.163 208.538C386.001 210.127 386.698 211.409 387.118 212.663C387.328 213.246 387.662 213.935 388.416 213.62C389.017 213.361 388.712 212.73 388.559 212.194C388.206 210.998 387.891 209.782 387.604 208.557C387.452 207.811 387.604 206.691 386.535 206.835C385.466 206.978 386.325 208.031 386.134 208.509L386.163 208.538ZM389.027 218.031C390.401 218.739 390.764 220.309 392.224 221.457C391.966 219.438 391.585 217.868 389.972 216.873C389.571 216.634 389.113 216.423 388.845 216.873C388.664 217.179 388.54 217.754 389.046 218.002L389.027 218.031ZM391.594 212.079C391.747 212.787 391.184 214.567 392.692 214.222C394.047 213.916 392.94 212.414 392.778 211.715C392.348 209.887 392.511 207.734 390.315 206.031C390.201 208.404 391.184 210.184 391.585 212.05L391.594 212.079ZM393.331 218.414C393.226 218.462 393.132 218.532 393.055 218.619C392.978 218.706 392.919 218.808 392.884 218.919C392.848 219.029 392.835 219.146 392.846 219.262C392.858 219.377 392.893 219.49 392.95 219.591C393.417 220.682 397.445 225.333 398.486 225.83C397.293 222.577 395.804 220.194 393.322 218.385L393.331 218.414ZM396.31 216.787C397.426 218.356 397.503 220.529 399.469 221.677C399.288 219.769 398.657 217.932 397.627 216.318C397.607 216.218 397.566 216.124 397.507 216.042C397.447 215.959 397.371 215.891 397.283 215.84C397.195 215.79 397.097 215.76 396.996 215.751C396.895 215.742 396.793 215.755 396.698 215.789C396.602 215.823 396.515 215.877 396.442 215.948C396.369 216.019 396.313 216.104 396.276 216.199C396.239 216.294 396.223 216.395 396.229 216.497C396.235 216.598 396.262 216.697 396.31 216.787ZM397.083 187.237C398.037 187.371 397.617 186.519 397.827 186.107C398.419 184.988 399.04 183.887 399.679 182.806C400.013 182.241 400.328 181.648 399.593 181.236C398.858 180.825 398.725 181.533 398.448 181.983C397.665 183.237 396.835 184.461 396.023 185.696C396.252 186.423 396.243 187.103 397.073 187.208L397.083 187.237ZM395.174 196.088C395.069 196.883 395.269 197.045 395.67 197.265C396.271 197.562 396.386 197.198 396.625 196.825C397.579 195.332 398.104 193.562 399.488 192.299C399.822 191.993 399.669 191.495 399.278 191.179C399.204 191.097 399.113 191.031 399.012 190.986C398.911 190.941 398.802 190.918 398.691 190.918C398.581 190.918 398.471 190.941 398.37 190.986C398.269 191.031 398.178 191.097 398.104 191.179C396.9 192.652 395.922 194.297 395.202 196.06L395.174 196.088ZM399.125 197.84C398.699 199.094 398.112 200.287 397.379 201.39C397.197 201.648 396.978 201.849 397.006 202.127C396.999 202.324 397.058 202.518 397.174 202.678C397.29 202.838 397.456 202.953 397.646 203.007C397.816 203.074 398.004 203.08 398.178 203.024C398.352 202.969 398.501 202.854 398.6 202.701C399.383 201.246 400.557 199.964 400.7 198.222C400.748 197.639 400.7 197.074 400.042 196.873C399.211 196.557 399.316 197.361 399.154 197.811L399.125 197.84ZM398.572 207.036C398.209 206.318 397.827 206.242 397.34 206.414C396.605 206.672 397.235 207.122 397.34 207.371C398.429 209.553 398.639 212.088 400.204 214.069C400.404 214.328 400.328 214.902 400.815 214.72C401.493 214.72 401.273 214.433 401.149 214.165C400.128 211.868 399.765 209.313 398.591 207.007L398.572 207.036ZM400.929 218.184C400.811 218.222 400.702 218.287 400.612 218.373C400.522 218.46 400.453 218.565 400.41 218.682C400.367 218.799 400.351 218.925 400.363 219.049C400.375 219.173 400.416 219.293 400.481 219.4C401.832 221.802 403.477 224.027 405.378 226.022C405.66 226.244 405.985 226.407 406.332 226.5C406.847 226.548 407.134 226.414 407.287 226.127C407.439 225.84 407.115 225.591 406.905 225.419C404.671 223.61 403.688 220.931 402.018 218.72C401.741 218.28 401.55 217.878 400.958 218.156L400.929 218.184ZM401.273 226.117L407.716 232.022C407.936 232.223 408.193 232.538 408.489 232.261C408.615 232.134 408.686 231.962 408.686 231.782C408.686 231.603 408.615 231.431 408.489 231.304C407.716 230.347 406.771 229.591 405.979 228.644C404.825 227.456 403.591 226.35 402.285 225.333C402.116 225.202 401.917 225.118 401.706 225.087C401.495 225.057 401.28 225.082 401.082 225.16C400.977 225.16 400.901 225.409 400.805 225.562C400.977 225.725 401.12 225.936 401.302 226.089L401.273 226.117ZM401.12 232.184C401.12 232.615 401.12 232.682 401.12 232.739C401.216 233.304 404.938 236.778 405.54 236.778C405.782 236.804 406.027 236.75 406.237 236.625C406.427 236.452 406.237 236.204 406.112 236.003C405.158 234.797 404.203 233.553 403.125 232.395C402.96 232.141 402.717 231.948 402.433 231.844C402.149 231.74 401.839 231.732 401.55 231.821C401.4 231.911 401.265 232.024 401.149 232.156L401.12 232.184ZM407.506 218.462C406.685 216.289 406.552 213.907 405.397 211.83C405.215 211.505 404.843 210.988 404.385 211.218C404.07 211.371 403.955 211.907 403.803 212.175C404.518 214.385 404.862 216.596 406.065 218.51C406.199 218.712 406.388 218.873 406.609 218.975C406.829 219.076 407.074 219.114 407.315 219.084C407.43 219.045 407.592 218.605 407.525 218.433L407.506 218.462ZM403.306 208.108C403.812 208.404 404.261 207.954 404.566 207.591C404.872 207.227 405.206 207.055 405.273 206.567C405.502 204.921 405.797 203.285 405.998 201.639C405.998 201.246 406.284 200.615 405.444 200.49C404.49 200.624 404.242 201.447 404.184 202.203C404.07 203.753 404.06 205.275 403.096 206.653C402.95 206.88 402.896 207.154 402.946 207.419C402.995 207.685 403.145 207.921 403.363 208.079L403.306 208.108ZM404.089 196.548C404.471 196.835 404.633 196.481 404.843 196.308C406.513 194.883 406.962 192.854 407.506 190.902C407.687 190.27 407.124 189.849 406.628 189.667C406.456 189.6 405.778 190.136 405.759 190.414C405.6 192.101 404.964 193.707 403.927 195.045C403.846 195.189 403.797 195.349 403.783 195.514C403.783 196.021 403.831 196.27 404.108 196.519L404.089 196.548ZM407.267 183.342C409.243 182.634 410.475 181.007 411.945 179.686C412.241 179.418 412.088 178.892 411.429 178.835C410.475 178.748 406.475 181.705 406.408 182.662C406.504 183.093 406.571 183.571 407.296 183.313L407.267 183.342ZM408.327 199.342C408.398 199.366 408.474 199.375 408.549 199.369C408.624 199.363 408.697 199.342 408.763 199.307C408.83 199.272 408.889 199.224 408.937 199.166C408.985 199.108 409.021 199.041 409.043 198.969C409.73 197.055 411.105 195.485 411.973 193.658C412.097 193.39 412.088 193.074 411.658 192.701C409.892 194.318 408.232 195.973 407.917 198.509C407.907 198.787 407.802 199.246 408.356 199.323L408.327 199.342ZM411.668 217.227C411.324 216.06 410.226 214.969 411.582 213.667C411.935 213.333 411.773 212.356 411.649 211.754C411.294 210.36 411.035 208.944 410.876 207.514C410.885 207.27 410.815 207.029 410.675 206.829C410.536 206.628 410.334 206.479 410.102 206.404C409.768 206.318 409.472 206.404 409.453 206.825C409.339 208.663 409.778 210.567 408.566 212.079C409.415 214.825 409.864 217.486 411.62 219.639C411.811 219.868 411.992 220.337 412.47 220.041C412.947 219.744 412.47 219.514 412.47 219.246C412.47 218.452 411.868 217.916 411.668 217.227ZM412.374 225.17C411.735 225.476 412.565 226.491 412.813 227.16C413.061 227.83 413.252 228.261 413.472 228.806C413.605 229.141 413.73 229.505 414.245 229.4C414.379 229.383 414.508 229.339 414.623 229.269C414.738 229.199 414.838 229.105 414.914 228.994C414.991 228.883 415.043 228.756 415.068 228.623C415.092 228.491 415.088 228.354 415.056 228.223C414.891 227.654 414.651 227.11 414.34 226.605C413.863 225.83 413.348 224.711 412.374 225.17ZM416.001 204.222C416.326 203.265 416.068 202.557 415.295 202.366C414.34 202.146 414.407 203.036 414.293 203.725C414.121 204.768 413.806 205.792 413.577 206.672C413.739 207.045 413.911 207.265 413.911 207.486C413.911 208.232 414.169 209.055 414.865 209.017C415.82 208.959 415.448 207.964 415.419 207.39C415.398 206.305 415.596 205.228 416.001 204.222ZM413.481 195.61C413.6 195.685 413.733 195.736 413.872 195.758C414.011 195.781 414.153 195.775 414.289 195.741C414.426 195.707 414.554 195.646 414.666 195.561C414.778 195.476 414.872 195.369 414.942 195.246C415.81 193.82 416.307 192.27 417.805 191.112C418.454 190.615 418.55 188.758 419.056 187.562C419.371 186.806 418.75 186.978 418.321 186.902C418.178 186.902 417.872 186.902 417.844 187.026C417.319 188.624 415.257 189.217 415.056 191.026C415.067 191.593 414.935 192.154 414.671 192.656C414.407 193.158 414.021 193.585 413.548 193.897C413.408 193.987 413.292 194.109 413.21 194.253C413.127 194.398 413.081 194.56 413.074 194.726C413.068 194.893 413.101 195.058 413.172 195.209C413.243 195.359 413.349 195.49 413.481 195.591V195.61ZM416.211 216.366C416.18 216.572 416.18 216.782 416.211 216.988C416.134 217.808 416.229 218.636 416.491 219.417C416.752 220.199 417.174 220.916 417.729 221.524C418.063 221.907 418.512 222.309 418.989 221.955C419.466 221.601 419.189 221.093 418.789 220.739C417.739 219.782 417.691 218.529 417.71 217.256C417.71 217.017 417.71 216.778 417.71 216.529C417.71 215.706 417.576 214.49 416.755 214.49C415.591 214.519 416.459 215.754 416.211 216.366ZM430.615 195.112C430.959 195.801 431.493 195.706 432.18 195.371C433.729 194.493 435.117 193.357 436.285 192.012C436.374 191.947 436.446 191.862 436.496 191.764C436.545 191.666 436.571 191.557 436.571 191.447C436.571 191.337 436.545 191.229 436.496 191.13C436.446 191.032 436.374 190.947 436.285 190.883C434.624 189.926 435.779 189.342 436.438 188.576C437.158 187.913 437.976 187.364 438.862 186.949C439.144 186.761 439.361 186.49 439.483 186.173C439.604 185.855 439.624 185.508 439.54 185.179C439.54 184.825 439.358 184.605 438.709 184.729C437.846 185.117 437.05 185.64 436.352 186.28C435.54 187.237 434.538 188.021 433.736 188.988C433.173 189.677 432.61 190.299 433.288 191.15C433.765 191.753 433.288 192.002 432.944 192.356C432.407 192.86 431.774 193.251 431.083 193.505C430.934 193.569 430.801 193.666 430.693 193.788C430.586 193.911 430.507 194.055 430.463 194.212C430.418 194.368 430.408 194.533 430.435 194.694C430.461 194.854 430.523 195.007 430.615 195.141V195.112ZM431.064 203.265C431.799 203.486 431.942 202.758 432.161 202.308C432.593 201.304 433.245 200.411 434.07 199.696C434.595 199.265 434.901 198.739 434.309 198.146C433.717 197.552 433.154 198.146 432.868 198.404C431.789 199.361 430.443 200.184 430.481 202.079C430.462 202.452 430.434 203.112 431.045 203.294L431.064 203.265ZM430.844 191.131C431.045 190.538 430.844 190.031 429.68 190.174C428.602 190.763 427.729 191.668 427.179 192.768C426.902 193.438 427.646 193.993 428.305 193.725C428.882 193.502 429.406 193.159 429.842 192.718C430.278 192.278 430.616 191.75 430.835 191.17L430.844 191.131ZM429.107 186.213C429.441 185.705 429.594 185.093 429.107 184.739C428.62 184.385 428.219 184.873 427.828 185.198C426.358 186.442 425.308 188.069 423.561 189.074C423.208 189.265 423.112 189.897 422.922 190.289C423.17 191.016 423.485 191.581 424.239 190.94C426.089 189.623 427.739 188.044 429.135 186.251L429.107 186.213ZM422.988 211.888C423.035 211.587 423.004 211.28 422.899 210.996C422.794 210.711 422.617 210.458 422.387 210.261C422.139 210.069 422.206 209.447 421.652 209.687C421.564 209.713 421.483 209.758 421.414 209.817C421.344 209.877 421.288 209.951 421.248 210.034C421.209 210.117 421.187 210.207 421.184 210.299C421.181 210.39 421.198 210.482 421.232 210.567C421.448 212.525 421.662 214.484 421.872 216.443C421.938 217.055 422.521 217.304 422.826 217.715C422.939 217.869 423.103 217.977 423.289 218.019C423.475 218.061 423.67 218.035 423.838 217.945C424.182 217.725 424.105 217.333 423.914 216.988C423.168 215.411 422.845 213.666 422.979 211.926L422.988 211.888ZM424.363 229.648C423.294 228.452 423.046 226.854 422.139 225.581C422.043 225.385 421.882 225.227 421.684 225.135C421.486 225.043 421.263 225.021 421.051 225.074C420.449 225.256 420.803 225.792 420.602 226.443C421.452 227.648 422.387 229.017 423.38 230.347C423.504 230.425 423.644 230.473 423.79 230.488C423.935 230.503 424.083 230.484 424.22 230.433C424.286 230.396 424.344 230.345 424.388 230.283C424.432 230.221 424.462 230.15 424.476 230.075C424.49 230 424.487 229.923 424.467 229.849C424.448 229.775 424.412 229.707 424.363 229.648ZM422.893 195.533C423.275 194.997 424.344 194.289 423.17 193.619C422.368 193.179 421.719 193.782 421.261 194.528C420.306 196.222 418.817 197.648 418.273 199.6C418.145 199.948 418.068 200.312 418.044 200.682C418.025 201.091 418.143 201.495 418.378 201.83C418.502 202.069 418.378 202.509 418.741 202.557C419.104 202.605 419.371 202.012 419.38 201.83C419.457 199.141 421.499 197.514 422.912 195.533H422.893ZM417.013 177.476C417.328 178.375 417.968 177.992 418.512 177.715C419.842 176.912 421.283 176.309 422.788 175.925C422.904 175.905 423.015 175.861 423.114 175.797C423.213 175.732 423.299 175.648 423.364 175.55C423.43 175.451 423.476 175.341 423.498 175.225C423.521 175.108 423.519 174.989 423.494 174.873C423.408 174.413 422.855 174.385 422.091 174.452C420.539 174.802 419.021 175.292 417.557 175.916C417.282 176.054 417.072 176.295 416.974 176.587C416.875 176.879 416.896 177.199 417.032 177.476H417.013ZM419.189 182.701C418.617 183.055 418.741 183.658 418.941 184.203C418.958 184.28 418.995 184.35 419.048 184.408C419.102 184.465 419.169 184.507 419.244 184.53C419.319 184.552 419.399 184.554 419.475 184.535C419.551 184.517 419.62 184.478 419.676 184.423C421.499 182.988 423.914 182.969 425.909 181.945C426.186 181.811 426.969 181.811 426.577 181.15C426.461 180.902 426.28 180.69 426.053 180.537C425.826 180.384 425.562 180.295 425.289 180.28C423.475 181.351 421.127 181.504 419.209 182.71L419.189 182.701ZM426.94 183.849C427.618 184.538 427.895 183.629 428.286 183.351C429.355 182.681 430.195 181.61 431.522 181.351C431.789 181.303 432.219 181.036 432.219 180.863C432.219 179.198 433.383 179.141 434.624 178.949C435.206 178.844 436.304 178.758 436.065 177.696C435.865 176.815 435.006 177.045 434.156 177.007C433.278 177.16 432.047 177.093 431.99 178.672C431.99 179.351 431.407 179.409 430.863 179.629C429.471 180.266 428.213 181.166 427.16 182.28C426.654 182.748 426.482 183.37 426.959 183.83L426.94 183.849ZM435.197 183.198C435.27 183.35 435.378 183.482 435.511 183.585C435.644 183.687 435.8 183.757 435.965 183.788C436.13 183.82 436.3 183.813 436.462 183.767C436.623 183.721 436.772 183.637 436.896 183.524C438.518 182.375 440.265 181.351 441.115 179.38C441.497 178.49 441.115 178.346 440.666 178.088C439.912 178.088 439.769 178.576 439.435 178.911C438.48 179.868 437.86 181.198 436.218 181.466C436.032 181.503 435.857 181.578 435.703 181.688C435.549 181.798 435.42 181.94 435.325 182.104C435.23 182.268 435.171 182.451 435.152 182.639C435.133 182.828 435.155 183.019 435.216 183.198H435.197ZM437.602 231.802C437.12 230.629 437.096 229.317 437.535 228.127C437.707 227.725 437.363 227.428 437.001 227.294C436.638 227.16 436.294 227.361 436.046 227.792C435.559 228.558 435.951 229.342 435.817 229.706C435.731 230.495 435.731 231.29 435.817 232.079C435.941 232.558 436.39 233.141 437.02 233.036C437.141 232.996 437.254 232.932 437.35 232.848C437.446 232.764 437.525 232.662 437.581 232.546C437.637 232.431 437.67 232.306 437.676 232.178C437.683 232.05 437.665 231.922 437.621 231.802H437.602ZM436.886 205.763C436.945 205.523 436.916 205.27 436.804 205.05C436.692 204.831 436.504 204.659 436.275 204.567C435.769 204.395 435.445 204.864 435.254 205.189C434.736 206.053 434.283 206.955 433.899 207.887C433.798 208.116 433.79 208.376 433.877 208.61C433.965 208.844 434.14 209.035 434.366 209.141C434.565 209.218 434.785 209.226 434.989 209.164C435.193 209.101 435.37 208.972 435.493 208.797C436.208 207.919 436.693 206.876 436.905 205.763H436.886ZM429.069 233.515C430.634 235.017 431.646 237.055 433.65 238.405C433.841 237.591 433.975 237.218 433.374 236.634C432.256 235.565 431.395 234.256 430.854 232.806C430.821 232.656 430.757 232.514 430.664 232.391C430.572 232.268 430.454 232.167 430.319 232.094C430.184 232.021 430.034 231.979 429.881 231.97C429.728 231.96 429.574 231.985 429.431 232.041C428.591 232.299 428.84 233.294 429.135 233.534L429.069 233.515ZM430.911 227.639C429.298 225.342 428.897 222.452 427.093 219.84C426.472 222.749 428.448 226.711 430.93 227.658L430.911 227.639ZM426.577 212.73H427.055C427.79 210.519 427.494 208.251 427.312 206.031C427.265 205.759 427.127 205.511 426.92 205.329C426.714 205.146 426.451 205.039 426.176 205.026C425.804 205.026 425.556 205.39 425.604 205.782C425.938 208.108 426.272 210.433 426.596 212.758L426.577 212.73ZM425.566 201.811C426.291 201.868 426.224 201.131 426.425 200.634C426.667 199.639 427.163 198.726 427.866 197.983C427.992 197.895 428.097 197.779 428.172 197.644C428.247 197.509 428.29 197.359 428.298 197.205C428.307 197.051 428.28 196.897 428.22 196.755C428.16 196.613 428.068 196.486 427.952 196.385C427.341 195.839 426.787 196.452 426.463 196.863C425.68 197.769 425.124 198.848 424.84 200.012C424.859 201.055 424.754 201.773 425.575 201.84L425.566 201.811ZM418.254 245.543C418.521 245.716 418.951 246.041 419.037 245.878C419.896 244.232 421.07 245.687 422.063 245.562C422.511 245.505 423.017 245.515 423.198 245.074C423.933 243.505 425.06 242.079 425.012 240.223C425.117 236.481 422.148 232.768 418.693 232.328C416.86 232.098 415.19 232.328 413.92 233.782C413.145 234.548 412.641 235.547 412.484 236.627C412.327 237.706 412.527 238.808 413.052 239.763C414.234 242.139 416.039 244.147 418.273 245.572L418.254 245.543ZM414.016 246.5C414.13 246.606 414.36 246.606 414.579 246.663C414.799 246.72 414.961 246.51 414.999 246.395C415.062 246.227 415.069 246.043 415.019 245.87C414.969 245.698 414.865 245.546 414.722 245.438C412.448 243.516 409.896 241.951 407.153 240.797C406.828 240.673 406.494 240.405 406.198 240.854C405.902 241.304 406.198 241.582 406.485 241.763C409.091 243.208 411.801 244.5 414.025 246.529L414.016 246.5ZM402.056 255.17C403.421 256.194 405.139 255.381 406.265 256.223C406.886 256.108 407.43 256.357 407.516 255.697C407.582 255.189 407.563 254.787 406.838 254.673C405.406 254.453 403.974 254.07 402.581 253.84C402.294 253.84 401.722 253.218 401.559 253.984C401.488 254.214 401.499 254.461 401.592 254.684C401.684 254.906 401.852 255.088 402.065 255.199L402.056 255.17ZM401.426 244.156C402.8 245.457 404.223 246.711 405.693 247.907C406.275 248.386 406.59 247.754 406.361 247.39C405.234 245.639 404.127 243.83 402.084 242.893L401.731 242.711C401.054 243.113 400.91 243.687 401.454 244.185L401.426 244.156ZM400.949 251.39C401.311 250.998 400.996 250.701 400.786 250.433C399.793 249.379 398.548 248.595 397.169 248.156C396.3 247.783 395.976 248.711 396.329 249.208C397.29 250.453 398.631 251.347 400.147 251.754C400.299 251.767 400.452 251.744 400.593 251.686C400.734 251.627 400.859 251.536 400.958 251.419L400.949 251.39ZM387.767 253.515C390.63 254.874 392.826 257.343 395.708 258.663C396.109 258.855 396.663 259.534 397.13 258.74C397.598 257.945 396.653 258.108 396.329 257.878C394.057 256.252 391.737 254.692 389.513 253.008C388.977 252.728 388.426 252.479 387.862 252.261C387.499 252.031 387.308 252.261 387.251 252.615C387.214 252.809 387.246 253.009 387.342 253.18C387.438 253.352 387.592 253.484 387.776 253.553L387.767 253.515ZM381.982 247.448C382.937 248.194 383.891 249.256 385.285 249.189C385.676 249.189 386.239 249.429 386.411 248.874C386.583 248.319 386.23 248.022 385.762 247.725C384.264 246.768 382.813 245.811 381.333 244.854C380.608 244.385 380.245 243.39 378.756 243.429C379.392 245.083 380.522 246.5 381.992 247.486L381.982 247.448ZM373.392 242.414C374.9 245.094 376.207 247.917 378.785 249.859C379.014 250.031 379.386 249.984 379.739 249.61C377.9 247.578 376.363 245.289 375.177 242.816C374.905 242.407 374.511 242.095 374.05 241.926C373.773 241.821 373.134 241.936 373.43 242.452L373.392 242.414ZM370.394 242.519C370.514 242.7 370.692 242.835 370.899 242.901C371.105 242.967 371.328 242.961 371.53 242.883C371.931 242.692 371.712 242.242 371.817 241.821C371.33 240.711 371.091 239.4 369.812 238.692C369.737 238.637 369.649 238.602 369.556 238.59C369.464 238.578 369.37 238.589 369.283 238.622C369.196 238.656 369.119 238.71 369.058 238.78C368.997 238.851 368.954 238.935 368.934 239.027C369.009 240.342 369.539 241.591 370.433 242.558L370.394 242.519ZM367.426 220.921C367.015 220.557 366.576 219.964 366.023 220.318C365.469 220.672 366.023 221.208 366.271 221.687C367.304 224.096 368.46 226.45 369.736 228.739C369.804 228.867 369.84 229.01 369.84 229.156C369.84 229.301 369.804 229.444 369.736 229.572C367.96 231.371 370.413 232.529 370.452 234.05C370.867 234.215 371.299 234.33 371.74 234.395C371.979 234.395 371.74 233.84 371.74 233.668C371.444 232.954 371.218 232.214 371.063 231.457C370.929 228.089 369.297 225.208 368.084 222.175C367.978 221.725 367.765 221.309 367.464 220.959L367.426 220.921ZM369.955 208.643C369.678 207.179 369.44 205.706 369.077 204.261C369.001 203.964 368.648 203.466 368.123 203.581C367.836 203.648 367.645 203.954 367.722 204.395C368.466 206.72 368.438 209.256 368.944 211.706C369.108 213.187 369.428 214.646 369.898 216.06C370.156 216.653 370.442 217.122 371.072 216.883C371.702 216.644 371.292 216.117 371.139 215.677C370.356 213.409 370.394 210.978 369.955 208.643ZM371.74 202.538C370.891 204.624 371.129 206.557 371.063 208.481C371.062 209.145 371.273 209.792 371.664 210.328C371.74 210.415 371.834 210.486 371.939 210.535C372.044 210.585 372.159 210.612 372.275 210.615C372.628 210.615 372.561 210.28 372.571 210.06C372.488 208.075 372.609 206.087 372.933 204.127C373.124 203.332 372.361 203.036 371.721 202.538H371.74ZM372.447 218.921C372.055 219.036 371.75 219.294 371.903 219.677C372.69 221.142 373.358 222.668 373.897 224.242C373.917 224.318 373.96 224.386 374.02 224.437C374.08 224.487 374.155 224.517 374.233 224.523C374.312 224.528 374.39 224.508 374.456 224.466C374.523 224.425 374.574 224.363 374.604 224.29C375.31 223.084 374.232 222.136 374.05 221.065C373.94 220.615 373.739 220.194 373.46 219.825C373.181 219.456 372.829 219.149 372.427 218.921H372.447ZM374.489 192.796C374.123 194.037 373.994 195.336 374.107 196.624C374.107 197.792 374.107 198.643 374.107 199.495C374.107 199.84 374.251 200.069 374.652 200.069C374.728 200.078 374.804 200.068 374.876 200.042C374.948 200.015 375.013 199.973 375.065 199.917C375.118 199.862 375.157 199.795 375.18 199.721C375.202 199.648 375.208 199.571 375.196 199.495C375.255 197.205 375.449 194.92 375.778 192.653C375.786 192.575 375.776 192.497 375.749 192.423C375.723 192.35 375.68 192.283 375.623 192.229C375.567 192.174 375.5 192.134 375.426 192.109C375.352 192.085 375.273 192.078 375.196 192.088C375.009 192.101 374.833 192.181 374.7 192.313C374.567 192.444 374.486 192.619 374.47 192.806L374.489 192.796ZM379.787 178.088C379.225 178.36 378.71 178.718 378.26 179.15C376.988 180.062 375.996 181.311 375.396 182.758C375.1 183.447 375.11 183.954 375.787 184.26C375.919 184.313 376.059 184.338 376.201 184.334C376.342 184.33 376.481 184.297 376.609 184.237C376.737 184.177 376.851 184.091 376.945 183.985C377.038 183.879 377.109 183.754 377.152 183.619C377.705 182.022 378.65 180.59 379.901 179.457C379.985 179.36 380.049 179.248 380.089 179.126C380.128 179.004 380.143 178.876 380.133 178.748C380.122 178.62 380.086 178.496 380.027 178.383C379.967 178.27 379.886 178.169 379.787 178.088ZM383.194 184.787C383.091 184.714 382.974 184.663 382.85 184.636C382.726 184.61 382.599 184.608 382.474 184.631C382.35 184.654 382.232 184.702 382.126 184.771C382.02 184.841 381.929 184.931 381.858 185.036C380.78 187.064 379.329 188.93 378.995 191.275C378.945 191.488 378.976 191.711 379.082 191.902C379.188 192.093 379.361 192.238 379.567 192.308C380.197 192.5 380.302 191.782 380.34 191.524C380.655 189.371 382.374 187.916 383.137 185.993C383.319 185.543 383.767 185.122 383.204 184.787H383.194ZM384.063 197.227C383.662 198.404 382.965 199.524 383.109 201.007C383.031 201.321 383.031 201.65 383.109 201.964C383.376 202.519 383.414 203.457 384.273 203.371C385.132 203.285 384.979 202.481 384.932 201.897C384.87 200.511 385.114 199.129 385.648 197.849C385.781 197.476 385.963 196.816 385.371 196.567C385.111 196.487 384.831 196.512 384.589 196.635C384.347 196.758 384.162 196.97 384.073 197.227H384.063ZM385.638 190.27C386.511 189.729 387.182 188.916 387.547 187.954C387.824 187.437 387.299 187.246 386.793 187.284C386.287 187.323 384.502 189.198 384.722 189.658C384.846 189.887 384.789 190.662 385.648 190.241L385.638 190.27ZM390.258 175.39C389.867 175.064 389.218 175.035 389.055 175.246C387.738 176.921 386.268 178.528 385.772 180.308C385.686 181.409 386.201 181.925 386.726 182.05C387.423 182.213 387.49 181.543 387.623 180.978C388.11 179.31 388.965 177.773 390.124 176.48C390.315 176.222 390.792 175.791 390.267 175.361L390.258 175.39ZM392.243 185.179C392.07 185.162 391.894 185.183 391.729 185.241C391.564 185.299 391.414 185.392 391.289 185.514C390.077 187.495 388.969 189.533 388.95 191.954C391.155 190.481 391.718 188.127 392.511 185.945C392.577 185.677 392.606 185.208 392.253 185.16L392.243 185.179ZM392.759 194.624C392.52 194.793 392.3 194.985 392.1 195.198C391.217 196.59 390.478 198.068 389.895 199.61C389.848 199.727 389.826 199.853 389.831 199.979C389.836 200.105 389.868 200.228 389.926 200.341C389.983 200.453 390.063 200.552 390.162 200.631C390.26 200.71 390.374 200.766 390.497 200.796C390.955 200.969 391.165 200.615 391.451 200.299C392.749 199.055 392.606 197.227 393.541 195.84C393.885 195.38 393.532 194.758 392.768 194.595L392.759 194.624ZM393.398 204.194C392.587 204.251 392.997 204.921 392.845 205.399C393.207 206.414 393.541 207.505 394 208.538C394.63 209.964 394.649 211.572 395.489 212.921C395.727 213.294 395.909 213.782 396.443 213.591C396.978 213.399 396.73 212.931 396.634 212.634C395.918 210.117 395.145 207.61 394.429 205.093C394.248 204.49 393.99 204.108 393.408 204.155L393.398 204.194ZM394.792 177.399C394.401 177.897 393.981 178.691 394.649 179.179C395.174 179.552 395.966 179.055 396.271 178.643C397.347 177.001 398.776 175.622 400.452 174.605C400.523 174.575 400.585 174.528 400.633 174.469C400.682 174.409 400.716 174.339 400.732 174.264C400.747 174.189 400.745 174.111 400.725 174.037C400.704 173.963 400.667 173.896 400.614 173.839C400.366 173.514 400.051 173.38 399.383 173.447C399.045 173.513 398.722 173.639 398.429 173.82C397.068 174.825 395.84 175.999 394.773 177.313L394.792 177.399ZM409.635 164.308C409.31 163.944 408.871 164.193 408.508 164.499C406.027 166.662 402.953 167.638 399.851 168.538C399.326 168.691 398.829 168.844 399.001 169.495C399.125 169.935 399.545 170.126 400.099 169.763C403.211 168.48 406.847 168.078 409.52 165.619C409.621 165.546 409.705 165.452 409.766 165.343C409.828 165.235 409.865 165.114 409.876 164.99C409.887 164.865 409.871 164.74 409.829 164.623C409.788 164.505 409.721 164.398 409.635 164.308ZM411.057 168.921C410.809 168.576 410.503 167.964 409.902 168.327C408.136 169.495 406.408 170.71 404.69 171.945C404.538 172.05 404.566 172.394 404.509 172.624C404.738 173.715 405.463 173.456 406.036 173.102C407.621 172.145 409.157 171.035 410.685 169.964C411 169.724 411.334 169.303 411.057 168.921ZM413.119 173.189C413.058 173.042 412.966 172.91 412.85 172.802C412.733 172.695 412.595 172.614 412.444 172.566C412.293 172.518 412.133 172.503 411.976 172.523C411.819 172.543 411.668 172.597 411.534 172.681C410.738 172.989 410.002 173.432 409.358 173.992C407.75 175.439 406.363 177.116 405.244 178.969C405.018 179.285 404.91 179.671 404.938 180.059C405.015 180.347 404.69 180.902 405.378 181.016C405.661 181.05 405.947 180.982 406.184 180.825C406.422 180.667 406.596 180.43 406.676 180.155C407.239 178.241 408.757 177.131 410.074 175.83C410.625 175.163 411.368 174.685 412.202 174.461C412.975 174.26 413.367 173.878 413.119 173.179V173.189ZM409.778 187.122C409.472 187.399 409.062 187.638 409.071 188.213C409.071 188.5 409.282 188.605 409.558 188.787C409.733 188.909 409.945 188.963 410.156 188.938C410.367 188.913 410.562 188.812 410.704 188.653C412.174 186.806 414.274 185.648 415.954 184.031C416.555 183.457 416.965 182.748 416.335 182.117C415.705 181.485 415.161 182.213 414.684 182.643C413.042 184.165 411.401 185.629 409.778 187.122ZM418.884 170.002C418.092 171.026 417.299 172.021 415.906 172.193C415.257 172.27 415.056 172.48 415.075 173.083C415.095 173.686 415.562 173.648 416.03 173.686C418.769 173.964 420.64 172.193 420.134 169.772C421.576 169.294 422.912 170.251 424.334 170.04C425.06 169.935 425.986 170.155 425.966 169.083C425.966 168.126 425.136 168.212 424.439 168.203C422.9 168.314 421.353 168.198 419.848 167.858C419.657 167.801 419.38 168.05 419.161 168.021C418.781 167.92 418.377 167.962 418.026 168.138C417.674 168.314 417.399 168.613 417.252 168.978C417.004 170.059 418.416 169.322 418.884 169.992V170.002ZM426.272 164.203C424.446 164.004 422.608 163.947 420.774 164.031C420.01 164.031 419.409 163.581 418.645 163.763C418.082 163.897 417.424 163.877 417.452 164.576C417.452 165.141 418.034 165.275 418.569 165.255C421.15 165.301 423.723 165.557 426.262 166.021C426.883 165.887 427.704 166.643 427.847 165.6C427.99 164.557 426.94 164.27 426.272 164.203ZM438.977 164.203C438.853 163.83 438.757 163.313 438.146 163.437C437.02 163.667 435.893 163.897 434.777 164.174C434.242 164.308 433.641 164.624 433.822 165.198C434.004 165.772 434.548 165.131 434.939 165.255C435.18 165.284 435.423 165.284 435.664 165.255C436.523 165.533 437.421 164.901 438.404 164.854C438.681 164.834 439.101 164.691 438.938 164.193L438.977 164.203ZM440.17 168.308C439.702 168.21 439.225 168.168 438.748 168.184C437.287 168.184 435.998 167.744 436.075 169.629C436.075 170.165 435.006 170.279 434.385 170.337C433.765 170.394 433.536 169.906 433.545 169.38C433.578 169.209 433.567 169.032 433.511 168.867C433.455 168.701 433.357 168.554 433.227 168.438C433.097 168.322 432.939 168.242 432.769 168.206C432.599 168.17 432.422 168.179 432.257 168.232C430.93 168.423 429.622 168.729 428.296 168.911C428.117 168.919 427.942 168.968 427.785 169.055C427.627 169.141 427.492 169.262 427.389 169.409C427.286 169.556 427.217 169.724 427.189 169.902C427.161 170.079 427.174 170.261 427.226 170.433C427.436 171.275 428.124 171.131 428.878 170.834C429.652 170.439 430.524 170.276 431.388 170.366C431.713 170.433 432.219 170.184 432.343 170.691C432.467 171.198 432.047 171.294 431.694 171.456L427.561 173.456C427.016 173.724 426.339 174.059 426.673 174.729C427.007 175.399 427.723 175.208 428.324 174.93C429.985 174.165 431.646 173.409 433.297 172.624C434.042 172.27 434.691 171.667 435.626 172.107C435.712 172.145 435.806 172.163 435.9 172.158C435.993 172.153 436.085 172.126 436.166 172.08C436.248 172.033 436.318 171.968 436.37 171.89C436.422 171.812 436.455 171.722 436.466 171.629C436.552 168.758 438.738 170.356 439.998 170.05C440.561 169.916 441.344 171.275 441.764 170.05C442.184 168.825 441.019 168.519 440.132 168.299L440.17 168.308ZM447.224 168.165C446.773 167.692 446.228 167.319 445.625 167.07C445.021 166.821 444.373 166.702 443.721 166.72C443.253 166.949 442.27 166.222 442.212 167.399C442.165 168.423 443.024 168.461 443.73 168.547C444.643 168.584 445.525 168.886 446.269 169.418C446.356 169.507 446.461 169.576 446.577 169.621C446.692 169.666 446.816 169.685 446.94 169.678C447.064 169.671 447.185 169.637 447.295 169.579C447.405 169.521 447.501 169.44 447.577 169.342C448.102 168.739 447.51 168.442 447.185 168.155L447.224 168.165ZM447.959 175.878C446.785 174.806 445.028 174.318 444.541 172.557C444.475 172.308 444.179 172.394 443.931 172.557C442.27 173.437 440.351 173.179 438.604 173.715C438.079 173.878 437.258 173.485 437.316 174.519C437.373 175.552 438.194 175.083 438.709 175.189C438.982 175.213 439.257 175.213 439.53 175.189C440.239 175.174 440.945 175.094 441.64 174.949C442.081 174.734 442.585 174.687 443.059 174.815C443.532 174.944 443.944 175.239 444.217 175.648C444.876 176.547 446.355 176.71 447.214 177.619C447.491 177.916 447.815 177.619 447.987 177.39C448.083 177.285 448.158 177.162 448.207 177.028C448.255 176.894 448.277 176.752 448.271 176.61C448.265 176.468 448.231 176.328 448.171 176.199C448.11 176.07 448.025 175.954 447.92 175.858L447.959 175.878ZM451.175 176.241C450.736 176.241 450.278 176.423 450.269 176.748C450.256 176.954 450.309 177.157 450.421 177.33C450.533 177.502 450.697 177.634 450.889 177.705C451.98 178.018 452.987 178.571 453.838 179.323C453.93 179.408 454.04 179.473 454.159 179.512C454.279 179.551 454.406 179.563 454.53 179.547C454.655 179.532 454.775 179.489 454.881 179.422C454.988 179.355 455.078 179.266 455.146 179.16C455.225 179.085 455.287 178.994 455.328 178.892C455.369 178.791 455.387 178.682 455.382 178.572C455.376 178.463 455.347 178.357 455.297 178.26C455.246 178.163 455.175 178.078 455.089 178.012C453.979 177.034 452.603 176.411 451.137 176.222L451.175 176.241ZM450.479 188.28C450.402 188.902 450.66 189.342 451.433 189.476C451.809 189.382 452.155 189.194 452.439 188.93C452.723 188.665 452.935 188.333 453.056 187.964C453.266 187.342 452.808 186.93 452.101 186.902C451.901 186.87 451.697 186.882 451.502 186.936C451.306 186.99 451.125 187.084 450.969 187.214C450.813 187.343 450.686 187.504 450.596 187.686C450.507 187.868 450.457 188.067 450.45 188.27L450.479 188.28ZM465.569 177.284C464.773 176.447 463.848 175.743 462.83 175.198C460.329 174.126 457.828 173.045 455.452 171.734C454.497 171.217 454.125 171.657 453.858 172.212C453.858 172.882 454.144 173.169 454.516 173.275C456.886 174.142 459.184 175.195 461.389 176.423C462.442 176.979 463.407 177.688 464.252 178.528C464.672 178.902 465.207 179.485 465.646 179.083C465.763 178.96 465.853 178.814 465.911 178.654C465.969 178.494 465.994 178.324 465.983 178.154C465.972 177.984 465.926 177.818 465.849 177.667C465.771 177.516 465.663 177.382 465.531 177.275L465.569 177.284ZM456.272 178.241C456.272 178.691 456.607 179.122 457.351 179.198C458.238 179.35 459.081 179.693 459.823 180.203C460.32 180.528 460.701 181.236 461.226 180.49C461.328 180.35 461.396 180.19 461.427 180.02C461.458 179.85 461.45 179.675 461.404 179.509C461.358 179.342 461.276 179.188 461.162 179.058C461.049 178.928 460.908 178.826 460.749 178.758C459.851 178.366 458.934 178.021 458 177.724C456.922 177.677 456.263 177.724 456.234 178.26L456.272 178.241ZM472.194 180.71C472.194 179.476 471.163 179.447 470.457 179.495C469.617 179.246 468.996 179.351 468.958 179.973C468.882 181.208 470.142 181.485 470.934 181.887C471.526 182.203 472.156 181.313 472.165 180.729L472.194 180.71ZM471.077 187.552C471.478 186.739 470.714 186.366 470.046 185.926C467.832 184.471 465.14 184.059 462.897 182.681C462.562 182.539 462.208 182.446 461.847 182.404C460.978 182.299 460.148 182.653 460.024 183.361C459.9 184.069 460.797 184.251 461.446 184.318C462.095 184.385 462.21 184.653 462.553 184.911C462.897 185.17 463.508 185.744 463.765 185.648C466.219 184.691 467.431 186.873 469.197 187.562C469.769 187.83 470.571 188.548 471.048 187.571L471.077 187.552ZM464.233 197.122C465.092 196.787 465.312 196.241 465.054 195.6C464.796 194.959 464.1 194.95 463.546 195.294C462.505 195.916 461.37 195.629 460.281 195.591C459.193 195.552 458.983 196.021 458.716 196.959C460.635 197.227 462.343 197.916 464.214 197.227L464.233 197.122ZM458.029 187.839C459.499 190.605 462.439 190.997 464.978 192.04C465.703 192.418 466.369 192.902 466.954 193.476C467.164 193.323 467.498 193.198 467.498 193.045C467.549 192.708 467.467 192.365 467.269 192.088C466.465 191.208 465.449 190.549 464.319 190.174C462.505 189.734 460.806 189.485 459.928 187.304C459.441 186.088 457.504 185.591 456.11 185.064C455.432 184.815 455.156 185.39 455.471 185.906C455.794 186.504 456.313 186.97 456.941 187.227C457.303 187.428 457.838 187.591 458 187.897L458.029 187.839ZM456.969 193.849C457.418 193.514 457.847 193.083 457.485 192.471C457.122 191.859 456.53 191.868 455.91 192.261C455.127 192.842 454.173 193.146 453.199 193.122C452.712 193.122 451.929 193.284 451.968 194.146C451.968 194.768 452.254 195.371 452.922 195.208C454.249 194.921 455.747 194.806 456.941 193.906L456.969 193.849ZM449.868 204.71C450.507 205.447 451.042 204.71 451.5 204.318C452.521 203.419 453.327 202.3 453.858 201.045C453.832 200.75 453.72 200.47 453.535 200.24C453.349 200.01 453.099 199.84 452.817 199.753C452.349 199.6 452.149 200.098 451.929 200.49C451.502 201.336 450.872 202.063 450.097 202.605C449.898 202.695 449.725 202.836 449.596 203.012C449.467 203.189 449.386 203.396 449.36 203.614C449.334 203.831 449.364 204.052 449.448 204.254C449.532 204.456 449.667 204.633 449.839 204.768L449.868 204.71ZM448.169 201.332C448.264 201.281 448.349 201.212 448.417 201.127C448.485 201.042 448.536 200.945 448.565 200.84C448.595 200.735 448.603 200.626 448.589 200.518C448.575 200.41 448.539 200.306 448.484 200.213C448.424 200.046 448.311 199.903 448.163 199.807C448.015 199.71 447.839 199.664 447.663 199.677C447.09 199.677 440.809 204.643 440.723 205.141C440.64 205.373 440.631 205.624 440.698 205.861C440.764 206.098 440.904 206.308 441.096 206.462C441.535 206.777 441.745 206.462 442.05 206.232C444.188 204.806 445.878 202.758 448.14 201.39L448.169 201.332ZM440.37 224.395C440.914 224.519 440.952 224.012 441.067 223.591C441.783 221.141 442.546 218.701 443.262 216.251C443.415 215.715 443.425 214.978 442.776 214.864C442.499 214.859 442.229 214.952 442.014 215.127C441.799 215.302 441.653 215.548 441.602 215.821C440.859 218.272 440.306 220.777 439.95 223.313C439.883 223.792 439.855 224.337 440.351 224.452L440.37 224.395ZM440.284 211.055C440.284 210.385 440.552 209.227 439.568 209.342C438.585 209.457 438.366 210.663 438.433 211.773C438.652 212.184 437.917 213.218 439.062 213.199C440.513 213.227 440.275 212.031 440.265 211.112L440.284 211.055ZM445.362 262.3C445.945 261.783 446.45 260.826 445.553 260.07C444.656 259.314 444.179 259.821 443.644 260.692C442.585 262.367 439.74 262.548 438.098 261.18C437.678 260.826 437.306 260.414 436.915 260.012C436.323 259.41 435.598 259.18 435.006 259.811C434.865 259.954 434.759 260.127 434.696 260.317C434.632 260.507 434.613 260.71 434.64 260.908C434.667 261.107 434.738 261.297 434.85 261.464C434.961 261.63 435.109 261.769 435.283 261.869C437.106 262.692 440.294 265.438 445.362 262.3Z" fill="#ACAEBF"/>
<path d="M447.977 240.529C445.705 240.261 446.583 242.903 447.977 244.003C438.374 240.491 426.023 243.525 421.909 253.927C420.525 257.41 418.673 265.238 421.336 268.587C423.818 271.716 432.208 273.372 435.912 273.697C445.39 274.587 455.184 279.209 465.187 277.774C469.698 277.137 474.162 276.204 478.55 274.979C481.28 274.204 490.004 273.066 490.644 269.879C491.207 267.238 488.324 266.223 486.826 264.845C485.327 263.467 484.459 261.783 482.702 260.606C479.285 258.309 475.2 256.654 471.554 254.558C464.166 250.29 457.293 245.046 449.6 241.161C449.017 241.295 449.514 241.515 449.285 241.84L447.977 240.529Z" fill="white"/>
<path d="M419.904 243.467C419.179 241.438 417.585 240.223 417.862 238.012C419.733 239.409 420.067 241.113 419.904 243.467Z" fill="#ACAEBF"/>
<path d="M422.873 309.372C419.587 308.698 416.407 307.577 413.423 306.042C413.287 306.002 413.163 305.93 413.062 305.83C412.96 305.731 412.885 305.608 412.843 305.473C412.8 305.338 412.792 305.194 412.818 305.054C412.844 304.915 412.905 304.784 412.994 304.673C413.542 303.789 413.742 302.731 413.557 301.707C413.452 300.645 413.977 300.386 414.874 300.645C416.254 300.933 417.667 301.036 419.074 300.951C419.573 300.977 420.073 300.977 420.573 300.951C423.293 300.664 424.391 301.956 424.849 304.97C424.84 306.051 424.722 307.128 424.496 308.185C424.438 309.324 423.751 309.525 422.873 309.372Z" fill="url(#paint0_linear_20_2546)"/>
<path d="M409.338 303.927C408.383 303.123 407.362 302.501 406.379 301.793C404.774 300.732 403.353 299.417 402.169 297.898C402.483 297.731 402.837 297.656 403.191 297.679C403.545 297.703 403.885 297.825 404.174 298.032C405.906 299.043 407.808 299.727 409.786 300.051C411.61 300.386 412.087 301.305 411.696 303.123C411.361 304.463 410.416 304.846 409.338 303.927Z" fill="url(#paint1_linear_20_2546)"/>
<path d="M434.977 310.147C432.485 309.99 429.988 309.961 427.493 310.061C425.432 310.271 425.67 309.228 426.071 308.147C426.777 306.674 426.929 304.996 426.501 303.42C425.785 301.209 425.775 300.96 428.018 300.759C430.09 300.568 432.447 299.4 434.299 301.343C436.151 303.286 437.277 305.276 437.306 306.702C437.22 310.482 437.602 310.147 434.977 310.147Z" fill="url(#paint2_linear_20_2546)"/>
<path d="M449.504 306.788C449.838 307.745 449.638 308.358 448.693 308.578C446.202 309.152 443.787 310.071 441.152 310.138C440.389 309.917 439.014 310.74 439.138 308.932C439.256 307.398 439.036 305.856 438.495 304.416C437.954 302.976 437.105 301.672 436.007 300.597C435.692 300.271 435.053 299.535 435.587 299.219C437.286 298.262 439.11 297.429 440.894 296.578C441.009 296.52 441.257 296.645 441.391 296.75C444.913 299.468 448.034 302.492 449.504 306.788Z" fill="url(#paint3_linear_20_2546)"/>
<path d="M476.555 277.611C476.555 277.343 476.851 277.142 477.185 277.075C480.611 276.196 483.984 275.116 487.284 273.84C487.437 277.199 485.842 279.697 483.886 282.061C483.189 282.903 482.721 282.357 482.234 281.898C480.79 280.368 479.053 279.144 477.128 278.3C476.986 278.236 476.861 278.141 476.762 278.021C476.663 277.902 476.592 277.762 476.555 277.611Z" fill="url(#paint4_linear_20_2546)"/>
<path d="M444.855 297.152C442.87 295.238 443.042 295.333 444.359 293.046C445.409 291.219 446.191 289.821 448.654 291.362C449.885 292.128 451.804 292.778 452.071 293.831C452.587 295.946 454.41 296.415 455.622 297.659C457.35 299.372 458.972 301.113 459.44 303.515C459.335 303.956 459.564 304.367 459.03 304.683C456.987 305.869 455.03 307.171 452.615 307.669C451.852 307.831 451.737 307.391 451.661 307.066C450.449 303.027 447.843 299.975 444.855 297.152Z" fill="url(#paint5_linear_20_2546)"/>
<path d="M466.217 281.104C465.807 281.008 465.177 280.912 465.129 280.29C465.072 279.506 465.835 279.486 466.284 279.333C468.193 278.807 470.198 278.951 471.944 278.204C472.899 278.128 477.204 280.185 478.712 281.372C482.53 284.396 482.53 284.721 479.132 288.156C477.624 289.668 477.414 289.63 476.135 288.003C473.558 284.75 470.493 282.109 466.217 281.104Z" fill="url(#paint6_linear_20_2546)"/>
<path d="M458.238 294.424C459.04 293.965 460.681 293.735 460.624 292.109C460.624 291.535 459.975 290.281 461.636 290.673C462.476 290.874 463.125 289.468 464.118 290.357C465.75 291.831 467.506 293.228 468.079 295.458C468.122 295.753 468.274 296.021 468.507 296.208C468.739 296.394 469.033 296.485 469.329 296.463C470.007 296.463 470.064 295.726 469.988 295.161C469.706 293.85 468.989 292.673 467.955 291.822C464.499 288.396 460.214 286.08 456.119 283.554C455.05 283.004 454.061 282.312 453.179 281.496C453.062 281.332 452.981 281.145 452.941 280.947C452.902 280.749 452.904 280.545 452.948 280.348C452.992 280.151 453.077 279.966 453.197 279.804C453.318 279.643 453.471 279.508 453.647 279.41C454.496 278.951 456.882 279.41 457.236 280.061C457.589 280.711 457.722 281.831 459.278 281.314C461.884 282.271 465.005 282.013 467.802 283.439C470.599 284.865 472.346 287.008 474.541 288.845C475.238 289.429 476.822 290.587 475.62 291.85C474.579 292.941 473.625 294.118 472.537 295.171C469.673 298.042 466.179 300.042 462.991 302.444C462.352 302.922 461.464 303.037 461.216 302.358C460.424 300.204 458.811 298.626 457.579 296.788C456.978 295.898 456.873 295.19 458.238 294.424Z" fill="url(#paint7_linear_20_2546)"/>
<path d="M442.307 289.582C440.093 289.113 437.878 288.683 435.693 288.109C430.061 286.625 424.172 287.018 418.511 285.649C413.3 284.396 407.887 284.061 402.657 282.673C397.248 281.363 392.106 279.123 387.461 276.051C383.643 273.439 380.044 270.721 377.219 266.931C374.651 263.496 371.263 260.673 368.733 257.113C366.685 254.074 365.078 250.758 363.96 247.266C362.7 243.677 362.529 239.869 361.975 236.137C361.164 230.682 361.135 225.189 360.486 219.744C360.486 217.065 361.03 214.452 361.269 211.811C361.637 206.425 362.831 201.128 364.81 196.108C366.194 192.796 367.11 189.294 369.163 186.261C369.43 185.859 369.516 185.351 370.203 185.543C370.451 185.61 370.05 186.643 370.776 185.906C371.119 185.562 371.291 184.95 370.871 184.806C369.917 184.394 370.508 183.849 370.747 183.533C371.864 182.26 372.656 180.749 373.668 179.428C375.577 177.055 377.486 174.643 379.395 172.394C380.53 170.97 381.856 169.711 383.337 168.653C386.635 166.643 390.045 164.825 393.551 163.208C395.554 162.177 397.685 161.417 399.889 160.949C404.098 160.174 408.212 159.035 412.603 158.863C416.994 158.691 421.594 158.7 426.081 158.653C430.825 158.726 435.545 159.342 440.15 160.49C441.935 160.892 443.816 160.978 445.562 161.447C450.078 162.853 454.482 164.599 458.735 166.672C463.927 169.064 469.158 171.399 473.845 174.701C478.302 177.839 483.084 180.586 486.568 184.892C487.924 186.567 489.747 187.973 490.749 189.811C494.014 195.792 497.135 201.84 499.101 208.414C500.85 214.53 501.929 220.819 502.318 227.17C502.49 229.438 501.86 231.629 501.879 233.869C501.879 234.711 501.64 239.61 501.516 241.333C501.436 243.792 501.117 246.238 500.562 248.634C498.987 254.271 497.755 260.003 495.264 265.371C495.006 265.926 494.539 266.596 495.656 267.285C495.908 267.455 496.105 267.696 496.221 267.978C496.338 268.259 496.369 268.569 496.311 268.868C496.253 269.167 496.108 269.443 495.895 269.66C495.681 269.877 495.409 270.026 495.111 270.089C492.296 270.903 489.174 271.438 489.928 275.506C489.934 275.628 489.908 275.75 489.852 275.86C488.334 279.888 485.805 283.41 483.275 286.798C480.746 290.185 477.224 293.161 474.16 296.367C472.086 298.5 469.762 300.373 467.239 301.946C464.28 303.793 461.446 305.831 458.315 307.439C455.144 308.984 451.828 310.212 448.416 311.104C445.951 311.889 443.363 312.213 440.78 312.061C438.664 311.963 436.544 312.002 434.433 312.176C430.92 312.291 427.465 311.774 423.933 311.774C422.706 311.803 421.484 311.612 420.325 311.209C415.027 309.2 409.882 306.97 405.368 303.554C404.164 302.782 403.005 301.945 401.893 301.046C400.137 299.372 398.839 297.286 396.891 295.735C396.185 295.171 395.383 294.07 395.937 293.219C396.49 292.367 397.684 292.922 398.399 293.41C400.175 294.645 402.342 294.97 404.232 295.956C405.425 296.578 406.704 297.525 408.05 297.554C410.512 297.611 412.822 298.396 415.285 298.511C419.475 298.645 423.608 299.113 427.846 298.511C432.565 297.907 437.058 296.127 440.914 293.333C441.675 292.663 442.32 291.87 442.823 290.989C443.51 290.156 443.214 289.774 442.307 289.582ZM483.877 282.108C485.786 279.745 487.428 277.257 487.275 273.888C483.975 275.164 480.602 276.244 477.176 277.123C476.851 277.199 476.517 277.391 476.546 277.659C476.583 277.807 476.653 277.945 476.751 278.062C476.848 278.18 476.971 278.274 477.109 278.338C479.035 279.182 480.771 280.406 482.216 281.936C482.722 282.396 483.189 282.941 483.877 282.108ZM479.104 288.185C482.55 284.74 482.531 284.424 478.684 281.4C477.176 280.214 472.842 278.156 471.917 278.233C470.17 278.979 468.099 278.836 466.256 279.362C465.817 279.486 465.044 279.515 465.101 280.319C465.149 280.941 465.779 281.037 466.189 281.132C470.466 282.137 473.52 284.778 476.107 288.07C477.415 289.659 477.625 289.697 479.133 288.137L479.104 288.185ZM462.982 302.491C466.18 300.08 469.664 298.042 472.528 295.219C473.616 294.156 474.58 292.979 475.611 291.898C476.813 290.635 475.229 289.477 474.532 288.893C472.337 287.056 470.504 284.845 467.793 283.486C465.082 282.128 461.875 282.3 459.269 281.362C457.713 281.879 457.608 280.788 457.227 280.108C456.845 279.429 454.487 278.989 453.638 279.458C453.462 279.556 453.309 279.691 453.188 279.852C453.068 280.014 452.983 280.199 452.939 280.396C452.895 280.593 452.893 280.797 452.932 280.995C452.972 281.192 453.053 281.38 453.17 281.544C454.052 282.36 455.041 283.052 456.11 283.601C460.205 286.147 464.49 288.443 467.946 291.869C468.98 292.721 469.697 293.898 469.979 295.209C470.055 295.774 469.979 296.463 469.32 296.511C469.024 296.533 468.73 296.442 468.498 296.255C468.265 296.069 468.113 295.801 468.07 295.506C467.507 293.295 465.741 291.888 464.109 290.405C463.154 289.515 462.476 290.922 461.627 290.721C459.966 290.329 460.596 291.582 460.615 292.156C460.672 293.783 459.031 294.013 458.229 294.472C456.864 295.247 456.969 295.955 457.57 296.855C458.792 298.702 460.434 300.281 461.207 302.424C461.455 303.046 462.343 302.941 462.982 302.491ZM452.664 307.659C455.069 307.161 457.026 305.86 459.078 304.673C459.613 304.358 459.384 303.956 459.489 303.506C458.983 301.104 457.36 299.362 455.671 297.649C454.458 296.453 452.635 295.975 452.12 293.822C451.862 292.759 449.934 292.118 448.703 291.353C446.24 289.812 445.457 291.209 444.407 293.037C443.09 295.314 442.918 295.267 444.904 297.142C447.891 299.965 450.497 303.018 451.719 307.008C451.776 307.353 451.891 307.783 452.654 307.621L452.664 307.659ZM450.268 279.037C449.533 278.51 448.779 278.022 447.844 278.616L447.567 278.788C447.825 279.238 448.111 279.381 448.426 279.343C449.085 279.257 449.447 280.702 450.268 279.678C450.411 279.448 450.507 279.18 450.259 279.008L450.268 279.037ZM409.806 300.09C407.828 299.765 405.926 299.081 404.193 298.07C403.905 297.863 403.564 297.741 403.21 297.718C402.856 297.694 402.502 297.77 402.189 297.936C403.372 299.455 404.794 300.77 406.398 301.831C407.353 302.539 408.422 303.161 409.357 303.965C410.293 304.769 411.381 304.501 411.686 303.161C412.087 301.305 411.62 300.386 409.796 300.051L409.806 300.09ZM424.868 304.999C424.439 301.984 423.312 300.692 420.592 300.979C420.093 301.006 419.593 301.006 419.093 300.979C417.686 301.065 416.274 300.962 414.894 300.673C413.996 300.415 413.471 300.673 413.576 301.735C413.762 302.76 413.561 303.817 413.013 304.702C412.924 304.812 412.864 304.943 412.837 305.083C412.811 305.222 412.82 305.366 412.862 305.502C412.905 305.637 412.98 305.76 413.081 305.859C413.182 305.958 413.307 306.031 413.443 306.07C416.427 307.606 419.606 308.727 422.892 309.401C423.771 309.563 424.458 309.401 424.525 308.214C424.746 307.147 424.858 306.06 424.859 304.97L424.868 304.999ZM428.018 300.798C425.775 300.999 425.785 301.247 426.501 303.458C426.929 305.034 426.776 306.713 426.071 308.185C425.67 309.219 425.441 310.262 427.493 310.099C429.988 310 432.485 310.028 434.977 310.185C437.602 310.185 437.22 310.559 437.287 306.788C437.287 305.362 436.027 303.257 434.28 301.429C432.533 299.601 430.09 300.578 428.009 300.769L428.018 300.798ZM441.382 296.778C441.248 296.673 440.99 296.549 440.885 296.606C439.1 297.448 437.277 298.243 435.578 299.247C435.044 299.563 435.693 300.3 435.998 300.625C437.096 301.701 437.945 303.005 438.486 304.445C439.027 305.885 439.246 307.426 439.129 308.96C439.005 310.769 440.379 309.917 441.143 310.166C443.777 310.099 446.192 309.209 448.684 308.606C449.638 308.386 449.829 307.793 449.495 306.817C448.035 302.491 444.913 299.468 441.391 296.75L441.382 296.778ZM450.354 276.491C453.953 277.171 457.589 277.228 461.178 277.716C462.713 277.869 464.263 277.779 465.77 277.448C469.425 276.711 473.024 275.754 476.67 274.96C477.711 274.74 477.911 274.462 477.682 273.381C477.233 271.276 477.186 269.104 476.431 267.056C476.342 266.856 476.331 266.63 476.4 266.423C476.469 266.216 476.613 266.042 476.804 265.936C477.481 265.515 477.396 266.29 477.682 266.481C479.095 267.438 478.636 269.008 478.951 270.309C480.03 275.276 479.018 274.778 483.724 272.596C484.774 272.108 485.919 271.879 486.912 271.285C487.299 271.106 487.675 270.905 488.038 270.683C488.315 270.472 487.418 265.314 487.084 265.123C484.631 263.678 482.101 262.328 479.715 260.788C475.802 258.261 471.659 256.089 467.831 253.419C464.653 251.199 461.15 249.419 457.809 247.429C456.415 246.596 455.222 245.515 453.848 244.615C452.836 243.965 452.024 243.218 450.726 243.419C450.249 243.496 450.163 243.122 449.924 242.845C449.466 242.299 449.113 241.716 448.015 241.888C446.918 242.06 445.858 239.572 446.23 238.357C446.517 237.4 446.899 236.529 446.23 235.61C445.954 235.247 445.648 234.95 445.142 235.084C444.636 235.218 444.808 235.658 444.78 235.993C444.821 236.776 444.708 237.56 444.446 238.299C444.378 238.524 444.255 238.727 444.086 238.89C443.918 239.053 443.711 239.17 443.485 239.229C443.259 239.289 443.021 239.289 442.795 239.23C442.569 239.171 442.361 239.055 442.193 238.893C440.808 237.897 439.808 236.452 439.363 234.803C438.917 233.153 439.054 231.4 439.749 229.84C440.131 229.025 440.787 228.371 441.603 227.993C442.418 227.614 443.34 227.537 444.207 227.773C446.396 228.31 448.436 229.337 450.173 230.778C449.073 228.548 448.228 226.202 447.653 223.782C447.347 221.242 447.296 218.677 447.5 216.127C447.586 212.519 449.247 209.514 451.194 206.557C452.626 204.385 455.012 203.323 456.787 201.629C457.95 200.54 459.332 199.712 460.84 199.202C462.348 198.692 463.947 198.511 465.531 198.672C465.999 198.672 466.629 198.816 466.581 198.031C466.457 195.801 468.394 196.308 469.444 196.184C471.353 195.974 473.186 197.141 473.262 198.509C473.237 198.966 473.374 199.416 473.651 199.78C473.928 200.143 474.325 200.395 474.771 200.49C477.493 201.414 480.037 202.8 482.292 204.586C484.853 206.413 486.622 209.151 487.237 212.242C487.303 212.596 487.475 213.132 486.912 213.342C486.349 213.553 486.139 213.112 485.776 212.892C484.946 212.404 484.822 211.457 484.488 210.758C482.96 207.256 480.087 205.323 476.794 203.677C473.209 201.959 469.311 200.999 465.34 200.854C462.68 200.693 460.061 201.567 458.028 203.294C455.594 205.208 452.74 206.749 451.49 209.907C450.698 211.916 449.753 213.811 449.638 216.031C449.457 219.754 449.018 223.495 450.497 227.065C451.229 228.55 451.58 230.194 451.519 231.85C451.175 231.629 450.841 231.247 450.64 231.314C450.211 231.448 450.373 231.964 450.449 232.271C450.934 234.267 450.934 236.351 450.449 238.347C450.058 240.165 451.853 240.807 452.893 241.649C455.611 243.844 458.447 245.888 461.388 247.773C465.015 250.079 468.834 252.089 472.508 254.319C476.451 256.711 480.24 259.362 484.278 261.592C486.444 262.788 488.745 263.764 490.854 265.075C490.939 265.141 491.041 265.183 491.147 265.196C491.254 265.209 491.363 265.192 491.461 265.148C491.559 265.104 491.644 265.033 491.705 264.945C491.766 264.856 491.802 264.752 491.809 264.644C491.962 263.687 493.298 262.855 491.904 261.62C491.398 261.17 491.599 259.706 491.809 258.749C492.077 257.198 492.192 255.624 492.152 254.051C492.152 253.725 491.962 253.218 492.477 253.151C492.992 253.084 493.107 253.544 493.288 253.955C493.778 255.077 493.869 256.334 493.546 257.515C493.316 258.706 493.236 259.921 493.307 261.132C493.781 261.004 494.208 260.74 494.535 260.373C494.862 260.006 495.076 259.552 495.15 259.065C496.343 255.18 497.555 251.314 498.576 247.371C499.264 244.72 499.111 241.993 499.664 239.342C500.524 235.208 499.617 230.988 500.361 226.826C500.415 225.562 500.264 224.298 499.913 223.084C499.913 223.026 499.913 222.309 499.254 222.672C497.87 223.476 497.746 222.596 497.775 221.543C497.803 220.491 497.775 219.629 497.775 218.605C497.775 217.974 497.708 217.361 498.729 217.428C499.197 217.428 499.302 217.256 499.159 216.749C498.204 213.313 497.803 209.715 495.942 205.974C495.999 208.069 496.667 209.591 496.734 211.189C496.801 212.787 495.35 213.935 495.971 215.447C496.413 216.771 496.39 218.206 495.904 219.514C495.77 220.05 495.722 220.864 494.863 220.73C493.794 220.558 494.319 219.859 494.386 219.208C494.51 217.936 494.386 216.644 494.453 215.38C494.577 213.83 494.252 212.318 495.035 210.691C495.617 209.486 494.749 207.821 494.186 206.395C493.985 205.897 493.861 205.361 493.613 204.883C493.365 204.404 493.174 204.146 493.613 203.773C494.052 203.399 494.567 203.562 495.255 204.347C494.745 202.512 493.997 200.752 493.031 199.112C492.725 198.567 492.219 198.682 491.618 198.72C489.766 198.835 488.964 197.591 489.881 196.05C490.095 195.728 490.216 195.352 490.229 194.965C490.243 194.578 490.148 194.195 489.957 193.859C487.197 187.953 482.731 183.016 477.138 179.686C475.945 178.959 474.933 177.935 473.759 177.179C473.291 176.882 472.451 176.079 472.127 177.514C471.983 178.126 471.172 178.002 470.876 177.725C469.349 176.203 466.829 175.533 466.476 172.94C466.476 172.748 466.189 172.519 465.989 172.414C463.383 171.141 460.758 169.897 458.143 168.586C457.742 168.394 457.341 168.05 456.959 168.413C456.577 168.777 457.122 169.169 457.236 169.524C457.351 169.878 457.752 170.356 457.37 170.681C456.988 171.007 456.625 170.471 456.339 170.213C455.268 169.391 453.994 168.878 452.654 168.729C452.044 168.605 451.318 168.968 451.146 168.05C450.936 166.882 451.948 167.294 452.492 167.093C452.741 166.966 452.978 166.815 453.198 166.643C450.5 165.12 447.563 164.068 444.512 163.533C441.181 162.767 437.831 162.155 434.48 161.428C433.335 161.179 432.123 161.543 431.006 160.978C430.853 160.93 430.687 160.944 430.544 161.017C430.401 161.091 430.293 161.217 430.242 161.37C429.641 163.858 427.598 162.385 426.243 162.748C426.061 162.748 425.642 162.614 425.622 162.49C425.126 159.514 422.826 161.064 421.279 160.873C418.699 160.622 416.106 161.187 413.863 162.49C413.598 162.661 413.301 162.775 412.99 162.825C412.679 162.875 412.361 162.86 412.056 162.781C411.751 162.702 411.466 162.56 411.218 162.365C410.971 162.17 410.766 161.926 410.617 161.648C410.169 160.825 409.357 161.179 408.785 161.255C406.666 161.543 404.451 161.255 403.201 163.945C402.456 165.514 400.099 165.935 398.237 166.232C397.626 166.327 397.521 165.514 397.798 164.882C397.922 164.586 398.428 164.279 398.056 163.925C397.684 163.571 397.264 163.839 396.872 164.088C396.202 164.506 395.51 164.889 394.801 165.236C394.238 165.514 394.142 165.696 394.515 166.308C395.154 167.37 394.916 168.117 393.426 168.222C392.516 168.3 391.633 168.57 390.835 169.016C390.037 169.461 389.342 170.071 388.797 170.806C388.721 170.902 388.702 171.045 388.616 171.112C388.062 171.552 387.575 172.643 386.859 172.069C386.143 171.495 386.439 170.547 387.193 169.897C387.301 169.827 387.394 169.737 387.466 169.63C387.538 169.524 387.587 169.405 387.612 169.279C387.637 169.153 387.637 169.023 387.611 168.898C387.585 168.772 387.534 168.653 387.461 168.547C386.058 169.504 384.597 170.461 383.309 171.533C380.006 174.404 377.476 177.906 374.861 181.361C373.079 183.707 371.483 186.19 370.088 188.787C369.325 190.213 370.012 191.849 369.315 193.361C368.743 194.624 369 194.72 367.549 194.844C367.387 194.844 367.177 195.17 367.129 195.371C366.175 199.198 364.266 202.749 364.008 206.73C363.941 207.83 362.93 208.586 363.197 209.849C363.435 210.959 363.14 212.108 364.037 213.16C364.81 214.069 364.495 214.615 363.245 215.122C362.853 215.285 362.91 215.553 362.853 215.83C362.042 219.811 362.853 223.744 363.111 227.706C363.254 229.725 363.388 231.744 363.588 233.754C364.18 239.783 364.953 245.802 367.569 251.362C369.341 254.951 371.677 258.23 374.489 261.075C376.617 263.314 378.698 265.62 380.827 267.85C384.645 271.898 388.95 275.506 394.476 277.563C397.184 278.662 399.946 279.62 402.752 280.434C405.812 281.345 408.945 281.985 412.116 282.348C414.435 282.53 416.889 282.032 419.151 283.257C419.933 283.687 420.258 282.625 420.964 282.587C422.481 282.417 424.014 282.462 425.517 282.721C426.816 283.018 427.57 282.903 427.56 281.41C427.56 280.108 428.219 279.974 429.364 280.309C430.09 280.52 430.958 280.692 430.977 279.352C430.977 277.439 431.579 277.094 433.535 277.649C433.841 277.761 434.166 277.806 434.49 277.783C434.363 277.303 434.096 276.872 433.724 276.545C433.352 276.218 432.891 276.009 432.399 275.946C430.74 275.566 429.108 275.077 427.512 274.482C426.043 274.015 424.724 273.162 423.694 272.013C422.937 271.29 422.022 270.756 421.022 270.453C420.334 270.147 419.809 269.687 420.172 268.941C420.535 268.194 421.318 268.156 422.081 268.558C423.093 269.094 424.181 269.515 425.212 269.955C428.485 271.299 431.867 272.359 435.32 273.123C440.198 274.424 445.266 275.496 450.373 276.462L450.354 276.491ZM468.576 198.624C468.7 199.208 469.406 199.371 470.055 199.38C470.418 199.294 471.01 199.591 471.058 198.931C471.134 197.897 470.103 198.28 469.588 197.974C469.072 197.667 468.48 198.088 468.595 198.605L468.576 198.624Z" fill="#262522"/>
<path d="M413.958 233.811C415.208 232.357 416.879 232.118 418.73 232.357C422.148 232.787 425.164 236.51 425.049 240.252C425.049 242.108 423.971 243.543 423.236 245.103C423.035 245.534 422.558 245.524 422.1 245.591C421.145 245.725 419.933 244.271 419.074 245.907C418.988 246.079 418.549 245.744 418.291 245.572C416.084 244.159 414.296 242.176 413.118 239.83C412.58 238.874 412.37 237.766 412.522 236.678C412.674 235.591 413.178 234.583 413.958 233.811ZM419.904 243.457C420.067 241.103 419.733 239.4 417.862 238.003C417.595 240.223 419.179 241.429 419.904 243.467V243.457Z" fill="#262522"/>
<path d="M439.941 170.069C438.681 170.366 436.504 168.787 436.409 171.648C436.397 171.741 436.364 171.831 436.312 171.909C436.26 171.988 436.191 172.053 436.109 172.099C436.027 172.146 435.936 172.172 435.842 172.177C435.748 172.182 435.655 172.164 435.569 172.126C434.614 171.705 433.984 172.289 433.24 172.643C431.588 173.428 429.928 174.184 428.267 174.949C427.665 175.227 426.94 175.399 426.615 174.748C426.291 174.098 426.959 173.791 427.503 173.476L431.636 171.476C431.98 171.313 432.362 171.122 432.285 170.71C432.209 170.299 431.684 170.452 431.331 170.385C430.466 170.295 429.595 170.458 428.82 170.854C428.066 171.141 427.379 171.294 427.169 170.452C427.109 170.278 427.091 170.092 427.116 169.91C427.14 169.727 427.207 169.553 427.311 169.402C427.415 169.25 427.553 169.125 427.714 169.036C427.875 168.948 428.055 168.898 428.238 168.892C429.565 168.7 430.873 168.394 432.199 168.212C432.365 168.159 432.542 168.151 432.712 168.187C432.882 168.223 433.04 168.303 433.17 168.419C433.3 168.535 433.398 168.682 433.453 168.847C433.509 169.013 433.521 169.19 433.488 169.361C433.488 169.925 433.755 170.404 434.328 170.318C434.901 170.232 436.037 170.145 436.017 169.61C435.941 167.696 437.22 168.212 438.69 168.165C439.167 168.149 439.645 168.191 440.112 168.289C441 168.528 442.021 168.94 441.678 170.05C441.334 171.16 440.513 169.935 439.941 170.069Z" fill="#262522"/>
<path d="M431.044 193.553C431.748 193.316 432.398 192.939 432.953 192.443C433.258 192.088 433.774 191.84 433.296 191.237C432.619 190.376 433.182 189.763 433.745 189.074C434.547 188.117 435.549 187.342 436.36 186.366C437.045 185.72 437.828 185.187 438.68 184.787C439.329 184.663 439.462 184.883 439.51 185.237C439.595 185.566 439.575 185.913 439.453 186.23C439.332 186.548 439.115 186.819 438.833 187.007C437.946 187.422 437.128 187.97 436.408 188.634C435.749 189.39 434.594 190.012 436.255 190.94C436.344 191.005 436.416 191.09 436.466 191.188C436.516 191.286 436.542 191.395 436.542 191.505C436.542 191.615 436.516 191.723 436.466 191.821C436.416 191.92 436.344 192.004 436.255 192.069C435.087 193.415 433.699 194.55 432.151 195.428C431.464 195.763 430.939 195.859 430.585 195.17C430.496 195.037 430.437 194.886 430.412 194.728C430.387 194.57 430.396 194.409 430.44 194.255C430.484 194.101 430.56 193.958 430.665 193.837C430.769 193.716 430.898 193.619 431.044 193.553Z" fill="#262522"/>
<path d="M468.604 207.61C466.81 208.347 465.741 211.323 466.838 212.031C468.318 212.988 467.478 213.687 467.039 214.558C466.259 215.758 465.558 217.008 464.939 218.299C464.864 218.548 464.705 218.761 464.488 218.903C464.272 219.045 464.012 219.106 463.756 219.074C463.097 217.361 464.185 216.06 464.968 214.787C465.191 214.507 465.343 214.178 465.413 213.827C465.483 213.475 465.468 213.112 465.369 212.768C464.195 209.562 464.758 207.677 467.554 206.069C468.136 205.735 469.005 205.113 469.463 205.945C469.892 206.548 469.673 207.17 468.604 207.61Z" fill="#262522"/>
<path d="M434.928 259.831C435.558 259.19 436.274 259.429 436.837 260.032C437.229 260.434 437.601 260.845 438.021 261.199C439.663 262.577 442.507 262.386 443.567 260.711C444.12 259.84 444.588 259.333 445.476 260.089C446.363 260.845 445.867 261.802 445.285 262.319C440.245 265.439 437.057 262.692 435.157 261.888C434.987 261.784 434.844 261.642 434.737 261.474C434.63 261.305 434.563 261.114 434.541 260.916C434.519 260.717 434.542 260.516 434.609 260.328C434.676 260.14 434.786 259.97 434.928 259.831Z" fill="#262522"/>
<path d="M419.131 167.992C419.35 167.992 419.627 167.772 419.818 167.83C421.324 168.169 422.87 168.285 424.409 168.174C425.106 168.174 425.927 168.117 425.937 169.055C425.937 170.136 424.982 169.916 424.304 170.012C422.873 170.232 421.536 169.275 420.105 169.744C420.601 172.174 418.74 173.945 416 173.658C415.571 173.658 415.112 173.715 415.046 173.055C414.979 172.394 415.217 172.241 415.876 172.165C417.27 171.992 418.071 170.997 418.854 169.973C418.386 169.303 416.945 170.04 417.193 168.959C417.339 168.586 417.618 168.28 417.976 168.102C418.334 167.923 418.746 167.884 419.131 167.992Z" fill="#262522"/>
<path d="M412.47 220.012C411.992 220.309 411.811 219.85 411.62 219.61C409.864 217.448 409.416 214.826 408.566 212.05C409.788 210.538 409.339 208.625 409.454 206.797C409.454 206.395 409.778 206.29 410.103 206.376C410.335 206.451 410.536 206.6 410.676 206.8C410.815 207.001 410.885 207.242 410.876 207.486C411.036 208.915 411.294 210.332 411.649 211.725C411.773 212.366 411.926 213.342 411.582 213.639C410.217 214.95 411.324 216.031 411.668 217.199C411.868 217.888 412.47 218.424 412.47 219.189C412.479 219.486 412.909 219.763 412.47 220.012Z" fill="#262522"/>
<path d="M464.224 178.519C463.379 177.679 462.414 176.969 461.36 176.414C459.155 175.185 456.857 174.133 454.488 173.265C454.125 173.16 453.867 172.873 453.829 172.203C454.096 171.638 454.488 171.246 455.423 171.725C457.8 173.036 460.301 174.117 462.802 175.189C463.82 175.733 464.745 176.438 465.541 177.275C465.669 177.385 465.772 177.52 465.846 177.672C465.919 177.824 465.961 177.989 465.968 178.158C465.975 178.326 465.948 178.495 465.887 178.652C465.827 178.81 465.735 178.953 465.617 179.074C465.15 179.495 464.634 178.892 464.224 178.519Z" fill="#262522"/>
<path d="M447.185 177.581C446.336 176.624 444.846 176.509 444.188 175.61C443.915 175.201 443.503 174.905 443.03 174.777C442.556 174.649 442.052 174.696 441.611 174.911C440.916 175.056 440.21 175.136 439.501 175.15C439.228 175.175 438.953 175.175 438.68 175.15C438.165 175.045 437.344 175.524 437.287 174.48C437.229 173.437 438.05 173.839 438.575 173.677C440.322 173.141 442.241 173.39 443.901 172.519C444.15 172.385 444.446 172.308 444.512 172.519C444.999 174.28 446.755 174.777 447.93 175.839C448.121 176.041 448.228 176.308 448.228 176.586C448.228 176.864 448.121 177.131 447.93 177.332C447.777 177.591 447.452 177.878 447.185 177.581Z" fill="#262522"/>
<path d="M455.433 185.954C455.137 185.438 455.433 184.854 456.072 185.112C457.504 185.639 459.442 186.136 459.89 187.352C460.768 189.533 462.458 189.782 464.281 190.222C465.411 190.597 466.427 191.256 467.23 192.136C467.429 192.413 467.511 192.757 467.459 193.093C467.459 193.237 467.116 193.371 466.915 193.524C466.331 192.95 465.665 192.466 464.94 192.088C462.401 191.045 459.461 190.643 457.991 187.887C457.828 187.581 457.284 187.419 456.893 187.265C456.27 187.009 455.755 186.547 455.433 185.954Z" fill="#262522"/>
<path d="M463.726 185.629C463.459 185.734 462.905 185.179 462.514 184.892C462.123 184.605 461.913 184.318 461.407 184.299C460.901 184.28 459.851 184.155 459.984 183.342C460.118 182.528 460.939 182.27 461.808 182.385C462.169 182.427 462.523 182.52 462.858 182.662C465.101 184.04 467.792 184.452 470.007 185.906C470.675 186.347 471.439 186.71 471.038 187.533C470.56 188.49 469.749 187.792 469.129 187.533C467.391 186.854 466.179 184.71 463.726 185.629Z" fill="#262522"/>
<path d="M473.998 191.371C475.563 192.557 477.005 193.935 478.923 194.586C480.842 195.237 481.176 196.959 481.978 198.414C482.036 198.525 482.069 198.647 482.076 198.772C482.083 198.897 482.063 199.023 482.018 199.139C481.973 199.256 481.903 199.362 481.814 199.45C481.725 199.538 481.618 199.605 481.501 199.648C480.861 199.888 480.708 199.371 480.546 198.892C479.973 197.543 479.21 196.146 477.74 195.744C475.831 195.218 474.619 193.83 473.129 192.787C472.935 192.681 472.764 192.538 472.627 192.364C472.489 192.191 472.387 191.992 472.327 191.779C472.268 191.566 472.251 191.343 472.279 191.123C472.307 190.903 472.379 190.691 472.49 190.5C473.009 190.761 473.512 191.052 473.998 191.371Z" fill="#262522"/>
<path d="M371.1 231.486C371.255 232.243 371.482 232.983 371.778 233.697C371.778 233.878 372.045 234.472 371.778 234.424C371.337 234.359 370.904 234.244 370.49 234.079C370.49 232.558 367.989 231.4 369.774 229.601C369.842 229.473 369.878 229.33 369.878 229.185C369.878 229.039 369.842 228.896 369.774 228.768C368.498 226.479 367.342 224.125 366.309 221.716C366.071 221.237 365.431 220.759 366.061 220.347C366.691 219.936 367.015 220.586 367.464 220.95C367.783 221.303 368.009 221.731 368.123 222.194C369.335 225.237 370.967 228.118 371.1 231.486Z" fill="#262522"/>
<path d="M476.164 189.705C475.639 189.399 475.038 188.949 475.314 188.251C475.591 187.552 476.183 187.428 476.851 187.859C476.974 187.957 477.127 188.011 477.285 188.011C477.443 188.011 477.596 187.957 477.719 187.859C478.101 187.495 477.633 187.198 477.49 186.902C476.97 185.87 476.106 185.054 475.047 184.595C474.93 184.552 474.824 184.484 474.736 184.395C474.648 184.306 474.58 184.199 474.539 184.081C474.497 183.964 474.481 183.838 474.493 183.713C474.505 183.589 474.544 183.469 474.608 183.361C474.708 183.164 474.873 183.008 475.075 182.919C475.276 182.83 475.503 182.813 475.715 182.873C476.956 183.083 479.771 186.375 479.771 187.61C479.724 189.801 478.073 190.796 476.164 189.705Z" fill="#262522"/>
<path d="M412.192 174.433C411.358 174.657 410.615 175.135 410.064 175.801C408.737 177.103 407.201 178.222 406.666 180.127C406.587 180.401 406.413 180.638 406.175 180.796C405.937 180.954 405.651 181.022 405.368 180.988C404.681 180.902 405.015 180.337 404.929 180.031C404.901 179.643 405.009 179.257 405.235 178.94C406.354 177.087 407.74 175.411 409.348 173.964C409.992 173.404 410.728 172.96 411.524 172.653C411.658 172.568 411.809 172.514 411.966 172.494C412.123 172.474 412.283 172.489 412.434 172.537C412.585 172.586 412.723 172.666 412.84 172.774C412.956 172.882 413.048 173.013 413.108 173.16C413.366 173.878 412.975 174.261 412.192 174.433Z" fill="#262522"/>
<path d="M430.862 179.61C431.406 179.38 431.96 179.323 431.988 178.653C432.046 177.074 433.277 177.141 434.155 176.988C435.024 176.988 435.883 176.796 436.064 177.677C436.303 178.739 435.215 178.825 434.623 178.93C433.392 179.16 432.198 179.217 432.218 180.844C432.218 181.007 431.778 181.275 431.521 181.332C430.175 181.6 429.364 182.662 428.285 183.332C427.846 183.61 427.617 184.519 426.939 183.83C426.462 183.342 426.634 182.72 427.14 182.232C428.201 181.127 429.465 180.237 430.862 179.61Z" fill="#262522"/>
<path d="M371.091 216.892C370.461 217.132 370.137 216.663 369.917 216.069C369.447 214.656 369.127 213.196 368.963 211.715C368.457 209.266 368.486 206.73 367.741 204.404C367.665 203.964 367.856 203.658 368.142 203.591C368.648 203.476 369.001 203.974 369.097 204.27C369.45 205.715 369.688 207.141 369.975 208.653C370.423 210.988 370.395 213.438 371.196 215.687C371.311 216.127 371.778 216.634 371.091 216.892Z" fill="#262522"/>
<path d="M415.076 191.007C415.276 189.189 417.338 188.605 417.863 187.007C417.863 186.921 418.197 186.921 418.34 186.883C418.77 186.959 419.39 186.787 419.075 187.543C418.569 188.739 418.474 190.596 417.825 191.093C416.317 192.251 415.82 193.801 414.961 195.227C414.878 195.329 414.774 195.412 414.657 195.471C414.54 195.531 414.412 195.566 414.281 195.573C414.15 195.581 414.019 195.562 413.895 195.516C413.772 195.471 413.66 195.4 413.565 195.309C413.47 195.218 413.395 195.108 413.344 194.987C413.294 194.865 413.269 194.735 413.271 194.603C413.273 194.471 413.302 194.342 413.357 194.222C413.411 194.102 413.489 193.995 413.587 193.907C414.06 193.59 414.446 193.157 414.706 192.65C414.967 192.143 415.094 191.577 415.076 191.007Z" fill="#262522"/>
<path d="M439.836 196.27C439.359 196.78 438.776 197.179 438.128 197.438C438.023 197.436 437.921 197.405 437.833 197.347C437.745 197.29 437.675 197.208 437.632 197.113C437.492 196.885 437.437 196.616 437.475 196.352C437.514 196.088 437.643 195.846 437.842 195.668C439.538 193.556 441.76 191.932 444.284 190.959C444.685 190.825 445.467 190.156 445.839 191.093C446.126 191.83 445.62 192.146 444.981 192.423C442.99 193.286 441.229 194.604 439.836 196.27Z" fill="#262522"/>
<path d="M441.067 206.519C440.875 206.366 440.735 206.156 440.669 205.919C440.602 205.682 440.611 205.43 440.694 205.199C440.78 204.701 447.07 199.763 447.633 199.734C447.809 199.722 447.985 199.767 448.133 199.864C448.281 199.961 448.394 200.104 448.454 200.27C448.509 200.364 448.545 200.468 448.559 200.576C448.573 200.684 448.565 200.793 448.535 200.898C448.506 201.002 448.455 201.1 448.387 201.185C448.319 201.269 448.235 201.339 448.139 201.39C445.877 202.758 444.188 204.816 442.011 206.29C441.716 206.491 441.544 206.797 441.067 206.519Z" fill="#262522"/>
<path d="M418.789 202.577C418.388 202.519 418.55 202.088 418.426 201.849C418.191 201.514 418.074 201.11 418.092 200.701C418.116 200.331 418.193 199.967 418.321 199.62C418.865 197.706 420.326 196.242 421.309 194.548C421.748 193.801 422.397 193.198 423.217 193.639C424.391 194.289 423.322 194.998 422.941 195.553C421.538 197.533 419.486 199.151 419.448 201.868C419.419 202.012 419.295 202.644 418.789 202.577Z" fill="#262522"/>
<path d="M416.325 182.155C416.955 182.749 416.545 183.457 415.943 184.069C414.263 185.686 412.126 186.835 410.694 188.691C410.552 188.85 410.358 188.952 410.147 188.976C409.936 189.001 409.723 188.947 409.549 188.825C409.272 188.634 409.033 188.538 409.062 188.251C409.062 187.677 409.463 187.438 409.768 187.16C411.4 185.677 413.042 184.203 414.674 182.72C415.161 182.251 415.771 181.591 416.325 182.155Z" fill="#262522"/>
<path d="M402.075 218.711C403.754 220.902 404.728 223.582 406.961 225.409C407.171 225.572 407.524 225.754 407.343 226.118C407.162 226.481 406.913 226.539 406.389 226.491C406.042 226.397 405.717 226.234 405.434 226.012C403.534 224.017 401.889 221.793 400.538 219.39C400.473 219.284 400.432 219.164 400.42 219.04C400.408 218.916 400.424 218.79 400.467 218.673C400.51 218.556 400.58 218.45 400.67 218.364C400.76 218.278 400.868 218.213 400.987 218.175C401.55 217.878 401.741 218.28 402.075 218.711Z" fill="#262522"/>
<path d="M433.126 222.318C432.759 220.59 432.634 218.818 432.754 217.055V212.94C432.754 212.414 432.916 211.897 433.527 211.916C434.137 211.936 434.271 212.452 434.252 212.979C434.233 213.505 434.252 213.83 434.252 214.251C434.252 216.902 433.775 219.572 434.596 222.204C434.701 222.539 434.806 223.161 434.128 223.161C433.45 223.161 433.288 222.854 433.126 222.318Z" fill="#262522"/>
<path d="M426.272 166.002C423.732 165.538 421.159 165.282 418.578 165.236C418.034 165.236 417.48 165.122 417.461 164.557C417.461 163.849 418.091 163.878 418.654 163.744C419.428 163.562 420.019 164.059 420.783 164.012C422.617 163.928 424.455 163.985 426.281 164.184C426.987 164.26 428.009 164.49 427.866 165.571C427.722 166.653 426.863 165.878 426.272 166.002Z" fill="#262522"/>
<path d="M458.382 239.103C458.707 239.735 458.917 240.271 458.211 240.663C458.057 240.746 457.886 240.791 457.712 240.796C457.538 240.8 457.365 240.764 457.207 240.689C457.05 240.615 456.911 240.505 456.804 240.367C456.696 240.23 456.622 240.069 456.588 239.897C456.044 238.271 454.736 236.807 455.319 235.199C455.319 234.539 455.319 234.175 455.319 233.811C455.319 233.17 455.099 232.165 455.93 232.137C456.76 232.108 456.808 233.094 456.827 233.811C456.93 235.672 457.462 237.484 458.382 239.103Z" fill="#262522"/>
<path d="M400.099 169.725C399.545 170.088 399.144 169.897 399.001 169.457C398.829 168.844 399.335 168.691 399.851 168.5C402.953 167.591 406.027 166.586 408.508 164.461C408.871 164.146 409.31 163.906 409.635 164.27C409.716 164.36 409.777 164.466 409.815 164.581C409.853 164.696 409.867 164.818 409.855 164.939C409.844 165.059 409.807 165.176 409.748 165.282C409.688 165.388 409.607 165.48 409.511 165.552C406.838 168.04 403.211 168.442 400.099 169.725Z" fill="#262522"/>
<path d="M424.258 190.978C423.504 191.619 423.189 191.045 422.941 190.328C423.142 189.935 423.237 189.313 423.581 189.112C425.327 188.155 426.377 186.471 427.847 185.237C428.238 184.911 428.677 184.433 429.126 184.777C429.574 185.122 429.441 185.734 429.126 186.251C427.741 188.055 426.101 189.648 424.258 190.978Z" fill="#262522"/>
<path d="M381.352 244.874C382.831 245.831 384.282 246.787 385.78 247.744C386.248 248.041 386.611 248.347 386.43 248.893C386.248 249.438 385.695 249.189 385.303 249.209C383.862 249.285 382.917 248.252 382.001 247.467C380.542 246.483 379.419 245.073 378.785 243.429C380.274 243.409 380.627 244.395 381.352 244.874Z" fill="#262522"/>
<path d="M441.543 215.869C441.595 215.596 441.741 215.35 441.956 215.175C442.171 215 442.44 214.907 442.717 214.912C443.366 215.026 443.357 215.763 443.204 216.299C442.498 218.749 441.725 221.189 441.009 223.639C440.885 224.05 440.847 224.596 440.312 224.443C439.778 224.29 439.844 223.792 439.892 223.361C440.248 220.825 440.8 218.32 441.543 215.869Z" fill="#262522"/>
<path d="M439.453 178.921C439.787 178.576 439.931 178.098 440.685 178.098C441.105 178.356 441.515 178.49 441.133 179.39C440.284 181.37 438.537 182.385 436.915 183.533C436.791 183.647 436.642 183.73 436.481 183.776C436.319 183.822 436.149 183.83 435.984 183.798C435.819 183.766 435.663 183.697 435.53 183.594C435.397 183.492 435.289 183.359 435.216 183.208C435.155 183.027 435.134 182.835 435.154 182.645C435.174 182.455 435.235 182.272 435.332 182.108C435.428 181.943 435.559 181.802 435.716 181.693C435.872 181.584 436.05 181.51 436.237 181.476C437.879 181.198 438.499 179.878 439.453 178.921Z" fill="#262522"/>
<path d="M400.624 173.744C400.676 173.8 400.714 173.868 400.734 173.942C400.754 174.016 400.757 174.094 400.741 174.169C400.725 174.244 400.691 174.314 400.643 174.373C400.594 174.432 400.532 174.479 400.461 174.509C398.785 175.526 397.357 176.906 396.281 178.548C395.976 178.969 395.184 179.504 394.659 179.083C393.991 178.595 394.411 177.811 394.802 177.303C395.865 175.955 397.097 174.749 398.467 173.715C398.76 173.534 399.083 173.408 399.421 173.342C400.061 173.303 400.376 173.418 400.624 173.744Z" fill="#262522"/>
<path d="M497.527 228.95C498.166 229.084 498.214 229.505 498.214 230.022C498.207 232.461 497.886 234.889 497.26 237.247C496.458 236.778 495.838 236.452 495.933 235.754C496.219 233.754 496.086 231.706 496.639 229.725C496.811 229.256 496.821 228.806 497.527 228.95Z" fill="#262522"/>
<path d="M486.665 200.213C486.848 200.093 487.071 200.049 487.286 200.09C487.501 200.131 487.692 200.254 487.819 200.433C489.158 202.036 490.114 203.925 490.616 205.955C490.807 206.644 490.301 207.256 489.661 207.792C489.451 207.534 489.213 207.361 489.165 207.151C488.569 204.977 487.6 202.924 486.302 201.084C486.016 200.663 486.407 200.404 486.665 200.213Z" fill="#262522"/>
<path d="M426.597 181.141C426.988 181.811 426.206 181.801 425.929 181.935C423.934 182.959 421.519 182.978 419.696 184.414C419.64 184.468 419.571 184.507 419.495 184.526C419.419 184.544 419.339 184.542 419.265 184.52C419.19 184.498 419.122 184.455 419.069 184.398C419.016 184.341 418.978 184.27 418.962 184.194C418.761 183.677 418.647 183.055 419.21 182.691C421.119 181.495 423.466 181.332 425.308 180.26C425.582 180.277 425.847 180.367 426.074 180.522C426.301 180.677 426.482 180.891 426.597 181.141Z" fill="#262522"/>
<path d="M406.084 218.481C404.891 216.567 404.548 214.357 403.822 212.146C403.975 211.878 404.09 211.352 404.404 211.189C404.863 210.95 405.235 211.467 405.416 211.801C406.561 213.869 406.695 216.261 407.525 218.433C407.592 218.605 407.43 219.046 407.335 219.055C407.093 219.085 406.849 219.048 406.628 218.946C406.407 218.845 406.219 218.684 406.084 218.481Z" fill="#262522"/>
<path d="M387.871 252.3C388.435 252.517 388.986 252.767 389.522 253.046C391.746 254.73 394.066 256.29 396.338 257.917C396.662 258.147 397.512 258.07 397.139 258.778C396.767 259.486 396.128 258.893 395.717 258.702C392.854 257.333 390.668 254.874 387.775 253.553C387.601 253.484 387.455 253.357 387.361 253.194C387.267 253.03 387.232 252.84 387.26 252.654C387.317 252.29 387.508 252.07 387.871 252.3Z" fill="#262522"/>
<path d="M396.605 212.538C396.701 212.864 396.796 213.38 396.414 213.495C396.033 213.61 395.727 213.199 395.46 212.825C394.62 211.476 394.601 209.868 393.971 208.443C393.513 207.409 393.188 206.318 392.816 205.304C392.969 204.825 392.558 204.155 393.37 204.098C393.961 204.098 394.21 204.433 394.324 204.978C395.116 207.543 395.889 210.05 396.605 212.538Z" fill="#262522"/>
<path d="M480.851 192.557C480.288 192.146 480.717 191.706 480.908 191.285C481.099 190.863 481.49 190.892 481.863 191.007C483.256 191.486 485.862 195.868 485.68 197.82C483.609 196.108 482.702 193.916 480.851 192.557Z" fill="#262522"/>
<path d="M387.643 180.959C387.519 181.533 387.442 182.194 386.745 182.031C386.192 181.907 385.686 181.39 385.791 180.289C386.287 178.519 387.757 176.911 389.074 175.227C389.236 175.016 389.895 175.045 390.277 175.371C390.659 175.696 390.324 176.232 390.153 176.452C388.989 177.746 388.131 179.287 387.643 180.959Z" fill="#262522"/>
<path d="M406.227 240.845C406.523 240.395 406.867 240.663 407.182 240.788C409.924 241.942 412.477 243.507 414.751 245.429C414.894 245.537 414.998 245.689 415.048 245.861C415.098 246.034 415.091 246.218 415.028 246.386C415.028 246.51 414.742 246.568 414.608 246.654C414.474 246.74 414.169 246.606 414.045 246.491C411.821 244.462 409.11 243.17 406.514 241.706C406.18 241.572 405.922 241.247 406.227 240.845Z" fill="#262522"/>
<path d="M410.694 169.954C409.167 171.035 407.63 172.098 406.046 173.093C405.492 173.447 404.748 173.696 404.519 172.614C404.576 172.385 404.519 172.05 404.7 171.935C406.418 170.701 408.145 169.485 409.911 168.318C410.503 167.925 410.865 168.567 411.066 168.911C411.266 169.256 410.999 169.724 410.694 169.954Z" fill="#262522"/>
<path d="M404.213 202.165C404.27 201.457 404.489 200.586 405.472 200.452C406.312 200.586 406.064 201.208 406.026 201.601C405.826 203.247 405.52 204.883 405.301 206.529C405.234 207.017 404.881 207.247 404.594 207.553C404.308 207.859 403.84 208.366 403.334 208.07C403.116 207.901 402.972 207.653 402.935 207.379C402.897 207.105 402.969 206.827 403.134 206.605C404.088 205.237 404.098 203.725 404.213 202.165Z" fill="#262522"/>
<path d="M493.679 242.95C493.851 242.472 493.25 241.543 494.338 241.582C495.426 241.62 495.197 242.443 495.197 243.496C494.653 244.883 494.452 246.788 493.527 248.481C493.25 248.979 492.983 249.505 492.286 249.065C491.589 248.625 491.809 248.242 492.038 247.649C492.639 246.118 493.088 244.52 493.679 242.95Z" fill="#262522"/>
<path d="M423.867 217.974C423.699 218.064 423.504 218.09 423.318 218.048C423.132 218.006 422.968 217.898 422.855 217.744C422.502 217.333 421.901 217.093 421.901 216.471C421.684 214.513 421.471 212.554 421.261 210.596C421.227 210.511 421.21 210.419 421.213 210.327C421.216 210.236 421.238 210.145 421.277 210.062C421.317 209.98 421.373 209.906 421.443 209.846C421.512 209.786 421.593 209.742 421.681 209.715C422.235 209.466 422.168 210.088 422.416 210.289C422.646 210.487 422.823 210.74 422.928 211.024C423.033 211.309 423.064 211.616 423.017 211.916C422.888 213.661 423.217 215.41 423.972 216.988C424.134 217.323 424.21 217.763 423.867 217.974Z" fill="#262522"/>
<path d="M385.59 240.797C385.332 240.532 385.151 240.201 385.065 239.84C384.975 239.644 384.961 239.422 385.026 239.216C385.092 239.011 385.232 238.837 385.419 238.73C385.848 238.424 386.115 238.73 386.373 238.998C388.333 241.186 390.286 243.378 392.233 245.572L391.832 245.945C389.398 244.663 387.843 242.319 385.59 240.797Z" fill="#262522"/>
<path d="M469.617 267.343C469.76 266.692 470.161 266.386 470.801 266.52C471.44 266.654 471.545 267.247 471.497 267.754C471.497 269.247 469.245 271.515 467.766 271.582C467.384 271.582 466.811 271.821 466.658 271.238C466.602 271.016 466.612 270.783 466.686 270.567C466.761 270.351 466.897 270.161 467.078 270.022C467.937 269.142 469.312 268.702 469.617 267.343Z" fill="#262522"/>
<path d="M401.063 225.103C401.261 225.025 401.476 225 401.687 225.03C401.897 225.06 402.097 225.145 402.265 225.275C403.571 226.293 404.805 227.399 405.959 228.586C406.741 229.543 407.686 230.309 408.469 231.247C408.595 231.374 408.665 231.546 408.665 231.725C408.665 231.904 408.595 232.076 408.469 232.204C408.173 232.481 407.915 232.204 407.696 231.964L401.254 226.06C401.072 225.897 400.929 225.706 400.729 225.476C400.881 225.352 400.948 225.132 401.063 225.103Z" fill="#262522"/>
<path d="M375.301 214.605C375.604 214.568 375.91 214.637 376.168 214.801C376.425 214.965 376.618 215.214 376.713 215.505C377.486 217.419 377.763 219.524 379.223 221.17C379.462 221.438 379.538 222.003 378.87 222.06C378.231 221.744 377.534 221.515 377.209 220.883C376.408 219.275 375.625 217.658 374.909 216.012C374.728 215.515 374.661 214.739 375.301 214.605Z" fill="#262522"/>
<path d="M385.017 216.452C385.539 216.877 385.968 217.404 386.277 218.002C387.022 219.639 387.861 221.237 388.568 222.883C388.73 223.285 389.599 223.84 388.806 224.213C388.014 224.586 387.527 223.897 387.375 223.361C386.917 221.763 385.743 220.567 385.103 219.074C384.736 218.35 384.318 217.653 383.853 216.988C383.963 216.8 384.087 216.621 384.225 216.452C384.274 216.394 384.334 216.347 384.403 216.315C384.471 216.283 384.546 216.266 384.621 216.266C384.697 216.266 384.772 216.283 384.84 216.315C384.908 216.347 384.969 216.394 385.017 216.452Z" fill="#262522"/>
<path d="M485.327 247.553C485.089 247.993 484.716 248.653 484.077 248.395C483.438 248.137 483.438 247.438 483.638 246.807C484.161 245.666 484.508 244.453 484.669 243.208C484.669 242.5 484.716 241.582 485.671 241.591C486.625 241.601 486.482 242.548 486.549 243.505C486.345 244.908 485.933 246.272 485.327 247.553Z" fill="#262522"/>
<path d="M380.293 194.969C381.18 195.16 380.875 195.792 380.732 196.261C380.197 198.021 379.3 199.725 380.026 201.371C380.15 202.222 380.083 202.873 379.405 202.94C378.728 203.007 378.737 202.309 378.556 201.792C377.802 199.696 378.718 197.782 379.1 195.821C379.111 195.681 379.152 195.545 379.221 195.423C379.289 195.302 379.384 195.196 379.498 195.115C379.612 195.034 379.742 194.979 379.879 194.953C380.016 194.928 380.158 194.933 380.293 194.969Z" fill="#262522"/>
<path d="M380.321 191.486C380.321 191.744 380.168 192.443 379.548 192.27C379.341 192.2 379.169 192.055 379.063 191.864C378.957 191.673 378.926 191.45 378.975 191.237C379.328 188.892 380.779 187.026 381.838 184.997C381.909 184.892 382 184.803 382.106 184.733C382.212 184.664 382.33 184.616 382.454 184.593C382.579 184.57 382.706 184.572 382.83 184.598C382.954 184.625 383.071 184.676 383.174 184.749C383.738 185.093 383.27 185.514 383.089 185.964C382.363 187.916 380.636 189.371 380.321 191.486Z" fill="#262522"/>
<path d="M447.653 185.237C446.623 186.261 445.697 187.342 444.79 188.423C444.301 188.818 443.758 189.14 443.177 189.38C443.005 189.218 442.786 189.093 442.69 188.911C442.604 188.718 442.585 188.501 442.635 188.295C442.685 188.088 442.802 187.905 442.967 187.773C444.151 186.529 445.315 185.269 446.46 183.993C446.909 183.495 447.415 183.103 447.987 183.639C448.56 184.175 447.997 184.892 447.653 185.237Z" fill="#262522"/>
<path d="M417.577 175.916C419.041 175.292 420.558 174.802 422.11 174.452C422.874 174.385 423.427 174.452 423.513 174.873C423.538 174.989 423.54 175.108 423.517 175.225C423.495 175.341 423.45 175.452 423.384 175.55C423.318 175.648 423.233 175.732 423.134 175.797C423.034 175.861 422.923 175.905 422.807 175.926C421.302 176.309 419.862 176.912 418.531 177.715C418.026 177.993 417.348 178.385 417.033 177.476C416.966 177.338 416.928 177.188 416.919 177.034C416.91 176.881 416.932 176.728 416.982 176.583C417.033 176.438 417.111 176.304 417.213 176.19C417.315 176.076 417.439 175.983 417.577 175.916Z" fill="#262522"/>
<path d="M458.343 228.117C458.496 227.601 457.904 226.672 458.773 226.625C459.46 226.625 459.727 227.515 459.794 228.146C459.944 229.808 460.264 231.449 460.748 233.046C460.92 233.668 460.996 234.28 460.414 234.376C460.111 234.421 459.803 234.346 459.554 234.168C459.305 233.989 459.134 233.721 459.078 233.419C458.868 231.821 458.181 230.309 458.305 228.634C458.294 228.461 458.307 228.287 458.343 228.117Z" fill="#262522"/>
<path d="M384.96 227.639C385.647 227.476 386.001 227.974 386.325 228.395C387.547 230.031 388.32 231.974 389.923 233.352C390.286 233.668 390.458 234.118 390.047 234.443C389.637 234.768 389.245 234.519 388.911 234.175C388.162 233.538 387.466 232.84 386.831 232.089C385.972 230.864 385.313 229.524 384.636 228.347C384.617 227.945 384.655 227.706 384.96 227.639Z" fill="#262522"/>
<path d="M399.296 191.141C399.687 191.457 399.84 191.954 399.506 192.261C398.122 193.524 397.597 195.294 396.643 196.787C396.404 197.151 396.29 197.524 395.688 197.227C395.287 197.036 395.097 196.844 395.192 196.05C395.919 194.279 396.906 192.628 398.122 191.151C398.196 191.068 398.286 191.001 398.386 190.956C398.487 190.91 398.596 190.886 398.707 190.885C398.817 190.884 398.927 190.906 399.028 190.95C399.13 190.995 399.221 191.06 399.296 191.141Z" fill="#262522"/>
<path d="M377.19 183.61C377.146 183.745 377.075 183.869 376.982 183.975C376.888 184.082 376.774 184.168 376.646 184.228C376.518 184.288 376.379 184.321 376.238 184.325C376.097 184.329 375.956 184.304 375.825 184.251C375.138 183.945 375.138 183.437 375.434 182.748C376.034 181.302 377.025 180.052 378.297 179.141C378.747 178.709 379.262 178.35 379.824 178.079C379.927 178.157 380.013 178.256 380.077 178.368C380.14 178.481 380.181 178.606 380.195 178.735C380.209 178.864 380.197 178.994 380.16 179.118C380.122 179.242 380.06 179.357 379.977 179.457C378.713 180.583 377.754 182.012 377.19 183.61Z" fill="#262522"/>
<path d="M385.418 196.49C386.01 196.739 385.819 197.447 385.695 197.773C385.162 199.052 384.917 200.435 384.979 201.82C385.027 202.404 385.122 203.218 384.321 203.294C383.519 203.371 383.414 202.442 383.156 201.887C383.079 201.573 383.079 201.245 383.156 200.931C383.004 199.447 383.71 198.328 384.111 197.151C384.2 196.891 384.387 196.678 384.631 196.554C384.875 196.431 385.158 196.408 385.418 196.49Z" fill="#262522"/>
<path d="M391.078 225.113C391.38 225.158 391.663 225.287 391.895 225.485C392.128 225.682 392.301 225.941 392.395 226.232C393.148 228.068 394.161 229.786 395.402 231.333C395.612 231.591 396.117 231.84 395.736 232.213C395.354 232.586 394.934 232.347 394.59 232.012C393.165 230.603 391.915 229.025 390.868 227.314C390.688 226.925 390.606 226.498 390.63 226.07C390.735 225.735 390.381 225.055 391.078 225.113Z" fill="#262522"/>
<path d="M374.06 241.955C374.52 242.124 374.915 242.435 375.186 242.845C376.373 245.318 377.909 247.606 379.748 249.639C379.424 250.012 379.051 250.06 378.794 249.888C376.217 247.974 374.909 245.103 373.401 242.443C373.134 241.936 373.774 241.821 374.06 241.955Z" fill="#262522"/>
<path d="M473.768 266.041C473.959 265.726 474.16 265.362 474.589 265.448C474.769 265.478 474.933 265.571 475.05 265.712C475.168 265.852 475.231 266.03 475.228 266.214C475.228 267.726 475.295 269.238 475.228 270.75C475.219 270.919 475.175 271.085 475.101 271.237C475.026 271.389 474.921 271.525 474.793 271.636C474.664 271.746 474.515 271.83 474.354 271.882C474.193 271.933 474.023 271.952 473.854 271.936C473.157 271.936 472.986 271.362 473.033 270.606C473.911 269.285 472.862 267.515 473.768 266.041Z" fill="#262522"/>
<path d="M403.946 195.017C404.984 193.679 405.619 192.072 405.779 190.385C405.779 190.107 406.466 189.572 406.647 189.639C407.144 189.83 407.707 190.251 407.525 190.873C406.972 192.787 406.571 194.844 404.863 196.28C404.662 196.452 404.49 196.806 404.109 196.519C403.727 196.232 403.784 196.021 403.803 195.485C403.816 195.321 403.865 195.161 403.946 195.017Z" fill="#262522"/>
<path d="M450.077 202.653C450.853 202.111 451.482 201.384 451.91 200.538C452.12 200.146 452.329 199.648 452.797 199.801C453.079 199.888 453.329 200.058 453.514 200.288C453.7 200.518 453.812 200.798 453.837 201.093C453.307 202.348 452.501 203.466 451.48 204.366C451.022 204.749 450.526 205.495 449.848 204.758C449.688 204.624 449.563 204.452 449.485 204.258C449.407 204.063 449.378 203.853 449.401 203.644C449.423 203.436 449.497 203.237 449.615 203.064C449.733 202.891 449.892 202.75 450.077 202.653Z" fill="#262522"/>
<path d="M391.499 200.27C391.165 200.586 390.955 200.94 390.545 200.768C390.423 200.737 390.308 200.681 390.21 200.602C390.111 200.524 390.031 200.425 389.974 200.312C389.917 200.2 389.885 200.076 389.879 199.95C389.874 199.824 389.896 199.698 389.944 199.581C390.527 198.039 391.265 196.561 392.148 195.17C392.348 194.957 392.568 194.764 392.807 194.596C393.57 194.758 393.923 195.371 393.628 195.811C392.664 197.227 392.797 199.036 391.499 200.27Z" fill="#262522"/>
<path d="M372.562 210.069C372.562 210.29 372.619 210.625 372.266 210.625C372.15 210.622 372.035 210.595 371.93 210.545C371.825 210.496 371.731 210.425 371.655 210.337C371.264 209.801 371.053 209.155 371.054 208.491C371.12 206.577 370.882 204.663 371.731 202.548C372.361 203.046 373.125 203.342 372.934 204.136C372.606 206.096 372.482 208.084 372.562 210.069Z" fill="#262522"/>
<path d="M388.932 191.926C388.932 189.505 390.048 187.466 391.27 185.485C391.395 185.363 391.546 185.27 391.71 185.213C391.875 185.155 392.051 185.134 392.224 185.151C392.578 185.151 392.549 185.677 392.463 185.916C391.7 188.127 391.136 190.452 388.932 191.926Z" fill="#262522"/>
<path d="M398.476 225.802C397.436 225.352 393.399 220.653 392.941 219.562C392.884 219.461 392.849 219.349 392.837 219.233C392.826 219.117 392.839 219.001 392.875 218.89C392.91 218.779 392.969 218.678 393.046 218.591C393.123 218.504 393.217 218.434 393.322 218.385C395.804 220.194 397.293 222.577 398.476 225.802Z" fill="#262522"/>
<path d="M400.767 198.184C400.624 199.926 399.45 201.208 398.667 202.663C398.568 202.816 398.419 202.931 398.245 202.986C398.071 203.042 397.883 203.036 397.713 202.969C397.523 202.915 397.357 202.799 397.241 202.64C397.125 202.48 397.066 202.286 397.074 202.089C397.074 201.811 397.264 201.6 397.446 201.352C398.179 200.249 398.766 199.056 399.192 197.801C399.355 197.352 399.259 196.557 400.147 196.844C400.767 197.036 400.815 197.6 400.767 198.184Z" fill="#262522"/>
<path d="M486.893 236.673C486.587 234.548 487.065 232.433 487.036 230.309C487.036 230.165 487.361 229.926 487.571 229.878C487.981 229.783 488 230.184 488.153 230.433C488.744 231.39 488.258 232.452 488.458 233.448C488.258 234.51 488.735 235.61 488.115 236.644C487.914 236.969 488.115 237.534 487.418 237.476C486.721 237.419 486.941 237.017 486.893 236.673Z" fill="#262522"/>
<path d="M483.991 187.84C484.106 187.514 484.478 187.131 484.793 187.61C485.967 189.39 487.608 190.959 487.656 193.17C487.541 193.82 487.895 194.701 487.055 194.73C486.482 194.73 486.1 194.079 486.1 193.361C486.1 191.773 485.041 190.596 484.258 189.342C484.098 189.131 483.991 188.884 483.944 188.623C483.898 188.362 483.914 188.093 483.991 187.84Z" fill="#262522"/>
<path d="M416.803 214.519C417.586 214.519 417.691 215.734 417.757 216.557C417.757 216.797 417.757 217.046 417.757 217.285C417.757 218.557 417.757 219.802 418.836 220.768C419.227 221.132 419.542 221.61 419.036 221.983C418.53 222.357 418.082 221.936 417.776 221.553C417.221 220.945 416.799 220.227 416.538 219.446C416.277 218.665 416.182 217.837 416.259 217.017C416.228 216.811 416.228 216.601 416.259 216.395C416.459 215.754 415.591 214.519 416.803 214.519Z" fill="#262522"/>
<path d="M414.875 209.017C414.178 209.017 413.921 208.232 413.921 207.486C413.921 207.266 413.749 207.045 413.587 206.672C413.806 205.782 414.131 204.758 414.302 203.725C414.417 203.045 414.379 202.146 415.305 202.366C416.078 202.548 416.335 203.275 416.011 204.222C415.606 205.228 415.408 206.306 415.429 207.39C415.457 207.964 415.772 208.959 414.875 209.017Z" fill="#262522"/>
<path d="M459.832 209.065C459.067 209.83 458.546 210.806 458.334 211.868C458.219 212.443 458.133 213.256 457.446 213.179C456.759 213.103 456.826 212.222 456.807 211.658C456.807 209.744 458.286 208.672 459.307 207.313C459.603 206.921 459.746 206.088 460.424 206.509C460.701 206.682 460.567 207.524 460.567 208.069C460.567 208.615 460.128 208.768 459.832 209.065Z" fill="#262522"/>
<path d="M400.881 214.739C400.394 214.921 400.471 214.347 400.27 214.089C398.705 212.108 398.495 209.562 397.407 207.39C397.264 207.103 396.634 206.644 397.407 206.433C397.894 206.261 398.276 206.337 398.638 207.055C399.803 209.361 400.165 211.916 401.253 214.232C401.339 214.452 401.549 214.73 400.881 214.739Z" fill="#262522"/>
<path d="M460.263 195.648C461.341 195.648 462.486 195.974 463.527 195.352C464.109 195.007 464.786 195.026 465.035 195.658C465.283 196.289 465.035 196.844 464.214 197.179C462.305 197.916 460.606 197.265 458.697 197.017C458.965 196.079 459.28 195.61 460.263 195.648Z" fill="#262522"/>
<path d="M430.93 227.658C428.439 226.701 426.473 222.749 427.113 219.859C428.916 222.481 429.317 225.371 430.93 227.658Z" fill="#262522"/>
<path d="M432.877 198.414C433.173 198.156 433.726 197.553 434.318 198.155C434.91 198.758 434.604 199.275 434.079 199.706C433.254 200.421 432.602 201.314 432.17 202.318C431.951 202.787 431.808 203.514 431.073 203.275C430.338 203.036 430.472 202.433 430.5 202.069C430.453 200.194 431.798 199.361 432.877 198.414Z" fill="#262522"/>
<path d="M451.949 194.203C451.949 193.342 452.694 193.151 453.18 193.179C454.154 193.203 455.108 192.9 455.891 192.318C456.511 191.926 457.065 191.859 457.466 192.528C457.867 193.198 457.399 193.572 456.95 193.906C455.757 194.806 454.259 194.921 452.865 195.275C452.226 195.428 451.93 194.825 451.949 194.203Z" fill="#262522"/>
<path d="M386.573 206.797C387.613 206.653 387.528 207.754 387.642 208.519C387.89 209.744 388.205 210.959 388.596 212.156C388.749 212.682 389.064 213.313 388.453 213.581C387.699 213.916 387.365 213.218 387.155 212.624C386.707 211.333 386.01 210.089 386.201 208.5C386.325 208.031 385.647 206.921 386.573 206.797Z" fill="#262522"/>
<path d="M411.457 178.816C412.116 178.883 412.268 179.399 411.973 179.667C410.503 180.988 409.272 182.615 407.296 183.323C406.571 183.581 406.513 183.093 406.437 182.653C406.504 181.725 410.522 178.72 411.457 178.816Z" fill="#262522"/>
<path d="M488.43 218.098C489.002 218.223 489.384 218.682 489.126 219.199C488.468 220.711 488.535 222.366 488.058 223.907C487.953 224.252 488.058 224.653 487.475 224.644C486.893 224.634 486.998 224.232 486.884 223.888C486.769 223.543 486.464 223.141 486.53 222.682C486.798 221.4 487.046 220.108 487.332 218.854C487.343 218.727 487.381 218.603 487.445 218.493C487.509 218.382 487.597 218.287 487.702 218.215C487.807 218.143 487.927 218.095 488.053 218.074C488.179 218.054 488.307 218.062 488.43 218.098Z" fill="#262522"/>
<path d="M392.767 211.687C392.929 212.385 394.037 213.888 392.681 214.194C391.173 214.529 391.727 212.759 391.584 212.05C391.183 210.136 390.209 208.404 390.305 206.002C392.5 207.706 392.338 209.859 392.767 211.687Z" fill="#262522"/>
<path d="M484.221 231.984C484.201 232.256 484.075 232.51 483.869 232.689C483.663 232.869 483.395 232.959 483.123 232.941C482.865 232.853 482.651 232.668 482.527 232.425C482.402 232.183 482.376 231.901 482.455 231.639C482.775 230.596 482.882 229.5 482.77 228.414C482.77 227.639 483.123 226.606 483.725 226.644C484.564 226.701 484.793 227.677 484.679 228.558C484.67 228.74 484.67 228.922 484.679 229.103C484.956 230.012 484.183 230.931 484.221 231.984Z" fill="#262522"/>
<path d="M465.406 230.395C465.979 230.586 465.96 231.256 465.769 231.658C465.334 232.376 465.095 233.196 465.077 234.036C465.058 234.876 465.261 235.706 465.664 236.443C465.902 236.873 465.664 237.122 465.377 237.342C465.091 237.562 464.671 237.342 464.423 237.074C463.698 236.271 463.784 235.161 463.526 234.395C463.589 233.28 463.868 232.188 464.347 231.18C464.576 230.72 464.891 230.213 465.406 230.395Z" fill="#262522"/>
<path d="M376.837 205.715C376.901 205.671 376.975 205.642 377.053 205.631C377.13 205.62 377.209 205.627 377.284 205.651C377.358 205.675 377.426 205.715 377.483 205.77C377.539 205.824 377.583 205.89 377.61 205.964C378.268 208.222 379.519 210.318 379.833 213.017C377.323 211.304 377.066 208.844 376.359 206.624C376.226 206.232 376.503 205.916 376.837 205.715Z" fill="#262522"/>
<path d="M426.196 205.026C426.471 205.04 426.733 205.146 426.94 205.329C427.146 205.512 427.285 205.759 427.332 206.031C427.504 208.289 427.809 210.557 427.074 212.73H426.597C426.273 210.404 425.938 208.079 425.643 205.754C425.576 205.39 425.824 204.988 426.196 205.026Z" fill="#262522"/>
<path d="M429.461 232.041C429.604 231.985 429.757 231.961 429.91 231.97C430.064 231.979 430.213 232.021 430.348 232.094C430.484 232.167 430.602 232.268 430.694 232.391C430.786 232.514 430.851 232.656 430.883 232.807C431.424 234.257 432.286 235.565 433.403 236.634C434.004 237.218 433.87 237.591 433.679 238.405C431.675 237.046 430.663 235.017 429.098 233.515C428.841 233.295 428.592 232.299 429.461 232.041Z" fill="#262522"/>
<path d="M468.128 232.347C468.033 231.802 468.071 231.122 468.72 230.998C469.56 230.826 469.674 231.697 469.875 232.175C470.371 233.304 469.416 234.376 469.598 235.534C469.693 236.156 469.77 237.103 468.806 237.027C468.63 237.003 468.461 236.943 468.31 236.851C468.158 236.758 468.028 236.635 467.926 236.489C467.825 236.344 467.755 236.178 467.721 236.004C467.686 235.83 467.689 235.65 467.727 235.477C467.689 234.338 468.271 233.4 468.128 232.347Z" fill="#262522"/>
<path d="M399.544 181.198C400.279 181.61 399.964 182.203 399.63 182.768C398.991 183.859 398.361 184.959 397.778 186.069C397.559 186.481 398.017 187.332 397.034 187.198C396.204 187.093 396.213 186.414 395.975 185.639C396.786 184.404 397.616 183.179 398.399 181.926C398.723 181.495 398.838 180.777 399.544 181.198Z" fill="#262522"/>
<path d="M454.181 221.266C454.181 221.534 454.305 221.916 453.875 221.993C453.723 222.017 453.567 221.983 453.439 221.898C453.31 221.813 453.217 221.683 453.179 221.534C452.629 219.501 452.505 217.377 452.816 215.294C452.816 215.036 452.978 214.337 453.579 214.471C453.78 214.529 453.954 214.658 454.068 214.834C454.182 215.01 454.229 215.221 454.2 215.428C454.2 216.385 454.2 217.342 454.2 218.299C454.2 219.256 454.2 220.299 454.181 221.266Z" fill="#262522"/>
<path d="M472.957 234.615C473.673 234.787 473.396 235.438 473.349 235.831C473.167 237.304 472.852 238.768 472.633 240.233C472.537 240.855 472.814 241.802 471.869 241.802C470.925 241.802 471.154 240.845 471.096 239.888C471.574 238.654 471.354 237.017 472.137 235.505C472.337 235.151 472.156 234.424 472.957 234.615Z" fill="#262522"/>
<path d="M411.686 192.672C412.115 193.065 412.125 193.38 412.001 193.629C411.132 195.457 409.758 197.017 409.071 198.94C409.049 199.012 409.013 199.079 408.965 199.138C408.917 199.196 408.858 199.243 408.791 199.278C408.725 199.313 408.652 199.334 408.577 199.34C408.502 199.346 408.426 199.337 408.355 199.313C407.811 199.237 407.906 198.777 407.945 198.462C408.25 195.945 409.911 194.289 411.686 192.672Z" fill="#262522"/>
<path d="M485.451 250.701C485.547 250.146 485.012 249.218 486.243 249.256C487.312 249.256 486.883 250.098 486.931 250.615C487.093 252.29 486.644 253.993 487.284 255.639C487.379 255.898 487.484 256.424 486.931 256.5C486.774 256.506 486.62 256.457 486.496 256.361C486.373 256.264 486.286 256.128 486.253 255.974C485.852 254.673 485.05 253.438 485.432 252.232C485.403 251.722 485.409 251.211 485.451 250.701Z" fill="#262522"/>
<path d="M426.481 196.892C426.805 196.49 427.359 195.868 427.97 196.414C428.086 196.515 428.178 196.642 428.238 196.784C428.298 196.926 428.325 197.08 428.316 197.234C428.308 197.388 428.265 197.538 428.19 197.673C428.115 197.808 428.01 197.924 427.884 198.012C427.182 198.755 426.685 199.668 426.443 200.663C426.242 201.151 426.3 201.897 425.584 201.84C424.868 201.782 424.868 201.007 424.858 200.041C425.143 198.877 425.699 197.798 426.481 196.892Z" fill="#262522"/>
<path d="M401.741 242.749L402.094 242.931C404.137 243.888 405.244 245.668 406.37 247.429C406.599 247.783 406.294 248.386 405.702 247.945C404.232 246.749 402.839 245.496 401.436 244.194C400.911 243.687 401.054 243.113 401.741 242.749Z" fill="#262522"/>
<path d="M375.767 192.653C375.439 194.92 375.244 197.205 375.185 199.495C375.197 199.571 375.192 199.648 375.169 199.722C375.147 199.795 375.108 199.862 375.055 199.917C375.002 199.973 374.938 200.016 374.866 200.042C374.794 200.068 374.717 200.078 374.641 200.069C374.24 200.069 374.097 199.83 374.097 199.495C374.097 198.644 374.097 197.782 374.097 196.624C373.983 195.336 374.113 194.037 374.479 192.797C374.494 192.613 374.573 192.44 374.702 192.309C374.831 192.178 375.002 192.096 375.185 192.079C375.263 192.068 375.343 192.075 375.418 192.1C375.493 192.125 375.561 192.167 375.617 192.222C375.673 192.278 375.716 192.345 375.742 192.42C375.768 192.495 375.777 192.574 375.767 192.653Z" fill="#262522"/>
<path d="M401.616 231.792C401.905 231.704 402.215 231.712 402.499 231.815C402.784 231.919 403.026 232.112 403.191 232.366C404.231 233.524 405.176 234.768 406.178 235.974C406.341 236.175 406.484 236.424 406.303 236.596C406.093 236.721 405.848 236.775 405.606 236.749C405.052 236.749 401.282 233.275 401.187 232.711C401.187 232.653 401.187 232.586 401.187 232.156C401.309 232.012 401.454 231.889 401.616 231.792Z" fill="#262522"/>
<path d="M491.971 226.251C492.047 225.926 491.914 225.093 492.591 225.122C493.269 225.151 493.317 225.801 493.317 226.366C493.392 227.871 493.274 229.38 492.964 230.854C492.811 231.438 492.715 231.983 492.009 231.955C491.055 231.955 491.58 231.151 491.36 230.548C491.942 229.256 491.647 227.715 491.971 226.251Z" fill="#262522"/>
<path d="M477.815 231.323C477.109 228.749 478.417 227.132 478.97 225.352C479.057 225.112 479.228 224.913 479.451 224.791C479.675 224.67 479.935 224.634 480.182 224.692C480.621 224.778 480.612 225.141 480.545 225.4C480.072 227.549 479.141 229.569 477.815 231.323Z" fill="#262522"/>
<path d="M478.771 220.95C478.583 220.564 478.52 220.129 478.59 219.706C478.66 219.282 478.86 218.891 479.162 218.586C479.878 217.696 479.897 216.261 480.871 215.917C481.825 215.802 482.045 216.156 481.978 216.644C481.648 218.278 480.856 219.783 479.697 220.979C479.646 221.056 479.575 221.12 479.493 221.163C479.411 221.205 479.319 221.226 479.226 221.224C479.133 221.221 479.042 221.194 478.963 221.146C478.883 221.098 478.817 221.031 478.771 220.95Z" fill="#262522"/>
<path d="M446.24 169.399C445.496 168.867 444.614 168.565 443.702 168.528C442.995 168.452 442.127 168.414 442.184 167.38C442.241 166.203 443.224 166.94 443.692 166.701C444.344 166.683 444.993 166.802 445.596 167.051C446.199 167.3 446.744 167.673 447.195 168.146C447.51 168.442 448.149 168.739 447.557 169.313C447.482 169.414 447.386 169.497 447.276 169.557C447.166 169.617 447.044 169.652 446.919 169.66C446.793 169.668 446.668 169.649 446.551 169.604C446.434 169.559 446.328 169.489 446.24 169.399Z" fill="#262522"/>
<path d="M402.59 253.869C404.022 254.099 405.454 254.472 406.847 254.702C407.572 254.816 407.592 255.209 407.525 255.725C407.439 256.386 406.895 256.137 406.274 256.252C405.148 255.41 403.411 256.252 402.065 255.199C401.86 255.088 401.699 254.91 401.608 254.694C401.518 254.478 401.504 254.237 401.569 254.013C401.741 253.247 402.304 253.831 402.59 253.869Z" fill="#262522"/>
<path d="M478.435 212.424C477.099 212.424 477.004 213.495 476.412 214.146C476.116 214.471 475.868 215.103 475.295 214.893C474.723 214.682 474.914 214.07 474.866 213.285C475.124 211.974 476.269 211.18 477.729 210.739C478.111 210.625 478.684 210.165 478.922 210.921C479.123 211.524 479.132 212.414 478.435 212.424Z" fill="#262522"/>
<path d="M489.948 209.725C489.955 209.604 490.009 209.49 490.098 209.408C490.187 209.326 490.304 209.282 490.425 209.285C490.5 209.269 490.576 209.27 490.65 209.288C490.724 209.306 490.793 209.34 490.852 209.387C490.912 209.435 490.96 209.495 490.993 209.563C491.026 209.631 491.044 209.706 491.046 209.782C491.278 210.772 491.422 211.781 491.475 212.797C491.475 213.581 492.535 214.711 491.227 215.036C489.7 215.39 490.168 213.62 489.595 212.912C489.471 212.758 489.595 212.443 489.595 211.955C489.595 211.467 489.814 210.548 489.948 209.725Z" fill="#262522"/>
<path d="M473.902 220.089C474.465 222.663 472.432 224.567 473.043 226.988C470.809 225.39 471.134 222.902 473.902 220.089Z" fill="#262522"/>
<path d="M396.347 249.247C395.994 248.749 396.347 247.821 397.187 248.194C398.566 248.634 399.811 249.417 400.804 250.472C401.014 250.74 401.329 251.036 400.967 251.429C400.871 251.551 400.747 251.648 400.606 251.711C400.464 251.774 400.31 251.802 400.155 251.792C398.643 251.383 397.306 250.489 396.347 249.247Z" fill="#262522"/>
<path d="M444.235 198.49C443.977 198.892 443.281 198.596 443.023 198.108C442.95 197.945 442.914 197.769 442.918 197.591C443.019 196.972 443.305 196.398 443.737 195.945C444.17 195.493 444.73 195.182 445.342 195.055C445.867 195.485 447.117 195.151 446.984 196.155C446.793 197.552 444.932 197.39 444.235 198.49Z" fill="#262522"/>
<path d="M455.117 179.179C455.049 179.287 454.958 179.378 454.851 179.446C454.743 179.514 454.622 179.557 454.496 179.572C454.371 179.588 454.243 179.575 454.122 179.536C454.002 179.496 453.892 179.43 453.8 179.342C452.949 178.59 451.941 178.037 450.85 177.725C450.658 177.653 450.494 177.521 450.382 177.349C450.271 177.177 450.217 176.973 450.23 176.768C450.23 176.442 450.688 176.232 451.137 176.26C452.591 176.462 453.952 177.092 455.05 178.069C455.131 178.135 455.197 178.217 455.244 178.31C455.292 178.403 455.32 178.505 455.326 178.609C455.332 178.714 455.317 178.818 455.281 178.916C455.245 179.014 455.189 179.104 455.117 179.179Z" fill="#262522"/>
<path d="M477.749 241.094C477.396 240.969 477.138 240.682 477.157 239.964C477.955 238.747 478.654 237.467 479.248 236.137C479.324 235.983 479.973 236.003 480.278 236.137C480.441 236.204 480.555 236.682 480.498 236.931C480.145 238.314 479.526 239.614 478.675 240.759C478.593 240.923 478.451 241.049 478.279 241.111C478.106 241.173 477.917 241.167 477.749 241.094Z" fill="#262522"/>
<path d="M437.058 233.017C436.428 233.17 435.98 232.586 435.856 232.06C435.77 231.271 435.77 230.476 435.856 229.687C435.989 229.314 435.598 228.529 436.085 227.773C436.362 227.333 436.581 227.094 437.039 227.275C437.497 227.457 437.745 227.706 437.574 228.108C437.134 229.298 437.158 230.61 437.641 231.783C437.684 231.902 437.704 232.029 437.698 232.156C437.693 232.283 437.662 232.407 437.608 232.522C437.553 232.637 437.477 232.74 437.383 232.825C437.288 232.91 437.178 232.975 437.058 233.017Z" fill="#262522"/>
<path d="M379.654 232.96C380.503 234.328 381.315 235.725 382.145 237.103C382.383 237.505 382.393 237.773 381.782 237.859C381.621 237.837 381.463 237.792 381.315 237.725C379.625 236.768 379.014 235.036 378.251 233.438C378.213 233.371 378.193 233.295 378.193 233.219C378.193 233.142 378.213 233.066 378.25 232.999C378.287 232.932 378.341 232.875 378.407 232.835C378.472 232.794 378.546 232.772 378.623 232.768C378.986 232.73 379.434 232.634 379.654 232.96Z" fill="#262522"/>
<path d="M376.751 225.055C376.532 224.902 376.093 224.424 376.503 223.955C376.914 223.486 377.458 223.878 377.744 224.089C379.309 225.199 379.653 227.036 380.435 228.625C380.617 229.007 380.435 229.486 379.662 229.39C379.309 229.314 379.166 228.959 378.937 228.577C378.221 227.409 377.992 225.936 376.751 225.055Z" fill="#262522"/>
<path d="M424.248 230.433C424.111 230.484 423.964 230.503 423.818 230.488C423.673 230.473 423.532 230.425 423.408 230.347C422.454 229.017 421.5 227.649 420.631 226.443C420.832 225.792 420.488 225.256 421.08 225.074C421.292 225.021 421.515 225.043 421.713 225.135C421.911 225.227 422.072 225.385 422.168 225.582C423.074 226.854 423.323 228.452 424.391 229.649C424.441 229.707 424.476 229.775 424.496 229.849C424.515 229.923 424.518 230 424.505 230.075C424.491 230.15 424.461 230.221 424.416 230.283C424.372 230.345 424.315 230.396 424.248 230.433Z" fill="#262522"/>
<path d="M384.206 211.39C384.273 211.629 384.33 212.06 383.91 212.108C383.49 212.156 383.271 211.83 383.128 211.476L381.486 207.534C381.2 206.835 380.78 206.156 381.486 205.246C383.318 206.959 383.586 209.256 384.206 211.39Z" fill="#262522"/>
<path d="M434.386 209.151C434.16 209.044 433.984 208.854 433.897 208.619C433.809 208.385 433.817 208.126 433.918 207.897C434.302 206.965 434.755 206.063 435.273 205.198C435.464 204.873 435.789 204.404 436.294 204.576C436.523 204.668 436.711 204.84 436.823 205.06C436.935 205.28 436.964 205.533 436.905 205.773C436.699 206.884 436.22 207.927 435.512 208.806C435.39 208.982 435.212 209.111 435.008 209.173C434.804 209.236 434.585 209.228 434.386 209.151Z" fill="#262522"/>
<path d="M396.681 240.175C396.404 240.395 396.156 240.5 395.879 240.242C394.712 239.271 393.456 238.412 392.128 237.677C391.937 237.563 391.842 237.323 391.603 237.027C392.186 236.644 392.558 235.897 393.312 236.338C394.653 237.067 395.788 238.124 396.614 239.409C396.786 239.63 397.091 239.869 396.681 240.175Z" fill="#262522"/>
<path d="M443.023 182.729C442.756 182.318 443.109 181.935 443.31 181.772C444.215 181.089 445.172 180.478 446.173 179.945C446.364 179.835 446.588 179.795 446.805 179.831C447.023 179.868 447.221 179.979 447.366 180.146C447.509 180.356 447.547 180.902 447.366 181.007C446.326 181.782 445.572 182.988 444.15 183.217C443.935 183.258 443.713 183.233 443.512 183.146C443.311 183.059 443.141 182.914 443.023 182.729Z" fill="#262522"/>
<path d="M457.962 177.763C458.895 178.059 459.813 178.404 460.711 178.796C460.869 178.864 461.01 178.967 461.124 179.097C461.237 179.227 461.32 179.381 461.366 179.547C461.411 179.713 461.419 179.888 461.389 180.058C461.358 180.228 461.289 180.389 461.188 180.528C460.663 181.265 460.233 180.528 459.785 180.241C459.043 179.731 458.2 179.388 457.313 179.236C456.568 179.141 456.215 178.71 456.234 178.28C456.254 177.849 456.922 177.677 457.962 177.763Z" fill="#262522"/>
<path d="M397.637 216.29C398.667 217.904 399.298 219.741 399.479 221.649C397.503 220.5 397.436 218.328 396.32 216.759C396.272 216.669 396.245 216.57 396.239 216.468C396.233 216.367 396.249 216.265 396.286 216.17C396.323 216.076 396.38 215.99 396.452 215.919C396.525 215.848 396.612 215.794 396.708 215.76C396.803 215.726 396.905 215.713 397.006 215.722C397.107 215.731 397.205 215.762 397.293 215.812C397.381 215.862 397.458 215.931 397.517 216.013C397.576 216.096 397.617 216.19 397.637 216.29Z" fill="#262522"/>
<path d="M428.305 193.792C427.646 194.069 426.902 193.524 427.178 192.835C427.728 191.735 428.601 190.83 429.679 190.242C430.824 190.06 431.044 190.557 430.843 191.198C430.629 191.787 430.291 192.323 429.853 192.77C429.416 193.217 428.888 193.566 428.305 193.792Z" fill="#262522"/>
<path d="M476.66 251.515C476.994 251.475 477.312 251.352 477.587 251.159C477.862 250.965 478.084 250.706 478.235 250.405C478.326 250.193 478.49 250.022 478.697 249.921C478.903 249.821 479.139 249.799 479.361 249.859C479.48 249.928 479.583 250.022 479.662 250.135C479.741 250.247 479.796 250.376 479.821 250.511C479.846 250.646 479.842 250.786 479.809 250.919C479.776 251.053 479.714 251.178 479.628 251.285C478.924 252.258 477.985 253.035 476.899 253.544C476.212 253.86 475.725 253.438 475.629 252.692C475.662 252.414 475.778 252.153 475.962 251.942C476.146 251.732 476.39 251.583 476.66 251.515Z" fill="#262522"/>
<path d="M461.292 215.237C461.531 217.323 460.653 219.122 460.023 221.16C458.725 219.352 459.526 215.916 461.292 215.237Z" fill="#262522"/>
<path d="M369.851 238.73C371.13 239.438 371.368 240.749 371.855 241.859C371.75 242.28 371.96 242.74 371.569 242.922C371.366 242.999 371.143 243.005 370.937 242.939C370.731 242.873 370.553 242.739 370.433 242.558C369.561 241.596 369.046 240.363 368.973 239.065C368.993 238.974 369.035 238.889 369.096 238.819C369.157 238.748 369.235 238.694 369.322 238.661C369.409 238.628 369.503 238.617 369.595 238.629C369.687 238.641 369.775 238.676 369.851 238.73Z" fill="#262522"/>
<path d="M470.571 215.409C470.485 215.668 470.17 216.232 469.617 215.974C469.206 215.782 469.254 215.381 469.254 214.864C469.76 213.907 469.827 212.605 470.676 211.572C471.02 211.151 471.277 210.998 471.707 211.189C472.136 211.38 472.48 211.936 472.136 212.395C471.454 213.307 470.925 214.326 470.571 215.409Z" fill="#262522"/>
<path d="M464.815 242.29C464.964 242.261 465.118 242.29 465.246 242.372C465.374 242.454 465.466 242.582 465.502 242.73C466.17 244.329 466.532 246.04 466.571 247.773C465.302 247.065 463.994 243.859 464.366 242.74C464.452 242.491 464.519 242.309 464.815 242.29Z" fill="#262522"/>
<path d="M414.34 226.615C414.65 227.119 414.891 227.663 415.055 228.232C415.087 228.364 415.091 228.5 415.067 228.633C415.042 228.766 414.99 228.892 414.914 229.003C414.837 229.115 414.738 229.208 414.622 229.278C414.507 229.348 414.378 229.393 414.244 229.409C413.738 229.505 413.605 229.151 413.471 228.816C413.252 228.271 413.013 227.725 412.813 227.17C412.612 226.615 411.734 225.486 412.374 225.18C413.347 224.711 413.862 225.83 414.34 226.615Z" fill="#262522"/>
<path d="M374.594 224.299C374.565 224.372 374.513 224.434 374.447 224.476C374.38 224.518 374.302 224.538 374.224 224.532C374.145 224.527 374.07 224.497 374.01 224.447C373.95 224.396 373.907 224.328 373.888 224.251C373.348 222.678 372.681 221.151 371.893 219.687C371.731 219.304 372.046 219.036 372.437 218.931C372.836 219.161 373.184 219.471 373.46 219.842C373.736 220.212 373.933 220.635 374.04 221.084C374.222 222.108 375.3 223.065 374.594 224.299Z" fill="#262522"/>
<path d="M467.859 220.768C467.88 220.692 467.916 220.622 467.964 220.56C468.013 220.498 468.073 220.447 468.141 220.408C468.21 220.37 468.285 220.346 468.363 220.337C468.44 220.328 468.519 220.335 468.594 220.357C468.976 220.491 468.823 220.864 468.862 221.141C469.005 222.184 468.298 223.113 468.47 224.175C468.556 224.692 468.623 225.524 467.984 225.562C467.344 225.601 467.201 224.749 467.029 224.194C466.987 223.902 466.987 223.606 467.029 223.314C466.695 222.395 467.487 221.639 467.859 220.768Z" fill="#262522"/>
<path d="M438.327 164.844C437.373 164.844 436.418 165.524 435.588 165.246C435.347 165.275 435.104 165.275 434.863 165.246C434.471 165.122 433.908 165.83 433.746 165.189C433.584 164.547 434.195 164.299 434.7 164.165C435.817 163.897 436.943 163.657 438.07 163.428C438.68 163.303 438.785 163.82 438.9 164.193C439.014 164.567 438.68 164.835 438.327 164.844Z" fill="#262522"/>
<path d="M390 216.845C391.613 217.801 391.995 219.419 392.252 221.428C390.792 220.28 390.429 218.711 389.055 218.002C388.578 217.754 388.702 217.179 388.874 216.864C389.103 216.366 389.561 216.596 390 216.845Z" fill="#262522"/>
<path d="M438.413 211.821C438.346 210.72 438.413 209.514 439.548 209.39C440.684 209.265 440.255 210.443 440.264 211.103C440.264 212.06 440.512 213.227 439.052 213.246C437.897 213.266 438.68 212.232 438.413 211.821Z" fill="#262522"/>
<path d="M470.895 181.916C470.103 181.533 468.843 181.256 468.919 180.002C468.919 179.39 469.587 179.275 470.418 179.524C471.133 179.466 472.174 179.524 472.155 180.739C472.155 181.313 471.525 182.203 470.895 181.916Z" fill="#262522"/>
<path d="M381.561 220.414C381.189 220.596 380.989 220.261 380.845 220.041C380.414 219.491 380.105 218.854 379.94 218.174C379.776 217.493 379.759 216.786 379.891 216.098C381.552 216.94 381.59 218.405 382 219.658C382.036 219.816 382.011 219.983 381.929 220.123C381.848 220.263 381.716 220.367 381.561 220.414Z" fill="#262522"/>
<path d="M386.802 187.256C387.308 187.256 387.833 187.409 387.556 187.926C387.191 188.887 386.52 189.701 385.647 190.242C384.788 190.672 384.846 189.887 384.693 189.639C384.512 189.141 386.182 187.275 386.802 187.256Z" fill="#262522"/>
<path d="M452.044 186.892C452.722 186.892 453.18 187.332 452.999 187.954C452.878 188.323 452.666 188.656 452.382 188.92C452.098 189.185 451.752 189.373 451.376 189.466C450.613 189.332 450.355 188.892 450.422 188.27C450.428 188.069 450.476 187.872 450.563 187.691C450.65 187.51 450.774 187.349 450.927 187.219C451.08 187.09 451.259 186.993 451.451 186.937C451.644 186.881 451.846 186.865 452.044 186.892Z" fill="#262522"/>
<path d="M474.179 210.117C473.635 210.232 473.224 209.677 473.377 209.112C473.377 208.395 473.224 207.572 474.179 207.514C474.723 207.514 474.894 208.041 474.894 208.577C474.894 209.112 474.856 209.974 474.179 210.117Z" fill="#262522"/>
<path d="M472.412 245.247C472.679 245.056 472.956 245.381 472.985 245.745C473.071 246.807 473.09 247.821 471.525 247.936C471.534 246.922 471.486 245.907 472.412 245.247Z" fill="#262522"/>
<defs>
<linearGradient id="paint0_linear_20_2546" x1="424.531" y1="300.552" x2="412.229" y2="307.011" gradientUnits="userSpaceOnUse">
<stop stop-color="#FF702C"/>
<stop offset="1" stop-color="#FFC1E6"/>
</linearGradient>
<linearGradient id="paint1_linear_20_2546" x1="411.568" y1="297.675" x2="401.931" y2="302.997" gradientUnits="userSpaceOnUse">
<stop stop-color="#FF702C"/>
<stop offset="1" stop-color="#FFC1E6"/>
</linearGradient>
<linearGradient id="paint2_linear_20_2546" x1="437.002" y1="300.237" x2="424.522" y2="305.832" gradientUnits="userSpaceOnUse">
<stop stop-color="#FF702C"/>
<stop offset="1" stop-color="#FFC1E6"/>
</linearGradient>
<linearGradient id="paint3_linear_20_2546" x1="449.278" y1="296.563" x2="433.317" y2="303.047" gradientUnits="userSpaceOnUse">
<stop stop-color="#FF702C"/>
<stop offset="1" stop-color="#FFC1E6"/>
</linearGradient>
<linearGradient id="paint4_linear_20_2546" x1="487.01" y1="273.84" x2="475.632" y2="279.293" gradientUnits="userSpaceOnUse">
<stop stop-color="#FF702C"/>
<stop offset="1" stop-color="#FFC1E6"/>
</linearGradient>
<linearGradient id="paint5_linear_20_2546" x1="459.016" y1="290.701" x2="440.54" y2="297.451" gradientUnits="userSpaceOnUse">
<stop stop-color="#FF702C"/>
<stop offset="1" stop-color="#FFC1E6"/>
</linearGradient>
<linearGradient id="paint6_linear_20_2546" x1="481.194" y1="278.202" x2="465.061" y2="287.509" gradientUnits="userSpaceOnUse">
<stop stop-color="#FF702C"/>
<stop offset="1" stop-color="#FFC1E6"/>
</linearGradient>
<linearGradient id="paint7_linear_20_2546" x1="475.446" y1="279.224" x2="449.077" y2="289.212" gradientUnits="userSpaceOnUse">
<stop stop-color="#FF702C"/>
<stop offset="1" stop-color="#FFC1E6"/>
</linearGradient>
</defs>
</svg>

===== END FILE: label_studio/core/static_build/images/heidi-404.svg =====


===== FILE: label_studio/core/static_build/images/human_signal_logo.97adf6f9a70c.svg =====
<svg width="200" height="29" viewBox="0 0 200 29" fill="none" xmlns="http://www.w3.org/2000/svg">
<path fill-rule="evenodd" clip-rule="evenodd" d="M8.90591 1.20508C7.81569 1.20508 6.93188 2.08888 6.93188 3.17911V13.0941C6.93188 13.0989 6.9319 13.1037 6.93194 13.1085V8.13661H13.8633V15.0682H8.89912C8.90138 15.0682 8.90365 15.0682 8.90591 15.0682H18.8205C19.9108 15.0682 20.7946 14.1844 20.7946 13.0941V3.17911C20.7946 2.08888 19.9108 1.20508 18.8205 1.20508H8.90591Z" fill="#FFA663"/>
<path fill-rule="evenodd" clip-rule="evenodd" d="M11.8886 21.999C12.9789 21.999 13.8627 21.1152 13.8627 20.025V15.0675H6.93137V8.13594H11.8951C11.893 8.13593 11.8908 8.13593 11.8886 8.13593H1.97403C0.883802 8.13593 -9.53674e-07 9.01973 -9.53674e-07 10.11V20.025C-9.53674e-07 21.1152 0.883802 21.999 1.97403 21.999H11.8886Z" fill="#FF7557"/>
<path d="M130.18 0.889648C126.177 0.889648 123.279 3.35897 123.279 6.66131C123.279 10.8974 126.8 11.8663 129.926 12.7263C132.419 13.4125 134.661 14.0294 134.661 16.1816C134.661 18.1749 132.869 19.5434 130.33 19.5434C127.73 19.5434 125.759 18.3832 124.146 16.8659L122.323 19.0079C124.146 20.8822 127.163 22.3103 130.33 22.3103C134.811 22.3103 137.619 19.4542 137.619 16.1518C137.619 12.01 134.154 11.0121 131.038 10.1145C128.491 9.38087 126.177 8.71427 126.177 6.45306C126.177 4.81676 127.76 3.65648 129.971 3.65648C131.973 3.65648 134.004 4.51925 135.319 5.94729L137.021 3.71598C135.677 2.07968 132.809 0.889648 130.18 0.889648Z" fill="#12110D"/>
<path d="M40.6758 1.18716V9.84466H29.7418V1.18716H26.844V22.0128H29.7418V12.5817H40.6758V22.0128H43.5736V1.18716H40.6758Z" fill="#12110D"/>
<path d="M57.6096 7.49434V17.2824C56.803 18.7104 55.16 19.6029 53.4571 19.6029C51.1568 19.6029 49.6332 17.9666 49.6332 15.4081V7.49434H46.8549V15.8246C46.8549 19.7517 49.215 22.3103 52.8298 22.3103C54.8313 22.3103 56.7134 21.3582 57.6096 19.9004V22.0128H60.3581V7.49434H57.6096Z" fill="#12110D"/>
<path d="M75.5629 9.78516C76.5488 8.47612 78.3114 7.19683 80.5221 7.19683C84.0771 7.19683 86.4671 9.54715 86.4671 13.2363V22.0128H83.7186V13.7123C83.7186 11.2727 82.3145 9.7554 80.074 9.7554C78.5504 9.7554 77.0268 10.7967 76.2799 12.0462C76.3397 12.3139 76.3695 12.6113 76.3994 12.9088L76.3994 12.909V22.0128H73.651V13.7123C73.651 11.2727 72.217 9.7554 70.0661 9.7554C68.423 9.7554 67.0488 10.6777 66.3617 12.0165V22.0128H63.5834V7.49434H66.3617V9.54715C67.0786 8.50587 68.5425 7.19683 70.9324 7.19683C73.0834 7.19683 74.6368 8.05961 75.5629 9.78516Z" fill="#12110D"/>
<path fill-rule="evenodd" clip-rule="evenodd" d="M100.628 7.49434V9.60665C99.8508 8.23811 97.8193 7.19683 95.758 7.19683C91.725 7.19683 88.6479 10.4992 88.6479 14.7535C88.6479 19.0079 91.725 22.3103 95.758 22.3103C97.7895 22.3103 99.8209 21.269 100.628 19.9004V22.0128H103.406V7.49434H100.628ZM96.2957 19.7219C93.4875 19.7219 91.3366 17.5799 91.3366 14.7535C91.3366 11.8975 93.4875 9.78516 96.2957 9.78516C98.0882 9.78516 99.8508 10.7967 100.628 12.2247V17.3121C99.8508 18.7104 98.0882 19.7219 96.2957 19.7219Z" fill="#12110D"/>
<path d="M109.369 9.60665C110.265 8.14886 112.147 7.19683 114.119 7.19683C117.764 7.19683 120.094 9.7554 120.094 13.7123V22.0128H117.345V14.099C117.345 11.5405 115.822 9.90416 113.492 9.90416C111.819 9.90416 110.176 10.7967 109.369 12.2247V22.0128H106.591V7.49434H109.369V9.60665Z" fill="#12110D"/>
<path d="M143.102 22.0128H140.324V7.49434H143.102V22.0128Z" fill="#12110D"/>
<path fill-rule="evenodd" clip-rule="evenodd" d="M157.742 7.49434V9.5769C156.965 8.20836 154.934 7.19683 152.872 7.19683C148.839 7.19683 145.762 10.4397 145.762 14.6048C145.762 18.7997 148.839 22.0425 152.872 22.0425C154.904 22.0425 156.935 21.031 157.742 19.6922V21.4772C157.742 23.9168 155.86 25.6424 153.35 25.6424C151.289 25.6424 149.407 24.9581 148.302 23.7681L146.897 25.6424C148.152 27.1894 150.841 28.1117 153.41 28.1117C157.533 28.1117 160.52 25.4936 160.52 21.507V7.49434H157.742ZM153.41 19.4839C150.602 19.4839 148.451 17.4014 148.451 14.6048C148.451 11.8082 150.602 9.7554 153.41 9.7554C155.202 9.7554 156.965 10.7372 157.742 12.1355V17.1336C156.965 18.5022 155.202 19.4839 153.41 19.4839Z" fill="#12110D"/>
<path d="M166.357 9.60665C167.254 8.14886 169.136 7.19683 171.107 7.19683C174.752 7.19683 177.082 9.7554 177.082 13.7123V22.0128H174.334V14.099C174.334 11.5405 172.81 9.90416 170.48 9.90416C168.807 9.90416 167.164 10.7967 166.357 12.2247V22.0128H163.579V7.49434H166.357V9.60665Z" fill="#12110D"/>
<path fill-rule="evenodd" clip-rule="evenodd" d="M191.258 7.49434V9.60665C190.481 8.23811 188.45 7.19683 186.389 7.19683C182.356 7.19683 179.279 10.4992 179.279 14.7535C179.279 19.0079 182.356 22.3103 186.389 22.3103C188.42 22.3103 190.452 21.269 191.258 19.9004V22.0128H194.037V7.49434H191.258ZM186.926 19.7219C184.118 19.7219 181.967 17.5799 181.967 14.7535C181.967 11.8975 184.118 9.78516 186.926 9.78516C188.719 9.78516 190.481 10.7967 191.258 12.2247V17.3121C190.481 18.7104 188.719 19.7219 186.926 19.7219Z" fill="#12110D"/>
<path d="M197.221 1.18716H200V22.0128H197.221V1.18716Z" fill="#12110D"/>
<path d="M141.712 1.96089C140.848 1.96089 140.136 2.69774 140.136 3.53623C140.136 4.40014 140.848 5.11158 141.712 5.11158C142.55 5.11158 143.287 4.40014 143.287 3.53623C143.287 2.69774 142.55 1.96089 141.712 1.96089Z" fill="#12110D"/>
</svg>

===== END FILE: label_studio/core/static_build/images/human_signal_logo.97adf6f9a70c.svg =====


===== FILE: label_studio/core/static_build/images/login-bg.svg =====
<svg width="180" height="239" viewBox="0 0 180 239" fill="none" xmlns="http://www.w3.org/2000/svg">
<path fill-rule="evenodd" clip-rule="evenodd" d="M-9.91821e-05 59.8662H119.84V179.706H-9.91821e-05V59.8662ZM59.9197 119.786H119.84V179.706H59.9197V119.786Z" fill="#0a87ce"/>
<rect width="60.0546" height="60.0546" transform="matrix(-1 0 0 1 179.765 0)" fill="#FFA663"/>
<path fill-rule="evenodd" clip-rule="evenodd" d="M179.762 239H59.9219V119.16H179.762V239ZM119.842 179.08H59.922V119.16H119.842V179.08Z" fill="#E37BD3"/>
</svg>

===== END FILE: label_studio/core/static_build/images/login-bg.svg =====


===== FILE: label_studio/core/static_build/images/heidi-403.svg =====
<svg width="812" height="338" viewBox="0 0 812 338" fill="none" xmlns="http://www.w3.org/2000/svg">
<path d="M216.597 323.235V269.275H85.8774V213.035L177.837 57.2355H265.237V225.955H309.317V269.275H265.237V323.235H216.597ZM132.237 225.955H216.597V88.3955H209.757L132.237 219.875V225.955ZM440.699 328.555C409.286 328.555 384.079 319.942 365.079 302.715C346.079 285.235 336.579 258.889 336.579 223.675V156.795C336.579 122.595 346.079 96.6288 365.079 78.8955C384.079 60.9088 409.286 51.9155 440.699 51.9155C472.366 51.9155 497.573 60.9088 516.319 78.8955C535.319 96.6288 544.819 122.595 544.819 156.795V223.675C544.819 258.889 535.319 285.235 516.319 302.715C497.573 319.942 472.366 328.555 440.699 328.555ZM440.699 285.235C459.699 285.235 473.633 280.042 482.499 269.655C491.619 259.269 496.179 244.449 496.179 225.195V154.515C496.179 135.009 491.113 120.315 480.979 110.435C471.099 100.302 457.673 95.2355 440.699 95.2355C423.219 95.2355 409.539 100.429 399.659 110.815C390.033 121.202 385.219 135.769 385.219 154.515V225.195C385.219 245.209 389.779 260.282 398.899 270.415C408.273 280.295 422.206 285.235 440.699 285.235ZM679.506 328.555C659.492 328.555 641.759 325.009 626.306 317.915C610.852 310.822 598.692 300.689 589.826 287.515C581.212 274.089 576.906 258.255 576.906 240.015V233.175H625.546V238.495C625.546 252.682 630.486 264.082 640.366 272.695C650.246 281.055 663.292 285.235 679.506 285.235C695.972 285.235 708.639 281.309 717.506 273.455C726.626 265.602 731.186 255.722 731.186 243.815V240.015C731.186 231.909 729.159 225.322 725.106 220.255C721.052 215.189 715.606 211.515 708.766 209.235C701.926 206.702 694.199 205.435 685.586 205.435H632.386V152.235L718.266 106.635V100.555H583.746V57.2355H772.226V121.835L692.046 164.395V170.475H706.106C718.012 170.475 729.539 172.882 740.686 177.695C752.086 182.509 761.459 189.982 768.806 200.115C776.152 209.995 779.826 222.915 779.826 238.875V243.435C779.826 260.662 775.646 275.735 767.286 288.655C758.926 301.322 747.146 311.202 731.946 318.295C716.999 325.135 699.519 328.555 679.506 328.555Z" fill="black"/>
<path d="M794.972 40.2966C796.282 39.7168 797.603 40.1645 798.847 40.9081C801.754 42.652 803.859 45.4753 804.703 48.7652C805.551 52.0353 805.689 55.4498 805.108 58.7782C804.622 61.5612 803.557 64.2107 801.983 66.5544C800.932 68.2276 799.712 69.7987 798.504 71.3724C797.389 72.8287 796.104 74.146 794.677 75.2964C792.417 77.1089 789.825 78.4447 787.259 79.7792C785.306 80.8179 783.255 81.7533 781.176 82.5961C779.267 83.3688 777.417 84.2878 775.567 85.1898C775.379 85.3164 775.151 85.3698 774.926 85.34C774.701 85.3102 774.494 85.1992 774.345 85.0278C773.998 84.6489 774.421 84.3499 774.56 84.0164C774.698 83.6829 780.5 76.5662 781.399 75.6007C782.523 74.3802 783.38 72.9712 784.509 71.7716C786.053 70.0662 787.25 68.0759 788.035 65.9118C789.2 62.8866 789.109 59.6303 789.437 56.4585C789.653 54.3557 789.364 52.223 789.814 50.1285C790.212 48.2517 790.681 46.3907 791.023 44.5059C791.218 43.5022 791.692 42.5743 792.391 41.8295C793.09 41.0846 793.985 40.5532 794.972 40.2966ZM790.444 56.3083C790.439 58.525 789.947 60.7185 789.767 62.9232C789.46 66.7158 787.316 69.6239 785.042 72.4978C784.584 73.0823 784.168 73.7007 783.738 74.3113C782.472 76.0987 780.73 77.4782 779.36 79.1806C778.776 79.8795 778.421 80.7706 777.646 81.3674C777.335 81.6053 776.877 82.0567 777.21 82.5113C777.476 82.8718 777.904 82.4112 778.305 82.4721L782.902 80.4342C785.734 79.1947 788.501 77.811 791.193 76.2885C793.102 75.1694 794.844 73.7843 796.365 72.1746C797.384 71.043 798.329 69.8465 799.194 68.5926C800.823 66.5154 802.186 64.242 803.252 61.8252C804.145 59.5994 804.551 57.2076 804.444 54.8112C804.438 52.8085 804.174 50.8151 803.659 48.8801C803.23 47.2853 802.471 45.7985 801.433 44.5155C800.396 43.2324 799.101 42.1816 797.633 41.4308C796.086 40.6239 794.044 41.2138 792.81 42.927C791.986 44.0674 791.888 45.3711 791.513 46.6273C790.648 49.794 790.478 53.0432 790.44 56.3148L790.444 56.3083Z" fill="#262522"/>
<path d="M766.797 89.5437C766.303 88.841 766.592 88.3318 766.99 87.862C767.273 87.5314 767.56 87.2165 767.816 86.865C768.95 85.3263 769.572 83.527 770.726 81.9831C772.09 80.2186 773.211 78.2788 774.06 76.2155C774.782 74.3746 775.254 72.5019 775.785 70.6253C776.719 67.3584 777.711 64.1268 777.809 60.6741C777.991 57.3017 777.685 53.9209 776.901 50.6364C775.905 46.846 774.129 43.3433 772.812 39.6656C771.617 36.3233 769.743 33.2272 768.147 30.073C766.86 27.5234 765.334 25.0774 764.82 22.1696C764.475 20.6219 764.528 19.0115 764.975 17.49C765.477 15.942 765.88 14.4407 767.365 13.341C768.522 12.5 769.84 12.4666 771.084 12.0691C772.189 11.7834 773.353 11.8297 774.432 12.2021C776.032 12.7041 777.477 13.6126 778.624 14.8393C781.349 17.4863 783.51 20.4891 784.371 24.291C784.8 26.1893 784.971 28.1352 785.522 30.009C785.908 31.5211 786.118 33.0727 786.15 34.6331C786.327 37.7684 786.436 40.9204 785.867 44.0747C785.512 46.0181 785.592 48.0199 785.262 49.9739C784.916 52.0203 784.847 54.0922 784.175 56.1144C783.352 58.6005 783.051 61.2287 781.887 63.6332C781.076 65.3134 780.354 67.0435 779.634 68.7617C778.084 72.6183 776.145 76.3062 773.848 79.7684C772.192 82.1899 770.648 84.7109 768.853 87.0174C768.189 87.8634 767.805 88.9279 766.797 89.5437ZM777.366 70.809C779.042 67.3468 780.62 63.848 781.991 60.2456C782.381 59.2073 782.471 58.0717 782.8 57.0097C784.188 52.5168 784.167 47.8419 784.9 43.2679C785.347 40.4706 785.054 37.6911 785.107 34.9085C785.04 33.5934 784.89 32.2839 784.659 30.9876C784.39 28.5342 783.643 26.1775 783.122 23.7756C782.484 20.8545 780.705 18.6153 778.755 16.4905C778.146 15.7609 777.465 15.0948 776.723 14.5024C775.117 13.3041 773.106 12.7832 771.122 13.0511C769.997 13.1596 768.912 13.5256 767.95 14.1209C766.517 15.0303 766.377 16.4996 765.951 17.8626C765.582 19.164 765.541 20.5367 765.832 21.8577C766.299 24.5111 767.755 26.7417 768.866 29.1137C770.347 32.2741 772.161 35.3022 773.404 38.5494C774.648 41.7967 776.161 45.0654 777.294 48.4232C778.479 51.8153 779.033 55.3966 778.929 58.9893C778.802 62.3442 778.57 65.7249 777.313 68.9833C776.947 69.9161 776.974 70.9671 776.516 72.0223C777.234 71.7723 777.173 71.2114 777.366 70.809Z" fill="#262522"/>
<path d="M760.99 88.2427C760.817 88.0089 762.962 83.8763 763.104 83.3759C763.697 81.4122 764.176 79.4156 764.799 77.4611C765.544 75.1104 765.384 72.6468 765.884 70.2851C766.298 68.0022 766.268 65.6607 765.795 63.3894C765.481 61.5565 764.748 59.7723 764.317 57.9574C763.863 56.3667 763.215 54.8384 762.387 53.4072C761.153 51.0272 759.304 49.11 757.471 47.1888C756.574 46.2604 755.577 45.4342 754.499 44.7252C751.64 42.8122 748.908 40.715 746.32 38.4471C743.132 35.7972 740.443 32.5967 738.38 28.9969C736.864 26.2328 735.809 23.4372 735.912 20.3157C735.999 17.558 736.237 14.6962 739.437 13.4258C740.945 12.819 742.584 12.1851 744.172 12.6217C746.192 13.1534 748.136 13.9424 749.956 14.9693C751.838 16.0586 753.524 17.4069 755.334 18.586C758.278 20.4741 760.836 22.907 762.871 25.7546C765.566 29.5555 768.36 33.3096 769.881 37.8172C770.723 40.311 771.969 42.6716 772.564 45.4204C773.3 47.8189 773.31 50.4804 773.582 53.1046C773.854 55.5435 773.801 58.0078 773.424 60.4327C773.078 62.5457 771.773 70.3522 771.201 72.0617C770.283 74.9867 769.118 77.8276 767.716 80.5531C767.322 81.2112 766.838 81.8105 766.278 82.3336C765.187 83.4903 763.993 84.562 763.216 86.0011C762.833 86.7109 761.311 88.6673 760.99 88.2427ZM764.712 82.1461C766.339 81.1054 766.943 79.4103 767.728 77.8251C768.514 76.24 768.951 74.6749 769.658 73.1313C770.295 71.546 770.668 69.8668 770.763 68.1605C771.037 66.1962 771.428 64.2499 771.932 62.3317C772.615 59.5516 772.8 56.672 772.479 53.8271C772.245 52.0296 772.351 50.1978 772.086 48.3859C771.801 46.493 771.341 44.6306 770.713 42.8225C770.115 41.0712 769.313 39.3871 768.664 37.6539C767.976 35.9462 767.147 34.2994 766.184 32.7308C764.641 30.0442 762.899 27.4772 760.974 25.0513C759.536 23.2466 757.842 21.6629 755.947 20.3504C754.211 19.1585 752.626 17.7739 750.778 16.7094C748.524 15.4133 746.29 14.018 743.686 13.7173C741.473 13.4579 739.128 13.8736 737.761 15.9021C736.95 17.0894 736.887 18.628 736.833 20.087C736.754 23.1694 737.637 26.1995 739.359 28.754C740.798 31.0276 742.231 33.2751 744.18 35.1508C746.763 37.7528 749.58 40.1092 752.597 42.1897C756.569 44.7726 759.995 48.1159 762.676 52.0283C763.723 53.4875 764.463 55.1449 764.851 56.8998C765.244 58.8515 766.059 60.6764 766.466 62.5916C766.944 65.209 767.036 67.8827 766.739 70.527C766.428 74.304 765.475 77.9412 764.553 81.5928C764.534 81.6911 764.539 81.7924 764.566 81.8886C764.594 81.9847 764.644 82.073 764.712 82.1461Z" fill="#262522"/>
<path d="M792.827 42.9283C794.06 41.2099 796.125 40.6253 797.65 41.4321C799.118 42.1829 800.413 43.2337 801.45 44.5168C802.488 45.7998 803.247 47.2866 803.676 48.8814C804.191 50.8164 804.455 52.8099 804.461 54.8125C804.568 57.2089 804.162 59.6007 803.269 61.8265C802.206 64.2443 800.844 66.5191 799.217 68.5978C798.352 69.8518 797.407 71.0483 796.389 72.1799C794.867 73.7895 793.126 75.1746 791.216 76.2937C788.525 77.8162 785.757 79.1999 782.925 80.4394L778.329 82.4773C777.906 82.4216 777.473 82.8835 777.234 82.5165C776.897 82.0463 777.363 81.6092 777.669 81.3726C778.445 80.7759 778.805 79.9056 779.384 79.1859C780.754 77.4834 782.491 76.1052 783.762 74.3165C784.167 73.7176 784.602 73.0888 785.066 72.5031C787.336 69.6356 789.484 66.721 789.791 62.9284C789.969 60.7185 790.442 58.5185 790.467 56.3135C790.504 53.0366 790.676 49.7927 791.583 46.6209C791.913 45.3816 792.015 44.0713 792.827 42.9283Z" fill="#FF8267"/>
<path d="M766.807 70.4878C767.104 67.8434 767.011 65.1698 766.533 62.5524C766.123 60.6215 765.307 58.7914 764.919 56.8606C764.531 55.1057 763.791 53.4483 762.744 51.9891C760.063 48.0767 756.637 44.7333 752.664 42.1505C749.648 40.0699 746.831 37.7136 744.248 35.1116C742.294 33.2372 740.856 30.9688 739.426 28.7148C737.704 26.1603 736.821 23.1302 736.901 20.0478C736.955 18.5888 737.032 17.0411 737.829 15.8628C739.196 13.8344 741.541 13.4186 743.754 13.6781C746.358 13.9788 748.592 15.374 750.845 16.6702C752.694 17.7347 754.283 19.1401 756.014 20.3112C757.91 21.6237 759.604 23.2074 761.042 25.012C762.967 27.4379 764.709 30.005 766.252 32.6916C767.214 34.2602 768.044 35.907 768.732 37.6147C769.386 39.3466 770.183 41.0319 770.781 42.7833C771.409 44.5914 771.868 46.4537 772.154 48.3467C772.418 50.1533 772.312 51.9852 772.547 53.7878C772.868 56.6328 772.682 59.5124 771.999 62.2925C771.496 64.2107 771.105 66.157 770.83 68.1213C770.736 69.8276 770.362 71.5068 769.726 73.0921C769.003 74.6396 768.547 76.2646 767.796 77.7859C767.044 79.3072 766.398 81.0739 764.78 82.1069C764.722 82.0247 764.685 81.9299 764.671 81.8303C764.657 81.7307 764.666 81.6293 764.699 81.5342C765.542 77.8967 766.496 74.2647 766.807 70.4878Z" fill="#FFC27B"/>
<path d="M778.929 59.0107C779.033 55.418 778.479 51.8367 777.294 48.4446C776.16 45.0815 774.661 41.8976 773.404 38.5708C772.146 35.2441 770.352 32.2942 768.865 29.1351C767.729 26.7696 766.296 24.5443 765.832 21.8791C765.541 20.5581 765.582 19.1854 765.95 17.884C766.376 16.521 766.5 15.0282 767.949 14.1422C768.911 13.547 769.997 13.181 771.122 13.0725C773.106 12.8046 775.116 13.3255 776.723 14.5238C777.465 15.1162 778.146 15.7823 778.755 16.5119C780.704 18.6367 782.485 20.8811 783.122 23.797C783.643 26.1989 784.39 28.5556 784.658 31.009C784.89 32.3053 785.04 33.6148 785.107 34.9299C785.053 37.7125 785.369 40.4698 784.899 43.2893C784.166 47.8633 784.188 52.5381 782.799 57.0311C782.47 58.0931 782.382 59.2339 781.99 60.267C780.628 63.8564 779.04 67.363 777.366 70.8304C777.172 71.2328 777.223 71.7963 776.517 72.0711C776.975 71.0159 776.953 69.9636 777.314 69.032C778.575 65.7672 778.786 62.3916 778.929 59.0107Z" fill="#DD7DFF"/>
<path d="M33.0513 303.562C31.8736 304.379 31.5639 305.742 31.5454 307.194C31.5078 310.591 32.8077 313.866 35.163 316.308C37.4997 318.742 40.3301 320.645 43.4631 321.889C46.0831 322.928 48.8919 323.403 51.7073 323.283C53.6791 323.26 55.6525 323.038 57.6219 322.828C59.4428 322.636 61.2344 322.227 62.9584 321.608C65.6806 320.624 68.1717 319.106 70.6475 317.611C72.5517 316.484 74.4191 315.22 76.2226 313.884C77.8773 312.656 79.6259 311.555 81.3594 310.446C81.5656 310.351 81.7303 310.184 81.8226 309.976C81.9149 309.768 81.9284 309.533 81.8608 309.316C81.7204 308.821 81.2449 309.027 80.8889 308.971C80.5329 308.915 71.4501 310.153 70.1589 310.418C68.5337 310.74 66.8881 310.736 65.2779 311.074C63.0212 311.502 60.7032 311.485 58.4532 311.024C55.2725 310.439 52.552 308.658 49.6844 307.28C47.7839 306.365 46.122 305.003 44.1063 304.293C42.3024 303.652 40.4753 303.08 38.6946 302.387C37.7393 302.029 36.7024 301.949 35.7038 302.157C34.7052 302.365 33.7857 302.852 33.0513 303.562ZM49.0301 308.062C50.9174 309.217 53.0391 309.943 55.0071 310.942C58.3917 312.663 61.9847 312.35 65.6167 311.909C66.3529 311.823 67.0964 311.791 67.8399 311.743C70.0212 311.595 72.1048 310.827 74.2682 310.546C75.1678 310.412 76.1108 310.575 77.0234 310.224C77.3884 310.082 78.0114 309.927 78.2237 310.45C78.3912 310.865 77.776 310.99 77.6177 311.365L73.4824 314.229C70.9479 316.002 68.3248 317.644 65.6234 319.149C63.6737 320.196 61.5858 320.96 59.4221 321.419C57.9275 321.699 56.4164 321.881 54.8983 321.964C52.2807 322.271 49.6352 322.248 47.0235 321.896C44.6647 321.495 42.4191 320.592 40.4381 319.247C38.7389 318.195 37.1821 316.927 35.8062 315.476C34.6752 314.274 33.8077 312.849 33.2597 311.291C32.7116 309.733 32.4952 308.077 32.6242 306.43C32.7472 304.686 34.3163 303.248 36.4181 303.089C37.818 302.981 38.9776 303.579 40.2416 303.915C43.3856 304.831 46.2368 306.384 49.0377 308.062L49.0301 308.062Z" fill="#262522"/>
<path d="M89.6461 305.225C89.307 304.436 88.7232 304.416 88.1158 304.511C87.6868 304.58 87.2691 304.66 86.8366 304.695C84.9357 304.86 83.0809 304.451 81.1647 304.631C78.952 304.874 76.7168 304.818 74.5191 304.465C72.5765 304.12 70.738 303.544 68.8651 303.017C65.5996 302.107 62.3336 301.266 59.3472 299.545C56.3856 297.937 53.6716 295.908 51.2893 293.52C48.588 290.687 46.5389 287.338 44.1008 284.29C41.8844 281.521 40.2325 278.3 38.3857 275.286C36.8909 272.853 35.6096 270.27 33.4061 268.311C32.2711 267.206 30.8743 266.41 29.3473 265.996C27.769 265.616 26.2821 265.176 24.5707 265.87C23.2509 266.42 22.5335 267.528 21.5451 268.384C20.7247 269.179 20.1553 270.199 19.9079 271.315C19.4978 272.946 19.515 274.656 19.9581 276.278C20.7836 279.991 22.2065 283.408 24.9882 286.132C26.3772 287.492 27.9421 288.655 29.247 290.106C30.3309 291.226 31.5398 292.217 32.8498 293.059C35.4224 294.85 38.0447 296.591 41.0239 297.754C42.8613 298.467 44.5214 299.581 46.3548 300.321C48.2752 301.095 50.0724 302.12 52.1429 302.603C54.6865 303.199 57.0783 304.315 59.7305 304.578C61.5833 304.763 63.4315 305.05 65.2684 305.333C69.3573 306.024 73.5059 306.295 77.6499 306.142C80.5744 305.992 83.5244 305.99 86.4237 305.662C87.4901 305.536 88.5956 305.765 89.6461 305.225ZM68.1945 304.465C64.3753 304.087 60.5758 303.607 56.7969 302.895C55.7103 302.686 54.698 302.169 53.6232 301.895C49.078 300.732 45.1151 298.27 40.8436 296.505C38.2316 295.426 36.0224 293.721 33.6289 292.312C32.5462 291.567 31.5113 290.755 30.5303 289.879C28.5851 288.367 26.9724 286.496 25.203 284.795C23.0534 282.722 22.08 280.031 21.2931 277.253C20.9912 276.351 20.7809 275.421 20.6654 274.477C20.4866 272.477 21.0948 270.486 22.36 268.93C23.0405 268.025 23.919 267.289 24.9279 266.778C26.4502 266.028 27.7724 266.677 29.1538 267.025C30.4528 267.391 31.641 268.073 32.6122 269.012C34.6236 270.799 35.7583 273.21 37.1942 275.399C39.1062 278.318 40.7322 281.451 42.8426 284.212C44.9529 286.973 46.9401 289.976 49.2024 292.699C51.4665 295.486 54.2211 297.832 57.3295 299.621C60.2482 301.266 63.2433 302.835 66.6701 303.465C67.6546 303.639 68.5338 304.212 69.6702 304.373C69.0826 304.855 68.6378 304.51 68.1945 304.465Z" fill="#262522"/>
<path d="M91.5759 299.581C91.468 299.31 86.8332 298.984 86.3337 298.844C84.3545 298.323 82.4065 297.69 80.4195 297.2C78.0314 296.608 76.021 295.183 73.752 294.376C71.5949 293.536 69.6201 292.286 67.9365 290.695C66.5427 289.468 65.4092 287.908 64.092 286.591C62.9769 285.371 62.0166 284.018 61.2327 282.562C59.8545 280.263 59.1913 277.681 58.5166 275.109C58.1966 273.857 58.0154 272.573 57.9764 271.28C57.8449 267.836 57.4905 264.404 56.9156 261.006C56.3296 256.896 55.0147 252.924 53.0332 249.279C51.4763 246.537 49.6511 244.174 46.944 242.63C44.5541 241.263 41.9967 239.971 39.2436 242.042C37.9396 243.013 36.5439 244.083 36.0846 245.669C35.4805 247.674 35.135 249.747 35.0565 251.84C34.9985 254.018 35.2631 256.165 35.319 258.329C35.3851 261.832 36.116 265.29 37.4725 268.519C39.2946 272.81 41.0253 277.161 44.0617 280.818C45.7415 282.841 47.097 285.14 49.1224 287.086C50.7767 288.969 53.0337 290.37 55.1223 291.974C57.0536 293.481 59.1762 294.724 61.4345 295.67C63.4115 296.479 70.7301 299.445 72.4827 299.849C75.4488 300.594 78.4731 301.083 81.5226 301.31C82.2881 301.318 83.0508 301.217 83.7885 301.011C85.3417 300.684 86.877 300.224 88.5068 300.312C89.3103 300.356 91.7694 300.077 91.5759 299.581ZM84.4476 299.575C82.7122 300.422 80.9556 300.052 79.1975 299.894C77.4393 299.737 75.8804 299.292 74.1984 299.09C72.5179 298.805 70.8953 298.246 69.3953 297.435C67.5818 296.643 65.7232 295.959 63.8291 295.387C61.1087 294.517 58.564 293.17 56.3133 291.409C54.9075 290.269 53.2949 289.402 51.8932 288.228C50.4334 286.994 49.0905 285.628 47.8817 284.146C46.7055 282.719 45.6934 281.153 44.5592 279.692C43.4672 278.211 42.501 276.641 41.6709 274.998C40.1937 272.274 38.9221 269.444 37.8665 266.53C37.0842 264.357 36.6234 262.081 36.4988 259.774C36.3932 257.667 36.0447 255.589 36.1062 253.452C36.1825 250.848 36.1642 248.209 37.2702 245.826C38.2068 243.798 39.7861 242.011 42.225 241.904C43.6588 241.83 44.9992 242.582 46.2679 243.298C48.9297 244.842 51.0439 247.181 52.315 249.988C53.4952 252.408 54.6565 254.808 55.232 257.454C56.0937 261.022 56.6238 264.663 56.8154 268.329C56.934 273.075 57.9853 277.751 59.9092 282.089C60.6024 283.747 61.6245 285.246 62.9135 286.495C64.3669 287.851 65.4921 289.502 66.9077 290.851C68.8829 292.628 71.1075 294.104 73.5105 295.233C76.8838 296.942 80.474 298.029 84.0602 299.15C84.1536 299.185 84.2374 299.242 84.3047 299.316C84.372 299.39 84.421 299.479 84.4476 299.575Z" fill="#262522"/>
<path d="M36.4104 303.104C34.3049 303.26 32.728 304.72 32.6165 306.445C32.4875 308.092 32.704 309.748 33.252 311.306C33.8001 312.864 34.6675 314.29 35.7985 315.491C37.1744 316.942 38.7312 318.21 40.4304 319.262C42.4114 320.607 44.657 321.51 47.0158 321.911C49.6272 322.266 52.2727 322.291 54.8906 321.987C56.4087 321.903 57.9198 321.721 59.4144 321.442C61.5781 320.983 63.666 320.219 65.6156 319.171C68.3171 317.667 70.9402 316.025 73.4746 314.251L77.61 311.388C77.7836 310.998 78.4026 310.869 78.216 310.472C77.9924 309.938 77.3769 310.109 77.0157 310.247C76.103 310.598 75.1752 310.45 74.2605 310.569C72.0971 310.85 70.0173 311.614 67.8322 311.766C67.1115 311.798 66.349 311.842 65.609 311.932C61.9846 312.373 58.3839 312.685 54.9994 310.965C53.0276 309.962 50.9098 309.217 49.0224 308.085C46.2177 306.403 43.3703 304.854 40.1995 303.972C38.9737 303.605 37.8065 303.007 36.4104 303.104Z" fill="#DD7DFF"/>
<path d="M73.442 295.271C71.039 294.142 68.8144 292.665 66.8392 290.888C65.4123 289.528 64.2834 287.873 62.8449 286.532C61.556 285.283 60.5338 283.784 59.8406 282.126C57.9168 277.788 56.8655 273.112 56.7469 268.366C56.5553 264.7 56.0252 261.06 55.1635 257.492C54.5918 254.841 53.4154 252.426 52.2465 250.026C50.9754 247.218 48.8612 244.879 46.1994 243.335C44.9307 242.619 43.575 241.875 42.1564 241.941C39.7176 242.049 38.1382 243.836 37.2017 245.863C36.0957 248.247 36.114 250.886 36.0376 253.49C35.9762 255.626 36.3397 257.72 36.4303 259.812C36.5549 262.118 37.0156 264.394 37.798 266.567C38.8535 269.481 40.1252 272.312 41.6023 275.035C42.4325 276.678 43.3987 278.249 44.4907 279.729C45.6211 281.194 46.637 282.756 47.8132 284.183C49.022 285.665 50.3649 287.032 51.8247 288.266C53.2226 289.435 54.8352 290.303 56.2448 291.446C58.4955 293.208 61.0402 294.555 63.7606 295.424C65.6546 295.997 67.5132 296.68 69.3267 297.473C70.8268 298.284 72.4493 298.843 74.1299 299.127C75.8233 299.318 77.4428 299.779 79.1289 299.932C80.8151 300.085 82.6551 300.455 84.379 299.612C84.3393 299.52 84.2783 299.438 84.201 299.374C84.1237 299.31 84.0323 299.266 83.9344 299.244C80.4017 298.063 76.8153 296.979 73.442 295.271Z" fill="#FF8267"/>
<path d="M57.3477 299.632C54.2393 297.843 51.4847 295.497 49.2207 292.71C46.9546 289.983 45.0315 287.037 42.8608 284.223C40.6902 281.409 39.1207 278.333 37.2125 275.41C35.7957 273.202 34.6533 270.814 32.6305 269.023C31.6593 268.085 30.471 267.402 29.1721 267.036C27.7907 266.688 26.4573 266.013 24.9462 266.789C23.9373 267.3 23.0588 268.036 22.3783 268.941C21.113 270.498 20.5049 272.488 20.6837 274.488C20.7992 275.432 21.0095 276.362 21.3114 277.264C22.0983 280.042 23.0754 282.737 25.2212 284.806C26.9907 286.507 28.6033 288.378 30.5486 289.89C31.5295 290.766 32.5645 291.578 33.6472 292.323C36.0406 293.732 38.2195 295.444 40.8619 296.516C45.1333 298.281 49.0963 300.744 53.6414 301.906C54.7162 302.18 55.7323 302.701 56.8152 302.906C60.5789 303.618 64.3898 304.094 68.2128 304.476C68.6561 304.521 69.1086 304.859 69.7111 304.399C68.5748 304.239 67.6917 303.67 66.711 303.491C63.2766 302.862 60.2968 301.277 57.3477 299.632Z" fill="#FFC27B"/>
<path d="M469.607 197.954C470.103 198.261 471.153 197.868 471.077 198.911C471.077 199.562 470.428 199.265 470.075 199.361C469.435 199.361 468.729 199.198 468.595 198.605C468.462 198.012 469.225 197.696 469.607 197.954Z" fill="#ACAEBF"/>
<path d="M425.07 269.955C424.039 269.496 422.951 269.094 421.939 268.558C421.185 268.156 420.44 268.089 420.03 268.941C419.619 269.792 420.192 270.146 420.879 270.453C421.88 270.756 422.795 271.29 423.552 272.013C424.582 273.162 425.9 274.015 427.37 274.481C428.965 275.077 430.598 275.566 432.257 275.946C432.748 276.009 433.209 276.218 433.582 276.545C433.954 276.872 434.221 277.303 434.347 277.783C434.023 277.806 433.698 277.761 433.393 277.649C431.484 277.094 430.863 277.429 430.835 279.352C430.835 280.711 429.957 280.549 429.222 280.309C428.076 279.974 427.408 280.108 427.418 281.41C427.418 282.903 426.673 283.017 425.375 282.721C423.871 282.462 422.338 282.417 420.822 282.587C420.116 282.587 419.791 283.687 419.008 283.257C416.794 282.041 414.283 282.529 411.974 282.348C408.802 281.985 405.669 281.345 402.61 280.434C399.804 279.62 397.042 278.662 394.334 277.563C388.807 275.515 384.55 271.898 380.684 267.85C378.556 265.62 376.485 263.323 374.346 261.075C371.535 258.23 369.198 254.951 367.426 251.362C364.811 245.792 364.038 239.783 363.446 233.754C363.245 231.735 363.112 229.725 362.969 227.706C362.692 223.744 361.89 219.811 362.711 215.83C362.768 215.543 362.711 215.275 363.102 215.122C364.353 214.615 364.668 214.069 363.894 213.16C362.997 212.108 363.293 210.969 363.054 209.849C362.787 208.586 363.799 207.83 363.866 206.73C364.104 202.739 366.004 199.17 366.987 195.371C367.044 195.17 367.254 194.863 367.407 194.844C368.858 194.72 368.6 194.624 369.173 193.361C369.87 191.839 369.173 190.213 369.946 188.787C371.341 186.19 372.936 183.707 374.719 181.361C377.334 177.906 379.864 174.404 383.166 171.533C384.445 170.423 385.925 169.543 387.318 168.547C387.391 168.653 387.442 168.772 387.468 168.898C387.494 169.023 387.495 169.153 387.47 169.279C387.445 169.405 387.395 169.524 387.323 169.63C387.251 169.737 387.159 169.827 387.051 169.897C386.297 170.547 385.972 171.523 386.717 172.069C387.461 172.614 387.92 171.504 388.473 171.112C388.559 171.045 388.578 170.892 388.655 170.806C389.2 170.071 389.895 169.461 390.693 169.016C391.491 168.57 392.374 168.3 393.284 168.222C394.773 168.136 395.012 167.389 394.372 166.308C394.009 165.705 394.095 165.514 394.659 165.236C395.368 164.889 396.059 164.506 396.73 164.088C397.121 163.839 397.532 163.581 397.913 163.925C398.295 164.27 397.789 164.576 397.656 164.882C397.388 165.523 397.493 166.337 398.095 166.232C399.956 165.925 402.314 165.514 403.058 163.944C404.318 161.294 406.523 161.542 408.642 161.255C409.215 161.179 410.036 160.825 410.475 161.648C410.624 161.926 410.828 162.17 411.076 162.365C411.324 162.56 411.609 162.702 411.914 162.781C412.219 162.86 412.537 162.875 412.847 162.825C413.158 162.775 413.456 162.661 413.72 162.49C415.982 161.132 418.617 160.532 421.242 160.777C422.788 160.968 425.06 159.418 425.585 162.394C425.585 162.519 426.024 162.7 426.205 162.653C427.561 162.289 429.604 163.763 430.205 161.275C430.255 161.122 430.363 160.995 430.506 160.921C430.649 160.848 430.815 160.834 430.968 160.882C432.076 161.447 433.298 161.083 434.443 161.332C437.784 162.059 441.125 162.672 444.475 163.437C447.525 163.972 450.463 165.024 453.161 166.547C452.94 166.719 452.704 166.87 452.455 166.997C451.911 167.208 450.899 166.796 451.109 167.954C451.281 168.911 452.006 168.509 452.617 168.633C453.957 168.782 455.231 169.295 456.301 170.117C456.578 170.375 456.845 170.988 457.332 170.586C457.819 170.184 457.332 169.83 457.199 169.428C457.065 169.026 456.473 168.729 456.922 168.318C457.37 167.906 457.714 168.318 458.105 168.49C460.711 169.763 463.336 171.007 465.952 172.318C466.162 172.423 466.419 172.643 466.438 172.844C466.792 175.409 469.302 176.088 470.839 177.629C471.125 177.916 471.956 178.031 472.089 177.418C472.414 175.983 473.254 176.787 473.721 177.083C474.905 177.839 475.907 178.863 477.1 179.591C482.694 182.92 487.16 187.858 489.92 193.763C490.111 194.099 490.205 194.482 490.192 194.869C490.178 195.257 490.058 195.632 489.843 195.954C488.889 197.495 489.729 198.739 491.58 198.624C492.182 198.624 492.678 198.471 492.993 199.017C493.96 200.656 494.708 202.416 495.217 204.251C494.559 203.466 494.139 203.227 493.575 203.677C493.012 204.127 493.337 204.385 493.575 204.787C493.814 205.189 493.938 205.801 494.148 206.299C494.711 207.696 495.589 209.39 494.998 210.596C494.215 212.222 494.539 213.725 494.415 215.285C494.31 216.557 494.473 217.859 494.349 219.112C494.282 219.763 493.766 220.462 494.826 220.634C495.694 220.778 495.78 219.955 495.866 219.419C496.352 218.111 496.376 216.675 495.933 215.352C495.303 213.849 496.754 212.615 496.697 211.093C496.639 209.572 495.962 207.983 495.904 205.878C497.766 209.62 498.148 213.218 499.121 216.653C499.264 217.17 499.121 217.371 498.692 217.333C497.737 217.266 497.737 217.878 497.737 218.51C497.737 219.467 497.737 220.423 497.737 221.447C497.737 222.471 497.833 223.361 499.217 222.577C499.856 222.203 499.866 222.931 499.875 222.988C500.226 224.203 500.378 225.466 500.324 226.73C499.579 230.883 500.486 235.113 499.627 239.247C499.083 241.897 499.236 244.625 498.539 247.275C497.518 251.209 496.305 255.084 495.112 258.969C495.038 259.456 494.825 259.91 494.498 260.278C494.171 260.645 493.744 260.908 493.27 261.036C493.198 259.825 493.278 258.61 493.509 257.419C493.832 256.238 493.741 254.981 493.251 253.859C493.079 253.438 492.965 252.979 492.44 253.055C491.915 253.132 492.125 253.639 492.115 253.955C492.155 255.529 492.04 257.103 491.771 258.654C491.561 259.611 491.361 261.036 491.867 261.524C493.26 262.759 491.924 263.572 491.771 264.548C491.765 264.656 491.729 264.76 491.667 264.849C491.606 264.937 491.522 265.008 491.424 265.052C491.325 265.096 491.217 265.113 491.11 265.1C491.003 265.087 490.902 265.045 490.817 264.979C488.707 263.668 486.407 262.692 484.24 261.496C480.203 259.266 476.413 256.615 472.471 254.223C468.796 251.993 464.978 249.984 461.351 247.677C458.41 245.792 455.574 243.748 452.856 241.553C451.815 240.72 449.992 240.07 450.412 238.251C450.897 236.255 450.897 234.171 450.412 232.175C450.336 231.888 450.173 231.371 450.603 231.218C450.803 231.151 451.137 231.534 451.481 231.754C451.542 230.099 451.191 228.454 450.46 226.969C448.98 223.4 449.419 219.658 449.601 215.935C449.706 213.715 450.66 211.821 451.452 209.811C452.693 206.653 455.557 205.131 457.991 203.198C460.024 201.472 462.643 200.597 465.303 200.758C469.273 200.903 473.172 201.864 476.757 203.581C480.059 205.227 482.933 207.17 484.45 210.663C484.756 211.361 484.908 212.299 485.739 212.797C486.111 213.017 486.388 213.428 486.875 213.246C487.361 213.065 487.266 212.5 487.199 212.146C486.584 209.056 484.816 206.317 482.255 204.49C480 202.704 477.456 201.318 474.733 200.395C474.287 200.299 473.89 200.047 473.613 199.684C473.337 199.321 473.199 198.87 473.225 198.414C473.158 197.017 471.364 195.878 469.407 196.088C468.309 196.213 466.372 195.706 466.543 197.935C466.543 198.72 465.952 198.605 465.493 198.576C463.91 198.416 462.311 198.596 460.803 199.106C459.295 199.616 457.913 200.444 456.75 201.533C454.936 203.227 452.588 204.289 451.157 206.462C449.248 209.409 447.548 212.414 447.463 216.031C447.259 218.582 447.31 221.146 447.615 223.687C448.19 226.106 449.036 228.453 450.135 230.682C448.398 229.242 446.359 228.214 444.169 227.677C443.303 227.441 442.38 227.519 441.565 227.897C440.75 228.275 440.094 228.929 439.712 229.744C439.017 231.304 438.88 233.057 439.325 234.707C439.77 236.356 440.77 237.801 442.155 238.797C442.324 238.959 442.531 239.075 442.758 239.134C442.984 239.193 443.222 239.193 443.448 239.133C443.674 239.074 443.881 238.957 444.049 238.794C444.217 238.631 444.341 238.428 444.408 238.204C444.67 237.465 444.784 236.681 444.742 235.897C444.742 235.572 444.589 235.122 445.105 234.988C445.62 234.854 445.907 235.151 446.193 235.515C446.899 236.471 446.508 237.333 446.193 238.261C445.821 239.467 446.938 241.917 447.978 241.792C449.018 241.668 449.4 242.251 449.887 242.749C450.126 243.027 450.212 243.4 450.689 243.323C451.987 243.122 452.789 243.878 453.81 244.519C455.185 245.4 456.378 246.51 457.771 247.333C461.122 249.323 464.615 251.113 467.794 253.323C471.612 255.993 475.764 258.166 479.678 260.692C482.064 262.233 484.584 263.563 487.046 265.027C487.371 265.218 488.268 270.376 488.001 270.587C487.637 270.809 487.261 271.01 486.875 271.19C485.92 271.783 484.737 272.013 483.687 272.501C478.99 274.682 479.993 275.18 478.914 270.213C478.637 268.931 479.057 267.343 477.644 266.386C477.358 266.194 477.444 265.429 476.766 265.84C476.575 265.946 476.431 266.12 476.362 266.327C476.293 266.535 476.305 266.76 476.394 266.96C477.148 269.008 477.196 271.19 477.644 273.285C477.874 274.367 477.644 274.635 476.633 274.864C472.986 275.649 469.388 276.615 465.732 277.352C464.225 277.683 462.676 277.774 461.141 277.62C457.542 277.142 453.915 277.084 450.317 276.395C445.21 275.438 440.141 274.357 435.121 273.056C431.688 272.31 428.326 271.273 425.07 269.955ZM497.288 237.256C497.915 234.899 498.236 232.471 498.243 230.031C498.243 229.505 498.195 229.074 497.556 228.959C496.916 228.845 496.84 229.266 496.706 229.744C496.162 231.725 496.286 233.763 496 235.773C495.876 236.462 496.487 236.787 497.288 237.256ZM460.444 234.385C461.026 234.28 460.95 233.677 460.778 233.055C460.294 231.459 459.974 229.817 459.824 228.156C459.824 227.524 459.49 226.596 458.802 226.634C457.934 226.634 458.525 227.591 458.373 228.127C458.347 228.308 458.347 228.491 458.373 228.672C458.249 230.318 458.936 231.83 459.146 233.457C459.21 233.744 459.378 233.998 459.618 234.167C459.858 234.337 460.153 234.411 460.444 234.376V234.385ZM453.571 214.481C452.98 214.356 452.846 215.045 452.808 215.304C452.497 217.386 452.621 219.511 453.171 221.543C453.209 221.693 453.302 221.823 453.431 221.908C453.559 221.993 453.715 222.026 453.867 222.002C454.306 221.926 454.173 221.534 454.173 221.275C454.173 220.318 454.173 219.361 454.173 218.404C454.173 217.447 454.173 216.49 454.173 215.533C454.205 215.423 454.215 215.307 454.202 215.193C454.189 215.078 454.153 214.968 454.097 214.867C454.041 214.766 453.966 214.678 453.876 214.607C453.786 214.536 453.682 214.483 453.571 214.452V214.481ZM455.939 232.137C455.108 232.137 455.356 233.17 455.328 233.811C455.328 234.175 455.328 234.548 455.328 235.199C454.746 236.806 456.053 238.271 456.597 239.897C456.632 240.069 456.706 240.23 456.813 240.367C456.921 240.505 457.059 240.615 457.217 240.689C457.374 240.764 457.547 240.8 457.721 240.796C457.896 240.791 458.066 240.746 458.22 240.663C458.926 240.271 458.726 239.706 458.392 239.103C457.472 237.484 456.939 235.672 456.836 233.811C456.817 233.074 456.76 232.108 455.939 232.137ZM460.425 206.509C459.747 206.088 459.604 206.921 459.308 207.313C458.296 208.663 456.836 209.773 456.807 211.658C456.807 212.27 456.702 213.103 457.447 213.179C458.191 213.256 458.22 212.443 458.335 211.868C458.547 210.806 459.068 209.83 459.833 209.065C460.129 208.768 460.568 208.548 460.568 208.108C460.568 207.667 460.702 206.682 460.425 206.509ZM461.294 215.237C459.528 215.916 458.707 219.352 460.024 221.16C460.635 219.112 461.523 217.323 461.294 215.237ZM480.279 236.146C479.974 236.031 479.324 236.012 479.248 236.146C478.655 237.476 477.956 238.756 477.158 239.974C477.158 240.692 477.387 240.979 477.749 241.103C477.917 241.187 478.111 241.203 478.289 241.145C478.468 241.088 478.617 240.963 478.704 240.797C479.555 239.652 480.174 238.352 480.527 236.969C480.556 236.692 480.441 236.213 480.279 236.146ZM480.145 224.663C479.898 224.605 479.638 224.641 479.414 224.763C479.191 224.884 479.02 225.084 478.933 225.323C478.379 227.103 477.072 228.73 477.778 231.294C479.104 229.541 480.035 227.52 480.508 225.371C480.575 225.141 480.575 224.778 480.136 224.691L480.145 224.663ZM476.862 253.543C477.948 253.034 478.887 252.257 479.592 251.285C479.677 251.177 479.739 251.053 479.772 250.919C479.806 250.785 479.81 250.646 479.784 250.511C479.759 250.375 479.705 250.247 479.625 250.135C479.546 250.022 479.443 249.928 479.324 249.859C479.103 249.799 478.867 249.821 478.66 249.921C478.453 250.021 478.289 250.193 478.198 250.405C478.047 250.706 477.825 250.965 477.55 251.158C477.275 251.352 476.957 251.475 476.623 251.515C476.351 251.583 476.106 251.734 475.922 251.946C475.738 252.158 475.623 252.422 475.592 252.701C475.735 253.438 476.222 253.859 476.862 253.543ZM473.855 220.05C471.096 222.854 470.762 225.352 472.996 226.95C472.433 224.567 474.466 222.663 473.903 220.089L473.855 220.05ZM472.901 245.706C472.901 245.342 472.595 245.017 472.328 245.208C471.373 245.869 471.45 246.883 471.44 247.888C473.091 247.821 473.044 246.807 472.986 245.744L472.901 245.706ZM471.784 241.754C472.738 241.754 472.452 240.797 472.547 240.184C472.767 238.711 473.082 237.256 473.263 235.782C473.311 235.39 473.588 234.739 472.872 234.567C472.156 234.395 472.261 235.113 472.061 235.524C471.278 236.998 471.488 238.672 471.02 239.907C471.135 240.854 470.934 241.792 471.87 241.792L471.784 241.754ZM468.72 236.969C469.674 237.046 469.607 236.089 469.512 235.476C469.331 234.309 470.295 233.247 469.789 232.117C469.579 231.639 469.474 230.768 468.634 230.94C467.975 231.074 467.937 231.754 468.042 232.29C468.233 233.352 467.603 234.28 467.641 235.419C467.593 235.603 467.586 235.795 467.621 235.982C467.655 236.169 467.731 236.346 467.843 236.5C467.954 236.654 468.099 236.781 468.265 236.872C468.432 236.963 468.616 237.016 468.806 237.027L468.72 236.969ZM466.925 224.136C467.126 224.691 467.25 225.553 467.88 225.505C468.51 225.457 468.443 224.634 468.367 224.117C468.195 223.055 468.892 222.127 468.758 221.084C468.758 220.806 468.882 220.443 468.491 220.299C468.415 220.277 468.337 220.271 468.259 220.279C468.181 220.288 468.106 220.313 468.037 220.351C467.969 220.389 467.909 220.441 467.861 220.502C467.812 220.564 467.777 220.635 467.756 220.711C467.383 221.591 466.591 222.337 466.887 223.266C466.881 223.58 466.923 223.892 467.011 224.194L466.925 224.136ZM466.486 247.725C466.447 245.992 466.085 244.281 465.417 242.682C465.381 242.534 465.289 242.406 465.161 242.324C465.033 242.242 464.879 242.213 464.73 242.242C464.434 242.242 464.358 242.443 464.272 242.692C463.995 243.869 465.293 247.074 466.572 247.783L466.486 247.725ZM464.396 237.007C464.625 237.266 464.902 237.601 465.35 237.275C465.799 236.95 465.885 236.806 465.637 236.376C465.234 235.639 465.031 234.809 465.05 233.969C465.068 233.129 465.307 232.309 465.742 231.591C465.933 231.189 465.952 230.519 465.379 230.328C464.806 230.137 464.51 230.692 464.348 231.103C463.869 232.111 463.59 233.203 463.527 234.318C463.842 235.199 463.756 236.261 464.453 237.065L464.396 237.007ZM469.436 205.859C468.939 205.026 468.071 205.648 467.527 205.983C464.73 207.62 464.167 209.495 465.341 212.682C465.44 213.026 465.455 213.389 465.385 213.74C465.316 214.092 465.163 214.421 464.94 214.701C464.148 215.974 463.031 217.275 463.728 218.988C463.984 219.019 464.244 218.959 464.46 218.817C464.677 218.675 464.837 218.461 464.911 218.213C465.53 216.922 466.231 215.672 467.011 214.471C467.45 213.6 468.29 212.892 466.811 211.945C465.713 211.246 466.811 208.27 468.577 207.524C469.674 207.17 469.894 206.548 469.522 205.916L469.436 205.859ZM471.612 211.141C471.182 210.94 470.934 211.141 470.581 211.524C469.741 212.557 469.627 213.84 469.159 214.816C469.159 215.333 469.111 215.773 469.522 215.926C470.085 216.184 470.4 215.629 470.476 215.361C470.826 214.275 471.352 213.253 472.032 212.337C472.471 211.935 472.213 211.438 471.698 211.199L471.612 211.141ZM474.094 207.457C473.139 207.514 473.32 208.337 473.292 209.055C473.158 209.62 473.55 210.175 474.094 210.06C474.638 209.945 474.8 209.103 474.8 208.509C474.8 207.916 474.724 207.476 474.17 207.505L474.094 207.457ZM478.866 210.864C478.618 210.108 478.045 210.567 477.673 210.682C476.203 211.122 475.058 211.916 474.81 213.227C474.81 214.012 474.657 214.624 475.239 214.835C475.821 215.045 476.06 214.414 476.356 214.088C476.957 213.438 477.043 212.376 478.379 212.366C479.134 212.414 479.124 211.524 478.933 210.921L478.866 210.864ZM480.852 215.859C479.897 216.213 479.897 217.639 479.143 218.529C478.841 218.833 478.641 219.224 478.571 219.648C478.501 220.071 478.564 220.506 478.752 220.892C478.799 220.978 478.868 221.05 478.952 221.1C479.036 221.15 479.131 221.176 479.229 221.176C479.327 221.176 479.422 221.15 479.506 221.1C479.59 221.05 479.659 220.978 479.706 220.892C480.866 219.697 481.658 218.192 481.988 216.557C482.093 216.155 481.911 215.801 480.918 215.916L480.852 215.859ZM475.716 182.873C475.504 182.813 475.278 182.83 475.076 182.919C474.874 183.008 474.709 183.164 474.609 183.361C474.545 183.469 474.506 183.589 474.494 183.713C474.482 183.838 474.498 183.964 474.54 184.081C474.582 184.199 474.649 184.306 474.737 184.395C474.825 184.484 474.931 184.552 475.048 184.595C476.107 185.054 476.972 185.87 477.492 186.902C477.635 187.179 478.103 187.476 477.721 187.859C477.597 187.957 477.444 188.011 477.287 188.011C477.129 188.011 476.976 187.957 476.852 187.859C476.184 187.428 475.592 187.571 475.315 188.251C475.039 188.93 475.63 189.409 476.165 189.705C478.074 190.796 479.764 189.801 479.773 187.619C479.773 186.385 476.957 183.093 475.716 182.873ZM492.277 249.084C492.974 249.524 493.232 248.998 493.518 248.5C494.473 246.807 494.644 244.912 495.189 243.515C495.189 242.433 495.294 241.601 494.329 241.601C493.365 241.601 493.843 242.481 493.671 242.969C493.117 244.539 492.64 246.137 492.029 247.687C491.8 248.261 491.695 248.72 492.277 249.084ZM492.01 231.955C492.716 231.955 492.802 231.438 492.965 230.854C493.275 229.38 493.393 227.871 493.318 226.366C493.318 225.802 493.318 225.151 492.592 225.122C491.867 225.093 492.048 225.916 491.972 226.251C491.638 227.706 491.972 229.256 491.361 230.548C491.58 231.151 491.094 231.926 492.01 231.955ZM489.586 212.911C490.168 213.629 489.69 215.4 491.218 215.036C492.525 214.73 491.447 213.581 491.466 212.797C491.412 211.781 491.269 210.772 491.036 209.782C491.035 209.706 491.017 209.631 490.984 209.563C490.95 209.495 490.902 209.435 490.843 209.387C490.784 209.339 490.715 209.306 490.641 209.288C490.567 209.27 490.49 209.269 490.416 209.285C490.295 209.282 490.178 209.326 490.089 209.408C490 209.49 489.946 209.604 489.939 209.725C489.805 210.548 489.662 211.371 489.566 211.955C489.471 212.538 489.471 212.758 489.595 212.911H489.586ZM488.106 236.644C488.726 235.61 488.249 234.5 488.45 233.448C488.249 232.491 488.736 231.4 488.144 230.433C487.991 230.184 487.972 229.792 487.562 229.878C487.352 229.878 487.027 230.165 487.027 230.309C487.027 232.433 486.579 234.548 486.884 236.672C486.932 237.007 486.884 237.428 487.409 237.476C487.934 237.524 487.915 236.969 488.106 236.644ZM486.197 255.974C486.23 256.128 486.317 256.264 486.441 256.361C486.564 256.457 486.718 256.506 486.875 256.5C487.428 256.433 487.323 255.898 487.228 255.639C486.588 253.984 487.027 252.28 486.875 250.615C486.827 250.098 487.247 249.285 486.187 249.256C484.966 249.256 485.491 250.146 485.395 250.701C485.359 251.211 485.359 251.723 485.395 252.232C485.032 253.438 485.834 254.644 486.235 255.974H486.197ZM484.622 228.586C484.746 227.725 484.507 226.739 483.667 226.672C483.085 226.672 482.713 227.629 482.713 228.443C482.825 229.528 482.718 230.625 482.398 231.668C482.319 231.929 482.345 232.211 482.469 232.454C482.594 232.697 482.808 232.881 483.066 232.969C483.338 232.988 483.606 232.897 483.812 232.718C484.018 232.538 484.144 232.285 484.164 232.012C484.164 230.959 484.899 230.041 484.603 229.141C484.612 228.955 484.631 228.77 484.66 228.586H484.622ZM485.634 241.601C484.679 241.601 484.679 242.51 484.632 243.218C484.471 244.463 484.123 245.676 483.601 246.816C483.4 247.429 483.353 248.127 484.04 248.405C484.727 248.682 485.061 248.012 485.29 247.572C485.9 246.289 486.315 244.921 486.521 243.515C486.493 242.596 486.77 241.61 485.682 241.601H485.634ZM487.361 218.816C487.075 220.098 486.827 221.39 486.56 222.644C486.493 223.103 486.779 223.457 486.913 223.849C487.046 224.242 486.961 224.596 487.505 224.605C488.049 224.615 487.982 224.213 488.087 223.868C488.555 222.328 488.497 220.672 489.156 219.16C489.376 218.653 489.032 218.203 488.459 218.06C488.337 218.024 488.208 218.016 488.082 218.036C487.956 218.056 487.836 218.104 487.731 218.176C487.626 218.249 487.538 218.344 487.474 218.454C487.411 218.565 487.372 218.688 487.361 218.816ZM486.302 201.055C487.601 202.895 488.57 204.948 489.166 207.122C489.213 207.332 489.452 207.505 489.662 207.763C490.349 207.227 490.845 206.615 490.616 205.926C490.115 203.896 489.159 202.008 487.82 200.404C487.693 200.225 487.501 200.102 487.286 200.061C487.071 200.02 486.848 200.064 486.665 200.184C486.407 200.404 486.016 200.663 486.302 201.055ZM487.094 194.691C487.944 194.691 487.591 193.734 487.696 193.131C487.6 190.911 485.968 189.304 484.832 187.571C484.517 187.093 484.145 187.466 484.03 187.801C483.958 188.06 483.949 188.333 484.003 188.596C484.058 188.859 484.175 189.105 484.345 189.313C485.128 190.567 486.187 191.744 486.187 193.332C486.149 194.079 486.512 194.758 487.094 194.729V194.691ZM485.605 197.782C485.834 195.868 483.228 191.447 481.787 190.969C481.443 190.854 481.062 190.777 480.833 191.246C480.603 191.715 480.212 192.107 480.775 192.519C482.703 193.916 483.61 196.107 485.605 197.82V197.782ZM473.101 192.71C474.59 193.772 475.783 195.141 477.711 195.667C479.181 196.069 479.945 197.466 480.518 198.816C480.718 199.294 480.871 199.773 481.472 199.572C481.59 199.529 481.696 199.461 481.786 199.373C481.875 199.285 481.945 199.18 481.99 199.063C482.035 198.946 482.055 198.821 482.048 198.696C482.041 198.57 482.007 198.448 481.949 198.337C481.148 196.93 480.775 195.189 478.895 194.509C477.014 193.83 475.545 192.481 473.97 191.294C473.473 190.961 472.956 190.657 472.423 190.385C472.301 190.582 472.221 190.802 472.189 191.032C472.157 191.261 472.174 191.495 472.238 191.718C472.302 191.941 472.411 192.148 472.56 192.325C472.709 192.503 472.893 192.647 473.101 192.749V192.71ZM473.836 271.898C474.005 271.913 474.175 271.895 474.336 271.843C474.497 271.792 474.646 271.708 474.775 271.597C474.903 271.486 475.008 271.351 475.083 271.199C475.157 271.046 475.201 270.881 475.21 270.711C475.306 269.199 475.21 267.687 475.21 266.175C475.213 265.992 475.15 265.814 475.032 265.673C474.915 265.533 474.751 265.439 474.571 265.41C474.141 265.323 473.941 265.687 473.75 266.003C472.796 267.477 473.884 269.247 472.996 270.558C472.977 271.362 473.139 271.869 473.836 271.936V271.898ZM466.668 271.209C466.82 271.792 467.383 271.572 467.775 271.553C469.254 271.477 471.469 269.209 471.507 267.725C471.507 267.218 471.507 266.654 470.81 266.491C470.113 266.328 469.77 266.663 469.627 267.314C469.321 268.663 467.947 269.113 467.097 270.003C466.909 270.143 466.767 270.337 466.691 270.558C466.614 270.78 466.606 271.02 466.668 271.247V271.209ZM434.596 222.165C433.775 219.534 434.281 216.864 434.252 214.213C434.252 213.792 434.252 213.361 434.252 212.94C434.252 212.519 434.109 211.897 433.527 211.878C432.944 211.859 432.753 212.366 432.753 212.902V217.017C432.633 218.78 432.759 220.551 433.126 222.28C433.288 222.816 433.536 223.17 434.08 223.132C434.624 223.093 434.701 222.538 434.596 222.203V222.165ZM446.403 183.973C445.258 185.249 444.093 186.509 442.91 187.753C442.744 187.885 442.627 188.069 442.577 188.275C442.527 188.481 442.546 188.698 442.633 188.892C442.728 189.074 442.948 189.198 443.119 189.361C443.7 189.121 444.243 188.799 444.733 188.404C445.687 187.323 446.642 186.241 447.596 185.217C447.94 184.873 448.551 184.26 447.883 183.638C447.214 183.016 446.852 183.524 446.403 184.012V183.973ZM447.358 180.146C447.212 179.979 447.014 179.868 446.797 179.831C446.579 179.795 446.356 179.835 446.164 179.945C445.164 180.478 444.207 181.089 443.301 181.772C443.1 181.925 442.747 182.299 443.015 182.729C443.132 182.914 443.303 183.059 443.503 183.146C443.704 183.233 443.926 183.258 444.141 183.217C445.573 182.988 446.317 181.782 447.358 181.007C447.51 180.911 447.482 180.366 447.338 180.155L447.358 180.146ZM445.363 195.045C444.75 195.173 444.19 195.483 443.758 195.936C443.325 196.389 443.039 196.962 442.938 197.581C442.934 197.759 442.97 197.936 443.043 198.098C443.33 198.586 443.998 198.883 444.255 198.481C444.952 197.39 446.813 197.524 447.004 196.146C447.119 195.15 445.869 195.476 445.363 195.045ZM444.99 192.461C445.63 192.184 446.145 191.868 445.849 191.131C445.487 190.174 444.704 190.863 444.294 190.997C441.77 191.97 439.547 193.594 437.851 195.706C437.652 195.884 437.523 196.126 437.484 196.39C437.446 196.654 437.501 196.923 437.641 197.151C437.684 197.246 437.754 197.328 437.842 197.385C437.93 197.443 438.032 197.474 438.137 197.476C438.785 197.217 439.368 196.818 439.846 196.308C441.231 194.637 442.986 193.313 444.971 192.442L444.99 192.461ZM378.966 228.577C379.195 228.95 379.339 229.314 379.692 229.39C380.465 229.486 380.646 229.007 380.465 228.625C379.701 227.036 379.348 225.199 377.773 224.089C377.468 223.869 377.019 223.39 376.532 223.955C376.045 224.519 376.532 224.912 376.78 225.055C377.993 225.936 378.222 227.409 378.947 228.586L378.966 228.577ZM378.279 233.428C379.043 235.027 379.654 236.749 381.343 237.716C381.492 237.782 381.649 237.827 381.811 237.85C382.431 237.763 382.422 237.495 382.173 237.094C381.333 235.716 380.532 234.318 379.682 232.95C379.463 232.586 379.014 232.72 378.661 232.749C378.578 232.743 378.495 232.761 378.422 232.799C378.348 232.837 378.287 232.896 378.244 232.967C378.202 233.038 378.18 233.12 378.181 233.203C378.182 233.286 378.206 233.368 378.25 233.438L378.279 233.428ZM377.239 220.864C377.554 221.495 378.25 221.725 378.899 222.041C379.568 221.983 379.491 221.419 379.253 221.151C377.802 219.514 377.515 217.4 376.742 215.486C376.647 215.195 376.454 214.946 376.197 214.782C375.939 214.618 375.633 214.549 375.33 214.586C374.69 214.73 374.719 215.543 374.938 215.993C375.625 217.648 376.408 219.237 377.21 220.873L377.239 220.864ZM376.38 206.605C377.095 208.825 377.334 211.285 379.854 212.998C379.52 210.299 378.289 208.213 377.63 205.945C377.603 205.871 377.559 205.805 377.503 205.751C377.446 205.696 377.378 205.656 377.304 205.632C377.229 205.608 377.15 205.601 377.073 205.612C376.995 205.623 376.922 205.652 376.857 205.696C376.504 205.916 376.227 206.232 376.351 206.615L376.38 206.605ZM378.594 201.82C378.785 202.337 378.718 203.036 379.444 202.969C380.169 202.902 380.179 202.251 380.064 201.399C379.339 199.753 380.226 198.05 380.77 196.289C380.913 195.82 381.209 195.189 380.331 194.997C380.197 194.964 380.057 194.96 379.92 194.986C379.784 195.012 379.655 195.067 379.543 195.148C379.43 195.229 379.336 195.334 379.268 195.455C379.2 195.576 379.159 195.71 379.148 195.849C378.718 197.782 377.811 199.696 378.546 201.792L378.594 201.82ZM379.883 216.175C379.75 216.862 379.767 217.57 379.932 218.25C380.097 218.93 380.405 219.567 380.837 220.117C380.98 220.328 381.181 220.663 381.553 220.49C381.699 220.434 381.82 220.326 381.892 220.187C381.964 220.048 381.983 219.887 381.944 219.734C381.543 218.414 381.505 216.95 379.844 216.108L379.883 216.175ZM381.524 207.61L383.166 211.553C383.309 211.897 383.519 212.242 383.949 212.184C384.378 212.127 384.321 211.696 384.245 211.466C383.615 209.332 383.357 207.036 381.496 205.332C380.78 206.165 381.2 206.844 381.496 207.543L381.524 207.61ZM384.245 216.529C384.107 216.697 383.982 216.877 383.872 217.065C384.338 217.73 384.756 218.427 385.123 219.151C385.753 220.644 386.936 221.84 387.395 223.438C387.547 223.964 388.158 224.634 388.826 224.29C389.495 223.945 388.76 223.333 388.588 222.959C387.881 221.304 387.041 219.715 386.297 218.079C385.988 217.481 385.559 216.953 385.037 216.529C384.995 216.459 384.936 216.401 384.867 216.358C384.798 216.316 384.72 216.29 384.639 216.284C384.558 216.277 384.477 216.29 384.401 216.321C384.326 216.352 384.26 216.4 384.207 216.462L384.245 216.529ZM390.659 226.098C390.636 226.526 390.718 226.953 390.898 227.342C391.944 229.054 393.194 230.631 394.62 232.041C394.964 232.385 395.403 232.596 395.766 232.242C396.129 231.888 395.642 231.62 395.432 231.361C394.191 229.814 393.178 228.097 392.425 226.261C392.331 225.97 392.158 225.711 391.925 225.513C391.692 225.316 391.409 225.187 391.108 225.141C390.382 225.055 390.735 225.735 390.621 226.069L390.659 226.098ZM393.38 236.376C392.616 235.936 392.253 236.682 391.671 237.065C391.9 237.361 392.005 237.601 392.196 237.716C393.524 238.451 394.78 239.309 395.947 240.28C396.224 240.539 396.482 240.443 396.749 240.213C397.016 239.983 396.825 239.668 396.692 239.448C395.859 238.146 394.709 237.079 393.351 236.347L393.38 236.376ZM386.383 239.055C386.144 238.797 385.887 238.481 385.428 238.787C385.241 238.894 385.102 239.068 385.036 239.273C384.971 239.479 384.985 239.702 385.075 239.897C385.161 240.258 385.342 240.589 385.6 240.854C387.853 242.376 389.418 244.682 391.833 246.031L392.234 245.658C390.268 243.432 388.305 241.221 386.345 239.027L386.383 239.055ZM386.86 232.117C387.496 232.869 388.192 233.566 388.941 234.204C389.275 234.548 389.695 234.778 390.077 234.471C390.459 234.165 390.316 233.687 389.953 233.381C388.349 232.003 387.576 230.06 386.354 228.424C386.039 227.993 385.677 227.467 384.989 227.668C384.684 227.735 384.655 227.974 384.665 228.385C385.304 229.524 385.972 230.864 386.831 232.089L386.86 232.117ZM386.163 208.538C386.001 210.127 386.698 211.409 387.118 212.663C387.328 213.246 387.662 213.935 388.416 213.62C389.017 213.361 388.712 212.73 388.559 212.194C388.206 210.998 387.891 209.782 387.605 208.557C387.452 207.811 387.605 206.691 386.536 206.835C385.467 206.978 386.326 208.031 386.135 208.509L386.163 208.538ZM389.027 218.031C390.401 218.739 390.764 220.309 392.225 221.457C391.967 219.438 391.585 217.868 389.972 216.873C389.571 216.634 389.113 216.423 388.846 216.873C388.664 217.179 388.54 217.754 389.046 218.002L389.027 218.031ZM391.595 212.079C391.747 212.787 391.184 214.567 392.692 214.222C394.048 213.916 392.94 212.414 392.778 211.715C392.349 209.887 392.511 207.734 390.315 206.031C390.201 208.404 391.184 210.184 391.585 212.05L391.595 212.079ZM393.332 218.414C393.226 218.462 393.132 218.532 393.055 218.619C392.978 218.706 392.92 218.808 392.884 218.919C392.848 219.029 392.835 219.146 392.847 219.262C392.858 219.377 392.893 219.49 392.95 219.591C393.418 220.682 397.446 225.333 398.486 225.83C397.293 222.577 395.804 220.194 393.322 218.385L393.332 218.414ZM396.31 216.787C397.427 218.356 397.503 220.529 399.469 221.677C399.289 219.769 398.657 217.932 397.627 216.318C397.607 216.218 397.566 216.124 397.507 216.042C397.448 215.959 397.371 215.891 397.283 215.84C397.195 215.79 397.097 215.76 396.996 215.751C396.895 215.742 396.793 215.755 396.698 215.789C396.602 215.823 396.515 215.877 396.442 215.948C396.37 216.019 396.313 216.104 396.276 216.199C396.239 216.294 396.223 216.395 396.229 216.497C396.235 216.598 396.262 216.697 396.31 216.787ZM397.083 187.237C398.038 187.371 397.618 186.519 397.828 186.107C398.419 184.988 399.04 183.887 399.679 182.806C400.013 182.241 400.328 181.648 399.593 181.236C398.858 180.825 398.725 181.533 398.448 181.983C397.665 183.237 396.835 184.461 396.024 185.696C396.253 186.423 396.243 187.103 397.074 187.208L397.083 187.237ZM395.174 196.088C395.069 196.883 395.269 197.045 395.67 197.265C396.272 197.562 396.386 197.198 396.625 196.825C397.579 195.332 398.104 193.562 399.488 192.299C399.823 191.993 399.67 191.495 399.278 191.179C399.204 191.097 399.114 191.031 399.012 190.986C398.911 190.941 398.802 190.918 398.691 190.918C398.581 190.918 398.471 190.941 398.37 190.986C398.269 191.031 398.179 191.097 398.104 191.179C396.9 192.652 395.922 194.297 395.203 196.06L395.174 196.088ZM399.126 197.84C398.699 199.094 398.112 200.287 397.379 201.39C397.198 201.648 396.978 201.849 397.007 202.127C396.999 202.324 397.058 202.518 397.174 202.678C397.29 202.838 397.457 202.953 397.646 203.007C397.816 203.074 398.004 203.08 398.178 203.024C398.352 202.969 398.501 202.854 398.601 202.701C399.383 201.246 400.558 199.964 400.701 198.222C400.748 197.639 400.701 197.074 400.042 196.873C399.212 196.557 399.317 197.361 399.154 197.811L399.126 197.84ZM398.572 207.036C398.209 206.318 397.828 206.242 397.341 206.414C396.606 206.672 397.236 207.122 397.341 207.371C398.429 209.553 398.639 212.088 400.204 214.069C400.405 214.328 400.328 214.902 400.815 214.72C401.493 214.72 401.273 214.433 401.149 214.165C400.128 211.868 399.765 209.313 398.591 207.007L398.572 207.036ZM400.93 218.184C400.811 218.222 400.703 218.287 400.613 218.373C400.523 218.46 400.453 218.565 400.41 218.682C400.367 218.799 400.351 218.925 400.363 219.049C400.376 219.173 400.416 219.293 400.481 219.4C401.833 221.802 403.477 224.027 405.378 226.022C405.661 226.244 405.985 226.407 406.332 226.5C406.848 226.548 407.134 226.414 407.287 226.127C407.44 225.84 407.115 225.591 406.905 225.419C404.671 223.61 403.688 220.931 402.018 218.72C401.741 218.28 401.55 217.878 400.958 218.156L400.93 218.184ZM401.273 226.117L407.716 232.022C407.936 232.223 408.194 232.538 408.49 232.261C408.615 232.134 408.686 231.962 408.686 231.782C408.686 231.603 408.615 231.431 408.49 231.304C407.716 230.347 406.771 229.591 405.979 228.644C404.825 227.456 403.591 226.35 402.285 225.333C402.117 225.202 401.917 225.118 401.706 225.087C401.496 225.057 401.281 225.082 401.082 225.16C400.977 225.16 400.901 225.409 400.806 225.562C400.977 225.725 401.121 225.936 401.302 226.089L401.273 226.117ZM401.121 232.184C401.121 232.615 401.121 232.682 401.121 232.739C401.216 233.304 404.939 236.778 405.54 236.778C405.783 236.804 406.027 236.75 406.237 236.625C406.428 236.452 406.237 236.204 406.113 236.003C405.158 234.797 404.204 233.553 403.125 232.395C402.96 232.141 402.717 231.948 402.433 231.844C402.149 231.74 401.839 231.732 401.55 231.821C401.4 231.911 401.265 232.024 401.149 232.156L401.121 232.184ZM407.506 218.462C406.686 216.289 406.552 213.907 405.397 211.83C405.216 211.505 404.843 210.988 404.385 211.218C404.07 211.371 403.956 211.907 403.803 212.175C404.519 214.385 404.862 216.596 406.065 218.51C406.2 218.712 406.388 218.873 406.609 218.975C406.83 219.076 407.074 219.114 407.315 219.084C407.43 219.045 407.592 218.605 407.525 218.433L407.506 218.462ZM403.307 208.108C403.812 208.404 404.261 207.954 404.566 207.591C404.872 207.227 405.206 207.055 405.273 206.567C405.502 204.921 405.798 203.285 405.998 201.639C405.998 201.246 406.285 200.615 405.445 200.49C404.49 200.624 404.242 201.447 404.185 202.203C404.07 203.753 404.061 205.275 403.097 206.653C402.95 206.88 402.896 207.154 402.946 207.419C402.996 207.685 403.145 207.921 403.364 208.079L403.307 208.108ZM404.089 196.548C404.471 196.835 404.633 196.481 404.843 196.308C406.514 194.883 406.962 192.854 407.506 190.902C407.688 190.27 407.125 189.849 406.628 189.667C406.456 189.6 405.779 190.136 405.76 190.414C405.6 192.101 404.964 193.707 403.927 195.045C403.846 195.189 403.797 195.349 403.784 195.514C403.784 196.021 403.831 196.27 404.108 196.519L404.089 196.548ZM407.268 183.342C409.244 182.634 410.475 181.007 411.945 179.686C412.241 179.418 412.088 178.892 411.429 178.835C410.475 178.748 406.476 181.705 406.409 182.662C406.504 183.093 406.571 183.571 407.296 183.313L407.268 183.342ZM408.327 199.342C408.399 199.366 408.474 199.375 408.549 199.369C408.624 199.363 408.697 199.342 408.764 199.307C408.83 199.272 408.89 199.224 408.938 199.166C408.986 199.108 409.021 199.041 409.043 198.969C409.73 197.055 411.105 195.485 411.974 193.658C412.098 193.39 412.088 193.074 411.659 192.701C409.893 194.318 408.232 195.973 407.917 198.509C407.907 198.787 407.802 199.246 408.356 199.323L408.327 199.342ZM411.668 217.227C411.324 216.06 410.227 214.969 411.582 213.667C411.935 213.333 411.773 212.356 411.649 211.754C411.294 210.36 411.036 208.944 410.876 207.514C410.886 207.27 410.815 207.029 410.676 206.829C410.536 206.628 410.335 206.479 410.103 206.404C409.769 206.318 409.473 206.404 409.454 206.825C409.339 208.663 409.778 210.567 408.566 212.079C409.415 214.825 409.864 217.486 411.62 219.639C411.811 219.868 411.993 220.337 412.47 220.041C412.947 219.744 412.47 219.514 412.47 219.246C412.47 218.452 411.869 217.916 411.668 217.227ZM412.374 225.17C411.735 225.476 412.565 226.491 412.814 227.16C413.062 227.83 413.253 228.261 413.472 228.806C413.606 229.141 413.73 229.505 414.245 229.4C414.379 229.383 414.508 229.339 414.623 229.269C414.739 229.199 414.838 229.105 414.915 228.994C414.991 228.883 415.044 228.756 415.068 228.623C415.093 228.491 415.089 228.354 415.057 228.223C414.892 227.654 414.651 227.11 414.341 226.605C413.863 225.83 413.348 224.711 412.374 225.17ZM416.002 204.222C416.326 203.265 416.068 202.557 415.295 202.366C414.341 202.146 414.408 203.036 414.293 203.725C414.121 204.768 413.806 205.792 413.577 206.672C413.739 207.045 413.911 207.265 413.911 207.486C413.911 208.232 414.169 209.055 414.866 209.017C415.82 208.959 415.448 207.964 415.419 207.39C415.399 206.305 415.597 205.228 416.002 204.222ZM413.482 195.61C413.6 195.685 413.733 195.736 413.872 195.758C414.011 195.781 414.153 195.775 414.289 195.741C414.426 195.707 414.554 195.646 414.666 195.561C414.779 195.476 414.872 195.369 414.942 195.246C415.811 193.82 416.307 192.27 417.806 191.112C418.455 190.615 418.55 188.758 419.056 187.562C419.371 186.806 418.751 186.978 418.321 186.902C418.178 186.902 417.872 186.902 417.844 187.026C417.319 188.624 415.257 189.217 415.057 191.026C415.068 191.593 414.935 192.154 414.671 192.656C414.408 193.158 414.021 193.585 413.549 193.897C413.409 193.987 413.293 194.109 413.21 194.253C413.128 194.398 413.081 194.56 413.074 194.726C413.068 194.893 413.102 195.058 413.172 195.209C413.243 195.359 413.349 195.49 413.482 195.591V195.61ZM416.212 216.366C416.18 216.572 416.18 216.782 416.212 216.988C416.134 217.808 416.229 218.636 416.491 219.417C416.752 220.199 417.174 220.916 417.729 221.524C418.063 221.907 418.512 222.309 418.989 221.955C419.467 221.601 419.19 221.093 418.789 220.739C417.739 219.782 417.691 218.529 417.71 217.256C417.71 217.017 417.71 216.778 417.71 216.529C417.71 215.706 417.577 214.49 416.756 214.49C415.591 214.519 416.46 215.754 416.212 216.366ZM430.615 195.112C430.959 195.801 431.493 195.706 432.181 195.371C433.729 194.493 435.117 193.357 436.285 192.012C436.374 191.947 436.446 191.862 436.496 191.764C436.546 191.666 436.572 191.557 436.572 191.447C436.572 191.337 436.546 191.229 436.496 191.13C436.446 191.032 436.374 190.947 436.285 190.883C434.624 189.926 435.779 189.342 436.438 188.576C437.158 187.913 437.976 187.364 438.862 186.949C439.145 186.761 439.362 186.49 439.483 186.173C439.605 185.855 439.624 185.508 439.54 185.179C439.54 184.825 439.359 184.605 438.71 184.729C437.846 185.117 437.05 185.64 436.352 186.28C435.541 187.237 434.538 188.021 433.737 188.988C433.173 189.677 432.61 190.299 433.288 191.15C433.765 191.753 433.288 192.002 432.944 192.356C432.407 192.86 431.774 193.251 431.083 193.505C430.934 193.569 430.801 193.666 430.694 193.788C430.586 193.911 430.508 194.055 430.463 194.212C430.418 194.368 430.409 194.533 430.435 194.694C430.461 194.854 430.523 195.007 430.615 195.141V195.112ZM431.064 203.265C431.799 203.486 431.942 202.758 432.162 202.308C432.593 201.304 433.246 200.411 434.071 199.696C434.596 199.265 434.901 198.739 434.309 198.146C433.717 197.552 433.154 198.146 432.868 198.404C431.789 199.361 430.443 200.184 430.482 202.079C430.463 202.452 430.434 203.112 431.045 203.294L431.064 203.265ZM430.844 191.131C431.045 190.538 430.844 190.031 429.68 190.174C428.602 190.763 427.729 191.668 427.179 192.768C426.902 193.438 427.647 193.993 428.305 193.725C428.883 193.502 429.407 193.159 429.843 192.718C430.278 192.278 430.617 191.75 430.835 191.17L430.844 191.131ZM429.107 186.213C429.441 185.705 429.594 185.093 429.107 184.739C428.62 184.385 428.219 184.873 427.828 185.198C426.358 186.442 425.308 188.069 423.561 189.074C423.208 189.265 423.113 189.897 422.922 190.289C423.17 191.016 423.485 191.581 424.239 190.94C426.089 189.623 427.739 188.044 429.136 186.251L429.107 186.213ZM422.989 211.888C423.035 211.587 423.004 211.28 422.899 210.996C422.794 210.711 422.618 210.458 422.387 210.261C422.139 210.069 422.206 209.447 421.652 209.687C421.565 209.713 421.483 209.758 421.414 209.817C421.344 209.877 421.288 209.951 421.249 210.034C421.209 210.117 421.187 210.207 421.184 210.299C421.182 210.39 421.198 210.482 421.232 210.567C421.449 212.525 421.662 214.484 421.872 216.443C421.939 217.055 422.521 217.304 422.826 217.715C422.939 217.869 423.104 217.977 423.29 218.019C423.475 218.061 423.67 218.035 423.838 217.945C424.182 217.725 424.105 217.333 423.915 216.988C423.168 215.411 422.845 213.666 422.979 211.926L422.989 211.888ZM424.363 229.648C423.294 228.452 423.046 226.854 422.139 225.581C422.043 225.385 421.883 225.227 421.685 225.135C421.487 225.043 421.263 225.021 421.051 225.074C420.45 225.256 420.803 225.792 420.602 226.443C421.452 227.648 422.387 229.017 423.38 230.347C423.504 230.425 423.644 230.473 423.79 230.488C423.936 230.503 424.083 230.484 424.22 230.433C424.286 230.396 424.344 230.345 424.388 230.283C424.433 230.221 424.463 230.15 424.476 230.075C424.49 230 424.487 229.923 424.467 229.849C424.448 229.775 424.412 229.707 424.363 229.648ZM422.893 195.533C423.275 194.997 424.344 194.289 423.17 193.619C422.368 193.179 421.719 193.782 421.261 194.528C420.306 196.222 418.817 197.648 418.273 199.6C418.145 199.948 418.068 200.312 418.044 200.682C418.026 201.091 418.143 201.495 418.378 201.83C418.502 202.069 418.378 202.509 418.741 202.557C419.104 202.605 419.371 202.012 419.381 201.83C419.457 199.141 421.5 197.514 422.912 195.533H422.893ZM417.013 177.476C417.328 178.375 417.968 177.992 418.512 177.715C419.842 176.912 421.283 176.309 422.788 175.925C422.905 175.905 423.016 175.861 423.115 175.797C423.214 175.732 423.299 175.648 423.365 175.55C423.431 175.451 423.476 175.341 423.499 175.225C423.521 175.108 423.519 174.989 423.495 174.873C423.409 174.413 422.855 174.385 422.091 174.452C420.539 174.802 419.022 175.292 417.557 175.916C417.282 176.054 417.072 176.295 416.974 176.587C416.876 176.879 416.897 177.199 417.033 177.476H417.013ZM419.19 182.701C418.617 183.055 418.741 183.658 418.942 184.203C418.958 184.28 418.995 184.35 419.049 184.408C419.102 184.465 419.17 184.507 419.245 184.53C419.319 184.552 419.399 184.554 419.475 184.535C419.551 184.517 419.62 184.478 419.677 184.423C421.5 182.988 423.915 182.969 425.91 181.945C426.186 181.811 426.969 181.811 426.578 181.15C426.461 180.902 426.28 180.69 426.053 180.537C425.826 180.384 425.562 180.295 425.289 180.28C423.476 181.351 421.127 181.504 419.209 182.71L419.19 182.701ZM426.94 183.849C427.618 184.538 427.895 183.629 428.286 183.351C429.355 182.681 430.195 181.61 431.522 181.351C431.789 181.303 432.219 181.036 432.219 180.863C432.219 179.198 433.383 179.141 434.624 178.949C435.207 178.844 436.304 178.758 436.066 177.696C435.865 176.815 435.006 177.045 434.157 177.007C433.278 177.16 432.047 177.093 431.99 178.672C431.99 179.351 431.408 179.409 430.863 179.629C429.471 180.266 428.214 181.166 427.16 182.28C426.654 182.748 426.482 183.37 426.959 183.83L426.94 183.849ZM435.197 183.198C435.27 183.35 435.378 183.482 435.511 183.585C435.645 183.687 435.8 183.757 435.965 183.788C436.13 183.82 436.3 183.813 436.462 183.767C436.623 183.721 436.772 183.637 436.896 183.524C438.519 182.375 440.265 181.351 441.115 179.38C441.497 178.49 441.115 178.346 440.666 178.088C439.912 178.088 439.769 178.576 439.435 178.911C438.481 179.868 437.86 181.198 436.218 181.466C436.033 181.503 435.857 181.578 435.703 181.688C435.549 181.798 435.42 181.94 435.325 182.104C435.23 182.268 435.171 182.451 435.153 182.639C435.134 182.828 435.155 183.019 435.216 183.198H435.197ZM437.602 231.802C437.12 230.629 437.096 229.317 437.536 228.127C437.707 227.725 437.364 227.428 437.001 227.294C436.638 227.16 436.295 227.361 436.047 227.792C435.56 228.558 435.951 229.342 435.817 229.706C435.732 230.495 435.732 231.29 435.817 232.079C435.942 232.558 436.39 233.141 437.02 233.036C437.142 232.996 437.254 232.932 437.35 232.848C437.447 232.764 437.525 232.662 437.581 232.546C437.637 232.431 437.67 232.306 437.677 232.178C437.684 232.05 437.665 231.922 437.621 231.802H437.602ZM436.886 205.763C436.946 205.523 436.916 205.27 436.804 205.05C436.692 204.831 436.504 204.659 436.276 204.567C435.77 204.395 435.445 204.864 435.254 205.189C434.736 206.053 434.283 206.955 433.899 207.887C433.798 208.116 433.79 208.376 433.878 208.61C433.965 208.844 434.141 209.035 434.367 209.141C434.566 209.218 434.785 209.226 434.989 209.164C435.193 209.101 435.371 208.972 435.493 208.797C436.208 207.919 436.694 206.876 436.906 205.763H436.886ZM429.069 233.515C430.634 235.017 431.646 237.055 433.651 238.405C433.842 237.591 433.975 237.218 433.374 236.634C432.257 235.565 431.395 234.256 430.854 232.806C430.822 232.656 430.757 232.514 430.665 232.391C430.572 232.268 430.455 232.167 430.319 232.094C430.184 232.021 430.035 231.979 429.881 231.97C429.728 231.96 429.575 231.985 429.432 232.041C428.592 232.299 428.84 233.294 429.136 233.534L429.069 233.515ZM430.911 227.639C429.298 225.342 428.897 222.452 427.093 219.84C426.473 222.749 428.449 226.711 430.93 227.658L430.911 227.639ZM426.578 212.73H427.055C427.79 210.519 427.494 208.251 427.313 206.031C427.265 205.759 427.127 205.511 426.921 205.329C426.714 205.146 426.452 205.039 426.177 205.026C425.805 205.026 425.556 205.39 425.604 205.782C425.938 208.108 426.272 210.433 426.597 212.758L426.578 212.73ZM425.566 201.811C426.291 201.868 426.225 201.131 426.425 200.634C426.667 199.639 427.164 198.726 427.866 197.983C427.993 197.895 428.097 197.779 428.172 197.644C428.247 197.509 428.29 197.359 428.299 197.205C428.307 197.051 428.28 196.897 428.22 196.755C428.16 196.613 428.068 196.486 427.952 196.385C427.341 195.839 426.788 196.452 426.463 196.863C425.681 197.769 425.125 198.848 424.84 200.012C424.86 201.055 424.755 201.773 425.575 201.84L425.566 201.811ZM418.254 245.543C418.522 245.716 418.951 246.041 419.037 245.878C419.896 244.232 421.07 245.687 422.063 245.562C422.511 245.505 423.017 245.515 423.199 245.074C423.934 243.505 425.06 242.079 425.012 240.223C425.117 236.481 422.149 232.768 418.693 232.328C416.861 232.098 415.19 232.328 413.921 233.782C413.145 234.548 412.641 235.547 412.484 236.627C412.327 237.706 412.527 238.808 413.052 239.763C414.234 242.139 416.039 244.147 418.273 245.572L418.254 245.543ZM414.016 246.5C414.131 246.606 414.36 246.606 414.579 246.663C414.799 246.72 414.961 246.51 414.999 246.395C415.062 246.227 415.069 246.043 415.02 245.87C414.97 245.698 414.865 245.546 414.723 245.438C412.448 243.516 409.896 241.951 407.153 240.797C406.829 240.673 406.495 240.405 406.199 240.854C405.903 241.304 406.199 241.582 406.485 241.763C409.091 243.208 411.802 244.5 414.026 246.529L414.016 246.5ZM402.056 255.17C403.421 256.194 405.139 255.381 406.266 256.223C406.886 256.108 407.43 256.357 407.516 255.697C407.583 255.189 407.564 254.787 406.838 254.673C405.406 254.453 403.975 254.07 402.581 253.84C402.295 253.84 401.722 253.218 401.56 253.984C401.488 254.214 401.499 254.461 401.592 254.684C401.684 254.906 401.852 255.088 402.066 255.199L402.056 255.17ZM401.426 244.156C402.801 245.457 404.223 246.711 405.693 247.907C406.275 248.386 406.59 247.754 406.361 247.39C405.235 245.639 404.127 243.83 402.085 242.893L401.732 242.711C401.054 243.113 400.911 243.687 401.455 244.185L401.426 244.156ZM400.949 251.39C401.312 250.998 400.997 250.701 400.787 250.433C399.793 249.379 398.548 248.595 397.169 248.156C396.3 247.783 395.976 248.711 396.329 249.208C397.29 250.453 398.631 251.347 400.147 251.754C400.299 251.767 400.452 251.744 400.593 251.686C400.735 251.627 400.86 251.536 400.958 251.419L400.949 251.39ZM387.767 253.515C390.63 254.874 392.826 257.343 395.709 258.663C396.109 258.855 396.663 259.534 397.131 258.74C397.598 257.945 396.654 258.108 396.329 257.878C394.057 256.252 391.738 254.692 389.514 253.008C388.978 252.728 388.426 252.479 387.862 252.261C387.5 252.031 387.309 252.261 387.251 252.615C387.214 252.809 387.247 253.009 387.343 253.18C387.439 253.352 387.593 253.484 387.776 253.553L387.767 253.515ZM381.983 247.448C382.937 248.194 383.892 249.256 385.285 249.189C385.677 249.189 386.24 249.429 386.412 248.874C386.583 248.319 386.23 248.022 385.762 247.725C384.264 246.768 382.813 245.811 381.333 244.854C380.608 244.385 380.245 243.39 378.756 243.429C379.393 245.083 380.523 246.5 381.992 247.486L381.983 247.448ZM373.392 242.414C374.9 245.094 376.208 247.917 378.785 249.859C379.014 250.031 379.386 249.984 379.739 249.61C377.9 247.578 376.364 245.289 375.177 242.816C374.906 242.407 374.511 242.095 374.05 241.926C373.774 241.821 373.134 241.936 373.43 242.452L373.392 242.414ZM370.395 242.519C370.515 242.7 370.693 242.835 370.899 242.901C371.105 242.967 371.328 242.961 371.531 242.883C371.931 242.692 371.712 242.242 371.817 241.821C371.33 240.711 371.091 239.4 369.812 238.692C369.737 238.637 369.649 238.602 369.557 238.59C369.464 238.578 369.371 238.589 369.284 238.622C369.197 238.656 369.119 238.71 369.058 238.78C368.997 238.851 368.955 238.935 368.934 239.027C369.01 240.342 369.539 241.591 370.433 242.558L370.395 242.519ZM367.426 220.921C367.016 220.557 366.577 219.964 366.023 220.318C365.469 220.672 366.023 221.208 366.271 221.687C367.304 224.096 368.461 226.45 369.736 228.739C369.805 228.867 369.84 229.01 369.84 229.156C369.84 229.301 369.805 229.444 369.736 229.572C367.961 231.371 370.414 232.529 370.452 234.05C370.867 234.215 371.299 234.33 371.741 234.395C371.979 234.395 371.741 233.84 371.741 233.668C371.445 232.954 371.218 232.214 371.063 231.457C370.929 228.089 369.297 225.208 368.085 222.175C367.978 221.725 367.766 221.309 367.464 220.959L367.426 220.921ZM369.956 208.643C369.679 207.179 369.44 205.706 369.077 204.261C369.001 203.964 368.648 203.466 368.123 203.581C367.837 203.648 367.646 203.954 367.722 204.395C368.467 206.72 368.438 209.256 368.944 211.706C369.108 213.187 369.428 214.646 369.898 216.06C370.156 216.653 370.442 217.122 371.072 216.883C371.702 216.644 371.292 216.117 371.139 215.677C370.356 213.409 370.395 210.978 369.956 208.643ZM371.741 202.538C370.891 204.624 371.13 206.557 371.063 208.481C371.063 209.145 371.273 209.792 371.664 210.328C371.741 210.415 371.834 210.486 371.94 210.535C372.045 210.585 372.159 210.612 372.275 210.615C372.628 210.615 372.561 210.28 372.571 210.06C372.488 208.075 372.609 206.087 372.934 204.127C373.125 203.332 372.361 203.036 371.721 202.538H371.741ZM372.447 218.921C372.056 219.036 371.75 219.294 371.903 219.677C372.691 221.142 373.358 222.668 373.898 224.242C373.917 224.318 373.96 224.386 374.02 224.437C374.081 224.487 374.155 224.517 374.234 224.523C374.312 224.528 374.39 224.508 374.457 224.466C374.523 224.425 374.575 224.363 374.604 224.29C375.31 223.084 374.232 222.136 374.05 221.065C373.94 220.615 373.739 220.194 373.46 219.825C373.181 219.456 372.83 219.149 372.428 218.921H372.447ZM374.49 192.796C374.124 194.037 373.994 195.336 374.108 196.624C374.108 197.792 374.108 198.643 374.108 199.495C374.108 199.84 374.251 200.069 374.652 200.069C374.728 200.078 374.805 200.068 374.877 200.042C374.948 200.015 375.013 199.973 375.066 199.917C375.118 199.862 375.158 199.795 375.18 199.721C375.203 199.648 375.208 199.571 375.196 199.495C375.255 197.205 375.449 194.92 375.778 192.653C375.786 192.575 375.776 192.497 375.75 192.423C375.723 192.35 375.68 192.283 375.624 192.229C375.568 192.174 375.5 192.134 375.426 192.109C375.352 192.085 375.273 192.078 375.196 192.088C375.009 192.101 374.834 192.181 374.701 192.313C374.568 192.444 374.486 192.619 374.47 192.806L374.49 192.796ZM379.787 178.088C379.226 178.36 378.71 178.718 378.26 179.15C376.989 180.062 375.997 181.311 375.396 182.758C375.1 183.447 375.11 183.954 375.788 184.26C375.919 184.313 376.06 184.338 376.201 184.334C376.342 184.33 376.481 184.297 376.609 184.237C376.737 184.177 376.851 184.091 376.945 183.985C377.038 183.879 377.109 183.754 377.153 183.619C377.705 182.022 378.651 180.59 379.902 179.457C379.986 179.36 380.049 179.248 380.089 179.126C380.129 179.004 380.144 178.876 380.133 178.748C380.122 178.62 380.086 178.496 380.027 178.383C379.967 178.27 379.886 178.169 379.787 178.088ZM383.195 184.787C383.091 184.714 382.974 184.663 382.85 184.636C382.727 184.61 382.599 184.608 382.475 184.631C382.35 184.654 382.232 184.702 382.126 184.771C382.02 184.841 381.929 184.931 381.858 185.036C380.78 187.064 379.329 188.93 378.995 191.275C378.945 191.488 378.977 191.711 379.082 191.902C379.188 192.093 379.361 192.238 379.568 192.308C380.198 192.5 380.303 191.782 380.341 191.524C380.656 189.371 382.374 187.916 383.138 185.993C383.319 185.543 383.768 185.122 383.204 184.787H383.195ZM384.063 197.227C383.662 198.404 382.966 199.524 383.109 201.007C383.031 201.321 383.031 201.65 383.109 201.964C383.376 202.519 383.414 203.457 384.273 203.371C385.132 203.285 384.98 202.481 384.932 201.897C384.87 200.511 385.115 199.129 385.648 197.849C385.782 197.476 385.963 196.816 385.371 196.567C385.112 196.487 384.831 196.512 384.589 196.635C384.347 196.758 384.162 196.97 384.073 197.227H384.063ZM385.638 190.27C386.511 189.729 387.182 188.916 387.547 187.954C387.824 187.437 387.299 187.246 386.793 187.284C386.287 187.323 384.502 189.198 384.722 189.658C384.846 189.887 384.789 190.662 385.648 190.241L385.638 190.27ZM390.258 175.39C389.867 175.064 389.218 175.035 389.056 175.246C387.738 176.921 386.268 178.528 385.772 180.308C385.686 181.409 386.202 181.925 386.727 182.05C387.423 182.213 387.49 181.543 387.624 180.978C388.11 179.31 388.965 177.773 390.125 176.48C390.316 176.222 390.793 175.791 390.268 175.361L390.258 175.39ZM392.244 185.179C392.07 185.162 391.894 185.183 391.73 185.241C391.565 185.299 391.414 185.392 391.289 185.514C390.077 187.495 388.97 189.533 388.951 191.954C391.155 190.481 391.719 188.127 392.511 185.945C392.578 185.677 392.606 185.208 392.253 185.16L392.244 185.179ZM392.759 194.624C392.521 194.793 392.3 194.985 392.1 195.198C391.217 196.59 390.479 198.068 389.896 199.61C389.848 199.727 389.826 199.853 389.831 199.979C389.837 200.105 389.869 200.228 389.926 200.341C389.983 200.453 390.063 200.552 390.162 200.631C390.26 200.71 390.375 200.766 390.497 200.796C390.955 200.969 391.165 200.615 391.451 200.299C392.75 199.055 392.606 197.227 393.542 195.84C393.885 195.38 393.532 194.758 392.769 194.595L392.759 194.624ZM393.399 204.194C392.587 204.251 392.998 204.921 392.845 205.399C393.208 206.414 393.542 207.505 394 208.538C394.63 209.964 394.649 211.572 395.489 212.921C395.728 213.294 395.909 213.782 396.444 213.591C396.978 213.399 396.73 212.931 396.634 212.634C395.919 210.117 395.145 207.61 394.429 205.093C394.248 204.49 393.99 204.108 393.408 204.155L393.399 204.194ZM394.792 177.399C394.401 177.897 393.981 178.691 394.649 179.179C395.174 179.552 395.966 179.055 396.272 178.643C397.348 177.001 398.776 175.622 400.453 174.605C400.523 174.575 400.585 174.528 400.634 174.469C400.682 174.409 400.716 174.339 400.732 174.264C400.748 174.189 400.745 174.111 400.725 174.037C400.705 173.963 400.667 173.896 400.615 173.839C400.367 173.514 400.052 173.38 399.383 173.447C399.045 173.513 398.722 173.639 398.429 173.82C397.068 174.825 395.84 175.999 394.773 177.313L394.792 177.399ZM409.635 164.308C409.31 163.944 408.871 164.193 408.509 164.499C406.027 166.662 402.953 167.638 399.851 168.538C399.326 168.691 398.83 168.844 399.002 169.495C399.126 169.935 399.546 170.126 400.099 169.763C403.211 168.48 406.848 168.078 409.52 165.619C409.621 165.546 409.705 165.452 409.767 165.343C409.828 165.235 409.865 165.114 409.876 164.99C409.887 164.865 409.871 164.74 409.83 164.623C409.788 164.505 409.722 164.398 409.635 164.308ZM411.057 168.921C410.809 168.576 410.504 167.964 409.902 168.327C408.136 169.495 406.409 170.71 404.691 171.945C404.538 172.05 404.566 172.394 404.509 172.624C404.738 173.715 405.464 173.456 406.036 173.102C407.621 172.145 409.158 171.035 410.685 169.964C411 169.724 411.334 169.303 411.057 168.921ZM413.119 173.189C413.058 173.042 412.967 172.91 412.85 172.802C412.734 172.695 412.595 172.614 412.444 172.566C412.293 172.518 412.134 172.503 411.977 172.523C411.819 172.543 411.669 172.597 411.534 172.681C410.739 172.989 410.002 173.432 409.358 173.992C407.75 175.439 406.364 177.116 405.244 178.969C405.018 179.285 404.91 179.671 404.939 180.059C405.015 180.347 404.691 180.902 405.378 181.016C405.661 181.05 405.947 180.982 406.185 180.825C406.422 180.667 406.597 180.43 406.676 180.155C407.239 178.241 408.757 177.131 410.074 175.83C410.625 175.163 411.369 174.685 412.203 174.461C412.976 174.26 413.367 173.878 413.119 173.179V173.189ZM409.778 187.122C409.473 187.399 409.062 187.638 409.072 188.213C409.072 188.5 409.282 188.605 409.559 188.787C409.733 188.909 409.946 188.963 410.157 188.938C410.368 188.913 410.563 188.812 410.704 188.653C412.174 186.806 414.274 185.648 415.954 184.031C416.555 183.457 416.966 182.748 416.336 182.117C415.706 181.485 415.162 182.213 414.684 182.643C413.043 184.165 411.401 185.629 409.778 187.122ZM418.884 170.002C418.092 171.026 417.3 172.021 415.906 172.193C415.257 172.27 415.057 172.48 415.076 173.083C415.095 173.686 415.563 173.648 416.03 173.686C418.77 173.964 420.641 172.193 420.135 169.772C421.576 169.294 422.912 170.251 424.335 170.04C425.06 169.935 425.986 170.155 425.967 169.083C425.967 168.126 425.136 168.212 424.44 168.203C422.901 168.314 421.354 168.198 419.848 167.858C419.657 167.801 419.381 168.05 419.161 168.021C418.781 167.92 418.378 167.962 418.026 168.138C417.675 168.314 417.399 168.613 417.252 168.978C417.004 170.059 418.417 169.322 418.884 169.992V170.002ZM426.272 164.203C424.447 164.004 422.609 163.947 420.774 164.031C420.011 164.031 419.409 163.581 418.646 163.763C418.082 163.897 417.424 163.877 417.452 164.576C417.452 165.141 418.035 165.275 418.569 165.255C421.15 165.301 423.723 165.557 426.263 166.021C426.883 165.887 427.704 166.643 427.847 165.6C427.99 164.557 426.94 164.27 426.272 164.203ZM438.977 164.203C438.853 163.83 438.757 163.313 438.146 163.437C437.02 163.667 435.894 163.897 434.777 164.174C434.242 164.308 433.641 164.624 433.822 165.198C434.004 165.772 434.548 165.131 434.939 165.255C435.18 165.284 435.424 165.284 435.665 165.255C436.524 165.533 437.421 164.901 438.404 164.854C438.681 164.834 439.101 164.691 438.939 164.193L438.977 164.203ZM440.17 168.308C439.703 168.21 439.225 168.168 438.748 168.184C437.287 168.184 435.999 167.744 436.075 169.629C436.075 170.165 435.006 170.279 434.386 170.337C433.765 170.394 433.536 169.906 433.546 169.38C433.579 169.209 433.567 169.032 433.511 168.867C433.455 168.701 433.358 168.554 433.228 168.438C433.098 168.322 432.94 168.242 432.77 168.206C432.599 168.17 432.423 168.179 432.257 168.232C430.93 168.423 429.623 168.729 428.296 168.911C428.117 168.919 427.942 168.968 427.785 169.055C427.628 169.141 427.492 169.262 427.389 169.409C427.286 169.556 427.218 169.724 427.19 169.902C427.161 170.079 427.174 170.261 427.227 170.433C427.437 171.275 428.124 171.131 428.878 170.834C429.652 170.439 430.524 170.276 431.388 170.366C431.713 170.433 432.219 170.184 432.343 170.691C432.467 171.198 432.047 171.294 431.694 171.456L427.561 173.456C427.017 173.724 426.339 174.059 426.673 174.729C427.007 175.399 427.723 175.208 428.324 174.93C429.985 174.165 431.646 173.409 433.298 172.624C434.042 172.27 434.691 171.667 435.627 172.107C435.712 172.145 435.806 172.163 435.9 172.158C435.994 172.153 436.085 172.126 436.167 172.08C436.248 172.033 436.318 171.968 436.37 171.89C436.422 171.812 436.455 171.722 436.467 171.629C436.552 168.758 438.738 170.356 439.998 170.05C440.561 169.916 441.344 171.275 441.764 170.05C442.184 168.825 441.02 168.519 440.132 168.299L440.17 168.308ZM447.224 168.165C446.773 167.692 446.229 167.319 445.625 167.07C445.022 166.821 444.373 166.702 443.721 166.72C443.253 166.949 442.27 166.222 442.213 167.399C442.165 168.423 443.024 168.461 443.73 168.547C444.643 168.584 445.526 168.886 446.269 169.418C446.356 169.507 446.461 169.576 446.577 169.621C446.693 169.666 446.817 169.685 446.941 169.678C447.065 169.671 447.185 169.637 447.295 169.579C447.405 169.521 447.501 169.44 447.577 169.342C448.102 168.739 447.51 168.442 447.186 168.155L447.224 168.165ZM447.959 175.878C446.785 174.806 445.029 174.318 444.542 172.557C444.475 172.308 444.179 172.394 443.931 172.557C442.27 173.437 440.351 173.179 438.605 173.715C438.08 173.878 437.259 173.485 437.316 174.519C437.373 175.552 438.194 175.083 438.71 175.189C438.983 175.213 439.257 175.213 439.531 175.189C440.24 175.174 440.946 175.094 441.64 174.949C442.081 174.734 442.585 174.687 443.059 174.815C443.533 174.944 443.944 175.239 444.217 175.648C444.876 176.547 446.355 176.71 447.214 177.619C447.491 177.916 447.816 177.619 447.988 177.39C448.084 177.285 448.158 177.162 448.207 177.028C448.256 176.894 448.278 176.752 448.271 176.61C448.265 176.468 448.231 176.328 448.171 176.199C448.111 176.07 448.026 175.954 447.921 175.858L447.959 175.878ZM451.176 176.241C450.737 176.241 450.278 176.423 450.269 176.748C450.256 176.954 450.309 177.157 450.421 177.33C450.533 177.502 450.697 177.634 450.889 177.705C451.98 178.018 452.988 178.571 453.839 179.323C453.931 179.408 454.04 179.473 454.16 179.512C454.279 179.551 454.406 179.563 454.531 179.547C454.655 179.532 454.775 179.489 454.881 179.422C454.988 179.355 455.078 179.266 455.146 179.16C455.226 179.085 455.288 178.994 455.328 178.892C455.369 178.791 455.387 178.682 455.382 178.572C455.376 178.463 455.347 178.357 455.297 178.26C455.246 178.163 455.176 178.078 455.089 178.012C453.979 177.034 452.603 176.411 451.137 176.222L451.176 176.241ZM450.479 188.28C450.402 188.902 450.66 189.342 451.433 189.476C451.809 189.382 452.155 189.194 452.439 188.93C452.723 188.665 452.935 188.333 453.056 187.964C453.266 187.342 452.808 186.93 452.102 186.902C451.901 186.87 451.697 186.882 451.502 186.936C451.307 186.99 451.125 187.084 450.969 187.214C450.813 187.343 450.686 187.504 450.597 187.686C450.507 187.868 450.457 188.067 450.45 188.27L450.479 188.28ZM465.57 177.284C464.773 176.447 463.848 175.743 462.83 175.198C460.329 174.126 457.829 173.045 455.452 171.734C454.497 171.217 454.125 171.657 453.858 172.212C453.858 172.882 454.144 173.169 454.516 173.275C456.886 174.142 459.184 175.195 461.389 176.423C462.442 176.979 463.407 177.688 464.253 178.528C464.673 178.902 465.207 179.485 465.646 179.083C465.763 178.96 465.854 178.814 465.912 178.654C465.97 178.494 465.994 178.324 465.983 178.154C465.972 177.984 465.927 177.818 465.849 177.667C465.771 177.516 465.663 177.382 465.532 177.275L465.57 177.284ZM456.273 178.241C456.273 178.691 456.607 179.122 457.351 179.198C458.238 179.35 459.082 179.693 459.824 180.203C460.32 180.528 460.702 181.236 461.227 180.49C461.328 180.35 461.397 180.19 461.428 180.02C461.458 179.85 461.45 179.675 461.405 179.509C461.359 179.342 461.276 179.188 461.163 179.058C461.049 178.928 460.908 178.826 460.749 178.758C459.852 178.366 458.934 178.021 458 177.724C456.922 177.677 456.263 177.724 456.235 178.26L456.273 178.241ZM472.194 180.71C472.194 179.476 471.163 179.447 470.457 179.495C469.617 179.246 468.997 179.351 468.958 179.973C468.882 181.208 470.142 181.485 470.934 181.887C471.526 182.203 472.156 181.313 472.166 180.729L472.194 180.71ZM471.077 187.552C471.478 186.739 470.715 186.366 470.046 185.926C467.832 184.471 465.14 184.059 462.897 182.681C462.562 182.539 462.209 182.446 461.847 182.404C460.979 182.299 460.148 182.653 460.024 183.361C459.9 184.069 460.797 184.251 461.446 184.318C462.095 184.385 462.21 184.653 462.554 184.911C462.897 185.17 463.508 185.744 463.766 185.648C466.219 184.691 467.431 186.873 469.197 187.562C469.77 187.83 470.571 188.548 471.049 187.571L471.077 187.552ZM464.233 197.122C465.093 196.787 465.312 196.241 465.054 195.6C464.797 194.959 464.1 194.95 463.546 195.294C462.506 195.916 461.37 195.629 460.282 195.591C459.194 195.552 458.984 196.021 458.716 196.959C460.635 197.227 462.344 197.916 464.214 197.227L464.233 197.122ZM458.029 187.839C459.499 190.605 462.439 190.997 464.978 192.04C465.704 192.418 466.37 192.902 466.954 193.476C467.164 193.323 467.498 193.198 467.498 193.045C467.549 192.708 467.467 192.365 467.269 192.088C466.465 191.208 465.45 190.549 464.319 190.174C462.506 189.734 460.807 189.485 459.929 187.304C459.442 186.088 457.504 185.591 456.111 185.064C455.433 184.815 455.156 185.39 455.471 185.906C455.794 186.504 456.313 186.97 456.941 187.227C457.304 187.428 457.838 187.591 458 187.897L458.029 187.839ZM456.97 193.849C457.418 193.514 457.848 193.083 457.485 192.471C457.122 191.859 456.531 191.868 455.91 192.261C455.127 192.842 454.173 193.146 453.199 193.122C452.712 193.122 451.93 193.284 451.968 194.146C451.968 194.768 452.254 195.371 452.922 195.208C454.249 194.921 455.748 194.806 456.941 193.906L456.97 193.849ZM449.868 204.71C450.507 205.447 451.042 204.71 451.5 204.318C452.521 203.419 453.327 202.3 453.858 201.045C453.833 200.75 453.72 200.47 453.535 200.24C453.349 200.01 453.1 199.84 452.817 199.753C452.35 199.6 452.149 200.098 451.93 200.49C451.502 201.336 450.873 202.063 450.097 202.605C449.898 202.695 449.726 202.836 449.596 203.012C449.467 203.189 449.386 203.396 449.36 203.614C449.334 203.831 449.365 204.052 449.449 204.254C449.533 204.456 449.667 204.633 449.839 204.768L449.868 204.71ZM448.169 201.332C448.265 201.281 448.349 201.212 448.418 201.127C448.486 201.042 448.536 200.945 448.565 200.84C448.595 200.735 448.603 200.626 448.589 200.518C448.575 200.41 448.539 200.306 448.484 200.213C448.424 200.046 448.311 199.903 448.163 199.807C448.015 199.71 447.839 199.664 447.663 199.677C447.09 199.677 440.81 204.643 440.724 205.141C440.64 205.373 440.631 205.624 440.698 205.861C440.765 206.098 440.904 206.308 441.096 206.462C441.535 206.777 441.745 206.462 442.05 206.232C444.189 204.806 445.878 202.758 448.14 201.39L448.169 201.332ZM440.37 224.395C440.915 224.519 440.953 224.012 441.067 223.591C441.783 221.141 442.547 218.701 443.263 216.251C443.415 215.715 443.425 214.978 442.776 214.864C442.499 214.859 442.229 214.952 442.015 215.127C441.8 215.302 441.654 215.548 441.602 215.821C440.859 218.272 440.307 220.777 439.951 223.313C439.884 223.792 439.855 224.337 440.351 224.452L440.37 224.395ZM440.285 211.055C440.285 210.385 440.552 209.227 439.569 209.342C438.586 209.457 438.366 210.663 438.433 211.773C438.652 212.184 437.917 213.218 439.063 213.199C440.514 213.227 440.275 212.031 440.265 211.112L440.285 211.055ZM445.363 262.3C445.945 261.783 446.451 260.826 445.554 260.07C444.656 259.314 444.179 259.821 443.644 260.692C442.585 262.367 439.741 262.548 438.099 261.18C437.679 260.826 437.306 260.414 436.915 260.012C436.323 259.41 435.598 259.18 435.006 259.811C434.865 259.954 434.759 260.127 434.696 260.317C434.632 260.507 434.613 260.71 434.64 260.908C434.667 261.107 434.739 261.297 434.85 261.464C434.962 261.63 435.11 261.769 435.283 261.869C437.106 262.692 440.294 265.438 445.363 262.3Z" fill="#ACAEBF"/>
<path d="M447.977 240.529C445.705 240.261 446.583 242.903 447.977 244.003C438.374 240.491 426.023 243.525 421.909 253.927C420.525 257.41 418.673 265.238 421.336 268.587C423.818 271.716 432.208 273.372 435.912 273.697C445.39 274.587 455.184 279.209 465.187 277.774C469.698 277.137 474.162 276.204 478.55 274.979C481.28 274.204 490.004 273.066 490.644 269.879C491.207 267.238 488.324 266.223 486.826 264.845C485.327 263.467 484.459 261.783 482.702 260.606C479.285 258.309 475.2 256.654 471.554 254.558C464.166 250.29 457.293 245.046 449.6 241.161C449.017 241.295 449.514 241.515 449.285 241.84L447.977 240.529Z" fill="white"/>
<path d="M419.904 243.467C419.179 241.438 417.585 240.223 417.862 238.012C419.733 239.409 420.067 241.113 419.904 243.467Z" fill="#ACAEBF"/>
<path d="M422.873 309.372C419.587 308.698 416.407 307.577 413.423 306.042C413.287 306.002 413.163 305.93 413.062 305.83C412.96 305.731 412.885 305.608 412.843 305.473C412.8 305.338 412.792 305.194 412.818 305.054C412.844 304.915 412.905 304.784 412.994 304.673C413.542 303.789 413.742 302.731 413.557 301.707C413.452 300.645 413.977 300.386 414.874 300.645C416.254 300.933 417.667 301.036 419.074 300.951C419.573 300.977 420.073 300.977 420.573 300.951C423.293 300.664 424.391 301.956 424.849 304.97C424.84 306.051 424.722 307.128 424.496 308.185C424.438 309.324 423.751 309.525 422.873 309.372Z" fill="url(#paint0_linear_20_2952)"/>
<path d="M409.338 303.927C408.383 303.123 407.362 302.501 406.379 301.793C404.774 300.732 403.352 299.417 402.169 297.898C402.483 297.731 402.836 297.656 403.19 297.679C403.544 297.703 403.885 297.825 404.174 298.032C405.906 299.043 407.808 299.727 409.786 300.051C411.609 300.386 412.087 301.305 411.695 303.123C411.361 304.463 410.416 304.846 409.338 303.927Z" fill="url(#paint1_linear_20_2952)"/>
<path d="M434.977 310.147C432.486 309.99 429.988 309.961 427.493 310.061C425.432 310.271 425.67 309.228 426.071 308.147C426.777 306.674 426.929 304.996 426.501 303.42C425.785 301.209 425.775 300.96 428.018 300.759C430.09 300.568 432.447 299.4 434.299 301.343C436.151 303.286 437.277 305.276 437.306 306.702C437.22 310.482 437.602 310.147 434.977 310.147Z" fill="url(#paint2_linear_20_2952)"/>
<path d="M449.504 306.788C449.838 307.745 449.638 308.358 448.693 308.578C446.201 309.152 443.786 310.071 441.152 310.138C440.388 309.917 439.014 310.74 439.138 308.932C439.256 307.398 439.036 305.856 438.495 304.416C437.954 302.976 437.105 301.672 436.007 300.597C435.692 300.271 435.053 299.535 435.587 299.219C437.286 298.262 439.109 297.429 440.894 296.578C441.009 296.52 441.257 296.645 441.391 296.75C444.913 299.468 448.034 302.492 449.504 306.788Z" fill="url(#paint3_linear_20_2952)"/>
<path d="M476.555 277.611C476.555 277.343 476.851 277.142 477.185 277.075C480.611 276.196 483.984 275.116 487.284 273.84C487.437 277.199 485.842 279.697 483.886 282.061C483.189 282.903 482.721 282.357 482.234 281.898C480.79 280.368 479.053 279.144 477.128 278.3C476.986 278.236 476.861 278.141 476.762 278.021C476.663 277.902 476.592 277.762 476.555 277.611Z" fill="url(#paint4_linear_20_2952)"/>
<path d="M444.855 297.152C442.87 295.238 443.042 295.333 444.359 293.046C445.409 291.219 446.191 289.821 448.654 291.362C449.885 292.128 451.804 292.778 452.071 293.831C452.587 295.946 454.41 296.415 455.622 297.659C457.35 299.372 458.972 301.113 459.44 303.515C459.335 303.956 459.564 304.367 459.03 304.683C456.987 305.869 455.03 307.171 452.615 307.669C451.852 307.831 451.737 307.391 451.661 307.066C450.449 303.027 447.843 299.975 444.855 297.152Z" fill="url(#paint5_linear_20_2952)"/>
<path d="M466.217 281.104C465.807 281.008 465.177 280.912 465.129 280.29C465.072 279.506 465.836 279.486 466.284 279.333C468.193 278.807 470.198 278.951 471.944 278.204C472.899 278.128 477.204 280.185 478.712 281.372C482.53 284.396 482.53 284.721 479.132 288.156C477.624 289.668 477.414 289.63 476.135 288.003C473.558 284.75 470.494 282.109 466.217 281.104Z" fill="url(#paint6_linear_20_2952)"/>
<path d="M458.238 294.424C459.039 293.965 460.681 293.735 460.624 292.109C460.624 291.535 459.975 290.281 461.636 290.673C462.476 290.874 463.125 289.468 464.117 290.357C465.75 291.831 467.506 293.228 468.079 295.458C468.121 295.753 468.274 296.021 468.506 296.208C468.738 296.394 469.033 296.485 469.329 296.463C470.007 296.463 470.064 295.726 469.988 295.161C469.706 293.85 468.989 292.673 467.955 291.822C464.499 288.396 460.213 286.08 456.119 283.554C455.05 283.004 454.061 282.312 453.179 281.496C453.062 281.332 452.981 281.145 452.941 280.947C452.901 280.749 452.904 280.545 452.948 280.348C452.992 280.151 453.077 279.966 453.197 279.804C453.318 279.643 453.471 279.508 453.646 279.41C454.496 278.951 456.882 279.41 457.235 280.061C457.589 280.711 457.722 281.831 459.278 281.314C461.884 282.271 465.005 282.013 467.802 283.439C470.599 284.865 472.345 287.008 474.541 288.845C475.238 289.429 476.822 290.587 475.619 291.85C474.579 292.941 473.624 294.118 472.536 295.171C469.673 298.042 466.179 300.042 462.991 302.444C462.352 302.922 461.464 303.037 461.216 302.358C460.423 300.204 458.81 298.626 457.579 296.788C456.978 295.898 456.873 295.19 458.238 294.424Z" fill="url(#paint7_linear_20_2952)"/>
<path d="M442.308 289.582C440.093 289.113 437.879 288.683 435.693 288.109C430.061 286.625 424.172 287.018 418.511 285.649C413.3 284.396 407.888 284.061 402.657 282.673C397.248 281.363 392.106 279.123 387.461 276.051C383.643 273.439 380.044 270.721 377.219 266.931C374.651 263.496 371.263 260.673 368.733 257.113C366.685 254.074 365.079 250.758 363.961 247.266C362.701 243.677 362.529 239.869 361.975 236.137C361.164 230.682 361.135 225.189 360.486 219.744C360.486 217.065 361.03 214.452 361.269 211.811C361.637 206.425 362.831 201.128 364.81 196.108C366.194 192.796 367.11 189.294 369.163 186.261C369.43 185.859 369.516 185.351 370.203 185.543C370.451 185.61 370.05 186.643 370.776 185.906C371.119 185.562 371.291 184.95 370.871 184.806C369.917 184.394 370.509 183.849 370.747 183.533C371.864 182.26 372.656 180.749 373.668 179.428C375.577 177.055 377.486 174.643 379.395 172.394C380.53 170.97 381.856 169.711 383.337 168.653C386.635 166.643 390.045 164.825 393.551 163.208C395.554 162.177 397.686 161.417 399.889 160.949C404.098 160.174 408.212 159.035 412.603 158.863C416.994 158.691 421.594 158.7 426.081 158.653C430.825 158.726 435.546 159.342 440.15 160.49C441.935 160.892 443.816 160.978 445.562 161.447C450.079 162.853 454.482 164.599 458.735 166.672C463.927 169.064 469.158 171.399 473.845 174.701C478.302 177.839 483.085 180.586 486.569 184.892C487.924 186.567 489.747 187.973 490.749 189.811C494.014 195.792 497.135 201.84 499.101 208.414C500.851 214.53 501.929 220.819 502.318 227.17C502.49 229.438 501.86 231.629 501.879 233.869C501.879 234.711 501.64 239.61 501.516 241.333C501.436 243.792 501.117 246.238 500.562 248.634C498.987 254.271 497.756 260.003 495.264 265.371C495.007 265.926 494.539 266.596 495.656 267.285C495.908 267.455 496.105 267.696 496.221 267.978C496.338 268.259 496.369 268.569 496.311 268.868C496.253 269.167 496.108 269.443 495.895 269.66C495.682 269.877 495.409 270.026 495.112 270.089C492.296 270.903 489.174 271.438 489.929 275.506C489.934 275.628 489.908 275.75 489.852 275.86C488.334 279.888 485.805 283.41 483.276 286.798C480.746 290.185 477.224 293.161 474.16 296.367C472.086 298.5 469.762 300.373 467.24 301.946C464.281 303.793 461.446 305.831 458.315 307.439C455.144 308.984 451.828 310.212 448.416 311.104C445.951 311.889 443.363 312.213 440.78 312.061C438.664 311.963 436.544 312.002 434.433 312.176C430.92 312.291 427.465 311.774 423.933 311.774C422.706 311.803 421.484 311.612 420.325 311.209C415.027 309.2 409.883 306.97 405.368 303.554C404.165 302.782 403.005 301.945 401.893 301.046C400.137 299.372 398.839 297.286 396.891 295.735C396.185 295.171 395.383 294.07 395.937 293.219C396.491 292.367 397.684 292.922 398.4 293.41C400.175 294.645 402.342 294.97 404.232 295.956C405.425 296.578 406.704 297.525 408.05 297.554C410.512 297.611 412.822 298.396 415.285 298.511C419.475 298.645 423.608 299.113 427.847 298.511C432.566 297.907 437.058 296.127 440.914 293.333C441.675 292.663 442.32 291.87 442.823 290.989C443.51 290.156 443.214 289.774 442.308 289.582ZM483.877 282.108C485.786 279.745 487.428 277.257 487.275 273.888C483.975 275.164 480.603 276.244 477.176 277.123C476.852 277.199 476.518 277.391 476.546 277.659C476.583 277.807 476.653 277.945 476.751 278.062C476.848 278.18 476.971 278.274 477.109 278.338C479.035 279.182 480.771 280.406 482.216 281.936C482.722 282.396 483.19 282.941 483.877 282.108ZM479.104 288.185C482.55 284.74 482.531 284.424 478.684 281.4C477.176 280.214 472.843 278.156 471.917 278.233C470.17 278.979 468.099 278.836 466.256 279.362C465.817 279.486 465.044 279.515 465.101 280.319C465.149 280.941 465.779 281.037 466.19 281.132C470.466 282.137 473.52 284.778 476.107 288.07C477.415 289.659 477.625 289.697 479.133 288.137L479.104 288.185ZM462.982 302.491C466.18 300.08 469.664 298.042 472.528 295.219C473.616 294.156 474.58 292.979 475.611 291.898C476.813 290.635 475.229 289.477 474.532 288.893C472.337 287.056 470.504 284.845 467.793 283.486C465.082 282.128 461.875 282.3 459.269 281.362C457.713 281.879 457.608 280.788 457.227 280.108C456.845 279.429 454.487 278.989 453.638 279.458C453.462 279.556 453.309 279.691 453.189 279.852C453.068 280.014 452.983 280.199 452.939 280.396C452.895 280.593 452.893 280.797 452.932 280.995C452.972 281.192 453.053 281.38 453.17 281.544C454.052 282.36 455.042 283.052 456.11 283.601C460.205 286.147 464.491 288.443 467.946 291.869C468.98 292.721 469.697 293.898 469.979 295.209C470.055 295.774 469.979 296.463 469.32 296.511C469.024 296.533 468.73 296.442 468.498 296.255C468.266 296.069 468.113 295.801 468.07 295.506C467.507 293.295 465.741 291.888 464.109 290.405C463.154 289.515 462.477 290.922 461.627 290.721C459.966 290.329 460.596 291.582 460.615 292.156C460.672 293.783 459.031 294.013 458.229 294.472C456.864 295.247 456.969 295.955 457.57 296.855C458.792 298.702 460.434 300.281 461.207 302.424C461.455 303.046 462.343 302.941 462.982 302.491ZM452.664 307.659C455.069 307.161 457.026 305.86 459.078 304.673C459.613 304.358 459.384 303.956 459.489 303.506C458.983 301.104 457.36 299.362 455.671 297.649C454.459 296.453 452.635 295.975 452.12 293.822C451.862 292.759 449.934 292.118 448.703 291.353C446.24 289.812 445.457 291.209 444.407 293.037C443.09 295.314 442.918 295.267 444.904 297.142C447.891 299.965 450.497 303.018 451.719 307.008C451.776 307.353 451.891 307.783 452.655 307.621L452.664 307.659ZM450.268 279.037C449.533 278.51 448.779 278.022 447.844 278.616L447.567 278.788C447.825 279.238 448.111 279.381 448.426 279.343C449.085 279.257 449.447 280.702 450.268 279.678C450.411 279.448 450.507 279.18 450.259 279.008L450.268 279.037ZM409.806 300.09C407.828 299.765 405.926 299.081 404.194 298.07C403.905 297.863 403.564 297.741 403.21 297.718C402.856 297.694 402.503 297.77 402.189 297.936C403.372 299.455 404.794 300.77 406.399 301.831C407.353 302.539 408.422 303.161 409.358 303.965C410.293 304.769 411.381 304.501 411.687 303.161C412.087 301.305 411.62 300.386 409.797 300.051L409.806 300.09ZM424.868 304.999C424.439 301.984 423.313 300.692 420.592 300.979C420.093 301.006 419.593 301.006 419.094 300.979C417.686 301.065 416.274 300.962 414.894 300.673C413.996 300.415 413.471 300.673 413.576 301.735C413.762 302.76 413.561 303.817 413.013 304.702C412.924 304.812 412.864 304.943 412.838 305.083C412.811 305.222 412.82 305.366 412.862 305.502C412.905 305.637 412.98 305.76 413.081 305.859C413.183 305.958 413.307 306.031 413.443 306.07C416.427 307.606 419.606 308.727 422.893 309.401C423.771 309.563 424.458 309.401 424.525 308.214C424.746 307.147 424.858 306.06 424.859 304.97L424.868 304.999ZM428.018 300.798C425.775 300.999 425.785 301.247 426.501 303.458C426.929 305.034 426.777 306.713 426.071 308.185C425.67 309.219 425.441 310.262 427.493 310.099C429.988 310 432.485 310.028 434.977 310.185C437.602 310.185 437.22 310.559 437.287 306.788C437.287 305.362 436.027 303.257 434.28 301.429C432.533 299.601 430.09 300.578 428.009 300.769L428.018 300.798ZM441.382 296.778C441.248 296.673 440.99 296.549 440.885 296.606C439.1 297.448 437.277 298.243 435.578 299.247C435.044 299.563 435.693 300.3 435.998 300.625C437.096 301.701 437.945 303.005 438.486 304.445C439.027 305.885 439.247 307.426 439.129 308.96C439.005 310.769 440.379 309.917 441.143 310.166C443.778 310.099 446.192 309.209 448.684 308.606C449.638 308.386 449.829 307.793 449.495 306.817C448.035 302.491 444.913 299.468 441.391 296.75L441.382 296.778ZM450.354 276.491C453.953 277.171 457.589 277.228 461.178 277.716C462.713 277.869 464.263 277.779 465.77 277.448C469.425 276.711 473.024 275.754 476.67 274.96C477.711 274.74 477.911 274.462 477.682 273.381C477.233 271.276 477.186 269.104 476.432 267.056C476.342 266.856 476.331 266.63 476.4 266.423C476.469 266.216 476.613 266.042 476.804 265.936C477.482 265.515 477.396 266.29 477.682 266.481C479.095 267.438 478.637 269.008 478.952 270.309C480.03 275.276 479.018 274.778 483.724 272.596C484.774 272.108 485.92 271.879 486.912 271.285C487.299 271.106 487.675 270.905 488.039 270.683C488.315 270.472 487.418 265.314 487.084 265.123C484.631 263.678 482.101 262.328 479.715 260.788C475.802 258.261 471.659 256.089 467.831 253.419C464.653 251.199 461.15 249.419 457.809 247.429C456.415 246.596 455.222 245.515 453.848 244.615C452.836 243.965 452.025 243.218 450.726 243.419C450.249 243.496 450.163 243.122 449.925 242.845C449.466 242.299 449.113 241.716 448.016 241.888C446.918 242.06 445.858 239.572 446.231 238.357C446.517 237.4 446.899 236.529 446.231 235.61C445.954 235.247 445.648 234.95 445.142 235.084C444.637 235.218 444.808 235.658 444.78 235.993C444.822 236.776 444.708 237.56 444.446 238.299C444.378 238.524 444.255 238.727 444.087 238.89C443.918 239.053 443.711 239.17 443.485 239.229C443.259 239.289 443.022 239.289 442.795 239.23C442.569 239.171 442.362 239.055 442.193 238.893C440.808 237.897 439.808 236.452 439.363 234.803C438.917 233.153 439.054 231.4 439.749 229.84C440.131 229.025 440.787 228.371 441.603 227.993C442.418 227.614 443.34 227.537 444.207 227.773C446.396 228.31 448.436 229.337 450.173 230.778C449.073 228.548 448.228 226.202 447.653 223.782C447.347 221.242 447.296 218.677 447.5 216.127C447.586 212.519 449.247 209.514 451.194 206.557C452.626 204.385 455.012 203.323 456.788 201.629C457.95 200.54 459.332 199.712 460.84 199.202C462.348 198.692 463.948 198.511 465.531 198.672C465.999 198.672 466.629 198.816 466.581 198.031C466.457 195.801 468.395 196.308 469.445 196.184C471.354 195.974 473.186 197.141 473.263 198.509C473.237 198.966 473.374 199.416 473.651 199.78C473.928 200.143 474.325 200.395 474.771 200.49C477.493 201.414 480.037 202.8 482.292 204.586C484.853 206.413 486.622 209.151 487.237 212.242C487.304 212.596 487.475 213.132 486.912 213.342C486.349 213.553 486.139 213.112 485.776 212.892C484.946 212.404 484.822 211.457 484.488 210.758C482.961 207.256 480.087 205.323 476.794 203.677C473.209 201.959 469.311 200.999 465.34 200.854C462.68 200.693 460.061 201.567 458.028 203.294C455.594 205.208 452.74 206.749 451.49 209.907C450.698 211.916 449.753 213.811 449.638 216.031C449.457 219.754 449.018 223.495 450.497 227.065C451.229 228.55 451.58 230.194 451.519 231.85C451.175 231.629 450.841 231.247 450.64 231.314C450.211 231.448 450.373 231.964 450.45 232.271C450.934 234.267 450.934 236.351 450.45 238.347C450.058 240.165 451.853 240.807 452.893 241.649C455.612 243.844 458.448 245.888 461.388 247.773C465.016 250.079 468.834 252.089 472.509 254.319C476.451 256.711 480.24 259.362 484.278 261.592C486.445 262.788 488.745 263.764 490.854 265.075C490.939 265.141 491.041 265.183 491.148 265.196C491.255 265.209 491.363 265.192 491.461 265.148C491.559 265.104 491.644 265.033 491.705 264.945C491.766 264.856 491.802 264.752 491.809 264.644C491.962 263.687 493.298 262.855 491.904 261.62C491.398 261.17 491.599 259.706 491.809 258.749C492.077 257.198 492.192 255.624 492.153 254.051C492.153 253.725 491.962 253.218 492.477 253.151C492.993 253.084 493.107 253.544 493.288 253.955C493.778 255.077 493.869 256.334 493.546 257.515C493.316 258.706 493.236 259.921 493.308 261.132C493.782 261.004 494.208 260.74 494.535 260.373C494.862 260.006 495.076 259.552 495.15 259.065C496.343 255.18 497.555 251.314 498.576 247.371C499.264 244.72 499.111 241.993 499.665 239.342C500.524 235.208 499.617 230.988 500.361 226.826C500.415 225.562 500.264 224.298 499.913 223.084C499.913 223.026 499.913 222.309 499.254 222.672C497.87 223.476 497.746 222.596 497.775 221.543C497.803 220.491 497.775 219.629 497.775 218.605C497.775 217.974 497.708 217.361 498.729 217.428C499.197 217.428 499.302 217.256 499.159 216.749C498.204 213.313 497.803 209.715 495.942 205.974C495.999 208.069 496.667 209.591 496.734 211.189C496.801 212.787 495.35 213.935 495.971 215.447C496.413 216.771 496.39 218.206 495.904 219.514C495.77 220.05 495.722 220.864 494.863 220.73C493.794 220.558 494.319 219.859 494.386 219.208C494.51 217.936 494.386 216.644 494.453 215.38C494.577 213.83 494.252 212.318 495.035 210.691C495.617 209.486 494.749 207.821 494.186 206.395C493.985 205.897 493.861 205.361 493.613 204.883C493.365 204.404 493.174 204.146 493.613 203.773C494.052 203.399 494.567 203.562 495.255 204.347C494.745 202.512 493.998 200.752 493.031 199.112C492.725 198.567 492.219 198.682 491.618 198.72C489.766 198.835 488.964 197.591 489.881 196.05C490.095 195.728 490.216 195.352 490.229 194.965C490.243 194.578 490.149 194.195 489.957 193.859C487.197 187.953 482.731 183.016 477.138 179.686C475.945 178.959 474.933 177.935 473.759 177.179C473.291 176.882 472.451 176.079 472.127 177.514C471.984 178.126 471.172 178.002 470.876 177.725C469.349 176.203 466.829 175.533 466.476 172.94C466.476 172.748 466.19 172.519 465.989 172.414C463.383 171.141 460.758 169.897 458.143 168.586C457.742 168.394 457.341 168.05 456.959 168.413C456.578 168.777 457.122 169.169 457.236 169.524C457.351 169.878 457.752 170.356 457.37 170.681C456.988 171.007 456.625 170.471 456.339 170.213C455.269 169.391 453.995 168.878 452.655 168.729C452.044 168.605 451.318 168.968 451.146 168.05C450.936 166.882 451.948 167.294 452.492 167.093C452.741 166.966 452.978 166.815 453.199 166.643C450.5 165.12 447.563 164.068 444.512 163.533C441.181 162.767 437.831 162.155 434.48 161.428C433.335 161.179 432.123 161.543 431.006 160.978C430.853 160.93 430.687 160.944 430.544 161.017C430.401 161.091 430.293 161.217 430.242 161.37C429.641 163.858 427.598 162.385 426.243 162.748C426.062 162.748 425.642 162.614 425.623 162.49C425.126 159.514 422.826 161.064 421.279 160.873C418.699 160.622 416.106 161.187 413.863 162.49C413.598 162.661 413.301 162.775 412.99 162.825C412.679 162.875 412.361 162.86 412.056 162.781C411.751 162.702 411.466 162.56 411.219 162.365C410.971 162.17 410.766 161.926 410.617 161.648C410.169 160.825 409.358 161.179 408.785 161.255C406.666 161.543 404.451 161.255 403.201 163.945C402.456 165.514 400.099 165.935 398.237 166.232C397.626 166.327 397.521 165.514 397.798 164.882C397.922 164.586 398.428 164.279 398.056 163.925C397.684 163.571 397.264 163.839 396.872 164.088C396.202 164.506 395.511 164.889 394.801 165.236C394.238 165.514 394.142 165.696 394.515 166.308C395.154 167.37 394.916 168.117 393.427 168.222C392.516 168.3 391.633 168.57 390.835 169.016C390.037 169.461 389.342 170.071 388.797 170.806C388.721 170.902 388.702 171.045 388.616 171.112C388.062 171.552 387.575 172.643 386.859 172.069C386.144 171.495 386.44 170.547 387.194 169.897C387.301 169.827 387.394 169.737 387.466 169.63C387.538 169.524 387.588 169.405 387.613 169.279C387.637 169.153 387.637 169.023 387.611 168.898C387.585 168.772 387.534 168.653 387.461 168.547C386.058 169.504 384.597 170.461 383.309 171.533C380.006 174.404 377.477 177.906 374.861 181.361C373.079 183.707 371.483 186.19 370.089 188.787C369.325 190.213 370.012 191.849 369.315 193.361C368.743 194.624 369 194.72 367.55 194.844C367.387 194.844 367.177 195.17 367.13 195.371C366.175 199.198 364.266 202.749 364.008 206.73C363.941 207.83 362.93 208.586 363.197 209.849C363.436 210.959 363.14 212.108 364.037 213.16C364.81 214.069 364.495 214.615 363.245 215.122C362.853 215.285 362.911 215.553 362.853 215.83C362.042 219.811 362.853 223.744 363.111 227.706C363.254 229.725 363.388 231.744 363.588 233.754C364.18 239.783 364.953 245.802 367.569 251.362C369.341 254.951 371.677 258.23 374.489 261.075C376.617 263.314 378.698 265.62 380.827 267.85C384.645 271.898 388.95 275.506 394.477 277.563C397.184 278.662 399.946 279.62 402.752 280.434C405.812 281.345 408.945 281.985 412.116 282.348C414.436 282.53 416.889 282.032 419.151 283.257C419.934 283.687 420.258 282.625 420.964 282.587C422.481 282.417 424.014 282.462 425.518 282.721C426.816 283.018 427.57 282.903 427.56 281.41C427.56 280.108 428.219 279.974 429.364 280.309C430.09 280.52 430.958 280.692 430.977 279.352C430.977 277.439 431.579 277.094 433.535 277.649C433.841 277.761 434.166 277.806 434.49 277.783C434.363 277.303 434.097 276.872 433.724 276.545C433.352 276.218 432.891 276.009 432.4 275.946C430.74 275.566 429.108 275.077 427.512 274.482C426.043 274.015 424.725 273.162 423.694 272.013C422.937 271.29 422.022 270.756 421.022 270.453C420.334 270.147 419.81 269.687 420.172 268.941C420.535 268.194 421.318 268.156 422.081 268.558C423.093 269.094 424.181 269.515 425.212 269.955C428.485 271.299 431.867 272.359 435.32 273.123C440.198 274.424 445.267 275.496 450.373 276.462L450.354 276.491ZM468.576 198.624C468.7 199.208 469.406 199.371 470.055 199.38C470.418 199.294 471.01 199.591 471.058 198.931C471.134 197.897 470.103 198.28 469.588 197.974C469.072 197.667 468.48 198.088 468.595 198.605L468.576 198.624Z" fill="#262522"/>
<path d="M413.958 233.811C415.208 232.357 416.879 232.118 418.73 232.357C422.148 232.787 425.164 236.51 425.049 240.252C425.049 242.108 423.971 243.543 423.236 245.103C423.035 245.534 422.558 245.524 422.1 245.591C421.145 245.725 419.933 244.271 419.074 245.907C418.988 246.079 418.549 245.744 418.291 245.572C416.084 244.159 414.296 242.176 413.118 239.83C412.58 238.874 412.37 237.766 412.522 236.678C412.674 235.591 413.178 234.583 413.958 233.811ZM419.904 243.457C420.067 241.103 419.733 239.4 417.862 238.003C417.595 240.223 419.179 241.429 419.904 243.467V243.457Z" fill="#262522"/>
<path d="M439.94 170.069C438.68 170.366 436.504 168.787 436.409 171.648C436.397 171.741 436.364 171.831 436.312 171.909C436.26 171.988 436.19 172.053 436.109 172.099C436.027 172.146 435.936 172.172 435.842 172.177C435.748 172.182 435.655 172.164 435.569 172.126C434.614 171.705 433.984 172.289 433.24 172.643C431.588 173.428 429.927 174.184 428.267 174.949C427.665 175.227 426.94 175.399 426.615 174.748C426.291 174.098 426.959 173.791 427.503 173.476L431.636 171.476C431.98 171.313 432.362 171.122 432.285 170.71C432.209 170.299 431.684 170.452 431.331 170.385C430.466 170.295 429.594 170.458 428.82 170.854C428.066 171.141 427.379 171.294 427.169 170.452C427.109 170.278 427.091 170.092 427.116 169.91C427.14 169.727 427.207 169.553 427.311 169.402C427.415 169.25 427.553 169.125 427.714 169.036C427.875 168.948 428.055 168.898 428.238 168.892C429.565 168.7 430.872 168.394 432.199 168.212C432.365 168.159 432.542 168.151 432.712 168.187C432.882 168.223 433.04 168.303 433.17 168.419C433.3 168.535 433.397 168.682 433.453 168.847C433.509 169.013 433.521 169.19 433.488 169.361C433.488 169.925 433.755 170.404 434.328 170.318C434.901 170.232 436.036 170.145 436.017 169.61C435.941 167.696 437.22 168.212 438.69 168.165C439.167 168.149 439.645 168.191 440.112 168.289C441 168.528 442.021 168.94 441.678 170.05C441.334 171.16 440.513 169.935 439.94 170.069Z" fill="#262522"/>
<path d="M431.044 193.553C431.748 193.316 432.398 192.939 432.953 192.443C433.258 192.088 433.773 191.84 433.296 191.237C432.619 190.376 433.182 189.763 433.745 189.074C434.547 188.117 435.549 187.342 436.36 186.366C437.045 185.72 437.828 185.187 438.68 184.787C439.329 184.663 439.462 184.883 439.51 185.237C439.595 185.566 439.575 185.913 439.453 186.23C439.332 186.548 439.115 186.819 438.832 187.007C437.946 187.422 437.128 187.97 436.408 188.634C435.749 189.39 434.594 190.012 436.255 190.94C436.344 191.005 436.416 191.09 436.466 191.188C436.516 191.286 436.542 191.395 436.542 191.505C436.542 191.615 436.516 191.723 436.466 191.821C436.416 191.92 436.344 192.004 436.255 192.069C435.087 193.415 433.699 194.55 432.151 195.428C431.464 195.763 430.939 195.859 430.585 195.17C430.496 195.037 430.437 194.886 430.412 194.728C430.387 194.57 430.396 194.409 430.44 194.255C430.484 194.101 430.56 193.958 430.665 193.837C430.769 193.716 430.898 193.619 431.044 193.553Z" fill="#262522"/>
<path d="M468.604 207.61C466.81 208.347 465.741 211.323 466.838 212.031C468.317 212.988 467.478 213.687 467.039 214.558C466.259 215.758 465.557 217.008 464.939 218.299C464.864 218.548 464.705 218.761 464.488 218.903C464.272 219.045 464.012 219.106 463.755 219.074C463.097 217.361 464.185 216.06 464.968 214.787C465.191 214.507 465.343 214.178 465.413 213.827C465.483 213.475 465.468 213.112 465.368 212.768C464.194 209.562 464.758 207.677 467.554 206.069C468.136 205.735 469.005 205.113 469.463 205.945C469.892 206.548 469.673 207.17 468.604 207.61Z" fill="#262522"/>
<path d="M434.928 259.831C435.558 259.19 436.274 259.429 436.837 260.032C437.229 260.434 437.601 260.845 438.021 261.199C439.663 262.577 442.507 262.386 443.567 260.711C444.12 259.84 444.588 259.333 445.476 260.089C446.364 260.845 445.867 261.802 445.285 262.319C440.245 265.439 437.057 262.692 435.158 261.888C434.988 261.784 434.844 261.642 434.737 261.474C434.63 261.305 434.563 261.114 434.541 260.916C434.519 260.717 434.542 260.516 434.609 260.328C434.677 260.14 434.786 259.97 434.928 259.831Z" fill="#262522"/>
<path d="M419.131 167.992C419.351 167.992 419.627 167.772 419.818 167.83C421.324 168.169 422.871 168.285 424.41 168.174C425.106 168.174 425.927 168.117 425.937 169.055C425.937 170.136 424.982 169.916 424.305 170.012C422.873 170.232 421.536 169.275 420.105 169.744C420.601 172.174 418.74 173.945 416 173.658C415.571 173.658 415.113 173.715 415.046 173.055C414.979 172.394 415.218 172.241 415.876 172.165C417.27 171.992 418.072 170.997 418.854 169.973C418.387 169.303 416.945 170.04 417.193 168.959C417.339 168.586 417.619 168.28 417.977 168.102C418.335 167.923 418.746 167.884 419.131 167.992Z" fill="#262522"/>
<path d="M412.47 220.012C411.993 220.309 411.811 219.85 411.62 219.61C409.864 217.448 409.416 214.826 408.566 212.05C409.788 210.538 409.339 208.625 409.454 206.797C409.454 206.395 409.778 206.29 410.103 206.376C410.335 206.451 410.536 206.6 410.676 206.8C410.815 207.001 410.886 207.242 410.876 207.486C411.036 208.915 411.294 210.332 411.649 211.725C411.773 212.366 411.926 213.342 411.582 213.639C410.217 214.95 411.324 216.031 411.668 217.199C411.868 217.888 412.47 218.424 412.47 219.189C412.479 219.486 412.909 219.763 412.47 220.012Z" fill="#262522"/>
<path d="M464.224 178.519C463.378 177.679 462.413 176.969 461.36 176.414C459.155 175.185 456.857 174.133 454.488 173.265C454.125 173.16 453.867 172.873 453.829 172.203C454.096 171.638 454.488 171.246 455.423 171.725C457.8 173.036 460.301 174.117 462.801 175.189C463.82 175.733 464.744 176.438 465.541 177.275C465.668 177.385 465.772 177.52 465.846 177.672C465.919 177.824 465.96 177.989 465.968 178.158C465.975 178.326 465.947 178.495 465.887 178.652C465.827 178.81 465.735 178.953 465.617 179.074C465.15 179.495 464.634 178.892 464.224 178.519Z" fill="#262522"/>
<path d="M447.185 177.581C446.336 176.624 444.847 176.509 444.188 175.61C443.915 175.201 443.503 174.905 443.03 174.777C442.556 174.649 442.052 174.696 441.611 174.911C440.916 175.056 440.21 175.136 439.501 175.15C439.228 175.175 438.953 175.175 438.68 175.15C438.165 175.045 437.344 175.524 437.287 174.48C437.229 173.437 438.05 173.839 438.575 173.677C440.322 173.141 442.241 173.39 443.902 172.519C444.15 172.385 444.446 172.308 444.512 172.519C444.999 174.28 446.756 174.777 447.93 175.839C448.121 176.041 448.228 176.308 448.228 176.586C448.228 176.864 448.121 177.131 447.93 177.332C447.777 177.591 447.452 177.878 447.185 177.581Z" fill="#262522"/>
<path d="M455.433 185.954C455.137 185.438 455.433 184.854 456.072 185.112C457.504 185.639 459.442 186.136 459.89 187.352C460.768 189.533 462.458 189.782 464.281 190.222C465.411 190.597 466.427 191.256 467.231 192.136C467.429 192.413 467.511 192.757 467.46 193.093C467.46 193.237 467.116 193.371 466.916 193.524C466.331 192.95 465.665 192.466 464.94 192.088C462.401 191.045 459.461 190.643 457.991 187.887C457.829 187.581 457.284 187.419 456.893 187.265C456.271 187.009 455.755 186.547 455.433 185.954Z" fill="#262522"/>
<path d="M463.726 185.629C463.459 185.734 462.905 185.179 462.514 184.892C462.123 184.605 461.913 184.318 461.407 184.299C460.901 184.28 459.851 184.155 459.985 183.342C460.118 182.528 460.939 182.27 461.808 182.385C462.169 182.427 462.523 182.52 462.858 182.662C465.101 184.04 467.793 184.452 470.007 185.906C470.675 186.347 471.439 186.71 471.038 187.533C470.561 188.49 469.749 187.792 469.129 187.533C467.392 186.854 466.179 184.71 463.726 185.629Z" fill="#262522"/>
<path d="M473.998 191.371C475.564 192.557 477.005 193.935 478.923 194.586C480.842 195.237 481.176 196.959 481.978 198.414C482.036 198.525 482.069 198.647 482.076 198.772C482.083 198.897 482.063 199.023 482.018 199.139C481.973 199.256 481.904 199.362 481.814 199.45C481.725 199.538 481.618 199.605 481.501 199.648C480.861 199.888 480.708 199.371 480.546 198.892C479.973 197.543 479.21 196.146 477.74 195.744C475.831 195.218 474.619 193.83 473.13 192.787C472.935 192.681 472.764 192.538 472.627 192.364C472.489 192.191 472.387 191.992 472.327 191.779C472.268 191.566 472.252 191.343 472.279 191.123C472.307 190.903 472.379 190.691 472.49 190.5C473.009 190.761 473.513 191.052 473.998 191.371Z" fill="#262522"/>
<path d="M371.1 231.486C371.255 232.243 371.482 232.983 371.778 233.697C371.778 233.878 372.045 234.472 371.778 234.424C371.336 234.359 370.904 234.244 370.489 234.079C370.489 232.558 367.989 231.4 369.773 229.601C369.842 229.473 369.878 229.33 369.878 229.185C369.878 229.039 369.842 228.896 369.773 228.768C368.498 226.479 367.342 224.125 366.309 221.716C366.07 221.237 365.431 220.759 366.061 220.347C366.691 219.936 367.015 220.586 367.464 220.95C367.783 221.303 368.009 221.731 368.122 222.194C369.334 225.237 370.966 228.118 371.1 231.486Z" fill="#262522"/>
<path d="M476.164 189.705C475.639 189.399 475.038 188.949 475.314 188.251C475.591 187.552 476.183 187.428 476.851 187.859C476.974 187.957 477.127 188.011 477.285 188.011C477.443 188.011 477.596 187.957 477.72 187.859C478.101 187.495 477.634 187.198 477.49 186.902C476.97 185.87 476.106 185.054 475.047 184.595C474.93 184.552 474.824 184.484 474.736 184.395C474.648 184.306 474.581 184.199 474.539 184.081C474.497 183.964 474.481 183.838 474.493 183.713C474.505 183.589 474.544 183.469 474.608 183.361C474.708 183.164 474.873 183.008 475.075 182.919C475.277 182.83 475.503 182.813 475.715 182.873C476.956 183.083 479.771 186.375 479.771 187.61C479.724 189.801 478.073 190.796 476.164 189.705Z" fill="#262522"/>
<path d="M412.192 174.433C411.358 174.657 410.615 175.135 410.064 175.801C408.737 177.103 407.201 178.222 406.666 180.127C406.587 180.401 406.413 180.638 406.175 180.796C405.937 180.954 405.651 181.022 405.368 180.988C404.681 180.902 405.015 180.337 404.929 180.031C404.901 179.643 405.009 179.257 405.234 178.94C406.354 177.087 407.74 175.411 409.348 173.964C409.992 173.404 410.728 172.96 411.524 172.653C411.658 172.568 411.809 172.514 411.966 172.494C412.123 172.474 412.283 172.489 412.434 172.537C412.585 172.586 412.723 172.666 412.84 172.774C412.956 172.882 413.048 173.013 413.108 173.16C413.366 173.878 412.975 174.261 412.192 174.433Z" fill="#262522"/>
<path d="M430.862 179.61C431.406 179.38 431.96 179.323 431.988 178.653C432.046 177.074 433.277 177.141 434.155 176.988C435.024 176.988 435.883 176.796 436.064 177.677C436.303 178.739 435.215 178.825 434.623 178.93C433.392 179.16 432.198 179.217 432.218 180.844C432.218 181.007 431.778 181.275 431.521 181.332C430.175 181.6 429.364 182.662 428.285 183.332C427.846 183.61 427.617 184.519 426.939 183.83C426.462 183.342 426.634 182.72 427.14 182.232C428.201 181.127 429.465 180.237 430.862 179.61Z" fill="#262522"/>
<path d="M371.091 216.892C370.461 217.132 370.137 216.663 369.917 216.069C369.447 214.656 369.127 213.196 368.963 211.715C368.457 209.266 368.486 206.73 367.741 204.404C367.665 203.964 367.856 203.658 368.142 203.591C368.648 203.476 369.001 203.974 369.096 204.27C369.45 205.715 369.688 207.141 369.975 208.653C370.423 210.988 370.394 213.438 371.196 215.687C371.311 216.127 371.778 216.634 371.091 216.892Z" fill="#262522"/>
<path d="M415.076 191.007C415.276 189.189 417.338 188.605 417.863 187.007C417.863 186.921 418.197 186.921 418.34 186.883C418.769 186.959 419.39 186.787 419.075 187.543C418.569 188.739 418.473 190.596 417.824 191.093C416.316 192.251 415.82 193.801 414.961 195.227C414.878 195.329 414.774 195.412 414.657 195.471C414.54 195.531 414.412 195.566 414.281 195.573C414.15 195.581 414.018 195.562 413.895 195.516C413.772 195.471 413.659 195.4 413.565 195.309C413.47 195.218 413.395 195.108 413.344 194.987C413.294 194.865 413.269 194.735 413.271 194.603C413.273 194.471 413.302 194.342 413.356 194.222C413.411 194.102 413.489 193.995 413.587 193.907C414.06 193.59 414.445 193.157 414.706 192.65C414.966 192.143 415.094 191.577 415.076 191.007Z" fill="#262522"/>
<path d="M439.836 196.27C439.359 196.78 438.775 197.179 438.128 197.438C438.023 197.436 437.92 197.405 437.833 197.347C437.745 197.29 437.675 197.208 437.631 197.113C437.492 196.885 437.437 196.616 437.475 196.352C437.513 196.088 437.643 195.846 437.841 195.668C439.537 193.556 441.76 191.932 444.284 190.959C444.685 190.825 445.467 190.156 445.839 191.093C446.126 191.83 445.62 192.146 444.98 192.423C442.99 193.286 441.229 194.604 439.836 196.27Z" fill="#262522"/>
<path d="M441.067 206.519C440.875 206.366 440.736 206.156 440.669 205.919C440.602 205.682 440.611 205.43 440.694 205.199C440.78 204.701 447.07 199.763 447.633 199.734C447.809 199.722 447.985 199.767 448.133 199.864C448.281 199.961 448.394 200.104 448.454 200.27C448.509 200.364 448.545 200.468 448.559 200.576C448.573 200.684 448.565 200.793 448.535 200.898C448.506 201.002 448.456 201.1 448.387 201.185C448.319 201.269 448.235 201.339 448.139 201.39C445.877 202.758 444.188 204.816 442.012 206.29C441.716 206.491 441.544 206.797 441.067 206.519Z" fill="#262522"/>
<path d="M418.789 202.577C418.388 202.519 418.551 202.088 418.426 201.849C418.191 201.514 418.074 201.11 418.092 200.701C418.116 200.331 418.193 199.967 418.322 199.62C418.866 197.706 420.326 196.242 421.309 194.548C421.748 193.801 422.397 193.198 423.218 193.639C424.392 194.289 423.323 194.998 422.941 195.553C421.538 197.533 419.486 199.151 419.448 201.868C419.419 202.012 419.295 202.644 418.789 202.577Z" fill="#262522"/>
<path d="M416.325 182.155C416.955 182.749 416.545 183.457 415.943 184.069C414.264 185.686 412.126 186.835 410.694 188.691C410.553 188.85 410.358 188.952 410.147 188.976C409.936 189.001 409.723 188.947 409.549 188.825C409.272 188.634 409.033 188.538 409.062 188.251C409.062 187.677 409.463 187.438 409.768 187.16C411.4 185.677 413.042 184.203 414.674 182.72C415.161 182.251 415.772 181.591 416.325 182.155Z" fill="#262522"/>
<path d="M402.075 218.711C403.754 220.902 404.728 223.582 406.961 225.409C407.171 225.572 407.524 225.754 407.343 226.118C407.162 226.481 406.913 226.539 406.389 226.491C406.042 226.397 405.717 226.234 405.434 226.012C403.534 224.017 401.889 221.793 400.538 219.39C400.473 219.284 400.432 219.164 400.42 219.04C400.408 218.916 400.424 218.79 400.467 218.673C400.51 218.556 400.58 218.45 400.67 218.364C400.76 218.278 400.868 218.213 400.987 218.175C401.55 217.878 401.741 218.28 402.075 218.711Z" fill="#262522"/>
<path d="M433.126 222.318C432.759 220.59 432.633 218.818 432.753 217.055V212.94C432.753 212.414 432.916 211.897 433.527 211.916C434.137 211.936 434.271 212.452 434.252 212.979C434.233 213.505 434.252 213.83 434.252 214.251C434.252 216.902 433.775 219.572 434.595 222.204C434.7 222.539 434.805 223.161 434.128 223.161C433.45 223.161 433.288 222.854 433.126 222.318Z" fill="#262522"/>
<path d="M426.272 166.002C423.732 165.538 421.159 165.282 418.578 165.236C418.034 165.236 417.48 165.122 417.461 164.557C417.461 163.849 418.091 163.878 418.654 163.744C419.428 163.562 420.019 164.059 420.783 164.012C422.617 163.928 424.455 163.985 426.281 164.184C426.987 164.26 428.009 164.49 427.866 165.571C427.722 166.653 426.863 165.878 426.272 166.002Z" fill="#262522"/>
<path d="M458.382 239.103C458.707 239.735 458.917 240.271 458.211 240.663C458.057 240.746 457.886 240.791 457.712 240.796C457.538 240.8 457.365 240.764 457.207 240.689C457.05 240.615 456.911 240.505 456.804 240.367C456.696 240.23 456.622 240.069 456.588 239.897C456.044 238.271 454.736 236.807 455.319 235.199C455.319 234.539 455.319 234.175 455.319 233.811C455.319 233.17 455.099 232.165 455.93 232.137C456.76 232.108 456.808 233.094 456.827 233.811C456.93 235.672 457.462 237.484 458.382 239.103Z" fill="#262522"/>
<path d="M400.099 169.725C399.545 170.088 399.144 169.897 399.001 169.457C398.829 168.844 399.335 168.691 399.851 168.5C402.953 167.591 406.026 166.586 408.508 164.461C408.871 164.146 409.31 163.906 409.634 164.27C409.716 164.36 409.777 164.466 409.815 164.581C409.853 164.696 409.867 164.818 409.855 164.939C409.843 165.059 409.807 165.176 409.747 165.282C409.688 165.388 409.607 165.48 409.51 165.552C406.838 168.04 403.21 168.442 400.099 169.725Z" fill="#262522"/>
<path d="M424.258 190.978C423.504 191.619 423.189 191.045 422.941 190.328C423.142 189.935 423.237 189.313 423.581 189.112C425.327 188.155 426.377 186.471 427.847 185.237C428.238 184.911 428.677 184.433 429.126 184.777C429.574 185.122 429.441 185.734 429.126 186.251C427.741 188.055 426.101 189.648 424.258 190.978Z" fill="#262522"/>
<path d="M381.352 244.874C382.831 245.831 384.282 246.787 385.78 247.744C386.248 248.041 386.611 248.347 386.429 248.893C386.248 249.438 385.695 249.189 385.303 249.209C383.862 249.285 382.917 248.252 382.001 247.467C380.542 246.483 379.419 245.073 378.785 243.429C380.273 243.409 380.627 244.395 381.352 244.874Z" fill="#262522"/>
<path d="M441.543 215.869C441.595 215.596 441.741 215.35 441.956 215.175C442.171 215 442.44 214.907 442.717 214.912C443.366 215.026 443.357 215.763 443.204 216.299C442.498 218.749 441.725 221.189 441.009 223.639C440.885 224.05 440.847 224.596 440.312 224.443C439.778 224.29 439.844 223.792 439.892 223.361C440.248 220.825 440.8 218.32 441.543 215.869Z" fill="#262522"/>
<path d="M439.453 178.921C439.787 178.576 439.931 178.098 440.685 178.098C441.104 178.356 441.515 178.49 441.133 179.39C440.284 181.37 438.537 182.385 436.915 183.533C436.791 183.647 436.642 183.73 436.48 183.776C436.319 183.822 436.149 183.83 435.984 183.798C435.819 183.766 435.663 183.697 435.53 183.594C435.397 183.492 435.289 183.359 435.216 183.208C435.155 183.027 435.134 182.835 435.154 182.645C435.174 182.455 435.235 182.272 435.331 182.108C435.428 181.943 435.559 181.802 435.716 181.693C435.872 181.584 436.05 181.51 436.237 181.476C437.879 181.198 438.499 179.878 439.453 178.921Z" fill="#262522"/>
<path d="M400.624 173.744C400.676 173.8 400.714 173.868 400.734 173.942C400.754 174.016 400.757 174.094 400.741 174.169C400.725 174.244 400.691 174.314 400.643 174.373C400.594 174.432 400.532 174.479 400.461 174.509C398.785 175.526 397.357 176.906 396.281 178.548C395.976 178.969 395.184 179.504 394.659 179.083C393.991 178.595 394.411 177.811 394.802 177.303C395.865 175.955 397.097 174.749 398.467 173.715C398.76 173.534 399.083 173.408 399.421 173.342C400.061 173.303 400.376 173.418 400.624 173.744Z" fill="#262522"/>
<path d="M497.527 228.95C498.166 229.084 498.214 229.505 498.214 230.022C498.207 232.461 497.886 234.889 497.26 237.247C496.458 236.778 495.838 236.452 495.933 235.754C496.219 233.754 496.086 231.706 496.639 229.725C496.811 229.256 496.821 228.806 497.527 228.95Z" fill="#262522"/>
<path d="M486.665 200.213C486.848 200.093 487.071 200.049 487.286 200.09C487.501 200.131 487.692 200.254 487.82 200.433C489.158 202.036 490.115 203.925 490.616 205.955C490.807 206.644 490.301 207.256 489.662 207.792C489.452 207.534 489.213 207.361 489.165 207.151C488.569 204.977 487.6 202.924 486.302 201.084C486.016 200.663 486.407 200.404 486.665 200.213Z" fill="#262522"/>
<path d="M426.597 181.141C426.988 181.811 426.205 181.801 425.929 181.935C423.934 182.959 421.519 182.978 419.696 184.414C419.64 184.468 419.571 184.507 419.495 184.526C419.419 184.544 419.339 184.542 419.264 184.52C419.189 184.498 419.122 184.455 419.069 184.398C419.015 184.341 418.978 184.27 418.961 184.194C418.761 183.677 418.646 183.055 419.21 182.691C421.118 181.495 423.466 181.332 425.308 180.26C425.582 180.277 425.847 180.367 426.074 180.522C426.301 180.677 426.481 180.891 426.597 181.141Z" fill="#262522"/>
<path d="M406.084 218.481C404.891 216.567 404.548 214.357 403.822 212.146C403.975 211.878 404.089 211.352 404.404 211.189C404.863 210.95 405.235 211.467 405.416 211.801C406.561 213.869 406.695 216.261 407.525 218.433C407.592 218.605 407.43 219.046 407.334 219.055C407.093 219.085 406.849 219.048 406.628 218.946C406.407 218.845 406.219 218.684 406.084 218.481Z" fill="#262522"/>
<path d="M387.871 252.3C388.435 252.517 388.986 252.767 389.522 253.046C391.746 254.73 394.066 256.29 396.337 257.917C396.662 258.147 397.511 258.07 397.139 258.778C396.767 259.486 396.127 258.893 395.717 258.702C392.853 257.333 390.667 254.874 387.775 253.553C387.601 253.484 387.454 253.357 387.361 253.194C387.267 253.03 387.232 252.84 387.26 252.654C387.317 252.29 387.508 252.07 387.871 252.3Z" fill="#262522"/>
<path d="M396.605 212.538C396.701 212.864 396.796 213.38 396.414 213.495C396.032 213.61 395.727 213.199 395.46 212.825C394.62 211.476 394.601 209.868 393.971 208.443C393.513 207.409 393.188 206.318 392.816 205.304C392.969 204.825 392.558 204.155 393.37 204.098C393.961 204.098 394.209 204.433 394.324 204.978C395.116 207.543 395.889 210.05 396.605 212.538Z" fill="#262522"/>
<path d="M480.851 192.557C480.288 192.146 480.717 191.706 480.908 191.285C481.099 190.863 481.49 190.892 481.863 191.007C483.256 191.486 485.862 195.868 485.68 197.82C483.609 196.108 482.702 193.916 480.851 192.557Z" fill="#262522"/>
<path d="M387.643 180.959C387.519 181.533 387.442 182.194 386.746 182.031C386.192 181.907 385.686 181.39 385.791 180.289C386.288 178.519 387.757 176.911 389.074 175.227C389.237 175.016 389.895 175.045 390.277 175.371C390.659 175.696 390.325 176.232 390.153 176.452C388.989 177.746 388.131 179.287 387.643 180.959Z" fill="#262522"/>
<path d="M406.227 240.845C406.523 240.395 406.867 240.663 407.182 240.788C409.925 241.942 412.477 243.507 414.751 245.429C414.894 245.537 414.998 245.689 415.048 245.861C415.098 246.034 415.091 246.218 415.028 246.386C415.028 246.51 414.742 246.568 414.608 246.654C414.474 246.74 414.169 246.606 414.045 246.491C411.821 244.462 409.11 243.17 406.514 241.706C406.18 241.572 405.922 241.247 406.227 240.845Z" fill="#262522"/>
<path d="M410.694 169.954C409.167 171.035 407.63 172.098 406.046 173.093C405.492 173.447 404.748 173.696 404.519 172.614C404.576 172.385 404.519 172.05 404.7 171.935C406.418 170.701 408.145 169.485 409.911 168.318C410.503 167.925 410.865 168.567 411.066 168.911C411.266 169.256 410.999 169.724 410.694 169.954Z" fill="#262522"/>
<path d="M404.212 202.165C404.27 201.457 404.489 200.586 405.472 200.452C406.312 200.586 406.064 201.208 406.026 201.601C405.825 203.247 405.52 204.883 405.3 206.529C405.234 207.017 404.881 207.247 404.594 207.553C404.308 207.859 403.84 208.366 403.334 208.07C403.116 207.901 402.972 207.653 402.935 207.379C402.897 207.105 402.969 206.827 403.134 206.605C404.088 205.237 404.098 203.725 404.212 202.165Z" fill="#262522"/>
<path d="M493.679 242.95C493.851 242.472 493.25 241.543 494.338 241.582C495.426 241.62 495.197 242.443 495.197 243.496C494.653 244.883 494.452 246.788 493.526 248.481C493.25 248.979 492.982 249.505 492.286 249.065C491.589 248.625 491.809 248.242 492.038 247.649C492.639 246.118 493.087 244.52 493.679 242.95Z" fill="#262522"/>
<path d="M423.867 217.974C423.699 218.064 423.504 218.09 423.318 218.048C423.132 218.006 422.968 217.898 422.855 217.744C422.502 217.333 421.9 217.093 421.9 216.471C421.684 214.513 421.471 212.554 421.261 210.596C421.227 210.511 421.21 210.419 421.213 210.327C421.216 210.236 421.238 210.145 421.277 210.062C421.317 209.98 421.373 209.906 421.443 209.846C421.512 209.786 421.593 209.742 421.681 209.715C422.235 209.466 422.168 210.088 422.416 210.289C422.646 210.487 422.822 210.74 422.928 211.024C423.033 211.309 423.064 211.616 423.017 211.916C422.888 213.661 423.217 215.41 423.972 216.988C424.134 217.323 424.21 217.763 423.867 217.974Z" fill="#262522"/>
<path d="M385.59 240.797C385.332 240.532 385.151 240.201 385.066 239.84C384.975 239.644 384.961 239.422 385.026 239.216C385.092 239.011 385.232 238.837 385.419 238.73C385.848 238.424 386.115 238.73 386.373 238.998C388.333 241.186 390.286 243.378 392.233 245.572L391.832 245.945C389.399 244.663 387.843 242.319 385.59 240.797Z" fill="#262522"/>
<path d="M469.617 267.343C469.76 266.692 470.161 266.386 470.801 266.52C471.44 266.654 471.545 267.247 471.497 267.754C471.497 269.247 469.245 271.515 467.766 271.582C467.384 271.582 466.811 271.821 466.658 271.238C466.602 271.016 466.612 270.783 466.686 270.567C466.761 270.351 466.897 270.161 467.078 270.022C467.937 269.142 469.312 268.702 469.617 267.343Z" fill="#262522"/>
<path d="M401.063 225.103C401.261 225.025 401.476 225 401.686 225.03C401.897 225.06 402.097 225.145 402.265 225.275C403.571 226.293 404.805 227.399 405.959 228.586C406.741 229.543 407.686 230.309 408.469 231.247C408.595 231.374 408.665 231.546 408.665 231.725C408.665 231.904 408.595 232.076 408.469 232.204C408.173 232.481 407.915 232.204 407.696 231.964L401.253 226.06C401.072 225.897 400.929 225.706 400.728 225.476C400.881 225.352 400.948 225.132 401.063 225.103Z" fill="#262522"/>
<path d="M375.301 214.605C375.604 214.568 375.91 214.637 376.168 214.801C376.425 214.965 376.618 215.214 376.713 215.505C377.486 217.419 377.763 219.524 379.223 221.17C379.462 221.438 379.538 222.003 378.87 222.06C378.231 221.744 377.534 221.515 377.21 220.883C376.408 219.275 375.625 217.658 374.909 216.012C374.728 215.515 374.661 214.739 375.301 214.605Z" fill="#262522"/>
<path d="M385.017 216.452C385.539 216.877 385.968 217.404 386.277 218.002C387.022 219.639 387.862 221.237 388.568 222.883C388.73 223.285 389.599 223.84 388.806 224.213C388.014 224.586 387.528 223.897 387.375 223.361C386.917 221.763 385.743 220.567 385.103 219.074C384.736 218.35 384.318 217.653 383.853 216.988C383.963 216.8 384.088 216.621 384.225 216.452C384.274 216.394 384.334 216.347 384.403 216.315C384.471 216.283 384.546 216.266 384.621 216.266C384.697 216.266 384.772 216.283 384.84 216.315C384.909 216.347 384.969 216.394 385.017 216.452Z" fill="#262522"/>
<path d="M485.327 247.553C485.089 247.993 484.716 248.653 484.077 248.395C483.437 248.137 483.437 247.438 483.638 246.807C484.161 245.666 484.508 244.453 484.669 243.208C484.669 242.5 484.716 241.582 485.671 241.591C486.625 241.601 486.482 242.548 486.549 243.505C486.345 244.908 485.933 246.272 485.327 247.553Z" fill="#262522"/>
<path d="M380.293 194.969C381.18 195.16 380.875 195.792 380.732 196.261C380.197 198.021 379.3 199.725 380.025 201.371C380.149 202.222 380.083 202.873 379.405 202.94C378.727 203.007 378.737 202.309 378.556 201.792C377.802 199.696 378.718 197.782 379.1 195.821C379.11 195.681 379.152 195.545 379.22 195.423C379.289 195.302 379.384 195.196 379.498 195.115C379.611 195.034 379.742 194.979 379.879 194.953C380.016 194.928 380.158 194.933 380.293 194.969Z" fill="#262522"/>
<path d="M380.321 191.486C380.321 191.744 380.168 192.443 379.548 192.27C379.341 192.2 379.168 192.055 379.063 191.864C378.957 191.673 378.926 191.45 378.975 191.237C379.328 188.892 380.779 187.026 381.838 184.997C381.909 184.892 382 184.803 382.106 184.733C382.212 184.664 382.33 184.616 382.454 184.593C382.579 184.57 382.706 184.572 382.83 184.598C382.954 184.625 383.071 184.676 383.174 184.749C383.738 185.093 383.27 185.514 383.089 185.964C382.363 187.916 380.636 189.371 380.321 191.486Z" fill="#262522"/>
<path d="M447.653 185.237C446.623 186.261 445.697 187.342 444.79 188.423C444.301 188.818 443.758 189.14 443.177 189.38C443.005 189.218 442.786 189.093 442.69 188.911C442.604 188.718 442.585 188.501 442.635 188.295C442.685 188.088 442.802 187.905 442.967 187.773C444.151 186.529 445.315 185.269 446.46 183.993C446.909 183.495 447.415 183.103 447.987 183.639C448.56 184.175 447.997 184.892 447.653 185.237Z" fill="#262522"/>
<path d="M417.577 175.916C419.041 175.292 420.558 174.802 422.11 174.452C422.874 174.385 423.427 174.452 423.513 174.873C423.538 174.989 423.539 175.108 423.517 175.225C423.495 175.341 423.449 175.452 423.383 175.55C423.318 175.648 423.232 175.732 423.133 175.797C423.034 175.861 422.923 175.905 422.807 175.926C421.302 176.309 419.861 176.912 418.531 177.715C418.025 177.993 417.348 178.385 417.033 177.476C416.966 177.338 416.928 177.188 416.919 177.034C416.91 176.881 416.932 176.728 416.982 176.583C417.033 176.438 417.111 176.304 417.213 176.19C417.315 176.076 417.439 175.983 417.577 175.916Z" fill="#262522"/>
<path d="M458.343 228.117C458.496 227.601 457.904 226.672 458.773 226.625C459.46 226.625 459.727 227.515 459.794 228.146C459.945 229.808 460.264 231.449 460.748 233.046C460.92 233.668 460.997 234.28 460.414 234.376C460.111 234.421 459.803 234.346 459.554 234.168C459.305 233.989 459.134 233.721 459.078 233.419C458.868 231.821 458.181 230.309 458.305 228.634C458.294 228.461 458.307 228.287 458.343 228.117Z" fill="#262522"/>
<path d="M384.96 227.639C385.647 227.476 386.001 227.974 386.325 228.395C387.547 230.031 388.32 231.974 389.923 233.352C390.286 233.668 390.458 234.118 390.047 234.443C389.637 234.768 389.246 234.519 388.911 234.175C388.162 233.538 387.466 232.84 386.831 232.089C385.972 230.864 385.313 229.524 384.636 228.347C384.617 227.945 384.655 227.706 384.96 227.639Z" fill="#262522"/>
<path d="M399.296 191.141C399.687 191.457 399.84 191.954 399.506 192.261C398.122 193.524 397.597 195.294 396.643 196.787C396.404 197.151 396.29 197.524 395.688 197.227C395.287 197.036 395.097 196.844 395.192 196.05C395.919 194.279 396.906 192.628 398.122 191.151C398.196 191.068 398.286 191.001 398.386 190.956C398.487 190.91 398.596 190.886 398.707 190.885C398.817 190.884 398.927 190.906 399.028 190.95C399.13 190.995 399.221 191.06 399.296 191.141Z" fill="#262522"/>
<path d="M377.19 183.61C377.146 183.745 377.075 183.869 376.982 183.975C376.888 184.082 376.774 184.168 376.646 184.228C376.518 184.288 376.379 184.321 376.238 184.325C376.097 184.329 375.956 184.304 375.825 184.251C375.138 183.945 375.138 183.437 375.434 182.748C376.034 181.302 377.025 180.052 378.297 179.141C378.747 178.709 379.262 178.35 379.824 178.079C379.927 178.157 380.013 178.256 380.077 178.368C380.14 178.481 380.181 178.606 380.195 178.735C380.209 178.864 380.197 178.994 380.16 179.118C380.122 179.242 380.06 179.357 379.977 179.457C378.713 180.583 377.754 182.012 377.19 183.61Z" fill="#262522"/>
<path d="M385.418 196.49C386.01 196.739 385.819 197.447 385.695 197.773C385.162 199.052 384.917 200.435 384.979 201.82C385.027 202.404 385.122 203.218 384.321 203.294C383.519 203.371 383.414 202.442 383.156 201.887C383.079 201.573 383.079 201.245 383.156 200.931C383.004 199.447 383.71 198.328 384.111 197.151C384.2 196.891 384.387 196.678 384.631 196.554C384.875 196.431 385.158 196.408 385.418 196.49Z" fill="#262522"/>
<path d="M391.078 225.113C391.38 225.158 391.663 225.287 391.895 225.485C392.128 225.682 392.301 225.941 392.395 226.232C393.148 228.068 394.161 229.786 395.402 231.333C395.612 231.591 396.117 231.84 395.736 232.213C395.354 232.586 394.934 232.347 394.59 232.012C393.165 230.603 391.915 229.025 390.868 227.314C390.688 226.925 390.606 226.498 390.63 226.07C390.735 225.735 390.381 225.055 391.078 225.113Z" fill="#262522"/>
<path d="M374.06 241.955C374.52 242.124 374.915 242.435 375.186 242.845C376.373 245.318 377.909 247.606 379.748 249.639C379.424 250.012 379.052 250.06 378.794 249.888C376.217 247.974 374.909 245.103 373.401 242.443C373.134 241.936 373.774 241.821 374.06 241.955Z" fill="#262522"/>
<path d="M473.768 266.041C473.959 265.726 474.159 265.362 474.589 265.448C474.769 265.478 474.933 265.571 475.05 265.712C475.168 265.852 475.231 266.03 475.228 266.214C475.228 267.726 475.295 269.238 475.228 270.75C475.219 270.919 475.175 271.085 475.1 271.237C475.026 271.389 474.921 271.525 474.793 271.636C474.664 271.746 474.515 271.83 474.354 271.882C474.193 271.933 474.023 271.952 473.854 271.936C473.157 271.936 472.986 271.362 473.033 270.606C473.911 269.285 472.861 267.515 473.768 266.041Z" fill="#262522"/>
<path d="M403.946 195.017C404.984 193.679 405.619 192.072 405.779 190.385C405.779 190.107 406.466 189.572 406.647 189.639C407.144 189.83 407.707 190.251 407.525 190.873C406.972 192.787 406.571 194.844 404.863 196.28C404.662 196.452 404.49 196.806 404.109 196.519C403.727 196.232 403.784 196.021 403.803 195.485C403.816 195.321 403.865 195.161 403.946 195.017Z" fill="#262522"/>
<path d="M450.077 202.653C450.852 202.111 451.482 201.384 451.909 200.538C452.119 200.146 452.329 199.648 452.797 199.801C453.079 199.888 453.329 200.058 453.514 200.288C453.7 200.518 453.812 200.798 453.837 201.093C453.306 202.348 452.501 203.466 451.48 204.366C451.022 204.749 450.525 205.495 449.848 204.758C449.687 204.624 449.563 204.452 449.485 204.258C449.407 204.063 449.378 203.853 449.4 203.644C449.423 203.436 449.497 203.237 449.615 203.064C449.733 202.891 449.891 202.75 450.077 202.653Z" fill="#262522"/>
<path d="M391.499 200.27C391.165 200.586 390.955 200.94 390.545 200.768C390.423 200.737 390.308 200.681 390.21 200.602C390.111 200.524 390.031 200.425 389.974 200.312C389.917 200.2 389.885 200.076 389.879 199.95C389.874 199.824 389.896 199.698 389.944 199.581C390.527 198.039 391.265 196.561 392.148 195.17C392.348 194.957 392.568 194.764 392.807 194.596C393.57 194.758 393.923 195.371 393.628 195.811C392.664 197.227 392.797 199.036 391.499 200.27Z" fill="#262522"/>
<path d="M372.562 210.069C372.562 210.29 372.619 210.625 372.266 210.625C372.15 210.622 372.035 210.595 371.93 210.545C371.825 210.496 371.731 210.425 371.655 210.337C371.264 209.801 371.053 209.155 371.054 208.491C371.12 206.577 370.882 204.663 371.731 202.548C372.361 203.046 373.125 203.342 372.934 204.136C372.606 206.096 372.482 208.084 372.562 210.069Z" fill="#262522"/>
<path d="M388.932 191.926C388.932 189.505 390.048 187.466 391.27 185.485C391.395 185.363 391.546 185.27 391.711 185.213C391.875 185.155 392.051 185.134 392.225 185.151C392.578 185.151 392.549 185.677 392.463 185.916C391.7 188.127 391.137 190.452 388.932 191.926Z" fill="#262522"/>
<path d="M398.476 225.802C397.436 225.352 393.399 220.653 392.941 219.562C392.884 219.461 392.849 219.349 392.837 219.233C392.826 219.117 392.839 219.001 392.875 218.89C392.91 218.779 392.969 218.678 393.046 218.591C393.123 218.504 393.217 218.434 393.322 218.385C395.804 220.194 397.293 222.577 398.476 225.802Z" fill="#262522"/>
<path d="M400.767 198.184C400.624 199.926 399.45 201.208 398.667 202.663C398.568 202.816 398.418 202.931 398.245 202.986C398.071 203.042 397.883 203.036 397.713 202.969C397.523 202.915 397.357 202.799 397.241 202.64C397.125 202.48 397.066 202.286 397.073 202.089C397.073 201.811 397.264 201.6 397.446 201.352C398.179 200.249 398.766 199.056 399.192 197.801C399.355 197.352 399.259 196.557 400.147 196.844C400.767 197.036 400.815 197.6 400.767 198.184Z" fill="#262522"/>
<path d="M486.893 236.673C486.588 234.548 487.065 232.433 487.036 230.309C487.036 230.165 487.361 229.926 487.571 229.878C487.981 229.783 488 230.184 488.153 230.433C488.745 231.39 488.258 232.452 488.458 233.448C488.258 234.51 488.735 235.61 488.115 236.644C487.914 236.969 488.115 237.534 487.418 237.476C486.721 237.419 486.941 237.017 486.893 236.673Z" fill="#262522"/>
<path d="M483.991 187.84C484.106 187.514 484.478 187.131 484.793 187.61C485.967 189.39 487.608 190.959 487.656 193.17C487.541 193.82 487.895 194.701 487.055 194.73C486.482 194.73 486.1 194.079 486.1 193.361C486.1 191.773 485.041 190.596 484.258 189.342C484.098 189.131 483.991 188.884 483.944 188.623C483.898 188.362 483.914 188.093 483.991 187.84Z" fill="#262522"/>
<path d="M416.803 214.519C417.586 214.519 417.691 215.734 417.757 216.557C417.757 216.797 417.757 217.046 417.757 217.285C417.757 218.557 417.757 219.802 418.836 220.768C419.227 221.132 419.542 221.61 419.036 221.983C418.53 222.357 418.082 221.936 417.776 221.553C417.221 220.945 416.799 220.227 416.538 219.446C416.277 218.665 416.182 217.837 416.259 217.017C416.228 216.811 416.228 216.601 416.259 216.395C416.459 215.754 415.591 214.519 416.803 214.519Z" fill="#262522"/>
<path d="M414.875 209.017C414.178 209.017 413.92 208.232 413.92 207.486C413.92 207.266 413.749 207.045 413.586 206.672C413.806 205.782 414.13 204.758 414.302 203.725C414.417 203.045 414.379 202.146 415.304 202.366C416.077 202.548 416.335 203.275 416.011 204.222C415.606 205.228 415.408 206.306 415.428 207.39C415.457 207.964 415.772 208.959 414.875 209.017Z" fill="#262522"/>
<path d="M459.832 209.065C459.067 209.83 458.546 210.806 458.334 211.868C458.219 212.443 458.133 213.256 457.446 213.179C456.759 213.103 456.826 212.222 456.807 211.658C456.807 209.744 458.286 208.672 459.307 207.313C459.603 206.921 459.746 206.088 460.424 206.509C460.701 206.682 460.567 207.524 460.567 208.069C460.567 208.615 460.128 208.768 459.832 209.065Z" fill="#262522"/>
<path d="M400.881 214.739C400.394 214.921 400.471 214.347 400.27 214.089C398.705 212.108 398.495 209.562 397.407 207.39C397.264 207.103 396.634 206.644 397.407 206.433C397.894 206.261 398.276 206.337 398.638 207.055C399.803 209.361 400.165 211.916 401.253 214.232C401.339 214.452 401.549 214.73 400.881 214.739Z" fill="#262522"/>
<path d="M460.263 195.648C461.341 195.648 462.486 195.974 463.527 195.352C464.109 195.007 464.786 195.026 465.035 195.658C465.283 196.289 465.035 196.844 464.214 197.179C462.305 197.916 460.606 197.265 458.697 197.017C458.965 196.079 459.279 195.61 460.263 195.648Z" fill="#262522"/>
<path d="M430.93 227.658C428.439 226.701 426.473 222.749 427.113 219.859C428.916 222.481 429.317 225.371 430.93 227.658Z" fill="#262522"/>
<path d="M432.877 198.414C433.172 198.156 433.726 197.553 434.318 198.155C434.909 198.758 434.604 199.275 434.079 199.706C433.254 200.421 432.601 201.314 432.17 202.318C431.951 202.787 431.808 203.514 431.073 203.275C430.338 203.036 430.471 202.433 430.5 202.069C430.452 200.194 431.798 199.361 432.877 198.414Z" fill="#262522"/>
<path d="M451.949 194.203C451.949 193.342 452.693 193.151 453.18 193.179C454.154 193.203 455.108 192.9 455.891 192.318C456.511 191.926 457.065 191.859 457.465 192.528C457.866 193.198 457.399 193.572 456.95 193.906C455.757 194.806 454.259 194.921 452.865 195.275C452.226 195.428 451.93 194.825 451.949 194.203Z" fill="#262522"/>
<path d="M386.573 206.797C387.613 206.653 387.527 207.754 387.642 208.519C387.89 209.744 388.205 210.959 388.596 212.156C388.749 212.682 389.064 213.313 388.453 213.581C387.699 213.916 387.365 213.218 387.155 212.624C386.707 211.333 386.01 210.089 386.201 208.5C386.325 208.031 385.647 206.921 386.573 206.797Z" fill="#262522"/>
<path d="M411.457 178.816C412.116 178.883 412.268 179.399 411.973 179.667C410.503 180.988 409.272 182.615 407.296 183.323C406.571 183.581 406.513 183.093 406.437 182.653C406.504 181.725 410.522 178.72 411.457 178.816Z" fill="#262522"/>
<path d="M488.43 218.098C489.002 218.223 489.384 218.682 489.126 219.199C488.468 220.711 488.535 222.366 488.058 223.907C487.953 224.252 488.058 224.653 487.475 224.644C486.893 224.634 486.998 224.232 486.884 223.888C486.769 223.543 486.464 223.141 486.53 222.682C486.798 221.4 487.046 220.108 487.332 218.854C487.343 218.727 487.381 218.603 487.445 218.493C487.509 218.382 487.597 218.287 487.702 218.215C487.807 218.143 487.927 218.095 488.053 218.074C488.179 218.054 488.307 218.062 488.43 218.098Z" fill="#262522"/>
<path d="M392.767 211.687C392.93 212.385 394.037 213.888 392.682 214.194C391.174 214.529 391.727 212.759 391.584 212.05C391.183 210.136 390.21 208.404 390.305 206.002C392.5 207.706 392.338 209.859 392.767 211.687Z" fill="#262522"/>
<path d="M484.221 231.984C484.201 232.256 484.075 232.51 483.869 232.689C483.663 232.869 483.395 232.959 483.123 232.941C482.865 232.853 482.651 232.668 482.527 232.425C482.402 232.183 482.376 231.901 482.455 231.639C482.775 230.596 482.882 229.5 482.77 228.414C482.77 227.639 483.123 226.606 483.724 226.644C484.564 226.701 484.793 227.677 484.679 228.558C484.67 228.74 484.67 228.922 484.679 229.103C484.956 230.012 484.183 230.931 484.221 231.984Z" fill="#262522"/>
<path d="M465.406 230.395C465.979 230.586 465.96 231.256 465.769 231.658C465.334 232.376 465.095 233.196 465.077 234.036C465.058 234.876 465.261 235.706 465.664 236.443C465.902 236.873 465.664 237.122 465.377 237.342C465.091 237.562 464.671 237.342 464.423 237.074C463.698 236.271 463.784 235.161 463.526 234.395C463.589 233.28 463.868 232.188 464.347 231.18C464.576 230.72 464.891 230.213 465.406 230.395Z" fill="#262522"/>
<path d="M376.837 205.715C376.901 205.671 376.975 205.642 377.053 205.631C377.13 205.62 377.209 205.627 377.284 205.651C377.358 205.675 377.426 205.715 377.483 205.77C377.539 205.824 377.583 205.89 377.61 205.964C378.268 208.222 379.519 210.318 379.833 213.017C377.323 211.304 377.066 208.844 376.359 206.624C376.226 206.232 376.503 205.916 376.837 205.715Z" fill="#262522"/>
<path d="M426.196 205.026C426.471 205.04 426.733 205.146 426.94 205.329C427.146 205.512 427.284 205.759 427.332 206.031C427.504 208.289 427.809 210.557 427.074 212.73H426.597C426.272 210.404 425.938 208.079 425.643 205.754C425.576 205.39 425.824 204.988 426.196 205.026Z" fill="#262522"/>
<path d="M429.461 232.041C429.604 231.985 429.757 231.961 429.91 231.97C430.064 231.979 430.213 232.021 430.348 232.094C430.483 232.167 430.601 232.268 430.694 232.391C430.786 232.514 430.85 232.656 430.883 232.807C431.424 234.257 432.285 235.565 433.402 236.634C434.004 237.218 433.87 237.591 433.679 238.405C431.675 237.046 430.663 235.017 429.098 233.515C428.84 233.295 428.592 232.299 429.461 232.041Z" fill="#262522"/>
<path d="M468.128 232.347C468.032 231.802 468.071 231.122 468.72 230.998C469.559 230.826 469.674 231.697 469.874 232.175C470.371 233.304 469.416 234.376 469.598 235.534C469.693 236.156 469.769 237.103 468.805 237.027C468.63 237.003 468.461 236.943 468.309 236.851C468.158 236.758 468.028 236.635 467.926 236.489C467.825 236.344 467.755 236.178 467.72 236.004C467.686 235.83 467.688 235.65 467.727 235.477C467.689 234.338 468.271 233.4 468.128 232.347Z" fill="#262522"/>
<path d="M399.544 181.198C400.279 181.61 399.964 182.203 399.63 182.768C398.991 183.859 398.361 184.959 397.779 186.069C397.559 186.481 398.017 187.332 397.034 187.198C396.204 187.093 396.213 186.414 395.975 185.639C396.786 184.404 397.616 183.179 398.399 181.926C398.723 181.495 398.838 180.777 399.544 181.198Z" fill="#262522"/>
<path d="M454.181 221.266C454.181 221.534 454.305 221.916 453.875 221.993C453.723 222.017 453.567 221.983 453.439 221.898C453.31 221.813 453.217 221.683 453.179 221.534C452.629 219.501 452.506 217.377 452.816 215.294C452.816 215.036 452.978 214.337 453.58 214.471C453.781 214.529 453.954 214.658 454.068 214.834C454.182 215.01 454.229 215.221 454.2 215.428C454.2 216.385 454.2 217.342 454.2 218.299C454.2 219.256 454.2 220.299 454.181 221.266Z" fill="#262522"/>
<path d="M472.958 234.615C473.673 234.787 473.397 235.438 473.349 235.831C473.167 237.304 472.853 238.768 472.633 240.233C472.538 240.855 472.814 241.802 471.869 241.802C470.925 241.802 471.154 240.845 471.096 239.888C471.574 238.654 471.354 237.017 472.137 235.505C472.337 235.151 472.156 234.424 472.958 234.615Z" fill="#262522"/>
<path d="M411.686 192.672C412.116 193.065 412.125 193.38 412.001 193.629C411.133 195.457 409.758 197.017 409.071 198.94C409.049 199.012 409.013 199.079 408.965 199.138C408.918 199.196 408.858 199.243 408.792 199.278C408.725 199.313 408.652 199.334 408.577 199.34C408.502 199.346 408.427 199.337 408.355 199.313C407.811 199.237 407.907 198.777 407.945 198.462C408.25 195.945 409.911 194.289 411.686 192.672Z" fill="#262522"/>
<path d="M485.451 250.701C485.546 250.146 485.012 249.218 486.243 249.256C487.312 249.256 486.883 250.098 486.93 250.615C487.093 252.29 486.644 253.993 487.283 255.639C487.379 255.898 487.484 256.424 486.93 256.5C486.774 256.506 486.62 256.457 486.496 256.361C486.372 256.264 486.286 256.128 486.253 255.974C485.852 254.673 485.05 253.438 485.432 252.232C485.402 251.722 485.409 251.211 485.451 250.701Z" fill="#262522"/>
<path d="M426.481 196.892C426.806 196.49 427.359 195.868 427.97 196.414C428.086 196.515 428.178 196.642 428.238 196.784C428.298 196.926 428.325 197.08 428.316 197.234C428.308 197.388 428.265 197.538 428.19 197.673C428.115 197.808 428.01 197.924 427.884 198.012C427.182 198.755 426.685 199.668 426.443 200.663C426.242 201.151 426.3 201.897 425.584 201.84C424.868 201.782 424.868 201.007 424.859 200.041C425.143 198.877 425.699 197.798 426.481 196.892Z" fill="#262522"/>
<path d="M401.741 242.749L402.094 242.931C404.137 243.888 405.244 245.668 406.37 247.429C406.599 247.783 406.294 248.386 405.702 247.945C404.232 246.749 402.839 245.496 401.436 244.194C400.911 243.687 401.054 243.113 401.741 242.749Z" fill="#262522"/>
<path d="M375.767 192.653C375.439 194.92 375.244 197.205 375.185 199.495C375.197 199.571 375.192 199.648 375.169 199.722C375.147 199.795 375.108 199.862 375.055 199.917C375.002 199.973 374.938 200.016 374.866 200.042C374.794 200.068 374.717 200.078 374.641 200.069C374.24 200.069 374.097 199.83 374.097 199.495C374.097 198.644 374.097 197.782 374.097 196.624C373.983 195.336 374.113 194.037 374.479 192.797C374.494 192.613 374.573 192.44 374.702 192.309C374.831 192.178 375.002 192.096 375.185 192.079C375.263 192.068 375.343 192.075 375.418 192.1C375.493 192.125 375.561 192.167 375.617 192.222C375.673 192.278 375.716 192.345 375.742 192.42C375.768 192.495 375.777 192.574 375.767 192.653Z" fill="#262522"/>
<path d="M401.617 231.792C401.906 231.704 402.216 231.712 402.5 231.815C402.784 231.919 403.027 232.112 403.191 232.366C404.232 233.524 405.177 234.768 406.179 235.974C406.341 236.175 406.484 236.424 406.303 236.596C406.093 236.721 405.849 236.775 405.606 236.749C405.052 236.749 401.283 233.275 401.187 232.711C401.187 232.653 401.187 232.586 401.187 232.156C401.31 232.012 401.455 231.889 401.617 231.792Z" fill="#262522"/>
<path d="M491.971 226.251C492.047 225.926 491.914 225.093 492.591 225.122C493.269 225.151 493.317 225.801 493.317 226.366C493.392 227.871 493.274 229.38 492.964 230.854C492.811 231.438 492.716 231.983 492.009 231.955C491.055 231.955 491.58 231.151 491.36 230.548C491.942 229.256 491.647 227.715 491.971 226.251Z" fill="#262522"/>
<path d="M477.815 231.323C477.109 228.749 478.416 227.132 478.97 225.352C479.057 225.112 479.228 224.913 479.451 224.791C479.674 224.67 479.934 224.634 480.182 224.692C480.621 224.778 480.612 225.141 480.545 225.4C480.072 227.549 479.141 229.569 477.815 231.323Z" fill="#262522"/>
<path d="M478.771 220.95C478.583 220.564 478.52 220.129 478.59 219.706C478.66 219.282 478.86 218.891 479.162 218.586C479.878 217.696 479.897 216.261 480.871 215.917C481.825 215.802 482.045 216.156 481.978 216.644C481.648 218.278 480.856 219.783 479.697 220.979C479.646 221.056 479.575 221.12 479.493 221.163C479.411 221.205 479.319 221.226 479.226 221.224C479.133 221.221 479.042 221.194 478.963 221.146C478.883 221.098 478.817 221.031 478.771 220.95Z" fill="#262522"/>
<path d="M446.24 169.399C445.497 168.867 444.614 168.565 443.702 168.528C442.995 168.452 442.127 168.414 442.184 167.38C442.241 166.203 443.224 166.94 443.692 166.701C444.344 166.683 444.993 166.802 445.596 167.051C446.199 167.3 446.744 167.673 447.195 168.146C447.51 168.442 448.149 168.739 447.557 169.313C447.482 169.414 447.386 169.497 447.276 169.557C447.166 169.617 447.044 169.652 446.919 169.66C446.793 169.668 446.668 169.649 446.551 169.604C446.434 169.559 446.328 169.489 446.24 169.399Z" fill="#262522"/>
<path d="M402.59 253.869C404.022 254.099 405.454 254.472 406.847 254.702C407.573 254.816 407.592 255.209 407.525 255.725C407.439 256.386 406.895 256.137 406.275 256.252C405.148 255.41 403.411 256.252 402.066 255.199C401.86 255.088 401.699 254.91 401.608 254.694C401.518 254.478 401.504 254.237 401.569 254.013C401.741 253.247 402.304 253.831 402.59 253.869Z" fill="#262522"/>
<path d="M478.435 212.424C477.099 212.424 477.003 213.495 476.412 214.146C476.116 214.471 475.868 215.103 475.295 214.893C474.722 214.682 474.913 214.07 474.866 213.285C475.123 211.974 476.269 211.18 477.729 210.739C478.111 210.625 478.683 210.165 478.922 210.921C479.122 211.524 479.132 212.414 478.435 212.424Z" fill="#262522"/>
<path d="M489.948 209.725C489.956 209.604 490.009 209.49 490.098 209.408C490.187 209.326 490.305 209.282 490.425 209.285C490.5 209.269 490.577 209.27 490.65 209.288C490.724 209.306 490.793 209.34 490.852 209.387C490.912 209.435 490.96 209.495 490.993 209.563C491.027 209.631 491.045 209.706 491.046 209.782C491.278 210.772 491.422 211.781 491.475 212.797C491.475 213.581 492.535 214.711 491.227 215.036C489.7 215.39 490.168 213.62 489.595 212.912C489.471 212.758 489.595 212.443 489.595 211.955C489.595 211.467 489.815 210.548 489.948 209.725Z" fill="#262522"/>
<path d="M473.902 220.089C474.465 222.663 472.432 224.567 473.043 226.988C470.809 225.39 471.134 222.902 473.902 220.089Z" fill="#262522"/>
<path d="M396.347 249.247C395.994 248.749 396.347 247.821 397.187 248.194C398.566 248.634 399.811 249.417 400.804 250.472C401.014 250.74 401.329 251.036 400.967 251.429C400.871 251.551 400.747 251.648 400.606 251.711C400.464 251.774 400.31 251.802 400.155 251.792C398.643 251.383 397.305 250.489 396.347 249.247Z" fill="#262522"/>
<path d="M444.235 198.49C443.977 198.892 443.281 198.596 443.023 198.108C442.95 197.945 442.914 197.769 442.918 197.591C443.019 196.972 443.305 196.398 443.737 195.945C444.17 195.493 444.73 195.182 445.342 195.055C445.867 195.485 447.117 195.151 446.984 196.155C446.793 197.552 444.932 197.39 444.235 198.49Z" fill="#262522"/>
<path d="M455.117 179.179C455.049 179.287 454.958 179.378 454.851 179.446C454.743 179.514 454.622 179.557 454.497 179.572C454.371 179.588 454.243 179.575 454.122 179.536C454.002 179.496 453.892 179.43 453.8 179.342C452.949 178.59 451.941 178.037 450.851 177.725C450.658 177.653 450.494 177.521 450.382 177.349C450.271 177.177 450.217 176.973 450.23 176.768C450.23 176.442 450.688 176.232 451.137 176.26C452.591 176.462 453.953 177.092 455.05 178.069C455.131 178.135 455.197 178.217 455.244 178.31C455.292 178.403 455.32 178.505 455.326 178.609C455.332 178.714 455.317 178.818 455.281 178.916C455.245 179.014 455.189 179.104 455.117 179.179Z" fill="#262522"/>
<path d="M477.749 241.094C477.396 240.969 477.138 240.682 477.158 239.964C477.955 238.747 478.654 237.467 479.248 236.137C479.324 235.983 479.973 236.003 480.278 236.137C480.441 236.204 480.555 236.682 480.498 236.931C480.145 238.314 479.526 239.614 478.675 240.759C478.593 240.923 478.451 241.049 478.279 241.111C478.106 241.173 477.917 241.167 477.749 241.094Z" fill="#262522"/>
<path d="M437.058 233.017C436.428 233.17 435.98 232.586 435.856 232.06C435.77 231.271 435.77 230.476 435.856 229.687C435.989 229.314 435.598 228.529 436.085 227.773C436.362 227.333 436.581 227.094 437.039 227.275C437.497 227.457 437.745 227.706 437.574 228.108C437.134 229.298 437.158 230.61 437.64 231.783C437.684 231.902 437.704 232.029 437.698 232.156C437.693 232.283 437.662 232.407 437.608 232.522C437.553 232.637 437.477 232.74 437.383 232.825C437.288 232.91 437.178 232.975 437.058 233.017Z" fill="#262522"/>
<path d="M379.654 232.96C380.503 234.328 381.314 235.725 382.145 237.103C382.383 237.505 382.393 237.773 381.782 237.859C381.621 237.837 381.463 237.792 381.314 237.725C379.625 236.768 379.014 235.036 378.251 233.438C378.213 233.371 378.193 233.295 378.193 233.219C378.193 233.142 378.212 233.066 378.25 232.999C378.287 232.932 378.341 232.875 378.406 232.835C378.472 232.794 378.546 232.772 378.623 232.768C378.986 232.73 379.434 232.634 379.654 232.96Z" fill="#262522"/>
<path d="M376.751 225.055C376.532 224.902 376.093 224.424 376.503 223.955C376.913 223.486 377.457 223.878 377.744 224.089C379.309 225.199 379.653 227.036 380.435 228.625C380.617 229.007 380.435 229.486 379.662 229.39C379.309 229.314 379.166 228.959 378.937 228.577C378.221 227.409 377.992 225.936 376.751 225.055Z" fill="#262522"/>
<path d="M424.248 230.433C424.111 230.484 423.964 230.503 423.818 230.488C423.672 230.473 423.532 230.425 423.408 230.347C422.454 229.017 421.499 227.649 420.631 226.443C420.831 225.792 420.488 225.256 421.079 225.074C421.291 225.021 421.515 225.043 421.713 225.135C421.911 225.227 422.071 225.385 422.167 225.582C423.074 226.854 423.322 228.452 424.391 229.649C424.44 229.707 424.476 229.775 424.495 229.849C424.515 229.923 424.518 230 424.504 230.075C424.491 230.15 424.461 230.221 424.416 230.283C424.372 230.345 424.315 230.396 424.248 230.433Z" fill="#262522"/>
<path d="M384.206 211.39C384.273 211.629 384.33 212.06 383.91 212.108C383.49 212.156 383.271 211.83 383.128 211.476L381.486 207.534C381.2 206.835 380.78 206.156 381.486 205.246C383.318 206.959 383.586 209.256 384.206 211.39Z" fill="#262522"/>
<path d="M434.386 209.151C434.16 209.044 433.984 208.854 433.897 208.619C433.809 208.385 433.817 208.126 433.918 207.897C434.302 206.965 434.755 206.063 435.273 205.198C435.464 204.873 435.788 204.404 436.294 204.576C436.523 204.668 436.711 204.84 436.823 205.06C436.935 205.28 436.964 205.533 436.905 205.773C436.699 206.884 436.22 207.927 435.512 208.806C435.389 208.982 435.212 209.111 435.008 209.173C434.804 209.236 434.585 209.228 434.386 209.151Z" fill="#262522"/>
<path d="M396.681 240.175C396.404 240.395 396.156 240.5 395.879 240.242C394.712 239.271 393.456 238.412 392.128 237.677C391.937 237.563 391.842 237.323 391.603 237.027C392.186 236.644 392.558 235.897 393.312 236.338C394.653 237.067 395.788 238.124 396.614 239.409C396.786 239.63 397.091 239.869 396.681 240.175Z" fill="#262522"/>
<path d="M443.023 182.729C442.756 182.318 443.109 181.935 443.309 181.772C444.215 181.089 445.172 180.478 446.173 179.945C446.364 179.835 446.588 179.795 446.805 179.831C447.022 179.868 447.221 179.979 447.366 180.146C447.509 180.356 447.547 180.902 447.366 181.007C446.325 181.782 445.571 182.988 444.149 183.217C443.934 183.258 443.713 183.233 443.512 183.146C443.311 183.059 443.141 182.914 443.023 182.729Z" fill="#262522"/>
<path d="M457.962 177.763C458.895 178.059 459.813 178.404 460.711 178.796C460.869 178.864 461.01 178.967 461.124 179.097C461.237 179.227 461.32 179.381 461.366 179.547C461.411 179.713 461.419 179.888 461.389 180.058C461.358 180.228 461.289 180.389 461.188 180.528C460.663 181.265 460.233 180.528 459.785 180.241C459.043 179.731 458.2 179.388 457.313 179.236C456.568 179.141 456.215 178.71 456.234 178.28C456.254 177.849 456.922 177.677 457.962 177.763Z" fill="#262522"/>
<path d="M397.637 216.29C398.667 217.904 399.298 219.741 399.479 221.649C397.503 220.5 397.436 218.328 396.32 216.759C396.272 216.669 396.245 216.57 396.239 216.468C396.233 216.367 396.249 216.265 396.286 216.17C396.323 216.076 396.379 215.99 396.452 215.919C396.525 215.848 396.612 215.794 396.708 215.76C396.803 215.726 396.905 215.713 397.006 215.722C397.107 215.731 397.205 215.762 397.293 215.812C397.381 215.862 397.457 215.931 397.517 216.013C397.576 216.096 397.617 216.19 397.637 216.29Z" fill="#262522"/>
<path d="M428.305 193.792C427.646 194.069 426.902 193.524 427.179 192.835C427.729 191.735 428.601 190.83 429.679 190.242C430.825 190.06 431.044 190.557 430.844 191.198C430.629 191.787 430.291 192.323 429.854 192.77C429.416 193.217 428.888 193.566 428.305 193.792Z" fill="#262522"/>
<path d="M476.66 251.515C476.994 251.475 477.312 251.352 477.587 251.159C477.862 250.965 478.084 250.706 478.235 250.405C478.326 250.193 478.49 250.022 478.697 249.921C478.903 249.821 479.139 249.799 479.361 249.859C479.48 249.928 479.583 250.022 479.662 250.135C479.741 250.247 479.796 250.376 479.821 250.511C479.846 250.646 479.842 250.786 479.809 250.919C479.776 251.053 479.714 251.178 479.628 251.285C478.924 252.258 477.985 253.035 476.899 253.544C476.212 253.86 475.725 253.438 475.629 252.692C475.662 252.414 475.778 252.153 475.962 251.942C476.146 251.732 476.389 251.583 476.66 251.515Z" fill="#262522"/>
<path d="M461.292 215.237C461.531 217.323 460.652 219.122 460.023 221.16C458.725 219.352 459.526 215.916 461.292 215.237Z" fill="#262522"/>
<path d="M369.851 238.73C371.13 239.438 371.368 240.749 371.855 241.859C371.75 242.28 371.96 242.74 371.569 242.922C371.366 242.999 371.144 243.005 370.937 242.939C370.731 242.873 370.553 242.739 370.433 242.558C369.562 241.596 369.046 240.363 368.973 239.065C368.993 238.974 369.036 238.889 369.097 238.819C369.157 238.748 369.235 238.694 369.322 238.661C369.409 238.628 369.503 238.617 369.595 238.629C369.687 238.641 369.775 238.676 369.851 238.73Z" fill="#262522"/>
<path d="M470.571 215.409C470.485 215.668 470.17 216.232 469.617 215.974C469.206 215.782 469.254 215.381 469.254 214.864C469.76 213.907 469.827 212.605 470.676 211.572C471.02 211.151 471.277 210.998 471.707 211.189C472.136 211.38 472.48 211.936 472.136 212.395C471.454 213.307 470.925 214.326 470.571 215.409Z" fill="#262522"/>
<path d="M464.815 242.29C464.964 242.261 465.119 242.29 465.246 242.372C465.374 242.454 465.466 242.582 465.502 242.73C466.17 244.329 466.533 246.04 466.571 247.773C465.302 247.065 463.994 243.859 464.367 242.74C464.452 242.491 464.519 242.309 464.815 242.29Z" fill="#262522"/>
<path d="M414.34 226.615C414.65 227.119 414.891 227.663 415.055 228.232C415.087 228.364 415.091 228.5 415.067 228.633C415.042 228.766 414.99 228.892 414.914 229.003C414.837 229.115 414.738 229.208 414.622 229.278C414.507 229.348 414.378 229.393 414.244 229.409C413.738 229.505 413.605 229.151 413.471 228.816C413.252 228.271 413.013 227.725 412.813 227.17C412.612 226.615 411.734 225.486 412.374 225.18C413.347 224.711 413.862 225.83 414.34 226.615Z" fill="#262522"/>
<path d="M374.594 224.299C374.565 224.372 374.513 224.434 374.447 224.476C374.38 224.518 374.302 224.538 374.224 224.532C374.145 224.527 374.071 224.497 374.01 224.447C373.95 224.396 373.907 224.328 373.888 224.251C373.348 222.678 372.681 221.151 371.893 219.687C371.731 219.304 372.046 219.036 372.437 218.931C372.836 219.161 373.184 219.471 373.46 219.842C373.736 220.212 373.933 220.635 374.041 221.084C374.222 222.108 375.3 223.065 374.594 224.299Z" fill="#262522"/>
<path d="M467.859 220.768C467.88 220.692 467.916 220.622 467.964 220.56C468.013 220.498 468.073 220.447 468.141 220.408C468.21 220.37 468.285 220.346 468.363 220.337C468.44 220.328 468.519 220.335 468.594 220.357C468.976 220.491 468.823 220.864 468.862 221.141C469.005 222.184 468.298 223.113 468.47 224.175C468.556 224.692 468.623 225.524 467.984 225.562C467.344 225.601 467.201 224.749 467.029 224.194C466.987 223.902 466.987 223.606 467.029 223.314C466.695 222.395 467.487 221.639 467.859 220.768Z" fill="#262522"/>
<path d="M438.327 164.844C437.373 164.844 436.418 165.524 435.588 165.246C435.347 165.275 435.103 165.275 434.863 165.246C434.471 165.122 433.908 165.83 433.746 165.189C433.584 164.547 434.194 164.299 434.7 164.165C435.817 163.897 436.943 163.657 438.069 163.428C438.68 163.303 438.785 163.82 438.9 164.193C439.014 164.567 438.68 164.835 438.327 164.844Z" fill="#262522"/>
<path d="M390 216.845C391.613 217.801 391.995 219.419 392.252 221.428C390.792 220.28 390.429 218.711 389.055 218.002C388.578 217.754 388.702 217.179 388.874 216.864C389.103 216.366 389.561 216.596 390 216.845Z" fill="#262522"/>
<path d="M438.413 211.821C438.346 210.72 438.413 209.514 439.549 209.39C440.684 209.265 440.255 210.443 440.264 211.103C440.264 212.06 440.512 213.227 439.052 213.246C437.897 213.266 438.68 212.232 438.413 211.821Z" fill="#262522"/>
<path d="M470.895 181.916C470.103 181.533 468.843 181.256 468.919 180.002C468.919 179.39 469.587 179.275 470.417 179.524C471.133 179.466 472.174 179.524 472.155 180.739C472.155 181.313 471.525 182.203 470.895 181.916Z" fill="#262522"/>
<path d="M381.561 220.414C381.189 220.596 380.989 220.261 380.845 220.041C380.414 219.491 380.105 218.854 379.94 218.174C379.776 217.493 379.759 216.786 379.891 216.098C381.552 216.94 381.59 218.405 382 219.658C382.036 219.816 382.011 219.983 381.929 220.123C381.848 220.263 381.716 220.367 381.561 220.414Z" fill="#262522"/>
<path d="M386.802 187.256C387.308 187.256 387.833 187.409 387.556 187.926C387.191 188.887 386.52 189.701 385.647 190.242C384.788 190.672 384.846 189.887 384.693 189.639C384.512 189.141 386.182 187.275 386.802 187.256Z" fill="#262522"/>
<path d="M452.044 186.892C452.722 186.892 453.18 187.332 452.998 187.954C452.878 188.323 452.665 188.656 452.382 188.92C452.098 189.185 451.752 189.373 451.376 189.466C450.612 189.332 450.355 188.892 450.422 188.27C450.428 188.069 450.476 187.872 450.563 187.691C450.65 187.51 450.774 187.349 450.927 187.219C451.08 187.09 451.259 186.993 451.451 186.937C451.643 186.881 451.845 186.865 452.044 186.892Z" fill="#262522"/>
<path d="M474.178 210.117C473.634 210.232 473.224 209.677 473.377 209.112C473.377 208.395 473.224 207.572 474.178 207.514C474.722 207.514 474.894 208.041 474.894 208.577C474.894 209.112 474.856 209.974 474.178 210.117Z" fill="#262522"/>
<path d="M472.412 245.247C472.68 245.056 472.956 245.381 472.985 245.745C473.071 246.807 473.09 247.821 471.525 247.936C471.534 246.922 471.487 245.907 472.412 245.247Z" fill="#262522"/>
<defs>
<linearGradient id="paint0_linear_20_2952" x1="424.531" y1="300.552" x2="412.229" y2="307.011" gradientUnits="userSpaceOnUse">
<stop stop-color="#FF702C"/>
<stop offset="1" stop-color="#FFC1E6"/>
</linearGradient>
<linearGradient id="paint1_linear_20_2952" x1="411.568" y1="297.675" x2="401.931" y2="302.997" gradientUnits="userSpaceOnUse">
<stop stop-color="#FF702C"/>
<stop offset="1" stop-color="#FFC1E6"/>
</linearGradient>
<linearGradient id="paint2_linear_20_2952" x1="437.002" y1="300.237" x2="424.522" y2="305.832" gradientUnits="userSpaceOnUse">
<stop stop-color="#FF702C"/>
<stop offset="1" stop-color="#FFC1E6"/>
</linearGradient>
<linearGradient id="paint3_linear_20_2952" x1="449.278" y1="296.563" x2="433.317" y2="303.047" gradientUnits="userSpaceOnUse">
<stop stop-color="#FF702C"/>
<stop offset="1" stop-color="#FFC1E6"/>
</linearGradient>
<linearGradient id="paint4_linear_20_2952" x1="487.01" y1="273.84" x2="475.632" y2="279.293" gradientUnits="userSpaceOnUse">
<stop stop-color="#FF702C"/>
<stop offset="1" stop-color="#FFC1E6"/>
</linearGradient>
<linearGradient id="paint5_linear_20_2952" x1="459.016" y1="290.701" x2="440.54" y2="297.451" gradientUnits="userSpaceOnUse">
<stop stop-color="#FF702C"/>
<stop offset="1" stop-color="#FFC1E6"/>
</linearGradient>
<linearGradient id="paint6_linear_20_2952" x1="481.195" y1="278.202" x2="465.061" y2="287.509" gradientUnits="userSpaceOnUse">
<stop stop-color="#FF702C"/>
<stop offset="1" stop-color="#FFC1E6"/>
</linearGradient>
<linearGradient id="paint7_linear_20_2952" x1="475.446" y1="279.224" x2="449.077" y2="289.212" gradientUnits="userSpaceOnUse">
<stop stop-color="#FF702C"/>
<stop offset="1" stop-color="#FFC1E6"/>
</linearGradient>
</defs>
</svg>

===== END FILE: label_studio/core/static_build/images/heidi-403.svg =====


===== FILE: label_studio/core/static_build/js/sw-fallback.68af01cc84a7.js =====
self.addEventListener("fetch", () => {
  // Fallback service worker that does nothing.
  // This is here to make sure if the application cannot work properly with the standard service worker
  // we can shut it down and fallback to this one and still have a working application.
});

===== END FILE: label_studio/core/static_build/js/sw-fallback.68af01cc84a7.js =====


===== FILE: label_studio/core/static_build/js/478.chunk.f2acee9c5a04.js =====
!function(e,t){"object"==typeof exports&&"object"==typeof module?module.exports=t():"function"==typeof define&&define.amd?define([],t):"object"==typeof exports?exports.LabelStudio=t():e.LabelStudio=t()}("undefined"!=typeof self?self:this,(function(){return function(){"use strict";var e={};function t(e,t,r){return(t=function(e){var t=function(e,t){if("object"!=typeof e||null===e)return e;var r=e[Symbol.toPrimitive];if(void 0!==r){var s=r.call(e,t||"default");if("object"!=typeof s)return s;throw new TypeError("@@toPrimitive must return a primitive value.")}return("string"===t?String:Number)(e)}(e,"string");return"symbol"==typeof t?t:String(t)}(t))in e?Object.defineProperty(e,t,{value:r,enumerable:!0,configurable:!0,writable:!0}):e[t]=r,e}class r{constructor(e){t(this,"worker",void 0),this.worker=e}async compute(e){var t,r;const s=await this.sendMessage(this.worker,{data:e,type:"compute"},!0);return null==s||null===(t=s.data)||void 0===t||null===(r=t.result)||void 0===r?void 0:r.data}async precompute(e){await this.sendMessage(this.worker,{data:e,type:"precompute"})}async store(e){await this.sendMessage(this.worker,{data:e,type:"store"})}async getStorage(){var e;const t=await this.sendMessage(this.worker,{type:"getStorage"},!0);return null==t||null===(e=t.data)||void 0===e?void 0:e.result}destroy(){this.worker.terminate()}sendMessage(e,t,r=!1){return new Promise((s=>{const n=Math.random().toString();if(r){const t=r=>{n===r.data.eventId&&(e.removeEventListener("message",t),s(r))};e.addEventListener("message",t)}e.postMessage({...t,eventId:n}),r||s(void 0)}))}}function s({value:e,channelCount:t}){const r=[];for(let s=0;s<t;s++)r[s]=new Float32Array(e.length/t);for(let s=0;s<e.length;s++){const n=s%t,a=Math.floor(s/t);r[n][a]=e[s]}return r}return t(r,"Messenger",{receive({compute:e,precompute:t}){const r={};self.addEventListener("message",(s=>{if(!s.data)return;const{data:n,type:a,eventId:o}=s.data;switch(a){case"compute":((t,s)=>{e(t,r,(e=>{self.postMessage({result:e,eventId:s})}))})(n,o);break;case"precompute":(e=>{null==t||t(e,r,(e=>{Object.assign(r,e)}))})(n);break;case"store":(e=>{Object.assign(r,e.data.data)})(s);break;case"getStorage":(e=>{self.postMessage({result:r,eventId:e})})(o)}}))}}),r.Messenger.receive({compute:(e,t,r)=>{r({data:s(e)})},precompute:(e,t,r)=>{r({data:s(e)})}}),e=e.default}()}));
//# sourceMappingURL=478.chunk.js.193c1b6eaa54.map
===== END FILE: label_studio/core/static_build/js/478.chunk.f2acee9c5a04.js =====


===== FILE: label_studio/core/static_build/js/vue.17e942ea0854.js =====
/*!
 * Vue.js v2.6.10
 * (c) 2014-2019 Evan You
 * Released under the MIT License.
 */
!function(e,t){"object"==typeof exports&&"undefined"!=typeof module?module.exports=t():"function"==typeof define&&define.amd?define(t):(e=e||self).Vue=t()}(this,function(){"use strict";var e=Object.freeze({});function t(e){return null==e}function n(e){return null!=e}function r(e){return!0===e}function i(e){return"string"==typeof e||"number"==typeof e||"symbol"==typeof e||"boolean"==typeof e}function o(e){return null!==e&&"object"==typeof e}var a=Object.prototype.toString;function s(e){return"[object Object]"===a.call(e)}function c(e){var t=parseFloat(String(e));return t>=0&&Math.floor(t)===t&&isFinite(e)}function u(e){return n(e)&&"function"==typeof e.then&&"function"==typeof e.catch}function l(e){return null==e?"":Array.isArray(e)||s(e)&&e.toString===a?JSON.stringify(e,null,2):String(e)}function f(e){var t=parseFloat(e);return isNaN(t)?e:t}function p(e,t){for(var n=Object.create(null),r=e.split(","),i=0;i<r.length;i++)n[r[i]]=!0;return t?function(e){return n[e.toLowerCase()]}:function(e){return n[e]}}var d=p("slot,component",!0),v=p("key,ref,slot,slot-scope,is");function h(e,t){if(e.length){var n=e.indexOf(t);if(n>-1)return e.splice(n,1)}}var m=Object.prototype.hasOwnProperty;function y(e,t){return m.call(e,t)}function g(e){var t=Object.create(null);return function(n){return t[n]||(t[n]=e(n))}}var _=/-(\w)/g,b=g(function(e){return e.replace(_,function(e,t){return t?t.toUpperCase():""})}),$=g(function(e){return e.charAt(0).toUpperCase()+e.slice(1)}),w=/\B([A-Z])/g,C=g(function(e){return e.replace(w,"-$1").toLowerCase()});var x=Function.prototype.bind?function(e,t){return e.bind(t)}:function(e,t){function n(n){var r=arguments.length;return r?r>1?e.apply(t,arguments):e.call(t,n):e.call(t)}return n._length=e.length,n};function k(e,t){t=t||0;for(var n=e.length-t,r=new Array(n);n--;)r[n]=e[n+t];return r}function A(e,t){for(var n in t)e[n]=t[n];return e}function O(e){for(var t={},n=0;n<e.length;n++)e[n]&&A(t,e[n]);return t}function S(e,t,n){}var T=function(e,t,n){return!1},E=function(e){return e};function N(e,t){if(e===t)return!0;var n=o(e),r=o(t);if(!n||!r)return!n&&!r&&String(e)===String(t);try{var i=Array.isArray(e),a=Array.isArray(t);if(i&&a)return e.length===t.length&&e.every(function(e,n){return N(e,t[n])});if(e instanceof Date&&t instanceof Date)return e.getTime()===t.getTime();if(i||a)return!1;var s=Object.keys(e),c=Object.keys(t);return s.length===c.length&&s.every(function(n){return N(e[n],t[n])})}catch(e){return!1}}function j(e,t){for(var n=0;n<e.length;n++)if(N(e[n],t))return n;return-1}function D(e){var t=!1;return function(){t||(t=!0,e.apply(this,arguments))}}var L="data-server-rendered",M=["component","directive","filter"],I=["beforeCreate","created","beforeMount","mounted","beforeUpdate","updated","beforeDestroy","destroyed","activated","deactivated","errorCaptured","serverPrefetch"],F={optionMergeStrategies:Object.create(null),silent:!1,productionTip:!1,devtools:!1,performance:!1,errorHandler:null,warnHandler:null,ignoredElements:[],keyCodes:Object.create(null),isReservedTag:T,isReservedAttr:T,isUnknownElement:T,getTagNamespace:S,parsePlatformTagName:E,mustUseProp:T,async:!0,_lifecycleHooks:I},P=/a-zA-Z\u00B7\u00C0-\u00D6\u00D8-\u00F6\u00F8-\u037D\u037F-\u1FFF\u200C-\u200D\u203F-\u2040\u2070-\u218F\u2C00-\u2FEF\u3001-\uD7FF\uF900-\uFDCF\uFDF0-\uFFFD/;function R(e,t,n,r){Object.defineProperty(e,t,{value:n,enumerable:!!r,writable:!0,configurable:!0})}var H=new RegExp("[^"+P.source+".$_\\d]");var B,U="__proto__"in{},z="undefined"!=typeof window,V="undefined"!=typeof WXEnvironment&&!!WXEnvironment.platform,K=V&&WXEnvironment.platform.toLowerCase(),J=z&&window.navigator.userAgent.toLowerCase(),q=J&&/msie|trident/.test(J),W=J&&J.indexOf("msie 9.0")>0,Z=J&&J.indexOf("edge/")>0,G=(J&&J.indexOf("android"),J&&/iphone|ipad|ipod|ios/.test(J)||"ios"===K),X=(J&&/chrome\/\d+/.test(J),J&&/phantomjs/.test(J),J&&J.match(/firefox\/(\d+)/)),Y={}.watch,Q=!1;if(z)try{var ee={};Object.defineProperty(ee,"passive",{get:function(){Q=!0}}),window.addEventListener("test-passive",null,ee)}catch(e){}var te=function(){return void 0===B&&(B=!z&&!V&&"undefined"!=typeof global&&(global.process&&"server"===global.process.env.VUE_ENV)),B},ne=z&&window.__VUE_DEVTOOLS_GLOBAL_HOOK__;function re(e){return"function"==typeof e&&/native code/.test(e.toString())}var ie,oe="undefined"!=typeof Symbol&&re(Symbol)&&"undefined"!=typeof Reflect&&re(Reflect.ownKeys);ie="undefined"!=typeof Set&&re(Set)?Set:function(){function e(){this.set=Object.create(null)}return e.prototype.has=function(e){return!0===this.set[e]},e.prototype.add=function(e){this.set[e]=!0},e.prototype.clear=function(){this.set=Object.create(null)},e}();var ae=S,se=0,ce=function(){this.id=se++,this.subs=[]};ce.prototype.addSub=function(e){this.subs.push(e)},ce.prototype.removeSub=function(e){h(this.subs,e)},ce.prototype.depend=function(){ce.target&&ce.target.addDep(this)},ce.prototype.notify=function(){for(var e=this.subs.slice(),t=0,n=e.length;t<n;t++)e[t].update()},ce.target=null;var ue=[];function le(e){ue.push(e),ce.target=e}function fe(){ue.pop(),ce.target=ue[ue.length-1]}var pe=function(e,t,n,r,i,o,a,s){this.tag=e,this.data=t,this.children=n,this.text=r,this.elm=i,this.ns=void 0,this.context=o,this.fnContext=void 0,this.fnOptions=void 0,this.fnScopeId=void 0,this.key=t&&t.key,this.componentOptions=a,this.componentInstance=void 0,this.parent=void 0,this.raw=!1,this.isStatic=!1,this.isRootInsert=!0,this.isComment=!1,this.isCloned=!1,this.isOnce=!1,this.asyncFactory=s,this.asyncMeta=void 0,this.isAsyncPlaceholder=!1},de={child:{configurable:!0}};de.child.get=function(){return this.componentInstance},Object.defineProperties(pe.prototype,de);var ve=function(e){void 0===e&&(e="");var t=new pe;return t.text=e,t.isComment=!0,t};function he(e){return new pe(void 0,void 0,void 0,String(e))}function me(e){var t=new pe(e.tag,e.data,e.children&&e.children.slice(),e.text,e.elm,e.context,e.componentOptions,e.asyncFactory);return t.ns=e.ns,t.isStatic=e.isStatic,t.key=e.key,t.isComment=e.isComment,t.fnContext=e.fnContext,t.fnOptions=e.fnOptions,t.fnScopeId=e.fnScopeId,t.asyncMeta=e.asyncMeta,t.isCloned=!0,t}var ye=Array.prototype,ge=Object.create(ye);["push","pop","shift","unshift","splice","sort","reverse"].forEach(function(e){var t=ye[e];R(ge,e,function(){for(var n=[],r=arguments.length;r--;)n[r]=arguments[r];var i,o=t.apply(this,n),a=this.__ob__;switch(e){case"push":case"unshift":i=n;break;case"splice":i=n.slice(2)}return i&&a.observeArray(i),a.dep.notify(),o})});var _e=Object.getOwnPropertyNames(ge),be=!0;function $e(e){be=e}var we=function(e){var t;this.value=e,this.dep=new ce,this.vmCount=0,R(e,"__ob__",this),Array.isArray(e)?(U?(t=ge,e.__proto__=t):function(e,t,n){for(var r=0,i=n.length;r<i;r++){var o=n[r];R(e,o,t[o])}}(e,ge,_e),this.observeArray(e)):this.walk(e)};function Ce(e,t){var n;if(o(e)&&!(e instanceof pe))return y(e,"__ob__")&&e.__ob__ instanceof we?n=e.__ob__:be&&!te()&&(Array.isArray(e)||s(e))&&Object.isExtensible(e)&&!e._isVue&&(n=new we(e)),t&&n&&n.vmCount++,n}function xe(e,t,n,r,i){var o=new ce,a=Object.getOwnPropertyDescriptor(e,t);if(!a||!1!==a.configurable){var s=a&&a.get,c=a&&a.set;s&&!c||2!==arguments.length||(n=e[t]);var u=!i&&Ce(n);Object.defineProperty(e,t,{enumerable:!0,configurable:!0,get:function(){var t=s?s.call(e):n;return ce.target&&(o.depend(),u&&(u.dep.depend(),Array.isArray(t)&&function e(t){for(var n=void 0,r=0,i=t.length;r<i;r++)(n=t[r])&&n.__ob__&&n.__ob__.dep.depend(),Array.isArray(n)&&e(n)}(t))),t},set:function(t){var r=s?s.call(e):n;t===r||t!=t&&r!=r||s&&!c||(c?c.call(e,t):n=t,u=!i&&Ce(t),o.notify())}})}}function ke(e,t,n){if(Array.isArray(e)&&c(t))return e.length=Math.max(e.length,t),e.splice(t,1,n),n;if(t in e&&!(t in Object.prototype))return e[t]=n,n;var r=e.__ob__;return e._isVue||r&&r.vmCount?n:r?(xe(r.value,t,n),r.dep.notify(),n):(e[t]=n,n)}function Ae(e,t){if(Array.isArray(e)&&c(t))e.splice(t,1);else{var n=e.__ob__;e._isVue||n&&n.vmCount||y(e,t)&&(delete e[t],n&&n.dep.notify())}}we.prototype.walk=function(e){for(var t=Object.keys(e),n=0;n<t.length;n++)xe(e,t[n])},we.prototype.observeArray=function(e){for(var t=0,n=e.length;t<n;t++)Ce(e[t])};var Oe=F.optionMergeStrategies;function Se(e,t){if(!t)return e;for(var n,r,i,o=oe?Reflect.ownKeys(t):Object.keys(t),a=0;a<o.length;a++)"__ob__"!==(n=o[a])&&(r=e[n],i=t[n],y(e,n)?r!==i&&s(r)&&s(i)&&Se(r,i):ke(e,n,i));return e}function Te(e,t,n){return n?function(){var r="function"==typeof t?t.call(n,n):t,i="function"==typeof e?e.call(n,n):e;return r?Se(r,i):i}:t?e?function(){return Se("function"==typeof t?t.call(this,this):t,"function"==typeof e?e.call(this,this):e)}:t:e}function Ee(e,t){var n=t?e?e.concat(t):Array.isArray(t)?t:[t]:e;return n?function(e){for(var t=[],n=0;n<e.length;n++)-1===t.indexOf(e[n])&&t.push(e[n]);return t}(n):n}function Ne(e,t,n,r){var i=Object.create(e||null);return t?A(i,t):i}Oe.data=function(e,t,n){return n?Te(e,t,n):t&&"function"!=typeof t?e:Te(e,t)},I.forEach(function(e){Oe[e]=Ee}),M.forEach(function(e){Oe[e+"s"]=Ne}),Oe.watch=function(e,t,n,r){if(e===Y&&(e=void 0),t===Y&&(t=void 0),!t)return Object.create(e||null);if(!e)return t;var i={};for(var o in A(i,e),t){var a=i[o],s=t[o];a&&!Array.isArray(a)&&(a=[a]),i[o]=a?a.concat(s):Array.isArray(s)?s:[s]}return i},Oe.props=Oe.methods=Oe.inject=Oe.computed=function(e,t,n,r){if(!e)return t;var i=Object.create(null);return A(i,e),t&&A(i,t),i},Oe.provide=Te;var je=function(e,t){return void 0===t?e:t};function De(e,t,n){if("function"==typeof t&&(t=t.options),function(e,t){var n=e.props;if(n){var r,i,o={};if(Array.isArray(n))for(r=n.length;r--;)"string"==typeof(i=n[r])&&(o[b(i)]={type:null});else if(s(n))for(var a in n)i=n[a],o[b(a)]=s(i)?i:{type:i};e.props=o}}(t),function(e,t){var n=e.inject;if(n){var r=e.inject={};if(Array.isArray(n))for(var i=0;i<n.length;i++)r[n[i]]={from:n[i]};else if(s(n))for(var o in n){var a=n[o];r[o]=s(a)?A({from:o},a):{from:a}}}}(t),function(e){var t=e.directives;if(t)for(var n in t){var r=t[n];"function"==typeof r&&(t[n]={bind:r,update:r})}}(t),!t._base&&(t.extends&&(e=De(e,t.extends,n)),t.mixins))for(var r=0,i=t.mixins.length;r<i;r++)e=De(e,t.mixins[r],n);var o,a={};for(o in e)c(o);for(o in t)y(e,o)||c(o);function c(r){var i=Oe[r]||je;a[r]=i(e[r],t[r],n,r)}return a}function Le(e,t,n,r){if("string"==typeof n){var i=e[t];if(y(i,n))return i[n];var o=b(n);if(y(i,o))return i[o];var a=$(o);return y(i,a)?i[a]:i[n]||i[o]||i[a]}}function Me(e,t,n,r){var i=t[e],o=!y(n,e),a=n[e],s=Pe(Boolean,i.type);if(s>-1)if(o&&!y(i,"default"))a=!1;else if(""===a||a===C(e)){var c=Pe(String,i.type);(c<0||s<c)&&(a=!0)}if(void 0===a){a=function(e,t,n){if(!y(t,"default"))return;var r=t.default;if(e&&e.$options.propsData&&void 0===e.$options.propsData[n]&&void 0!==e._props[n])return e._props[n];return"function"==typeof r&&"Function"!==Ie(t.type)?r.call(e):r}(r,i,e);var u=be;$e(!0),Ce(a),$e(u)}return a}function Ie(e){var t=e&&e.toString().match(/^\s*function (\w+)/);return t?t[1]:""}function Fe(e,t){return Ie(e)===Ie(t)}function Pe(e,t){if(!Array.isArray(t))return Fe(t,e)?0:-1;for(var n=0,r=t.length;n<r;n++)if(Fe(t[n],e))return n;return-1}function Re(e,t,n){le();try{if(t)for(var r=t;r=r.$parent;){var i=r.$options.errorCaptured;if(i)for(var o=0;o<i.length;o++)try{if(!1===i[o].call(r,e,t,n))return}catch(e){Be(e,r,"errorCaptured hook")}}Be(e,t,n)}finally{fe()}}function He(e,t,n,r,i){var o;try{(o=n?e.apply(t,n):e.call(t))&&!o._isVue&&u(o)&&!o._handled&&(o.catch(function(e){return Re(e,r,i+" (Promise/async)")}),o._handled=!0)}catch(e){Re(e,r,i)}return o}function Be(e,t,n){if(F.errorHandler)try{return F.errorHandler.call(null,e,t,n)}catch(t){t!==e&&Ue(t,null,"config.errorHandler")}Ue(e,t,n)}function Ue(e,t,n){if(!z&&!V||"undefined"==typeof console)throw e;console.error(e)}var ze,Ve=!1,Ke=[],Je=!1;function qe(){Je=!1;var e=Ke.slice(0);Ke.length=0;for(var t=0;t<e.length;t++)e[t]()}if("undefined"!=typeof Promise&&re(Promise)){var We=Promise.resolve();ze=function(){We.then(qe),G&&setTimeout(S)},Ve=!0}else if(q||"undefined"==typeof MutationObserver||!re(MutationObserver)&&"[object MutationObserverConstructor]"!==MutationObserver.toString())ze="undefined"!=typeof setImmediate&&re(setImmediate)?function(){setImmediate(qe)}:function(){setTimeout(qe,0)};else{var Ze=1,Ge=new MutationObserver(qe),Xe=document.createTextNode(String(Ze));Ge.observe(Xe,{characterData:!0}),ze=function(){Ze=(Ze+1)%2,Xe.data=String(Ze)},Ve=!0}function Ye(e,t){var n;if(Ke.push(function(){if(e)try{e.call(t)}catch(e){Re(e,t,"nextTick")}else n&&n(t)}),Je||(Je=!0,ze()),!e&&"undefined"!=typeof Promise)return new Promise(function(e){n=e})}var Qe=new ie;function et(e){!function e(t,n){var r,i;var a=Array.isArray(t);if(!a&&!o(t)||Object.isFrozen(t)||t instanceof pe)return;if(t.__ob__){var s=t.__ob__.dep.id;if(n.has(s))return;n.add(s)}if(a)for(r=t.length;r--;)e(t[r],n);else for(i=Object.keys(t),r=i.length;r--;)e(t[i[r]],n)}(e,Qe),Qe.clear()}var tt=g(function(e){var t="&"===e.charAt(0),n="~"===(e=t?e.slice(1):e).charAt(0),r="!"===(e=n?e.slice(1):e).charAt(0);return{name:e=r?e.slice(1):e,once:n,capture:r,passive:t}});function nt(e,t){function n(){var e=arguments,r=n.fns;if(!Array.isArray(r))return He(r,null,arguments,t,"v-on handler");for(var i=r.slice(),o=0;o<i.length;o++)He(i[o],null,e,t,"v-on handler")}return n.fns=e,n}function rt(e,n,i,o,a,s){var c,u,l,f;for(c in e)u=e[c],l=n[c],f=tt(c),t(u)||(t(l)?(t(u.fns)&&(u=e[c]=nt(u,s)),r(f.once)&&(u=e[c]=a(f.name,u,f.capture)),i(f.name,u,f.capture,f.passive,f.params)):u!==l&&(l.fns=u,e[c]=l));for(c in n)t(e[c])&&o((f=tt(c)).name,n[c],f.capture)}function it(e,i,o){var a;e instanceof pe&&(e=e.data.hook||(e.data.hook={}));var s=e[i];function c(){o.apply(this,arguments),h(a.fns,c)}t(s)?a=nt([c]):n(s.fns)&&r(s.merged)?(a=s).fns.push(c):a=nt([s,c]),a.merged=!0,e[i]=a}function ot(e,t,r,i,o){if(n(t)){if(y(t,r))return e[r]=t[r],o||delete t[r],!0;if(y(t,i))return e[r]=t[i],o||delete t[i],!0}return!1}function at(e){return i(e)?[he(e)]:Array.isArray(e)?function e(o,a){var s=[];var c,u,l,f;for(c=0;c<o.length;c++)t(u=o[c])||"boolean"==typeof u||(l=s.length-1,f=s[l],Array.isArray(u)?u.length>0&&(st((u=e(u,(a||"")+"_"+c))[0])&&st(f)&&(s[l]=he(f.text+u[0].text),u.shift()),s.push.apply(s,u)):i(u)?st(f)?s[l]=he(f.text+u):""!==u&&s.push(he(u)):st(u)&&st(f)?s[l]=he(f.text+u.text):(r(o._isVList)&&n(u.tag)&&t(u.key)&&n(a)&&(u.key="__vlist"+a+"_"+c+"__"),s.push(u)));return s}(e):void 0}function st(e){return n(e)&&n(e.text)&&!1===e.isComment}function ct(e,t){if(e){for(var n=Object.create(null),r=oe?Reflect.ownKeys(e):Object.keys(e),i=0;i<r.length;i++){var o=r[i];if("__ob__"!==o){for(var a=e[o].from,s=t;s;){if(s._provided&&y(s._provided,a)){n[o]=s._provided[a];break}s=s.$parent}if(!s&&"default"in e[o]){var c=e[o].default;n[o]="function"==typeof c?c.call(t):c}}}return n}}function ut(e,t){if(!e||!e.length)return{};for(var n={},r=0,i=e.length;r<i;r++){var o=e[r],a=o.data;if(a&&a.attrs&&a.attrs.slot&&delete a.attrs.slot,o.context!==t&&o.fnContext!==t||!a||null==a.slot)(n.default||(n.default=[])).push(o);else{var s=a.slot,c=n[s]||(n[s]=[]);"template"===o.tag?c.push.apply(c,o.children||[]):c.push(o)}}for(var u in n)n[u].every(lt)&&delete n[u];return n}function lt(e){return e.isComment&&!e.asyncFactory||" "===e.text}function ft(t,n,r){var i,o=Object.keys(n).length>0,a=t?!!t.$stable:!o,s=t&&t.$key;if(t){if(t._normalized)return t._normalized;if(a&&r&&r!==e&&s===r.$key&&!o&&!r.$hasNormal)return r;for(var c in i={},t)t[c]&&"$"!==c[0]&&(i[c]=pt(n,c,t[c]))}else i={};for(var u in n)u in i||(i[u]=dt(n,u));return t&&Object.isExtensible(t)&&(t._normalized=i),R(i,"$stable",a),R(i,"$key",s),R(i,"$hasNormal",o),i}function pt(e,t,n){var r=function(){var e=arguments.length?n.apply(null,arguments):n({});return(e=e&&"object"==typeof e&&!Array.isArray(e)?[e]:at(e))&&(0===e.length||1===e.length&&e[0].isComment)?void 0:e};return n.proxy&&Object.defineProperty(e,t,{get:r,enumerable:!0,configurable:!0}),r}function dt(e,t){return function(){return e[t]}}function vt(e,t){var r,i,a,s,c;if(Array.isArray(e)||"string"==typeof e)for(r=new Array(e.length),i=0,a=e.length;i<a;i++)r[i]=t(e[i],i);else if("number"==typeof e)for(r=new Array(e),i=0;i<e;i++)r[i]=t(i+1,i);else if(o(e))if(oe&&e[Symbol.iterator]){r=[];for(var u=e[Symbol.iterator](),l=u.next();!l.done;)r.push(t(l.value,r.length)),l=u.next()}else for(s=Object.keys(e),r=new Array(s.length),i=0,a=s.length;i<a;i++)c=s[i],r[i]=t(e[c],c,i);return n(r)||(r=[]),r._isVList=!0,r}function ht(e,t,n,r){var i,o=this.$scopedSlots[e];o?(n=n||{},r&&(n=A(A({},r),n)),i=o(n)||t):i=this.$slots[e]||t;var a=n&&n.slot;return a?this.$createElement("template",{slot:a},i):i}function mt(e){return Le(this.$options,"filters",e)||E}function yt(e,t){return Array.isArray(e)?-1===e.indexOf(t):e!==t}function gt(e,t,n,r,i){var o=F.keyCodes[t]||n;return i&&r&&!F.keyCodes[t]?yt(i,r):o?yt(o,e):r?C(r)!==t:void 0}function _t(e,t,n,r,i){if(n)if(o(n)){var a;Array.isArray(n)&&(n=O(n));var s=function(o){if("class"===o||"style"===o||v(o))a=e;else{var s=e.attrs&&e.attrs.type;a=r||F.mustUseProp(t,s,o)?e.domProps||(e.domProps={}):e.attrs||(e.attrs={})}var c=b(o),u=C(o);c in a||u in a||(a[o]=n[o],i&&((e.on||(e.on={}))["update:"+o]=function(e){n[o]=e}))};for(var c in n)s(c)}else;return e}function bt(e,t){var n=this._staticTrees||(this._staticTrees=[]),r=n[e];return r&&!t?r:(wt(r=n[e]=this.$options.staticRenderFns[e].call(this._renderProxy,null,this),"__static__"+e,!1),r)}function $t(e,t,n){return wt(e,"__once__"+t+(n?"_"+n:""),!0),e}function wt(e,t,n){if(Array.isArray(e))for(var r=0;r<e.length;r++)e[r]&&"string"!=typeof e[r]&&Ct(e[r],t+"_"+r,n);else Ct(e,t,n)}function Ct(e,t,n){e.isStatic=!0,e.key=t,e.isOnce=n}function xt(e,t){if(t)if(s(t)){var n=e.on=e.on?A({},e.on):{};for(var r in t){var i=n[r],o=t[r];n[r]=i?[].concat(i,o):o}}else;return e}function kt(e,t,n,r){t=t||{$stable:!n};for(var i=0;i<e.length;i++){var o=e[i];Array.isArray(o)?kt(o,t,n):o&&(o.proxy&&(o.fn.proxy=!0),t[o.key]=o.fn)}return r&&(t.$key=r),t}function At(e,t){for(var n=0;n<t.length;n+=2){var r=t[n];"string"==typeof r&&r&&(e[t[n]]=t[n+1])}return e}function Ot(e,t){return"string"==typeof e?t+e:e}function St(e){e._o=$t,e._n=f,e._s=l,e._l=vt,e._t=ht,e._q=N,e._i=j,e._m=bt,e._f=mt,e._k=gt,e._b=_t,e._v=he,e._e=ve,e._u=kt,e._g=xt,e._d=At,e._p=Ot}function Tt(t,n,i,o,a){var s,c=this,u=a.options;y(o,"_uid")?(s=Object.create(o))._original=o:(s=o,o=o._original);var l=r(u._compiled),f=!l;this.data=t,this.props=n,this.children=i,this.parent=o,this.listeners=t.on||e,this.injections=ct(u.inject,o),this.slots=function(){return c.$slots||ft(t.scopedSlots,c.$slots=ut(i,o)),c.$slots},Object.defineProperty(this,"scopedSlots",{enumerable:!0,get:function(){return ft(t.scopedSlots,this.slots())}}),l&&(this.$options=u,this.$slots=this.slots(),this.$scopedSlots=ft(t.scopedSlots,this.$slots)),u._scopeId?this._c=function(e,t,n,r){var i=Pt(s,e,t,n,r,f);return i&&!Array.isArray(i)&&(i.fnScopeId=u._scopeId,i.fnContext=o),i}:this._c=function(e,t,n,r){return Pt(s,e,t,n,r,f)}}function Et(e,t,n,r,i){var o=me(e);return o.fnContext=n,o.fnOptions=r,t.slot&&((o.data||(o.data={})).slot=t.slot),o}function Nt(e,t){for(var n in t)e[b(n)]=t[n]}St(Tt.prototype);var jt={init:function(e,t){if(e.componentInstance&&!e.componentInstance._isDestroyed&&e.data.keepAlive){var r=e;jt.prepatch(r,r)}else{(e.componentInstance=function(e,t){var r={_isComponent:!0,_parentVnode:e,parent:t},i=e.data.inlineTemplate;n(i)&&(r.render=i.render,r.staticRenderFns=i.staticRenderFns);return new e.componentOptions.Ctor(r)}(e,Wt)).$mount(t?e.elm:void 0,t)}},prepatch:function(t,n){var r=n.componentOptions;!function(t,n,r,i,o){var a=i.data.scopedSlots,s=t.$scopedSlots,c=!!(a&&!a.$stable||s!==e&&!s.$stable||a&&t.$scopedSlots.$key!==a.$key),u=!!(o||t.$options._renderChildren||c);t.$options._parentVnode=i,t.$vnode=i,t._vnode&&(t._vnode.parent=i);if(t.$options._renderChildren=o,t.$attrs=i.data.attrs||e,t.$listeners=r||e,n&&t.$options.props){$e(!1);for(var l=t._props,f=t.$options._propKeys||[],p=0;p<f.length;p++){var d=f[p],v=t.$options.props;l[d]=Me(d,v,n,t)}$e(!0),t.$options.propsData=n}r=r||e;var h=t.$options._parentListeners;t.$options._parentListeners=r,qt(t,r,h),u&&(t.$slots=ut(o,i.context),t.$forceUpdate())}(n.componentInstance=t.componentInstance,r.propsData,r.listeners,n,r.children)},insert:function(e){var t,n=e.context,r=e.componentInstance;r._isMounted||(r._isMounted=!0,Yt(r,"mounted")),e.data.keepAlive&&(n._isMounted?((t=r)._inactive=!1,en.push(t)):Xt(r,!0))},destroy:function(e){var t=e.componentInstance;t._isDestroyed||(e.data.keepAlive?function e(t,n){if(n&&(t._directInactive=!0,Gt(t)))return;if(!t._inactive){t._inactive=!0;for(var r=0;r<t.$children.length;r++)e(t.$children[r]);Yt(t,"deactivated")}}(t,!0):t.$destroy())}},Dt=Object.keys(jt);function Lt(i,a,s,c,l){if(!t(i)){var f=s.$options._base;if(o(i)&&(i=f.extend(i)),"function"==typeof i){var p;if(t(i.cid)&&void 0===(i=function(e,i){if(r(e.error)&&n(e.errorComp))return e.errorComp;if(n(e.resolved))return e.resolved;var a=Ht;a&&n(e.owners)&&-1===e.owners.indexOf(a)&&e.owners.push(a);if(r(e.loading)&&n(e.loadingComp))return e.loadingComp;if(a&&!n(e.owners)){var s=e.owners=[a],c=!0,l=null,f=null;a.$on("hook:destroyed",function(){return h(s,a)});var p=function(e){for(var t=0,n=s.length;t<n;t++)s[t].$forceUpdate();e&&(s.length=0,null!==l&&(clearTimeout(l),l=null),null!==f&&(clearTimeout(f),f=null))},d=D(function(t){e.resolved=Bt(t,i),c?s.length=0:p(!0)}),v=D(function(t){n(e.errorComp)&&(e.error=!0,p(!0))}),m=e(d,v);return o(m)&&(u(m)?t(e.resolved)&&m.then(d,v):u(m.component)&&(m.component.then(d,v),n(m.error)&&(e.errorComp=Bt(m.error,i)),n(m.loading)&&(e.loadingComp=Bt(m.loading,i),0===m.delay?e.loading=!0:l=setTimeout(function(){l=null,t(e.resolved)&&t(e.error)&&(e.loading=!0,p(!1))},m.delay||200)),n(m.timeout)&&(f=setTimeout(function(){f=null,t(e.resolved)&&v(null)},m.timeout)))),c=!1,e.loading?e.loadingComp:e.resolved}}(p=i,f)))return function(e,t,n,r,i){var o=ve();return o.asyncFactory=e,o.asyncMeta={data:t,context:n,children:r,tag:i},o}(p,a,s,c,l);a=a||{},$n(i),n(a.model)&&function(e,t){var r=e.model&&e.model.prop||"value",i=e.model&&e.model.event||"input";(t.attrs||(t.attrs={}))[r]=t.model.value;var o=t.on||(t.on={}),a=o[i],s=t.model.callback;n(a)?(Array.isArray(a)?-1===a.indexOf(s):a!==s)&&(o[i]=[s].concat(a)):o[i]=s}(i.options,a);var d=function(e,r,i){var o=r.options.props;if(!t(o)){var a={},s=e.attrs,c=e.props;if(n(s)||n(c))for(var u in o){var l=C(u);ot(a,c,u,l,!0)||ot(a,s,u,l,!1)}return a}}(a,i);if(r(i.options.functional))return function(t,r,i,o,a){var s=t.options,c={},u=s.props;if(n(u))for(var l in u)c[l]=Me(l,u,r||e);else n(i.attrs)&&Nt(c,i.attrs),n(i.props)&&Nt(c,i.props);var f=new Tt(i,c,a,o,t),p=s.render.call(null,f._c,f);if(p instanceof pe)return Et(p,i,f.parent,s);if(Array.isArray(p)){for(var d=at(p)||[],v=new Array(d.length),h=0;h<d.length;h++)v[h]=Et(d[h],i,f.parent,s);return v}}(i,d,a,s,c);var v=a.on;if(a.on=a.nativeOn,r(i.options.abstract)){var m=a.slot;a={},m&&(a.slot=m)}!function(e){for(var t=e.hook||(e.hook={}),n=0;n<Dt.length;n++){var r=Dt[n],i=t[r],o=jt[r];i===o||i&&i._merged||(t[r]=i?Mt(o,i):o)}}(a);var y=i.options.name||l;return new pe("vue-component-"+i.cid+(y?"-"+y:""),a,void 0,void 0,void 0,s,{Ctor:i,propsData:d,listeners:v,tag:l,children:c},p)}}}function Mt(e,t){var n=function(n,r){e(n,r),t(n,r)};return n._merged=!0,n}var It=1,Ft=2;function Pt(e,a,s,c,u,l){return(Array.isArray(s)||i(s))&&(u=c,c=s,s=void 0),r(l)&&(u=Ft),function(e,i,a,s,c){if(n(a)&&n(a.__ob__))return ve();n(a)&&n(a.is)&&(i=a.is);if(!i)return ve();Array.isArray(s)&&"function"==typeof s[0]&&((a=a||{}).scopedSlots={default:s[0]},s.length=0);c===Ft?s=at(s):c===It&&(s=function(e){for(var t=0;t<e.length;t++)if(Array.isArray(e[t]))return Array.prototype.concat.apply([],e);return e}(s));var u,l;if("string"==typeof i){var f;l=e.$vnode&&e.$vnode.ns||F.getTagNamespace(i),u=F.isReservedTag(i)?new pe(F.parsePlatformTagName(i),a,s,void 0,void 0,e):a&&a.pre||!n(f=Le(e.$options,"components",i))?new pe(i,a,s,void 0,void 0,e):Lt(f,a,e,s,i)}else u=Lt(i,a,e,s);return Array.isArray(u)?u:n(u)?(n(l)&&function e(i,o,a){i.ns=o;"foreignObject"===i.tag&&(o=void 0,a=!0);if(n(i.children))for(var s=0,c=i.children.length;s<c;s++){var u=i.children[s];n(u.tag)&&(t(u.ns)||r(a)&&"svg"!==u.tag)&&e(u,o,a)}}(u,l),n(a)&&function(e){o(e.style)&&et(e.style);o(e.class)&&et(e.class)}(a),u):ve()}(e,a,s,c,u)}var Rt,Ht=null;function Bt(e,t){return(e.__esModule||oe&&"Module"===e[Symbol.toStringTag])&&(e=e.default),o(e)?t.extend(e):e}function Ut(e){return e.isComment&&e.asyncFactory}function zt(e){if(Array.isArray(e))for(var t=0;t<e.length;t++){var r=e[t];if(n(r)&&(n(r.componentOptions)||Ut(r)))return r}}function Vt(e,t){Rt.$on(e,t)}function Kt(e,t){Rt.$off(e,t)}function Jt(e,t){var n=Rt;return function r(){null!==t.apply(null,arguments)&&n.$off(e,r)}}function qt(e,t,n){Rt=e,rt(t,n||{},Vt,Kt,Jt,e),Rt=void 0}var Wt=null;function Zt(e){var t=Wt;return Wt=e,function(){Wt=t}}function Gt(e){for(;e&&(e=e.$parent);)if(e._inactive)return!0;return!1}function Xt(e,t){if(t){if(e._directInactive=!1,Gt(e))return}else if(e._directInactive)return;if(e._inactive||null===e._inactive){e._inactive=!1;for(var n=0;n<e.$children.length;n++)Xt(e.$children[n]);Yt(e,"activated")}}function Yt(e,t){le();var n=e.$options[t],r=t+" hook";if(n)for(var i=0,o=n.length;i<o;i++)He(n[i],e,null,e,r);e._hasHookEvent&&e.$emit("hook:"+t),fe()}var Qt=[],en=[],tn={},nn=!1,rn=!1,on=0;var an=0,sn=Date.now;if(z&&!q){var cn=window.performance;cn&&"function"==typeof cn.now&&sn()>document.createEvent("Event").timeStamp&&(sn=function(){return cn.now()})}function un(){var e,t;for(an=sn(),rn=!0,Qt.sort(function(e,t){return e.id-t.id}),on=0;on<Qt.length;on++)(e=Qt[on]).before&&e.before(),t=e.id,tn[t]=null,e.run();var n=en.slice(),r=Qt.slice();on=Qt.length=en.length=0,tn={},nn=rn=!1,function(e){for(var t=0;t<e.length;t++)e[t]._inactive=!0,Xt(e[t],!0)}(n),function(e){var t=e.length;for(;t--;){var n=e[t],r=n.vm;r._watcher===n&&r._isMounted&&!r._isDestroyed&&Yt(r,"updated")}}(r),ne&&F.devtools&&ne.emit("flush")}var ln=0,fn=function(e,t,n,r,i){this.vm=e,i&&(e._watcher=this),e._watchers.push(this),r?(this.deep=!!r.deep,this.user=!!r.user,this.lazy=!!r.lazy,this.sync=!!r.sync,this.before=r.before):this.deep=this.user=this.lazy=this.sync=!1,this.cb=n,this.id=++ln,this.active=!0,this.dirty=this.lazy,this.deps=[],this.newDeps=[],this.depIds=new ie,this.newDepIds=new ie,this.expression="","function"==typeof t?this.getter=t:(this.getter=function(e){if(!H.test(e)){var t=e.split(".");return function(e){for(var n=0;n<t.length;n++){if(!e)return;e=e[t[n]]}return e}}}(t),this.getter||(this.getter=S)),this.value=this.lazy?void 0:this.get()};fn.prototype.get=function(){var e;le(this);var t=this.vm;try{e=this.getter.call(t,t)}catch(e){if(!this.user)throw e;Re(e,t,'getter for watcher "'+this.expression+'"')}finally{this.deep&&et(e),fe(),this.cleanupDeps()}return e},fn.prototype.addDep=function(e){var t=e.id;this.newDepIds.has(t)||(this.newDepIds.add(t),this.newDeps.push(e),this.depIds.has(t)||e.addSub(this))},fn.prototype.cleanupDeps=function(){for(var e=this.deps.length;e--;){var t=this.deps[e];this.newDepIds.has(t.id)||t.removeSub(this)}var n=this.depIds;this.depIds=this.newDepIds,this.newDepIds=n,this.newDepIds.clear(),n=this.deps,this.deps=this.newDeps,this.newDeps=n,this.newDeps.length=0},fn.prototype.update=function(){this.lazy?this.dirty=!0:this.sync?this.run():function(e){var t=e.id;if(null==tn[t]){if(tn[t]=!0,rn){for(var n=Qt.length-1;n>on&&Qt[n].id>e.id;)n--;Qt.splice(n+1,0,e)}else Qt.push(e);nn||(nn=!0,Ye(un))}}(this)},fn.prototype.run=function(){if(this.active){var e=this.get();if(e!==this.value||o(e)||this.deep){var t=this.value;if(this.value=e,this.user)try{this.cb.call(this.vm,e,t)}catch(e){Re(e,this.vm,'callback for watcher "'+this.expression+'"')}else this.cb.call(this.vm,e,t)}}},fn.prototype.evaluate=function(){this.value=this.get(),this.dirty=!1},fn.prototype.depend=function(){for(var e=this.deps.length;e--;)this.deps[e].depend()},fn.prototype.teardown=function(){if(this.active){this.vm._isBeingDestroyed||h(this.vm._watchers,this);for(var e=this.deps.length;e--;)this.deps[e].removeSub(this);this.active=!1}};var pn={enumerable:!0,configurable:!0,get:S,set:S};function dn(e,t,n){pn.get=function(){return this[t][n]},pn.set=function(e){this[t][n]=e},Object.defineProperty(e,n,pn)}function vn(e){e._watchers=[];var t=e.$options;t.props&&function(e,t){var n=e.$options.propsData||{},r=e._props={},i=e.$options._propKeys=[];e.$parent&&$e(!1);var o=function(o){i.push(o);var a=Me(o,t,n,e);xe(r,o,a),o in e||dn(e,"_props",o)};for(var a in t)o(a);$e(!0)}(e,t.props),t.methods&&function(e,t){e.$options.props;for(var n in t)e[n]="function"!=typeof t[n]?S:x(t[n],e)}(e,t.methods),t.data?function(e){var t=e.$options.data;s(t=e._data="function"==typeof t?function(e,t){le();try{return e.call(t,t)}catch(e){return Re(e,t,"data()"),{}}finally{fe()}}(t,e):t||{})||(t={});var n=Object.keys(t),r=e.$options.props,i=(e.$options.methods,n.length);for(;i--;){var o=n[i];r&&y(r,o)||(a=void 0,36!==(a=(o+"").charCodeAt(0))&&95!==a&&dn(e,"_data",o))}var a;Ce(t,!0)}(e):Ce(e._data={},!0),t.computed&&function(e,t){var n=e._computedWatchers=Object.create(null),r=te();for(var i in t){var o=t[i],a="function"==typeof o?o:o.get;r||(n[i]=new fn(e,a||S,S,hn)),i in e||mn(e,i,o)}}(e,t.computed),t.watch&&t.watch!==Y&&function(e,t){for(var n in t){var r=t[n];if(Array.isArray(r))for(var i=0;i<r.length;i++)_n(e,n,r[i]);else _n(e,n,r)}}(e,t.watch)}var hn={lazy:!0};function mn(e,t,n){var r=!te();"function"==typeof n?(pn.get=r?yn(t):gn(n),pn.set=S):(pn.get=n.get?r&&!1!==n.cache?yn(t):gn(n.get):S,pn.set=n.set||S),Object.defineProperty(e,t,pn)}function yn(e){return function(){var t=this._computedWatchers&&this._computedWatchers[e];if(t)return t.dirty&&t.evaluate(),ce.target&&t.depend(),t.value}}function gn(e){return function(){return e.call(this,this)}}function _n(e,t,n,r){return s(n)&&(r=n,n=n.handler),"string"==typeof n&&(n=e[n]),e.$watch(t,n,r)}var bn=0;function $n(e){var t=e.options;if(e.super){var n=$n(e.super);if(n!==e.superOptions){e.superOptions=n;var r=function(e){var t,n=e.options,r=e.sealedOptions;for(var i in n)n[i]!==r[i]&&(t||(t={}),t[i]=n[i]);return t}(e);r&&A(e.extendOptions,r),(t=e.options=De(n,e.extendOptions)).name&&(t.components[t.name]=e)}}return t}function wn(e){this._init(e)}function Cn(e){e.cid=0;var t=1;e.extend=function(e){e=e||{};var n=this,r=n.cid,i=e._Ctor||(e._Ctor={});if(i[r])return i[r];var o=e.name||n.options.name,a=function(e){this._init(e)};return(a.prototype=Object.create(n.prototype)).constructor=a,a.cid=t++,a.options=De(n.options,e),a.super=n,a.options.props&&function(e){var t=e.options.props;for(var n in t)dn(e.prototype,"_props",n)}(a),a.options.computed&&function(e){var t=e.options.computed;for(var n in t)mn(e.prototype,n,t[n])}(a),a.extend=n.extend,a.mixin=n.mixin,a.use=n.use,M.forEach(function(e){a[e]=n[e]}),o&&(a.options.components[o]=a),a.superOptions=n.options,a.extendOptions=e,a.sealedOptions=A({},a.options),i[r]=a,a}}function xn(e){return e&&(e.Ctor.options.name||e.tag)}function kn(e,t){return Array.isArray(e)?e.indexOf(t)>-1:"string"==typeof e?e.split(",").indexOf(t)>-1:(n=e,"[object RegExp]"===a.call(n)&&e.test(t));var n}function An(e,t){var n=e.cache,r=e.keys,i=e._vnode;for(var o in n){var a=n[o];if(a){var s=xn(a.componentOptions);s&&!t(s)&&On(n,o,r,i)}}}function On(e,t,n,r){var i=e[t];!i||r&&i.tag===r.tag||i.componentInstance.$destroy(),e[t]=null,h(n,t)}!function(t){t.prototype._init=function(t){var n=this;n._uid=bn++,n._isVue=!0,t&&t._isComponent?function(e,t){var n=e.$options=Object.create(e.constructor.options),r=t._parentVnode;n.parent=t.parent,n._parentVnode=r;var i=r.componentOptions;n.propsData=i.propsData,n._parentListeners=i.listeners,n._renderChildren=i.children,n._componentTag=i.tag,t.render&&(n.render=t.render,n.staticRenderFns=t.staticRenderFns)}(n,t):n.$options=De($n(n.constructor),t||{},n),n._renderProxy=n,n._self=n,function(e){var t=e.$options,n=t.parent;if(n&&!t.abstract){for(;n.$options.abstract&&n.$parent;)n=n.$parent;n.$children.push(e)}e.$parent=n,e.$root=n?n.$root:e,e.$children=[],e.$refs={},e._watcher=null,e._inactive=null,e._directInactive=!1,e._isMounted=!1,e._isDestroyed=!1,e._isBeingDestroyed=!1}(n),function(e){e._events=Object.create(null),e._hasHookEvent=!1;var t=e.$options._parentListeners;t&&qt(e,t)}(n),function(t){t._vnode=null,t._staticTrees=null;var n=t.$options,r=t.$vnode=n._parentVnode,i=r&&r.context;t.$slots=ut(n._renderChildren,i),t.$scopedSlots=e,t._c=function(e,n,r,i){return Pt(t,e,n,r,i,!1)},t.$createElement=function(e,n,r,i){return Pt(t,e,n,r,i,!0)};var o=r&&r.data;xe(t,"$attrs",o&&o.attrs||e,null,!0),xe(t,"$listeners",n._parentListeners||e,null,!0)}(n),Yt(n,"beforeCreate"),function(e){var t=ct(e.$options.inject,e);t&&($e(!1),Object.keys(t).forEach(function(n){xe(e,n,t[n])}),$e(!0))}(n),vn(n),function(e){var t=e.$options.provide;t&&(e._provided="function"==typeof t?t.call(e):t)}(n),Yt(n,"created"),n.$options.el&&n.$mount(n.$options.el)}}(wn),function(e){var t={get:function(){return this._data}},n={get:function(){return this._props}};Object.defineProperty(e.prototype,"$data",t),Object.defineProperty(e.prototype,"$props",n),e.prototype.$set=ke,e.prototype.$delete=Ae,e.prototype.$watch=function(e,t,n){if(s(t))return _n(this,e,t,n);(n=n||{}).user=!0;var r=new fn(this,e,t,n);if(n.immediate)try{t.call(this,r.value)}catch(e){Re(e,this,'callback for immediate watcher "'+r.expression+'"')}return function(){r.teardown()}}}(wn),function(e){var t=/^hook:/;e.prototype.$on=function(e,n){var r=this;if(Array.isArray(e))for(var i=0,o=e.length;i<o;i++)r.$on(e[i],n);else(r._events[e]||(r._events[e]=[])).push(n),t.test(e)&&(r._hasHookEvent=!0);return r},e.prototype.$once=function(e,t){var n=this;function r(){n.$off(e,r),t.apply(n,arguments)}return r.fn=t,n.$on(e,r),n},e.prototype.$off=function(e,t){var n=this;if(!arguments.length)return n._events=Object.create(null),n;if(Array.isArray(e)){for(var r=0,i=e.length;r<i;r++)n.$off(e[r],t);return n}var o,a=n._events[e];if(!a)return n;if(!t)return n._events[e]=null,n;for(var s=a.length;s--;)if((o=a[s])===t||o.fn===t){a.splice(s,1);break}return n},e.prototype.$emit=function(e){var t=this._events[e];if(t){t=t.length>1?k(t):t;for(var n=k(arguments,1),r='event handler for "'+e+'"',i=0,o=t.length;i<o;i++)He(t[i],this,n,this,r)}return this}}(wn),function(e){e.prototype._update=function(e,t){var n=this,r=n.$el,i=n._vnode,o=Zt(n);n._vnode=e,n.$el=i?n.__patch__(i,e):n.__patch__(n.$el,e,t,!1),o(),r&&(r.__vue__=null),n.$el&&(n.$el.__vue__=n),n.$vnode&&n.$parent&&n.$vnode===n.$parent._vnode&&(n.$parent.$el=n.$el)},e.prototype.$forceUpdate=function(){this._watcher&&this._watcher.update()},e.prototype.$destroy=function(){var e=this;if(!e._isBeingDestroyed){Yt(e,"beforeDestroy"),e._isBeingDestroyed=!0;var t=e.$parent;!t||t._isBeingDestroyed||e.$options.abstract||h(t.$children,e),e._watcher&&e._watcher.teardown();for(var n=e._watchers.length;n--;)e._watchers[n].teardown();e._data.__ob__&&e._data.__ob__.vmCount--,e._isDestroyed=!0,e.__patch__(e._vnode,null),Yt(e,"destroyed"),e.$off(),e.$el&&(e.$el.__vue__=null),e.$vnode&&(e.$vnode.parent=null)}}}(wn),function(e){St(e.prototype),e.prototype.$nextTick=function(e){return Ye(e,this)},e.prototype._render=function(){var e,t=this,n=t.$options,r=n.render,i=n._parentVnode;i&&(t.$scopedSlots=ft(i.data.scopedSlots,t.$slots,t.$scopedSlots)),t.$vnode=i;try{Ht=t,e=r.call(t._renderProxy,t.$createElement)}catch(n){Re(n,t,"render"),e=t._vnode}finally{Ht=null}return Array.isArray(e)&&1===e.length&&(e=e[0]),e instanceof pe||(e=ve()),e.parent=i,e}}(wn);var Sn=[String,RegExp,Array],Tn={KeepAlive:{name:"keep-alive",abstract:!0,props:{include:Sn,exclude:Sn,max:[String,Number]},created:function(){this.cache=Object.create(null),this.keys=[]},destroyed:function(){for(var e in this.cache)On(this.cache,e,this.keys)},mounted:function(){var e=this;this.$watch("include",function(t){An(e,function(e){return kn(t,e)})}),this.$watch("exclude",function(t){An(e,function(e){return!kn(t,e)})})},render:function(){var e=this.$slots.default,t=zt(e),n=t&&t.componentOptions;if(n){var r=xn(n),i=this.include,o=this.exclude;if(i&&(!r||!kn(i,r))||o&&r&&kn(o,r))return t;var a=this.cache,s=this.keys,c=null==t.key?n.Ctor.cid+(n.tag?"::"+n.tag:""):t.key;a[c]?(t.componentInstance=a[c].componentInstance,h(s,c),s.push(c)):(a[c]=t,s.push(c),this.max&&s.length>parseInt(this.max)&&On(a,s[0],s,this._vnode)),t.data.keepAlive=!0}return t||e&&e[0]}}};!function(e){var t={get:function(){return F}};Object.defineProperty(e,"config",t),e.util={warn:ae,extend:A,mergeOptions:De,defineReactive:xe},e.set=ke,e.delete=Ae,e.nextTick=Ye,e.observable=function(e){return Ce(e),e},e.options=Object.create(null),M.forEach(function(t){e.options[t+"s"]=Object.create(null)}),e.options._base=e,A(e.options.components,Tn),function(e){e.use=function(e){var t=this._installedPlugins||(this._installedPlugins=[]);if(t.indexOf(e)>-1)return this;var n=k(arguments,1);return n.unshift(this),"function"==typeof e.install?e.install.apply(e,n):"function"==typeof e&&e.apply(null,n),t.push(e),this}}(e),function(e){e.mixin=function(e){return this.options=De(this.options,e),this}}(e),Cn(e),function(e){M.forEach(function(t){e[t]=function(e,n){return n?("component"===t&&s(n)&&(n.name=n.name||e,n=this.options._base.extend(n)),"directive"===t&&"function"==typeof n&&(n={bind:n,update:n}),this.options[t+"s"][e]=n,n):this.options[t+"s"][e]}})}(e)}(wn),Object.defineProperty(wn.prototype,"$isServer",{get:te}),Object.defineProperty(wn.prototype,"$ssrContext",{get:function(){return this.$vnode&&this.$vnode.ssrContext}}),Object.defineProperty(wn,"FunctionalRenderContext",{value:Tt}),wn.version="2.6.10";var En=p("style,class"),Nn=p("input,textarea,option,select,progress"),jn=function(e,t,n){return"value"===n&&Nn(e)&&"button"!==t||"selected"===n&&"option"===e||"checked"===n&&"input"===e||"muted"===n&&"video"===e},Dn=p("contenteditable,draggable,spellcheck"),Ln=p("events,caret,typing,plaintext-only"),Mn=function(e,t){return Hn(t)||"false"===t?"false":"contenteditable"===e&&Ln(t)?t:"true"},In=p("allowfullscreen,async,autofocus,autoplay,checked,compact,controls,declare,default,defaultchecked,defaultmuted,defaultselected,defer,disabled,enabled,formnovalidate,hidden,indeterminate,inert,ismap,itemscope,loop,multiple,muted,nohref,noresize,noshade,novalidate,nowrap,open,pauseonexit,readonly,required,reversed,scoped,seamless,selected,sortable,translate,truespeed,typemustmatch,visible"),Fn="http://www.w3.org/1999/xlink",Pn=function(e){return":"===e.charAt(5)&&"xlink"===e.slice(0,5)},Rn=function(e){return Pn(e)?e.slice(6,e.length):""},Hn=function(e){return null==e||!1===e};function Bn(e){for(var t=e.data,r=e,i=e;n(i.componentInstance);)(i=i.componentInstance._vnode)&&i.data&&(t=Un(i.data,t));for(;n(r=r.parent);)r&&r.data&&(t=Un(t,r.data));return function(e,t){if(n(e)||n(t))return zn(e,Vn(t));return""}(t.staticClass,t.class)}function Un(e,t){return{staticClass:zn(e.staticClass,t.staticClass),class:n(e.class)?[e.class,t.class]:t.class}}function zn(e,t){return e?t?e+" "+t:e:t||""}function Vn(e){return Array.isArray(e)?function(e){for(var t,r="",i=0,o=e.length;i<o;i++)n(t=Vn(e[i]))&&""!==t&&(r&&(r+=" "),r+=t);return r}(e):o(e)?function(e){var t="";for(var n in e)e[n]&&(t&&(t+=" "),t+=n);return t}(e):"string"==typeof e?e:""}var Kn={svg:"http://www.w3.org/2000/svg",math:"http://www.w3.org/1998/Math/MathML"},Jn=p("html,body,base,head,link,meta,style,title,address,article,aside,footer,header,h1,h2,h3,h4,h5,h6,hgroup,nav,section,div,dd,dl,dt,figcaption,figure,picture,hr,img,li,main,ol,p,pre,ul,a,b,abbr,bdi,bdo,br,cite,code,data,dfn,em,i,kbd,mark,q,rp,rt,rtc,ruby,s,samp,small,span,strong,sub,sup,time,u,var,wbr,area,audio,map,track,video,embed,object,param,source,canvas,script,noscript,del,ins,caption,col,colgroup,table,thead,tbody,td,th,tr,button,datalist,fieldset,form,input,label,legend,meter,optgroup,option,output,progress,select,textarea,details,dialog,menu,menuitem,summary,content,element,shadow,template,blockquote,iframe,tfoot"),qn=p("svg,animate,circle,clippath,cursor,defs,desc,ellipse,filter,font-face,foreignObject,g,glyph,image,line,marker,mask,missing-glyph,path,pattern,polygon,polyline,rect,switch,symbol,text,textpath,tspan,use,view",!0),Wn=function(e){return Jn(e)||qn(e)};function Zn(e){return qn(e)?"svg":"math"===e?"math":void 0}var Gn=Object.create(null);var Xn=p("text,number,password,search,email,tel,url");function Yn(e){if("string"==typeof e){var t=document.querySelector(e);return t||document.createElement("div")}return e}var Qn=Object.freeze({createElement:function(e,t){var n=document.createElement(e);return"select"!==e?n:(t.data&&t.data.attrs&&void 0!==t.data.attrs.multiple&&n.setAttribute("multiple","multiple"),n)},createElementNS:function(e,t){return document.createElementNS(Kn[e],t)},createTextNode:function(e){return document.createTextNode(e)},createComment:function(e){return document.createComment(e)},insertBefore:function(e,t,n){e.insertBefore(t,n)},removeChild:function(e,t){e.removeChild(t)},appendChild:function(e,t){e.appendChild(t)},parentNode:function(e){return e.parentNode},nextSibling:function(e){return e.nextSibling},tagName:function(e){return e.tagName},setTextContent:function(e,t){e.textContent=t},setStyleScope:function(e,t){e.setAttribute(t,"")}}),er={create:function(e,t){tr(t)},update:function(e,t){e.data.ref!==t.data.ref&&(tr(e,!0),tr(t))},destroy:function(e){tr(e,!0)}};function tr(e,t){var r=e.data.ref;if(n(r)){var i=e.context,o=e.componentInstance||e.elm,a=i.$refs;t?Array.isArray(a[r])?h(a[r],o):a[r]===o&&(a[r]=void 0):e.data.refInFor?Array.isArray(a[r])?a[r].indexOf(o)<0&&a[r].push(o):a[r]=[o]:a[r]=o}}var nr=new pe("",{},[]),rr=["create","activate","update","remove","destroy"];function ir(e,i){return e.key===i.key&&(e.tag===i.tag&&e.isComment===i.isComment&&n(e.data)===n(i.data)&&function(e,t){if("input"!==e.tag)return!0;var r,i=n(r=e.data)&&n(r=r.attrs)&&r.type,o=n(r=t.data)&&n(r=r.attrs)&&r.type;return i===o||Xn(i)&&Xn(o)}(e,i)||r(e.isAsyncPlaceholder)&&e.asyncFactory===i.asyncFactory&&t(i.asyncFactory.error))}function or(e,t,r){var i,o,a={};for(i=t;i<=r;++i)n(o=e[i].key)&&(a[o]=i);return a}var ar={create:sr,update:sr,destroy:function(e){sr(e,nr)}};function sr(e,t){(e.data.directives||t.data.directives)&&function(e,t){var n,r,i,o=e===nr,a=t===nr,s=ur(e.data.directives,e.context),c=ur(t.data.directives,t.context),u=[],l=[];for(n in c)r=s[n],i=c[n],r?(i.oldValue=r.value,i.oldArg=r.arg,fr(i,"update",t,e),i.def&&i.def.componentUpdated&&l.push(i)):(fr(i,"bind",t,e),i.def&&i.def.inserted&&u.push(i));if(u.length){var f=function(){for(var n=0;n<u.length;n++)fr(u[n],"inserted",t,e)};o?it(t,"insert",f):f()}l.length&&it(t,"postpatch",function(){for(var n=0;n<l.length;n++)fr(l[n],"componentUpdated",t,e)});if(!o)for(n in s)c[n]||fr(s[n],"unbind",e,e,a)}(e,t)}var cr=Object.create(null);function ur(e,t){var n,r,i=Object.create(null);if(!e)return i;for(n=0;n<e.length;n++)(r=e[n]).modifiers||(r.modifiers=cr),i[lr(r)]=r,r.def=Le(t.$options,"directives",r.name);return i}function lr(e){return e.rawName||e.name+"."+Object.keys(e.modifiers||{}).join(".")}function fr(e,t,n,r,i){var o=e.def&&e.def[t];if(o)try{o(n.elm,e,n,r,i)}catch(r){Re(r,n.context,"directive "+e.name+" "+t+" hook")}}var pr=[er,ar];function dr(e,r){var i=r.componentOptions;if(!(n(i)&&!1===i.Ctor.options.inheritAttrs||t(e.data.attrs)&&t(r.data.attrs))){var o,a,s=r.elm,c=e.data.attrs||{},u=r.data.attrs||{};for(o in n(u.__ob__)&&(u=r.data.attrs=A({},u)),u)a=u[o],c[o]!==a&&vr(s,o,a);for(o in(q||Z)&&u.value!==c.value&&vr(s,"value",u.value),c)t(u[o])&&(Pn(o)?s.removeAttributeNS(Fn,Rn(o)):Dn(o)||s.removeAttribute(o))}}function vr(e,t,n){e.tagName.indexOf("-")>-1?hr(e,t,n):In(t)?Hn(n)?e.removeAttribute(t):(n="allowfullscreen"===t&&"EMBED"===e.tagName?"true":t,e.setAttribute(t,n)):Dn(t)?e.setAttribute(t,Mn(t,n)):Pn(t)?Hn(n)?e.removeAttributeNS(Fn,Rn(t)):e.setAttributeNS(Fn,t,n):hr(e,t,n)}function hr(e,t,n){if(Hn(n))e.removeAttribute(t);else{if(q&&!W&&"TEXTAREA"===e.tagName&&"placeholder"===t&&""!==n&&!e.__ieph){var r=function(t){t.stopImmediatePropagation(),e.removeEventListener("input",r)};e.addEventListener("input",r),e.__ieph=!0}e.setAttribute(t,n)}}var mr={create:dr,update:dr};function yr(e,r){var i=r.elm,o=r.data,a=e.data;if(!(t(o.staticClass)&&t(o.class)&&(t(a)||t(a.staticClass)&&t(a.class)))){var s=Bn(r),c=i._transitionClasses;n(c)&&(s=zn(s,Vn(c))),s!==i._prevClass&&(i.setAttribute("class",s),i._prevClass=s)}}var gr,_r,br,$r,wr,Cr,xr={create:yr,update:yr},kr=/[\w).+\-_$\]]/;function Ar(e){var t,n,r,i,o,a=!1,s=!1,c=!1,u=!1,l=0,f=0,p=0,d=0;for(r=0;r<e.length;r++)if(n=t,t=e.charCodeAt(r),a)39===t&&92!==n&&(a=!1);else if(s)34===t&&92!==n&&(s=!1);else if(c)96===t&&92!==n&&(c=!1);else if(u)47===t&&92!==n&&(u=!1);else if(124!==t||124===e.charCodeAt(r+1)||124===e.charCodeAt(r-1)||l||f||p){switch(t){case 34:s=!0;break;case 39:a=!0;break;case 96:c=!0;break;case 40:p++;break;case 41:p--;break;case 91:f++;break;case 93:f--;break;case 123:l++;break;case 125:l--}if(47===t){for(var v=r-1,h=void 0;v>=0&&" "===(h=e.charAt(v));v--);h&&kr.test(h)||(u=!0)}}else void 0===i?(d=r+1,i=e.slice(0,r).trim()):m();function m(){(o||(o=[])).push(e.slice(d,r).trim()),d=r+1}if(void 0===i?i=e.slice(0,r).trim():0!==d&&m(),o)for(r=0;r<o.length;r++)i=Or(i,o[r]);return i}function Or(e,t){var n=t.indexOf("(");if(n<0)return'_f("'+t+'")('+e+")";var r=t.slice(0,n),i=t.slice(n+1);return'_f("'+r+'")('+e+(")"!==i?","+i:i)}function Sr(e,t){console.error("[Vue compiler]: "+e)}function Tr(e,t){return e?e.map(function(e){return e[t]}).filter(function(e){return e}):[]}function Er(e,t,n,r,i){(e.props||(e.props=[])).push(Rr({name:t,value:n,dynamic:i},r)),e.plain=!1}function Nr(e,t,n,r,i){(i?e.dynamicAttrs||(e.dynamicAttrs=[]):e.attrs||(e.attrs=[])).push(Rr({name:t,value:n,dynamic:i},r)),e.plain=!1}function jr(e,t,n,r){e.attrsMap[t]=n,e.attrsList.push(Rr({name:t,value:n},r))}function Dr(e,t,n,r,i,o,a,s){(e.directives||(e.directives=[])).push(Rr({name:t,rawName:n,value:r,arg:i,isDynamicArg:o,modifiers:a},s)),e.plain=!1}function Lr(e,t,n){return n?"_p("+t+',"'+e+'")':e+t}function Mr(t,n,r,i,o,a,s,c){var u;(i=i||e).right?c?n="("+n+")==='click'?'contextmenu':("+n+")":"click"===n&&(n="contextmenu",delete i.right):i.middle&&(c?n="("+n+")==='click'?'mouseup':("+n+")":"click"===n&&(n="mouseup")),i.capture&&(delete i.capture,n=Lr("!",n,c)),i.once&&(delete i.once,n=Lr("~",n,c)),i.passive&&(delete i.passive,n=Lr("&",n,c)),i.native?(delete i.native,u=t.nativeEvents||(t.nativeEvents={})):u=t.events||(t.events={});var l=Rr({value:r.trim(),dynamic:c},s);i!==e&&(l.modifiers=i);var f=u[n];Array.isArray(f)?o?f.unshift(l):f.push(l):u[n]=f?o?[l,f]:[f,l]:l,t.plain=!1}function Ir(e,t,n){var r=Fr(e,":"+t)||Fr(e,"v-bind:"+t);if(null!=r)return Ar(r);if(!1!==n){var i=Fr(e,t);if(null!=i)return JSON.stringify(i)}}function Fr(e,t,n){var r;if(null!=(r=e.attrsMap[t]))for(var i=e.attrsList,o=0,a=i.length;o<a;o++)if(i[o].name===t){i.splice(o,1);break}return n&&delete e.attrsMap[t],r}function Pr(e,t){for(var n=e.attrsList,r=0,i=n.length;r<i;r++){var o=n[r];if(t.test(o.name))return n.splice(r,1),o}}function Rr(e,t){return t&&(null!=t.start&&(e.start=t.start),null!=t.end&&(e.end=t.end)),e}function Hr(e,t,n){var r=n||{},i=r.number,o="$$v";r.trim&&(o="(typeof $$v === 'string'? $$v.trim(): $$v)"),i&&(o="_n("+o+")");var a=Br(t,o);e.model={value:"("+t+")",expression:JSON.stringify(t),callback:"function ($$v) {"+a+"}"}}function Br(e,t){var n=function(e){if(e=e.trim(),gr=e.length,e.indexOf("[")<0||e.lastIndexOf("]")<gr-1)return($r=e.lastIndexOf("."))>-1?{exp:e.slice(0,$r),key:'"'+e.slice($r+1)+'"'}:{exp:e,key:null};_r=e,$r=wr=Cr=0;for(;!zr();)Vr(br=Ur())?Jr(br):91===br&&Kr(br);return{exp:e.slice(0,wr),key:e.slice(wr+1,Cr)}}(e);return null===n.key?e+"="+t:"$set("+n.exp+", "+n.key+", "+t+")"}function Ur(){return _r.charCodeAt(++$r)}function zr(){return $r>=gr}function Vr(e){return 34===e||39===e}function Kr(e){var t=1;for(wr=$r;!zr();)if(Vr(e=Ur()))Jr(e);else if(91===e&&t++,93===e&&t--,0===t){Cr=$r;break}}function Jr(e){for(var t=e;!zr()&&(e=Ur())!==t;);}var qr,Wr="__r",Zr="__c";function Gr(e,t,n){var r=qr;return function i(){null!==t.apply(null,arguments)&&Qr(e,i,n,r)}}var Xr=Ve&&!(X&&Number(X[1])<=53);function Yr(e,t,n,r){if(Xr){var i=an,o=t;t=o._wrapper=function(e){if(e.target===e.currentTarget||e.timeStamp>=i||e.timeStamp<=0||e.target.ownerDocument!==document)return o.apply(this,arguments)}}qr.addEventListener(e,t,Q?{capture:n,passive:r}:n)}function Qr(e,t,n,r){(r||qr).removeEventListener(e,t._wrapper||t,n)}function ei(e,r){if(!t(e.data.on)||!t(r.data.on)){var i=r.data.on||{},o=e.data.on||{};qr=r.elm,function(e){if(n(e[Wr])){var t=q?"change":"input";e[t]=[].concat(e[Wr],e[t]||[]),delete e[Wr]}n(e[Zr])&&(e.change=[].concat(e[Zr],e.change||[]),delete e[Zr])}(i),rt(i,o,Yr,Qr,Gr,r.context),qr=void 0}}var ti,ni={create:ei,update:ei};function ri(e,r){if(!t(e.data.domProps)||!t(r.data.domProps)){var i,o,a=r.elm,s=e.data.domProps||{},c=r.data.domProps||{};for(i in n(c.__ob__)&&(c=r.data.domProps=A({},c)),s)i in c||(a[i]="");for(i in c){if(o=c[i],"textContent"===i||"innerHTML"===i){if(r.children&&(r.children.length=0),o===s[i])continue;1===a.childNodes.length&&a.removeChild(a.childNodes[0])}if("value"===i&&"PROGRESS"!==a.tagName){a._value=o;var u=t(o)?"":String(o);ii(a,u)&&(a.value=u)}else if("innerHTML"===i&&qn(a.tagName)&&t(a.innerHTML)){(ti=ti||document.createElement("div")).innerHTML="<svg>"+o+"</svg>";for(var l=ti.firstChild;a.firstChild;)a.removeChild(a.firstChild);for(;l.firstChild;)a.appendChild(l.firstChild)}else if(o!==s[i])try{a[i]=o}catch(e){}}}}function ii(e,t){return!e.composing&&("OPTION"===e.tagName||function(e,t){var n=!0;try{n=document.activeElement!==e}catch(e){}return n&&e.value!==t}(e,t)||function(e,t){var r=e.value,i=e._vModifiers;if(n(i)){if(i.number)return f(r)!==f(t);if(i.trim)return r.trim()!==t.trim()}return r!==t}(e,t))}var oi={create:ri,update:ri},ai=g(function(e){var t={},n=/:(.+)/;return e.split(/;(?![^(]*\))/g).forEach(function(e){if(e){var r=e.split(n);r.length>1&&(t[r[0].trim()]=r[1].trim())}}),t});function si(e){var t=ci(e.style);return e.staticStyle?A(e.staticStyle,t):t}function ci(e){return Array.isArray(e)?O(e):"string"==typeof e?ai(e):e}var ui,li=/^--/,fi=/\s*!important$/,pi=function(e,t,n){if(li.test(t))e.style.setProperty(t,n);else if(fi.test(n))e.style.setProperty(C(t),n.replace(fi,""),"important");else{var r=vi(t);if(Array.isArray(n))for(var i=0,o=n.length;i<o;i++)e.style[r]=n[i];else e.style[r]=n}},di=["Webkit","Moz","ms"],vi=g(function(e){if(ui=ui||document.createElement("div").style,"filter"!==(e=b(e))&&e in ui)return e;for(var t=e.charAt(0).toUpperCase()+e.slice(1),n=0;n<di.length;n++){var r=di[n]+t;if(r in ui)return r}});function hi(e,r){var i=r.data,o=e.data;if(!(t(i.staticStyle)&&t(i.style)&&t(o.staticStyle)&&t(o.style))){var a,s,c=r.elm,u=o.staticStyle,l=o.normalizedStyle||o.style||{},f=u||l,p=ci(r.data.style)||{};r.data.normalizedStyle=n(p.__ob__)?A({},p):p;var d=function(e,t){var n,r={};if(t)for(var i=e;i.componentInstance;)(i=i.componentInstance._vnode)&&i.data&&(n=si(i.data))&&A(r,n);(n=si(e.data))&&A(r,n);for(var o=e;o=o.parent;)o.data&&(n=si(o.data))&&A(r,n);return r}(r,!0);for(s in f)t(d[s])&&pi(c,s,"");for(s in d)(a=d[s])!==f[s]&&pi(c,s,null==a?"":a)}}var mi={create:hi,update:hi},yi=/\s+/;function gi(e,t){if(t&&(t=t.trim()))if(e.classList)t.indexOf(" ")>-1?t.split(yi).forEach(function(t){return e.classList.add(t)}):e.classList.add(t);else{var n=" "+(e.getAttribute("class")||"")+" ";n.indexOf(" "+t+" ")<0&&e.setAttribute("class",(n+t).trim())}}function _i(e,t){if(t&&(t=t.trim()))if(e.classList)t.indexOf(" ")>-1?t.split(yi).forEach(function(t){return e.classList.remove(t)}):e.classList.remove(t),e.classList.length||e.removeAttribute("class");else{for(var n=" "+(e.getAttribute("class")||"")+" ",r=" "+t+" ";n.indexOf(r)>=0;)n=n.replace(r," ");(n=n.trim())?e.setAttribute("class",n):e.removeAttribute("class")}}function bi(e){if(e){if("object"==typeof e){var t={};return!1!==e.css&&A(t,$i(e.name||"v")),A(t,e),t}return"string"==typeof e?$i(e):void 0}}var $i=g(function(e){return{enterClass:e+"-enter",enterToClass:e+"-enter-to",enterActiveClass:e+"-enter-active",leaveClass:e+"-leave",leaveToClass:e+"-leave-to",leaveActiveClass:e+"-leave-active"}}),wi=z&&!W,Ci="transition",xi="animation",ki="transition",Ai="transitionend",Oi="animation",Si="animationend";wi&&(void 0===window.ontransitionend&&void 0!==window.onwebkittransitionend&&(ki="WebkitTransition",Ai="webkitTransitionEnd"),void 0===window.onanimationend&&void 0!==window.onwebkitanimationend&&(Oi="WebkitAnimation",Si="webkitAnimationEnd"));var Ti=z?window.requestAnimationFrame?window.requestAnimationFrame.bind(window):setTimeout:function(e){return e()};function Ei(e){Ti(function(){Ti(e)})}function Ni(e,t){var n=e._transitionClasses||(e._transitionClasses=[]);n.indexOf(t)<0&&(n.push(t),gi(e,t))}function ji(e,t){e._transitionClasses&&h(e._transitionClasses,t),_i(e,t)}function Di(e,t,n){var r=Mi(e,t),i=r.type,o=r.timeout,a=r.propCount;if(!i)return n();var s=i===Ci?Ai:Si,c=0,u=function(){e.removeEventListener(s,l),n()},l=function(t){t.target===e&&++c>=a&&u()};setTimeout(function(){c<a&&u()},o+1),e.addEventListener(s,l)}var Li=/\b(transform|all)(,|$)/;function Mi(e,t){var n,r=window.getComputedStyle(e),i=(r[ki+"Delay"]||"").split(", "),o=(r[ki+"Duration"]||"").split(", "),a=Ii(i,o),s=(r[Oi+"Delay"]||"").split(", "),c=(r[Oi+"Duration"]||"").split(", "),u=Ii(s,c),l=0,f=0;return t===Ci?a>0&&(n=Ci,l=a,f=o.length):t===xi?u>0&&(n=xi,l=u,f=c.length):f=(n=(l=Math.max(a,u))>0?a>u?Ci:xi:null)?n===Ci?o.length:c.length:0,{type:n,timeout:l,propCount:f,hasTransform:n===Ci&&Li.test(r[ki+"Property"])}}function Ii(e,t){for(;e.length<t.length;)e=e.concat(e);return Math.max.apply(null,t.map(function(t,n){return Fi(t)+Fi(e[n])}))}function Fi(e){return 1e3*Number(e.slice(0,-1).replace(",","."))}function Pi(e,r){var i=e.elm;n(i._leaveCb)&&(i._leaveCb.cancelled=!0,i._leaveCb());var a=bi(e.data.transition);if(!t(a)&&!n(i._enterCb)&&1===i.nodeType){for(var s=a.css,c=a.type,u=a.enterClass,l=a.enterToClass,p=a.enterActiveClass,d=a.appearClass,v=a.appearToClass,h=a.appearActiveClass,m=a.beforeEnter,y=a.enter,g=a.afterEnter,_=a.enterCancelled,b=a.beforeAppear,$=a.appear,w=a.afterAppear,C=a.appearCancelled,x=a.duration,k=Wt,A=Wt.$vnode;A&&A.parent;)k=A.context,A=A.parent;var O=!k._isMounted||!e.isRootInsert;if(!O||$||""===$){var S=O&&d?d:u,T=O&&h?h:p,E=O&&v?v:l,N=O&&b||m,j=O&&"function"==typeof $?$:y,L=O&&w||g,M=O&&C||_,I=f(o(x)?x.enter:x),F=!1!==s&&!W,P=Bi(j),R=i._enterCb=D(function(){F&&(ji(i,E),ji(i,T)),R.cancelled?(F&&ji(i,S),M&&M(i)):L&&L(i),i._enterCb=null});e.data.show||it(e,"insert",function(){var t=i.parentNode,n=t&&t._pending&&t._pending[e.key];n&&n.tag===e.tag&&n.elm._leaveCb&&n.elm._leaveCb(),j&&j(i,R)}),N&&N(i),F&&(Ni(i,S),Ni(i,T),Ei(function(){ji(i,S),R.cancelled||(Ni(i,E),P||(Hi(I)?setTimeout(R,I):Di(i,c,R)))})),e.data.show&&(r&&r(),j&&j(i,R)),F||P||R()}}}function Ri(e,r){var i=e.elm;n(i._enterCb)&&(i._enterCb.cancelled=!0,i._enterCb());var a=bi(e.data.transition);if(t(a)||1!==i.nodeType)return r();if(!n(i._leaveCb)){var s=a.css,c=a.type,u=a.leaveClass,l=a.leaveToClass,p=a.leaveActiveClass,d=a.beforeLeave,v=a.leave,h=a.afterLeave,m=a.leaveCancelled,y=a.delayLeave,g=a.duration,_=!1!==s&&!W,b=Bi(v),$=f(o(g)?g.leave:g),w=i._leaveCb=D(function(){i.parentNode&&i.parentNode._pending&&(i.parentNode._pending[e.key]=null),_&&(ji(i,l),ji(i,p)),w.cancelled?(_&&ji(i,u),m&&m(i)):(r(),h&&h(i)),i._leaveCb=null});y?y(C):C()}function C(){w.cancelled||(!e.data.show&&i.parentNode&&((i.parentNode._pending||(i.parentNode._pending={}))[e.key]=e),d&&d(i),_&&(Ni(i,u),Ni(i,p),Ei(function(){ji(i,u),w.cancelled||(Ni(i,l),b||(Hi($)?setTimeout(w,$):Di(i,c,w)))})),v&&v(i,w),_||b||w())}}function Hi(e){return"number"==typeof e&&!isNaN(e)}function Bi(e){if(t(e))return!1;var r=e.fns;return n(r)?Bi(Array.isArray(r)?r[0]:r):(e._length||e.length)>1}function Ui(e,t){!0!==t.data.show&&Pi(t)}var zi=function(e){var o,a,s={},c=e.modules,u=e.nodeOps;for(o=0;o<rr.length;++o)for(s[rr[o]]=[],a=0;a<c.length;++a)n(c[a][rr[o]])&&s[rr[o]].push(c[a][rr[o]]);function l(e){var t=u.parentNode(e);n(t)&&u.removeChild(t,e)}function f(e,t,i,o,a,c,l){if(n(e.elm)&&n(c)&&(e=c[l]=me(e)),e.isRootInsert=!a,!function(e,t,i,o){var a=e.data;if(n(a)){var c=n(e.componentInstance)&&a.keepAlive;if(n(a=a.hook)&&n(a=a.init)&&a(e,!1),n(e.componentInstance))return d(e,t),v(i,e.elm,o),r(c)&&function(e,t,r,i){for(var o,a=e;a.componentInstance;)if(a=a.componentInstance._vnode,n(o=a.data)&&n(o=o.transition)){for(o=0;o<s.activate.length;++o)s.activate[o](nr,a);t.push(a);break}v(r,e.elm,i)}(e,t,i,o),!0}}(e,t,i,o)){var f=e.data,p=e.children,m=e.tag;n(m)?(e.elm=e.ns?u.createElementNS(e.ns,m):u.createElement(m,e),g(e),h(e,p,t),n(f)&&y(e,t),v(i,e.elm,o)):r(e.isComment)?(e.elm=u.createComment(e.text),v(i,e.elm,o)):(e.elm=u.createTextNode(e.text),v(i,e.elm,o))}}function d(e,t){n(e.data.pendingInsert)&&(t.push.apply(t,e.data.pendingInsert),e.data.pendingInsert=null),e.elm=e.componentInstance.$el,m(e)?(y(e,t),g(e)):(tr(e),t.push(e))}function v(e,t,r){n(e)&&(n(r)?u.parentNode(r)===e&&u.insertBefore(e,t,r):u.appendChild(e,t))}function h(e,t,n){if(Array.isArray(t))for(var r=0;r<t.length;++r)f(t[r],n,e.elm,null,!0,t,r);else i(e.text)&&u.appendChild(e.elm,u.createTextNode(String(e.text)))}function m(e){for(;e.componentInstance;)e=e.componentInstance._vnode;return n(e.tag)}function y(e,t){for(var r=0;r<s.create.length;++r)s.create[r](nr,e);n(o=e.data.hook)&&(n(o.create)&&o.create(nr,e),n(o.insert)&&t.push(e))}function g(e){var t;if(n(t=e.fnScopeId))u.setStyleScope(e.elm,t);else for(var r=e;r;)n(t=r.context)&&n(t=t.$options._scopeId)&&u.setStyleScope(e.elm,t),r=r.parent;n(t=Wt)&&t!==e.context&&t!==e.fnContext&&n(t=t.$options._scopeId)&&u.setStyleScope(e.elm,t)}function _(e,t,n,r,i,o){for(;r<=i;++r)f(n[r],o,e,t,!1,n,r)}function b(e){var t,r,i=e.data;if(n(i))for(n(t=i.hook)&&n(t=t.destroy)&&t(e),t=0;t<s.destroy.length;++t)s.destroy[t](e);if(n(t=e.children))for(r=0;r<e.children.length;++r)b(e.children[r])}function $(e,t,r,i){for(;r<=i;++r){var o=t[r];n(o)&&(n(o.tag)?(w(o),b(o)):l(o.elm))}}function w(e,t){if(n(t)||n(e.data)){var r,i=s.remove.length+1;for(n(t)?t.listeners+=i:t=function(e,t){function n(){0==--n.listeners&&l(e)}return n.listeners=t,n}(e.elm,i),n(r=e.componentInstance)&&n(r=r._vnode)&&n(r.data)&&w(r,t),r=0;r<s.remove.length;++r)s.remove[r](e,t);n(r=e.data.hook)&&n(r=r.remove)?r(e,t):t()}else l(e.elm)}function C(e,t,r,i){for(var o=r;o<i;o++){var a=t[o];if(n(a)&&ir(e,a))return o}}function x(e,i,o,a,c,l){if(e!==i){n(i.elm)&&n(a)&&(i=a[c]=me(i));var p=i.elm=e.elm;if(r(e.isAsyncPlaceholder))n(i.asyncFactory.resolved)?O(e.elm,i,o):i.isAsyncPlaceholder=!0;else if(r(i.isStatic)&&r(e.isStatic)&&i.key===e.key&&(r(i.isCloned)||r(i.isOnce)))i.componentInstance=e.componentInstance;else{var d,v=i.data;n(v)&&n(d=v.hook)&&n(d=d.prepatch)&&d(e,i);var h=e.children,y=i.children;if(n(v)&&m(i)){for(d=0;d<s.update.length;++d)s.update[d](e,i);n(d=v.hook)&&n(d=d.update)&&d(e,i)}t(i.text)?n(h)&&n(y)?h!==y&&function(e,r,i,o,a){for(var s,c,l,p=0,d=0,v=r.length-1,h=r[0],m=r[v],y=i.length-1,g=i[0],b=i[y],w=!a;p<=v&&d<=y;)t(h)?h=r[++p]:t(m)?m=r[--v]:ir(h,g)?(x(h,g,o,i,d),h=r[++p],g=i[++d]):ir(m,b)?(x(m,b,o,i,y),m=r[--v],b=i[--y]):ir(h,b)?(x(h,b,o,i,y),w&&u.insertBefore(e,h.elm,u.nextSibling(m.elm)),h=r[++p],b=i[--y]):ir(m,g)?(x(m,g,o,i,d),w&&u.insertBefore(e,m.elm,h.elm),m=r[--v],g=i[++d]):(t(s)&&(s=or(r,p,v)),t(c=n(g.key)?s[g.key]:C(g,r,p,v))?f(g,o,e,h.elm,!1,i,d):ir(l=r[c],g)?(x(l,g,o,i,d),r[c]=void 0,w&&u.insertBefore(e,l.elm,h.elm)):f(g,o,e,h.elm,!1,i,d),g=i[++d]);p>v?_(e,t(i[y+1])?null:i[y+1].elm,i,d,y,o):d>y&&$(0,r,p,v)}(p,h,y,o,l):n(y)?(n(e.text)&&u.setTextContent(p,""),_(p,null,y,0,y.length-1,o)):n(h)?$(0,h,0,h.length-1):n(e.text)&&u.setTextContent(p,""):e.text!==i.text&&u.setTextContent(p,i.text),n(v)&&n(d=v.hook)&&n(d=d.postpatch)&&d(e,i)}}}function k(e,t,i){if(r(i)&&n(e.parent))e.parent.data.pendingInsert=t;else for(var o=0;o<t.length;++o)t[o].data.hook.insert(t[o])}var A=p("attrs,class,staticClass,staticStyle,key");function O(e,t,i,o){var a,s=t.tag,c=t.data,u=t.children;if(o=o||c&&c.pre,t.elm=e,r(t.isComment)&&n(t.asyncFactory))return t.isAsyncPlaceholder=!0,!0;if(n(c)&&(n(a=c.hook)&&n(a=a.init)&&a(t,!0),n(a=t.componentInstance)))return d(t,i),!0;if(n(s)){if(n(u))if(e.hasChildNodes())if(n(a=c)&&n(a=a.domProps)&&n(a=a.innerHTML)){if(a!==e.innerHTML)return!1}else{for(var l=!0,f=e.firstChild,p=0;p<u.length;p++){if(!f||!O(f,u[p],i,o)){l=!1;break}f=f.nextSibling}if(!l||f)return!1}else h(t,u,i);if(n(c)){var v=!1;for(var m in c)if(!A(m)){v=!0,y(t,i);break}!v&&c.class&&et(c.class)}}else e.data!==t.text&&(e.data=t.text);return!0}return function(e,i,o,a){if(!t(i)){var c,l=!1,p=[];if(t(e))l=!0,f(i,p);else{var d=n(e.nodeType);if(!d&&ir(e,i))x(e,i,p,null,null,a);else{if(d){if(1===e.nodeType&&e.hasAttribute(L)&&(e.removeAttribute(L),o=!0),r(o)&&O(e,i,p))return k(i,p,!0),e;c=e,e=new pe(u.tagName(c).toLowerCase(),{},[],void 0,c)}var v=e.elm,h=u.parentNode(v);if(f(i,p,v._leaveCb?null:h,u.nextSibling(v)),n(i.parent))for(var y=i.parent,g=m(i);y;){for(var _=0;_<s.destroy.length;++_)s.destroy[_](y);if(y.elm=i.elm,g){for(var w=0;w<s.create.length;++w)s.create[w](nr,y);var C=y.data.hook.insert;if(C.merged)for(var A=1;A<C.fns.length;A++)C.fns[A]()}else tr(y);y=y.parent}n(h)?$(0,[e],0,0):n(e.tag)&&b(e)}}return k(i,p,l),i.elm}n(e)&&b(e)}}({nodeOps:Qn,modules:[mr,xr,ni,oi,mi,z?{create:Ui,activate:Ui,remove:function(e,t){!0!==e.data.show?Ri(e,t):t()}}:{}].concat(pr)});W&&document.addEventListener("selectionchange",function(){var e=document.activeElement;e&&e.vmodel&&Xi(e,"input")});var Vi={inserted:function(e,t,n,r){"select"===n.tag?(r.elm&&!r.elm._vOptions?it(n,"postpatch",function(){Vi.componentUpdated(e,t,n)}):Ki(e,t,n.context),e._vOptions=[].map.call(e.options,Wi)):("textarea"===n.tag||Xn(e.type))&&(e._vModifiers=t.modifiers,t.modifiers.lazy||(e.addEventListener("compositionstart",Zi),e.addEventListener("compositionend",Gi),e.addEventListener("change",Gi),W&&(e.vmodel=!0)))},componentUpdated:function(e,t,n){if("select"===n.tag){Ki(e,t,n.context);var r=e._vOptions,i=e._vOptions=[].map.call(e.options,Wi);if(i.some(function(e,t){return!N(e,r[t])}))(e.multiple?t.value.some(function(e){return qi(e,i)}):t.value!==t.oldValue&&qi(t.value,i))&&Xi(e,"change")}}};function Ki(e,t,n){Ji(e,t,n),(q||Z)&&setTimeout(function(){Ji(e,t,n)},0)}function Ji(e,t,n){var r=t.value,i=e.multiple;if(!i||Array.isArray(r)){for(var o,a,s=0,c=e.options.length;s<c;s++)if(a=e.options[s],i)o=j(r,Wi(a))>-1,a.selected!==o&&(a.selected=o);else if(N(Wi(a),r))return void(e.selectedIndex!==s&&(e.selectedIndex=s));i||(e.selectedIndex=-1)}}function qi(e,t){return t.every(function(t){return!N(t,e)})}function Wi(e){return"_value"in e?e._value:e.value}function Zi(e){e.target.composing=!0}function Gi(e){e.target.composing&&(e.target.composing=!1,Xi(e.target,"input"))}function Xi(e,t){var n=document.createEvent("HTMLEvents");n.initEvent(t,!0,!0),e.dispatchEvent(n)}function Yi(e){return!e.componentInstance||e.data&&e.data.transition?e:Yi(e.componentInstance._vnode)}var Qi={model:Vi,show:{bind:function(e,t,n){var r=t.value,i=(n=Yi(n)).data&&n.data.transition,o=e.__vOriginalDisplay="none"===e.style.display?"":e.style.display;r&&i?(n.data.show=!0,Pi(n,function(){e.style.display=o})):e.style.display=r?o:"none"},update:function(e,t,n){var r=t.value;!r!=!t.oldValue&&((n=Yi(n)).data&&n.data.transition?(n.data.show=!0,r?Pi(n,function(){e.style.display=e.__vOriginalDisplay}):Ri(n,function(){e.style.display="none"})):e.style.display=r?e.__vOriginalDisplay:"none")},unbind:function(e,t,n,r,i){i||(e.style.display=e.__vOriginalDisplay)}}},eo={name:String,appear:Boolean,css:Boolean,mode:String,type:String,enterClass:String,leaveClass:String,enterToClass:String,leaveToClass:String,enterActiveClass:String,leaveActiveClass:String,appearClass:String,appearActiveClass:String,appearToClass:String,duration:[Number,String,Object]};function to(e){var t=e&&e.componentOptions;return t&&t.Ctor.options.abstract?to(zt(t.children)):e}function no(e){var t={},n=e.$options;for(var r in n.propsData)t[r]=e[r];var i=n._parentListeners;for(var o in i)t[b(o)]=i[o];return t}function ro(e,t){if(/\d-keep-alive$/.test(t.tag))return e("keep-alive",{props:t.componentOptions.propsData})}var io=function(e){return e.tag||Ut(e)},oo=function(e){return"show"===e.name},ao={name:"transition",props:eo,abstract:!0,render:function(e){var t=this,n=this.$slots.default;if(n&&(n=n.filter(io)).length){var r=this.mode,o=n[0];if(function(e){for(;e=e.parent;)if(e.data.transition)return!0}(this.$vnode))return o;var a=to(o);if(!a)return o;if(this._leaving)return ro(e,o);var s="__transition-"+this._uid+"-";a.key=null==a.key?a.isComment?s+"comment":s+a.tag:i(a.key)?0===String(a.key).indexOf(s)?a.key:s+a.key:a.key;var c=(a.data||(a.data={})).transition=no(this),u=this._vnode,l=to(u);if(a.data.directives&&a.data.directives.some(oo)&&(a.data.show=!0),l&&l.data&&!function(e,t){return t.key===e.key&&t.tag===e.tag}(a,l)&&!Ut(l)&&(!l.componentInstance||!l.componentInstance._vnode.isComment)){var f=l.data.transition=A({},c);if("out-in"===r)return this._leaving=!0,it(f,"afterLeave",function(){t._leaving=!1,t.$forceUpdate()}),ro(e,o);if("in-out"===r){if(Ut(a))return u;var p,d=function(){p()};it(c,"afterEnter",d),it(c,"enterCancelled",d),it(f,"delayLeave",function(e){p=e})}}return o}}},so=A({tag:String,moveClass:String},eo);function co(e){e.elm._moveCb&&e.elm._moveCb(),e.elm._enterCb&&e.elm._enterCb()}function uo(e){e.data.newPos=e.elm.getBoundingClientRect()}function lo(e){var t=e.data.pos,n=e.data.newPos,r=t.left-n.left,i=t.top-n.top;if(r||i){e.data.moved=!0;var o=e.elm.style;o.transform=o.WebkitTransform="translate("+r+"px,"+i+"px)",o.transitionDuration="0s"}}delete so.mode;var fo={Transition:ao,TransitionGroup:{props:so,beforeMount:function(){var e=this,t=this._update;this._update=function(n,r){var i=Zt(e);e.__patch__(e._vnode,e.kept,!1,!0),e._vnode=e.kept,i(),t.call(e,n,r)}},render:function(e){for(var t=this.tag||this.$vnode.data.tag||"span",n=Object.create(null),r=this.prevChildren=this.children,i=this.$slots.default||[],o=this.children=[],a=no(this),s=0;s<i.length;s++){var c=i[s];c.tag&&null!=c.key&&0!==String(c.key).indexOf("__vlist")&&(o.push(c),n[c.key]=c,(c.data||(c.data={})).transition=a)}if(r){for(var u=[],l=[],f=0;f<r.length;f++){var p=r[f];p.data.transition=a,p.data.pos=p.elm.getBoundingClientRect(),n[p.key]?u.push(p):l.push(p)}this.kept=e(t,null,u),this.removed=l}return e(t,null,o)},updated:function(){var e=this.prevChildren,t=this.moveClass||(this.name||"v")+"-move";e.length&&this.hasMove(e[0].elm,t)&&(e.forEach(co),e.forEach(uo),e.forEach(lo),this._reflow=document.body.offsetHeight,e.forEach(function(e){if(e.data.moved){var n=e.elm,r=n.style;Ni(n,t),r.transform=r.WebkitTransform=r.transitionDuration="",n.addEventListener(Ai,n._moveCb=function e(r){r&&r.target!==n||r&&!/transform$/.test(r.propertyName)||(n.removeEventListener(Ai,e),n._moveCb=null,ji(n,t))})}}))},methods:{hasMove:function(e,t){if(!wi)return!1;if(this._hasMove)return this._hasMove;var n=e.cloneNode();e._transitionClasses&&e._transitionClasses.forEach(function(e){_i(n,e)}),gi(n,t),n.style.display="none",this.$el.appendChild(n);var r=Mi(n);return this.$el.removeChild(n),this._hasMove=r.hasTransform}}}};wn.config.mustUseProp=jn,wn.config.isReservedTag=Wn,wn.config.isReservedAttr=En,wn.config.getTagNamespace=Zn,wn.config.isUnknownElement=function(e){if(!z)return!0;if(Wn(e))return!1;if(e=e.toLowerCase(),null!=Gn[e])return Gn[e];var t=document.createElement(e);return e.indexOf("-")>-1?Gn[e]=t.constructor===window.HTMLUnknownElement||t.constructor===window.HTMLElement:Gn[e]=/HTMLUnknownElement/.test(t.toString())},A(wn.options.directives,Qi),A(wn.options.components,fo),wn.prototype.__patch__=z?zi:S,wn.prototype.$mount=function(e,t){return function(e,t,n){var r;return e.$el=t,e.$options.render||(e.$options.render=ve),Yt(e,"beforeMount"),r=function(){e._update(e._render(),n)},new fn(e,r,S,{before:function(){e._isMounted&&!e._isDestroyed&&Yt(e,"beforeUpdate")}},!0),n=!1,null==e.$vnode&&(e._isMounted=!0,Yt(e,"mounted")),e}(this,e=e&&z?Yn(e):void 0,t)},z&&setTimeout(function(){F.devtools&&ne&&ne.emit("init",wn)},0);var po=/\{\{((?:.|\r?\n)+?)\}\}/g,vo=/[-.*+?^${}()|[\]\/\\]/g,ho=g(function(e){var t=e[0].replace(vo,"\\$&"),n=e[1].replace(vo,"\\$&");return new RegExp(t+"((?:.|\\n)+?)"+n,"g")});var mo={staticKeys:["staticClass"],transformNode:function(e,t){t.warn;var n=Fr(e,"class");n&&(e.staticClass=JSON.stringify(n));var r=Ir(e,"class",!1);r&&(e.classBinding=r)},genData:function(e){var t="";return e.staticClass&&(t+="staticClass:"+e.staticClass+","),e.classBinding&&(t+="class:"+e.classBinding+","),t}};var yo,go={staticKeys:["staticStyle"],transformNode:function(e,t){t.warn;var n=Fr(e,"style");n&&(e.staticStyle=JSON.stringify(ai(n)));var r=Ir(e,"style",!1);r&&(e.styleBinding=r)},genData:function(e){var t="";return e.staticStyle&&(t+="staticStyle:"+e.staticStyle+","),e.styleBinding&&(t+="style:("+e.styleBinding+"),"),t}},_o=function(e){return(yo=yo||document.createElement("div")).innerHTML=e,yo.textContent},bo=p("area,base,br,col,embed,frame,hr,img,input,isindex,keygen,link,meta,param,source,track,wbr"),$o=p("colgroup,dd,dt,li,options,p,td,tfoot,th,thead,tr,source"),wo=p("address,article,aside,base,blockquote,body,caption,col,colgroup,dd,details,dialog,div,dl,dt,fieldset,figcaption,figure,footer,form,h1,h2,h3,h4,h5,h6,head,header,hgroup,hr,html,legend,li,menuitem,meta,optgroup,option,param,rp,rt,source,style,summary,tbody,td,tfoot,th,thead,title,tr,track"),Co=/^\s*([^\s"'<>\/=]+)(?:\s*(=)\s*(?:"([^"]*)"+|'([^']*)'+|([^\s"'=<>`]+)))?/,xo=/^\s*((?:v-[\w-]+:|@|:|#)\[[^=]+\][^\s"'<>\/=]*)(?:\s*(=)\s*(?:"([^"]*)"+|'([^']*)'+|([^\s"'=<>`]+)))?/,ko="[a-zA-Z_][\\-\\.0-9_a-zA-Z"+P.source+"]*",Ao="((?:"+ko+"\\:)?"+ko+")",Oo=new RegExp("^<"+Ao),So=/^\s*(\/?)>/,To=new RegExp("^<\\/"+Ao+"[^>]*>"),Eo=/^<!DOCTYPE [^>]+>/i,No=/^<!\--/,jo=/^<!\[/,Do=p("script,style,textarea",!0),Lo={},Mo={"&lt;":"<","&gt;":">","&quot;":'"',"&amp;":"&","&#10;":"\n","&#9;":"\t","&#39;":"'"},Io=/&(?:lt|gt|quot|amp|#39);/g,Fo=/&(?:lt|gt|quot|amp|#39|#10|#9);/g,Po=p("pre,textarea",!0),Ro=function(e,t){return e&&Po(e)&&"\n"===t[0]};function Ho(e,t){var n=t?Fo:Io;return e.replace(n,function(e){return Mo[e]})}var Bo,Uo,zo,Vo,Ko,Jo,qo,Wo,Zo=/^@|^v-on:/,Go=/^v-|^@|^:/,Xo=/([\s\S]*?)\s+(?:in|of)\s+([\s\S]*)/,Yo=/,([^,\}\]]*)(?:,([^,\}\]]*))?$/,Qo=/^\(|\)$/g,ea=/^\[.*\]$/,ta=/:(.*)$/,na=/^:|^\.|^v-bind:/,ra=/\.[^.\]]+(?=[^\]]*$)/g,ia=/^v-slot(:|$)|^#/,oa=/[\r\n]/,aa=/\s+/g,sa=g(_o),ca="_empty_";function ua(e,t,n){return{type:1,tag:e,attrsList:t,attrsMap:ma(t),rawAttrsMap:{},parent:n,children:[]}}function la(e,t){Bo=t.warn||Sr,Jo=t.isPreTag||T,qo=t.mustUseProp||T,Wo=t.getTagNamespace||T;t.isReservedTag;zo=Tr(t.modules,"transformNode"),Vo=Tr(t.modules,"preTransformNode"),Ko=Tr(t.modules,"postTransformNode"),Uo=t.delimiters;var n,r,i=[],o=!1!==t.preserveWhitespace,a=t.whitespace,s=!1,c=!1;function u(e){if(l(e),s||e.processed||(e=fa(e,t)),i.length||e===n||n.if&&(e.elseif||e.else)&&da(n,{exp:e.elseif,block:e}),r&&!e.forbidden)if(e.elseif||e.else)a=e,(u=function(e){var t=e.length;for(;t--;){if(1===e[t].type)return e[t];e.pop()}}(r.children))&&u.if&&da(u,{exp:a.elseif,block:a});else{if(e.slotScope){var o=e.slotTarget||'"default"';(r.scopedSlots||(r.scopedSlots={}))[o]=e}r.children.push(e),e.parent=r}var a,u;e.children=e.children.filter(function(e){return!e.slotScope}),l(e),e.pre&&(s=!1),Jo(e.tag)&&(c=!1);for(var f=0;f<Ko.length;f++)Ko[f](e,t)}function l(e){if(!c)for(var t;(t=e.children[e.children.length-1])&&3===t.type&&" "===t.text;)e.children.pop()}return function(e,t){for(var n,r,i=[],o=t.expectHTML,a=t.isUnaryTag||T,s=t.canBeLeftOpenTag||T,c=0;e;){if(n=e,r&&Do(r)){var u=0,l=r.toLowerCase(),f=Lo[l]||(Lo[l]=new RegExp("([\\s\\S]*?)(</"+l+"[^>]*>)","i")),p=e.replace(f,function(e,n,r){return u=r.length,Do(l)||"noscript"===l||(n=n.replace(/<!\--([\s\S]*?)-->/g,"$1").replace(/<!\[CDATA\[([\s\S]*?)]]>/g,"$1")),Ro(l,n)&&(n=n.slice(1)),t.chars&&t.chars(n),""});c+=e.length-p.length,e=p,A(l,c-u,c)}else{var d=e.indexOf("<");if(0===d){if(No.test(e)){var v=e.indexOf("--\x3e");if(v>=0){t.shouldKeepComment&&t.comment(e.substring(4,v),c,c+v+3),C(v+3);continue}}if(jo.test(e)){var h=e.indexOf("]>");if(h>=0){C(h+2);continue}}var m=e.match(Eo);if(m){C(m[0].length);continue}var y=e.match(To);if(y){var g=c;C(y[0].length),A(y[1],g,c);continue}var _=x();if(_){k(_),Ro(_.tagName,e)&&C(1);continue}}var b=void 0,$=void 0,w=void 0;if(d>=0){for($=e.slice(d);!(To.test($)||Oo.test($)||No.test($)||jo.test($)||(w=$.indexOf("<",1))<0);)d+=w,$=e.slice(d);b=e.substring(0,d)}d<0&&(b=e),b&&C(b.length),t.chars&&b&&t.chars(b,c-b.length,c)}if(e===n){t.chars&&t.chars(e);break}}function C(t){c+=t,e=e.substring(t)}function x(){var t=e.match(Oo);if(t){var n,r,i={tagName:t[1],attrs:[],start:c};for(C(t[0].length);!(n=e.match(So))&&(r=e.match(xo)||e.match(Co));)r.start=c,C(r[0].length),r.end=c,i.attrs.push(r);if(n)return i.unarySlash=n[1],C(n[0].length),i.end=c,i}}function k(e){var n=e.tagName,c=e.unarySlash;o&&("p"===r&&wo(n)&&A(r),s(n)&&r===n&&A(n));for(var u=a(n)||!!c,l=e.attrs.length,f=new Array(l),p=0;p<l;p++){var d=e.attrs[p],v=d[3]||d[4]||d[5]||"",h="a"===n&&"href"===d[1]?t.shouldDecodeNewlinesForHref:t.shouldDecodeNewlines;f[p]={name:d[1],value:Ho(v,h)}}u||(i.push({tag:n,lowerCasedTag:n.toLowerCase(),attrs:f,start:e.start,end:e.end}),r=n),t.start&&t.start(n,f,u,e.start,e.end)}function A(e,n,o){var a,s;if(null==n&&(n=c),null==o&&(o=c),e)for(s=e.toLowerCase(),a=i.length-1;a>=0&&i[a].lowerCasedTag!==s;a--);else a=0;if(a>=0){for(var u=i.length-1;u>=a;u--)t.end&&t.end(i[u].tag,n,o);i.length=a,r=a&&i[a-1].tag}else"br"===s?t.start&&t.start(e,[],!0,n,o):"p"===s&&(t.start&&t.start(e,[],!1,n,o),t.end&&t.end(e,n,o))}A()}(e,{warn:Bo,expectHTML:t.expectHTML,isUnaryTag:t.isUnaryTag,canBeLeftOpenTag:t.canBeLeftOpenTag,shouldDecodeNewlines:t.shouldDecodeNewlines,shouldDecodeNewlinesForHref:t.shouldDecodeNewlinesForHref,shouldKeepComment:t.comments,outputSourceRange:t.outputSourceRange,start:function(e,o,a,l,f){var p=r&&r.ns||Wo(e);q&&"svg"===p&&(o=function(e){for(var t=[],n=0;n<e.length;n++){var r=e[n];ya.test(r.name)||(r.name=r.name.replace(ga,""),t.push(r))}return t}(o));var d,v=ua(e,o,r);p&&(v.ns=p),"style"!==(d=v).tag&&("script"!==d.tag||d.attrsMap.type&&"text/javascript"!==d.attrsMap.type)||te()||(v.forbidden=!0);for(var h=0;h<Vo.length;h++)v=Vo[h](v,t)||v;s||(!function(e){null!=Fr(e,"v-pre")&&(e.pre=!0)}(v),v.pre&&(s=!0)),Jo(v.tag)&&(c=!0),s?function(e){var t=e.attrsList,n=t.length;if(n)for(var r=e.attrs=new Array(n),i=0;i<n;i++)r[i]={name:t[i].name,value:JSON.stringify(t[i].value)},null!=t[i].start&&(r[i].start=t[i].start,r[i].end=t[i].end);else e.pre||(e.plain=!0)}(v):v.processed||(pa(v),function(e){var t=Fr(e,"v-if");if(t)e.if=t,da(e,{exp:t,block:e});else{null!=Fr(e,"v-else")&&(e.else=!0);var n=Fr(e,"v-else-if");n&&(e.elseif=n)}}(v),function(e){null!=Fr(e,"v-once")&&(e.once=!0)}(v)),n||(n=v),a?u(v):(r=v,i.push(v))},end:function(e,t,n){var o=i[i.length-1];i.length-=1,r=i[i.length-1],u(o)},chars:function(e,t,n){if(r&&(!q||"textarea"!==r.tag||r.attrsMap.placeholder!==e)){var i,u,l,f=r.children;if(e=c||e.trim()?"script"===(i=r).tag||"style"===i.tag?e:sa(e):f.length?a?"condense"===a&&oa.test(e)?"":" ":o?" ":"":"")c||"condense"!==a||(e=e.replace(aa," ")),!s&&" "!==e&&(u=function(e,t){var n=t?ho(t):po;if(n.test(e)){for(var r,i,o,a=[],s=[],c=n.lastIndex=0;r=n.exec(e);){(i=r.index)>c&&(s.push(o=e.slice(c,i)),a.push(JSON.stringify(o)));var u=Ar(r[1].trim());a.push("_s("+u+")"),s.push({"@binding":u}),c=i+r[0].length}return c<e.length&&(s.push(o=e.slice(c)),a.push(JSON.stringify(o))),{expression:a.join("+"),tokens:s}}}(e,Uo))?l={type:2,expression:u.expression,tokens:u.tokens,text:e}:" "===e&&f.length&&" "===f[f.length-1].text||(l={type:3,text:e}),l&&f.push(l)}},comment:function(e,t,n){if(r){var i={type:3,text:e,isComment:!0};r.children.push(i)}}}),n}function fa(e,t){var n,r;(r=Ir(n=e,"key"))&&(n.key=r),e.plain=!e.key&&!e.scopedSlots&&!e.attrsList.length,function(e){var t=Ir(e,"ref");t&&(e.ref=t,e.refInFor=function(e){var t=e;for(;t;){if(void 0!==t.for)return!0;t=t.parent}return!1}(e))}(e),function(e){var t;"template"===e.tag?(t=Fr(e,"scope"),e.slotScope=t||Fr(e,"slot-scope")):(t=Fr(e,"slot-scope"))&&(e.slotScope=t);var n=Ir(e,"slot");n&&(e.slotTarget='""'===n?'"default"':n,e.slotTargetDynamic=!(!e.attrsMap[":slot"]&&!e.attrsMap["v-bind:slot"]),"template"===e.tag||e.slotScope||Nr(e,"slot",n,function(e,t){return e.rawAttrsMap[":"+t]||e.rawAttrsMap["v-bind:"+t]||e.rawAttrsMap[t]}(e,"slot")));if("template"===e.tag){var r=Pr(e,ia);if(r){var i=va(r),o=i.name,a=i.dynamic;e.slotTarget=o,e.slotTargetDynamic=a,e.slotScope=r.value||ca}}else{var s=Pr(e,ia);if(s){var c=e.scopedSlots||(e.scopedSlots={}),u=va(s),l=u.name,f=u.dynamic,p=c[l]=ua("template",[],e);p.slotTarget=l,p.slotTargetDynamic=f,p.children=e.children.filter(function(e){if(!e.slotScope)return e.parent=p,!0}),p.slotScope=s.value||ca,e.children=[],e.plain=!1}}}(e),function(e){"slot"===e.tag&&(e.slotName=Ir(e,"name"))}(e),function(e){var t;(t=Ir(e,"is"))&&(e.component=t);null!=Fr(e,"inline-template")&&(e.inlineTemplate=!0)}(e);for(var i=0;i<zo.length;i++)e=zo[i](e,t)||e;return function(e){var t,n,r,i,o,a,s,c,u=e.attrsList;for(t=0,n=u.length;t<n;t++)if(r=i=u[t].name,o=u[t].value,Go.test(r))if(e.hasBindings=!0,(a=ha(r.replace(Go,"")))&&(r=r.replace(ra,"")),na.test(r))r=r.replace(na,""),o=Ar(o),(c=ea.test(r))&&(r=r.slice(1,-1)),a&&(a.prop&&!c&&"innerHtml"===(r=b(r))&&(r="innerHTML"),a.camel&&!c&&(r=b(r)),a.sync&&(s=Br(o,"$event"),c?Mr(e,'"update:"+('+r+")",s,null,!1,0,u[t],!0):(Mr(e,"update:"+b(r),s,null,!1,0,u[t]),C(r)!==b(r)&&Mr(e,"update:"+C(r),s,null,!1,0,u[t])))),a&&a.prop||!e.component&&qo(e.tag,e.attrsMap.type,r)?Er(e,r,o,u[t],c):Nr(e,r,o,u[t],c);else if(Zo.test(r))r=r.replace(Zo,""),(c=ea.test(r))&&(r=r.slice(1,-1)),Mr(e,r,o,a,!1,0,u[t],c);else{var l=(r=r.replace(Go,"")).match(ta),f=l&&l[1];c=!1,f&&(r=r.slice(0,-(f.length+1)),ea.test(f)&&(f=f.slice(1,-1),c=!0)),Dr(e,r,i,o,f,c,a,u[t])}else Nr(e,r,JSON.stringify(o),u[t]),!e.component&&"muted"===r&&qo(e.tag,e.attrsMap.type,r)&&Er(e,r,"true",u[t])}(e),e}function pa(e){var t;if(t=Fr(e,"v-for")){var n=function(e){var t=e.match(Xo);if(!t)return;var n={};n.for=t[2].trim();var r=t[1].trim().replace(Qo,""),i=r.match(Yo);i?(n.alias=r.replace(Yo,"").trim(),n.iterator1=i[1].trim(),i[2]&&(n.iterator2=i[2].trim())):n.alias=r;return n}(t);n&&A(e,n)}}function da(e,t){e.ifConditions||(e.ifConditions=[]),e.ifConditions.push(t)}function va(e){var t=e.name.replace(ia,"");return t||"#"!==e.name[0]&&(t="default"),ea.test(t)?{name:t.slice(1,-1),dynamic:!0}:{name:'"'+t+'"',dynamic:!1}}function ha(e){var t=e.match(ra);if(t){var n={};return t.forEach(function(e){n[e.slice(1)]=!0}),n}}function ma(e){for(var t={},n=0,r=e.length;n<r;n++)t[e[n].name]=e[n].value;return t}var ya=/^xmlns:NS\d+/,ga=/^NS\d+:/;function _a(e){return ua(e.tag,e.attrsList.slice(),e.parent)}var ba=[mo,go,{preTransformNode:function(e,t){if("input"===e.tag){var n,r=e.attrsMap;if(!r["v-model"])return;if((r[":type"]||r["v-bind:type"])&&(n=Ir(e,"type")),r.type||n||!r["v-bind"]||(n="("+r["v-bind"]+").type"),n){var i=Fr(e,"v-if",!0),o=i?"&&("+i+")":"",a=null!=Fr(e,"v-else",!0),s=Fr(e,"v-else-if",!0),c=_a(e);pa(c),jr(c,"type","checkbox"),fa(c,t),c.processed=!0,c.if="("+n+")==='checkbox'"+o,da(c,{exp:c.if,block:c});var u=_a(e);Fr(u,"v-for",!0),jr(u,"type","radio"),fa(u,t),da(c,{exp:"("+n+")==='radio'"+o,block:u});var l=_a(e);return Fr(l,"v-for",!0),jr(l,":type",n),fa(l,t),da(c,{exp:i,block:l}),a?c.else=!0:s&&(c.elseif=s),c}}}}];var $a,wa,Ca={expectHTML:!0,modules:ba,directives:{model:function(e,t,n){var r=t.value,i=t.modifiers,o=e.tag,a=e.attrsMap.type;if(e.component)return Hr(e,r,i),!1;if("select"===o)!function(e,t,n){var r='var $$selectedVal = Array.prototype.filter.call($event.target.options,function(o){return o.selected}).map(function(o){var val = "_value" in o ? o._value : o.value;return '+(n&&n.number?"_n(val)":"val")+"});";r=r+" "+Br(t,"$event.target.multiple ? $$selectedVal : $$selectedVal[0]"),Mr(e,"change",r,null,!0)}(e,r,i);else if("input"===o&&"checkbox"===a)!function(e,t,n){var r=n&&n.number,i=Ir(e,"value")||"null",o=Ir(e,"true-value")||"true",a=Ir(e,"false-value")||"false";Er(e,"checked","Array.isArray("+t+")?_i("+t+","+i+")>-1"+("true"===o?":("+t+")":":_q("+t+","+o+")")),Mr(e,"change","var $$a="+t+",$$el=$event.target,$$c=$$el.checked?("+o+"):("+a+");if(Array.isArray($$a)){var $$v="+(r?"_n("+i+")":i)+",$$i=_i($$a,$$v);if($$el.checked){$$i<0&&("+Br(t,"$$a.concat([$$v])")+")}else{$$i>-1&&("+Br(t,"$$a.slice(0,$$i).concat($$a.slice($$i+1))")+")}}else{"+Br(t,"$$c")+"}",null,!0)}(e,r,i);else if("input"===o&&"radio"===a)!function(e,t,n){var r=n&&n.number,i=Ir(e,"value")||"null";Er(e,"checked","_q("+t+","+(i=r?"_n("+i+")":i)+")"),Mr(e,"change",Br(t,i),null,!0)}(e,r,i);else if("input"===o||"textarea"===o)!function(e,t,n){var r=e.attrsMap.type,i=n||{},o=i.lazy,a=i.number,s=i.trim,c=!o&&"range"!==r,u=o?"change":"range"===r?Wr:"input",l="$event.target.value";s&&(l="$event.target.value.trim()"),a&&(l="_n("+l+")");var f=Br(t,l);c&&(f="if($event.target.composing)return;"+f),Er(e,"value","("+t+")"),Mr(e,u,f,null,!0),(s||a)&&Mr(e,"blur","$forceUpdate()")}(e,r,i);else if(!F.isReservedTag(o))return Hr(e,r,i),!1;return!0},text:function(e,t){t.value&&Er(e,"textContent","_s("+t.value+")",t)},html:function(e,t){t.value&&Er(e,"innerHTML","_s("+t.value+")",t)}},isPreTag:function(e){return"pre"===e},isUnaryTag:bo,mustUseProp:jn,canBeLeftOpenTag:$o,isReservedTag:Wn,getTagNamespace:Zn,staticKeys:function(e){return e.reduce(function(e,t){return e.concat(t.staticKeys||[])},[]).join(",")}(ba)},xa=g(function(e){return p("type,tag,attrsList,attrsMap,plain,parent,children,attrs,start,end,rawAttrsMap"+(e?","+e:""))});function ka(e,t){e&&($a=xa(t.staticKeys||""),wa=t.isReservedTag||T,function e(t){t.static=function(e){if(2===e.type)return!1;if(3===e.type)return!0;return!(!e.pre&&(e.hasBindings||e.if||e.for||d(e.tag)||!wa(e.tag)||function(e){for(;e.parent;){if("template"!==(e=e.parent).tag)return!1;if(e.for)return!0}return!1}(e)||!Object.keys(e).every($a)))}(t);if(1===t.type){if(!wa(t.tag)&&"slot"!==t.tag&&null==t.attrsMap["inline-template"])return;for(var n=0,r=t.children.length;n<r;n++){var i=t.children[n];e(i),i.static||(t.static=!1)}if(t.ifConditions)for(var o=1,a=t.ifConditions.length;o<a;o++){var s=t.ifConditions[o].block;e(s),s.static||(t.static=!1)}}}(e),function e(t,n){if(1===t.type){if((t.static||t.once)&&(t.staticInFor=n),t.static&&t.children.length&&(1!==t.children.length||3!==t.children[0].type))return void(t.staticRoot=!0);if(t.staticRoot=!1,t.children)for(var r=0,i=t.children.length;r<i;r++)e(t.children[r],n||!!t.for);if(t.ifConditions)for(var o=1,a=t.ifConditions.length;o<a;o++)e(t.ifConditions[o].block,n)}}(e,!1))}var Aa=/^([\w$_]+|\([^)]*?\))\s*=>|^function\s*(?:[\w$]+)?\s*\(/,Oa=/\([^)]*?\);*$/,Sa=/^[A-Za-z_$][\w$]*(?:\.[A-Za-z_$][\w$]*|\['[^']*?']|\["[^"]*?"]|\[\d+]|\[[A-Za-z_$][\w$]*])*$/,Ta={esc:27,tab:9,enter:13,space:32,up:38,left:37,right:39,down:40,delete:[8,46]},Ea={esc:["Esc","Escape"],tab:"Tab",enter:"Enter",space:[" ","Spacebar"],up:["Up","ArrowUp"],left:["Left","ArrowLeft"],right:["Right","ArrowRight"],down:["Down","ArrowDown"],delete:["Backspace","Delete","Del"]},Na=function(e){return"if("+e+")return null;"},ja={stop:"$event.stopPropagation();",prevent:"$event.preventDefault();",self:Na("$event.target !== $event.currentTarget"),ctrl:Na("!$event.ctrlKey"),shift:Na("!$event.shiftKey"),alt:Na("!$event.altKey"),meta:Na("!$event.metaKey"),left:Na("'button' in $event && $event.button !== 0"),middle:Na("'button' in $event && $event.button !== 1"),right:Na("'button' in $event && $event.button !== 2")};function Da(e,t){var n=t?"nativeOn:":"on:",r="",i="";for(var o in e){var a=La(e[o]);e[o]&&e[o].dynamic?i+=o+","+a+",":r+='"'+o+'":'+a+","}return r="{"+r.slice(0,-1)+"}",i?n+"_d("+r+",["+i.slice(0,-1)+"])":n+r}function La(e){if(!e)return"function(){}";if(Array.isArray(e))return"["+e.map(function(e){return La(e)}).join(",")+"]";var t=Sa.test(e.value),n=Aa.test(e.value),r=Sa.test(e.value.replace(Oa,""));if(e.modifiers){var i="",o="",a=[];for(var s in e.modifiers)if(ja[s])o+=ja[s],Ta[s]&&a.push(s);else if("exact"===s){var c=e.modifiers;o+=Na(["ctrl","shift","alt","meta"].filter(function(e){return!c[e]}).map(function(e){return"$event."+e+"Key"}).join("||"))}else a.push(s);return a.length&&(i+=function(e){return"if(!$event.type.indexOf('key')&&"+e.map(Ma).join("&&")+")return null;"}(a)),o&&(i+=o),"function($event){"+i+(t?"return "+e.value+"($event)":n?"return ("+e.value+")($event)":r?"return "+e.value:e.value)+"}"}return t||n?e.value:"function($event){"+(r?"return "+e.value:e.value)+"}"}function Ma(e){var t=parseInt(e,10);if(t)return"$event.keyCode!=="+t;var n=Ta[e],r=Ea[e];return"_k($event.keyCode,"+JSON.stringify(e)+","+JSON.stringify(n)+",$event.key,"+JSON.stringify(r)+")"}var Ia={on:function(e,t){e.wrapListeners=function(e){return"_g("+e+","+t.value+")"}},bind:function(e,t){e.wrapData=function(n){return"_b("+n+",'"+e.tag+"',"+t.value+","+(t.modifiers&&t.modifiers.prop?"true":"false")+(t.modifiers&&t.modifiers.sync?",true":"")+")"}},cloak:S},Fa=function(e){this.options=e,this.warn=e.warn||Sr,this.transforms=Tr(e.modules,"transformCode"),this.dataGenFns=Tr(e.modules,"genData"),this.directives=A(A({},Ia),e.directives);var t=e.isReservedTag||T;this.maybeComponent=function(e){return!!e.component||!t(e.tag)},this.onceId=0,this.staticRenderFns=[],this.pre=!1};function Pa(e,t){var n=new Fa(t);return{render:"with(this){return "+(e?Ra(e,n):'_c("div")')+"}",staticRenderFns:n.staticRenderFns}}function Ra(e,t){if(e.parent&&(e.pre=e.pre||e.parent.pre),e.staticRoot&&!e.staticProcessed)return Ha(e,t);if(e.once&&!e.onceProcessed)return Ba(e,t);if(e.for&&!e.forProcessed)return za(e,t);if(e.if&&!e.ifProcessed)return Ua(e,t);if("template"!==e.tag||e.slotTarget||t.pre){if("slot"===e.tag)return function(e,t){var n=e.slotName||'"default"',r=qa(e,t),i="_t("+n+(r?","+r:""),o=e.attrs||e.dynamicAttrs?Ga((e.attrs||[]).concat(e.dynamicAttrs||[]).map(function(e){return{name:b(e.name),value:e.value,dynamic:e.dynamic}})):null,a=e.attrsMap["v-bind"];!o&&!a||r||(i+=",null");o&&(i+=","+o);a&&(i+=(o?"":",null")+","+a);return i+")"}(e,t);var n;if(e.component)n=function(e,t,n){var r=t.inlineTemplate?null:qa(t,n,!0);return"_c("+e+","+Va(t,n)+(r?","+r:"")+")"}(e.component,e,t);else{var r;(!e.plain||e.pre&&t.maybeComponent(e))&&(r=Va(e,t));var i=e.inlineTemplate?null:qa(e,t,!0);n="_c('"+e.tag+"'"+(r?","+r:"")+(i?","+i:"")+")"}for(var o=0;o<t.transforms.length;o++)n=t.transforms[o](e,n);return n}return qa(e,t)||"void 0"}function Ha(e,t){e.staticProcessed=!0;var n=t.pre;return e.pre&&(t.pre=e.pre),t.staticRenderFns.push("with(this){return "+Ra(e,t)+"}"),t.pre=n,"_m("+(t.staticRenderFns.length-1)+(e.staticInFor?",true":"")+")"}function Ba(e,t){if(e.onceProcessed=!0,e.if&&!e.ifProcessed)return Ua(e,t);if(e.staticInFor){for(var n="",r=e.parent;r;){if(r.for){n=r.key;break}r=r.parent}return n?"_o("+Ra(e,t)+","+t.onceId+++","+n+")":Ra(e,t)}return Ha(e,t)}function Ua(e,t,n,r){return e.ifProcessed=!0,function e(t,n,r,i){if(!t.length)return i||"_e()";var o=t.shift();return o.exp?"("+o.exp+")?"+a(o.block)+":"+e(t,n,r,i):""+a(o.block);function a(e){return r?r(e,n):e.once?Ba(e,n):Ra(e,n)}}(e.ifConditions.slice(),t,n,r)}function za(e,t,n,r){var i=e.for,o=e.alias,a=e.iterator1?","+e.iterator1:"",s=e.iterator2?","+e.iterator2:"";return e.forProcessed=!0,(r||"_l")+"(("+i+"),function("+o+a+s+"){return "+(n||Ra)(e,t)+"})"}function Va(e,t){var n="{",r=function(e,t){var n=e.directives;if(!n)return;var r,i,o,a,s="directives:[",c=!1;for(r=0,i=n.length;r<i;r++){o=n[r],a=!0;var u=t.directives[o.name];u&&(a=!!u(e,o,t.warn)),a&&(c=!0,s+='{name:"'+o.name+'",rawName:"'+o.rawName+'"'+(o.value?",value:("+o.value+"),expression:"+JSON.stringify(o.value):"")+(o.arg?",arg:"+(o.isDynamicArg?o.arg:'"'+o.arg+'"'):"")+(o.modifiers?",modifiers:"+JSON.stringify(o.modifiers):"")+"},")}if(c)return s.slice(0,-1)+"]"}(e,t);r&&(n+=r+","),e.key&&(n+="key:"+e.key+","),e.ref&&(n+="ref:"+e.ref+","),e.refInFor&&(n+="refInFor:true,"),e.pre&&(n+="pre:true,"),e.component&&(n+='tag:"'+e.tag+'",');for(var i=0;i<t.dataGenFns.length;i++)n+=t.dataGenFns[i](e);if(e.attrs&&(n+="attrs:"+Ga(e.attrs)+","),e.props&&(n+="domProps:"+Ga(e.props)+","),e.events&&(n+=Da(e.events,!1)+","),e.nativeEvents&&(n+=Da(e.nativeEvents,!0)+","),e.slotTarget&&!e.slotScope&&(n+="slot:"+e.slotTarget+","),e.scopedSlots&&(n+=function(e,t,n){var r=e.for||Object.keys(t).some(function(e){var n=t[e];return n.slotTargetDynamic||n.if||n.for||Ka(n)}),i=!!e.if;if(!r)for(var o=e.parent;o;){if(o.slotScope&&o.slotScope!==ca||o.for){r=!0;break}o.if&&(i=!0),o=o.parent}var a=Object.keys(t).map(function(e){return Ja(t[e],n)}).join(",");return"scopedSlots:_u(["+a+"]"+(r?",null,true":"")+(!r&&i?",null,false,"+function(e){var t=5381,n=e.length;for(;n;)t=33*t^e.charCodeAt(--n);return t>>>0}(a):"")+")"}(e,e.scopedSlots,t)+","),e.model&&(n+="model:{value:"+e.model.value+",callback:"+e.model.callback+",expression:"+e.model.expression+"},"),e.inlineTemplate){var o=function(e,t){var n=e.children[0];if(n&&1===n.type){var r=Pa(n,t.options);return"inlineTemplate:{render:function(){"+r.render+"},staticRenderFns:["+r.staticRenderFns.map(function(e){return"function(){"+e+"}"}).join(",")+"]}"}}(e,t);o&&(n+=o+",")}return n=n.replace(/,$/,"")+"}",e.dynamicAttrs&&(n="_b("+n+',"'+e.tag+'",'+Ga(e.dynamicAttrs)+")"),e.wrapData&&(n=e.wrapData(n)),e.wrapListeners&&(n=e.wrapListeners(n)),n}function Ka(e){return 1===e.type&&("slot"===e.tag||e.children.some(Ka))}function Ja(e,t){var n=e.attrsMap["slot-scope"];if(e.if&&!e.ifProcessed&&!n)return Ua(e,t,Ja,"null");if(e.for&&!e.forProcessed)return za(e,t,Ja);var r=e.slotScope===ca?"":String(e.slotScope),i="function("+r+"){return "+("template"===e.tag?e.if&&n?"("+e.if+")?"+(qa(e,t)||"undefined")+":undefined":qa(e,t)||"undefined":Ra(e,t))+"}",o=r?"":",proxy:true";return"{key:"+(e.slotTarget||'"default"')+",fn:"+i+o+"}"}function qa(e,t,n,r,i){var o=e.children;if(o.length){var a=o[0];if(1===o.length&&a.for&&"template"!==a.tag&&"slot"!==a.tag){var s=n?t.maybeComponent(a)?",1":",0":"";return""+(r||Ra)(a,t)+s}var c=n?function(e,t){for(var n=0,r=0;r<e.length;r++){var i=e[r];if(1===i.type){if(Wa(i)||i.ifConditions&&i.ifConditions.some(function(e){return Wa(e.block)})){n=2;break}(t(i)||i.ifConditions&&i.ifConditions.some(function(e){return t(e.block)}))&&(n=1)}}return n}(o,t.maybeComponent):0,u=i||Za;return"["+o.map(function(e){return u(e,t)}).join(",")+"]"+(c?","+c:"")}}function Wa(e){return void 0!==e.for||"template"===e.tag||"slot"===e.tag}function Za(e,t){return 1===e.type?Ra(e,t):3===e.type&&e.isComment?(r=e,"_e("+JSON.stringify(r.text)+")"):"_v("+(2===(n=e).type?n.expression:Xa(JSON.stringify(n.text)))+")";var n,r}function Ga(e){for(var t="",n="",r=0;r<e.length;r++){var i=e[r],o=Xa(i.value);i.dynamic?n+=i.name+","+o+",":t+='"'+i.name+'":'+o+","}return t="{"+t.slice(0,-1)+"}",n?"_d("+t+",["+n.slice(0,-1)+"])":t}function Xa(e){return e.replace(/\u2028/g,"\\u2028").replace(/\u2029/g,"\\u2029")}new RegExp("\\b"+"do,if,for,let,new,try,var,case,else,with,await,break,catch,class,const,super,throw,while,yield,delete,export,import,return,switch,default,extends,finally,continue,debugger,function,arguments".split(",").join("\\b|\\b")+"\\b");function Ya(e,t){try{return new Function(e)}catch(n){return t.push({err:n,code:e}),S}}function Qa(e){var t=Object.create(null);return function(n,r,i){(r=A({},r)).warn;delete r.warn;var o=r.delimiters?String(r.delimiters)+n:n;if(t[o])return t[o];var a=e(n,r),s={},c=[];return s.render=Ya(a.render,c),s.staticRenderFns=a.staticRenderFns.map(function(e){return Ya(e,c)}),t[o]=s}}var es,ts,ns=(es=function(e,t){var n=la(e.trim(),t);!1!==t.optimize&&ka(n,t);var r=Pa(n,t);return{ast:n,render:r.render,staticRenderFns:r.staticRenderFns}},function(e){function t(t,n){var r=Object.create(e),i=[],o=[];if(n)for(var a in n.modules&&(r.modules=(e.modules||[]).concat(n.modules)),n.directives&&(r.directives=A(Object.create(e.directives||null),n.directives)),n)"modules"!==a&&"directives"!==a&&(r[a]=n[a]);r.warn=function(e,t,n){(n?o:i).push(e)};var s=es(t.trim(),r);return s.errors=i,s.tips=o,s}return{compile:t,compileToFunctions:Qa(t)}})(Ca),rs=(ns.compile,ns.compileToFunctions);function is(e){return(ts=ts||document.createElement("div")).innerHTML=e?'<a href="\n"/>':'<div a="\n"/>',ts.innerHTML.indexOf("&#10;")>0}var os=!!z&&is(!1),as=!!z&&is(!0),ss=g(function(e){var t=Yn(e);return t&&t.innerHTML}),cs=wn.prototype.$mount;return wn.prototype.$mount=function(e,t){if((e=e&&Yn(e))===document.body||e===document.documentElement)return this;var n=this.$options;if(!n.render){var r=n.template;if(r)if("string"==typeof r)"#"===r.charAt(0)&&(r=ss(r));else{if(!r.nodeType)return this;r=r.innerHTML}else e&&(r=function(e){if(e.outerHTML)return e.outerHTML;var t=document.createElement("div");return t.appendChild(e.cloneNode(!0)),t.innerHTML}(e));if(r){var i=rs(r,{outputSourceRange:!1,shouldDecodeNewlines:os,shouldDecodeNewlinesForHref:as,delimiters:n.delimiters,comments:n.comments},this),o=i.render,a=i.staticRenderFns;n.render=o,n.staticRenderFns=a}}return cs.call(this,e,t)},wn.compile=rs,wn});
===== END FILE: label_studio/core/static_build/js/vue.17e942ea0854.js =====


===== FILE: label_studio/core/static_build/js/xml.cae34fb93abc.js =====
// CodeMirror, copyright (c) by Marijn Haverbeke and others
// Distributed under an MIT license: https://codemirror.net/LICENSE

(function(mod) {
  if (typeof exports == "object" && typeof module == "object") // CommonJS
    mod(require("../../lib/codemirror"));
  else if (typeof define == "function" && define.amd) // AMD
    define(["../../lib/codemirror"], mod);
  else // Plain browser env
    mod(CodeMirror);
})(function(CodeMirror) {
"use strict";

var htmlConfig = {
  autoSelfClosers: {'area': true, 'base': true, 'br': true, 'col': true, 'command': true,
                    'embed': true, 'frame': true, 'hr': true, 'img': true, 'input': true,
                    'keygen': true, 'link': true, 'meta': true, 'param': true, 'source': true,
                    'track': true, 'wbr': true, 'menuitem': true},
  implicitlyClosed: {'dd': true, 'li': true, 'optgroup': true, 'option': true, 'p': true,
                     'rp': true, 'rt': true, 'tbody': true, 'td': true, 'tfoot': true,
                     'th': true, 'tr': true},
  contextGrabbers: {
    'dd': {'dd': true, 'dt': true},
    'dt': {'dd': true, 'dt': true},
    'li': {'li': true},
    'option': {'option': true, 'optgroup': true},
    'optgroup': {'optgroup': true},
    'p': {'address': true, 'article': true, 'aside': true, 'blockquote': true, 'dir': true,
          'div': true, 'dl': true, 'fieldset': true, 'footer': true, 'form': true,
          'h1': true, 'h2': true, 'h3': true, 'h4': true, 'h5': true, 'h6': true,
          'header': true, 'hgroup': true, 'hr': true, 'menu': true, 'nav': true, 'ol': true,
          'p': true, 'pre': true, 'section': true, 'table': true, 'ul': true},
    'rp': {'rp': true, 'rt': true},
    'rt': {'rp': true, 'rt': true},
    'tbody': {'tbody': true, 'tfoot': true},
    'td': {'td': true, 'th': true},
    'tfoot': {'tbody': true},
    'th': {'td': true, 'th': true},
    'thead': {'tbody': true, 'tfoot': true},
    'tr': {'tr': true}
  },
  doNotIndent: {"pre": true},
  allowUnquoted: true,
  allowMissing: true,
  caseFold: true
}

var xmlConfig = {
  autoSelfClosers: {},
  implicitlyClosed: {},
  contextGrabbers: {},
  doNotIndent: {},
  allowUnquoted: false,
  allowMissing: false,
  allowMissingTagName: false,
  caseFold: false
}

CodeMirror.defineMode("xml", function(editorConf, config_) {
  var indentUnit = editorConf.indentUnit
  var config = {}
  var defaults = config_.htmlMode ? htmlConfig : xmlConfig
  for (var prop in defaults) config[prop] = defaults[prop]
  for (var prop in config_) config[prop] = config_[prop]

  // Return variables for tokenizers
  var type, setStyle;

  function inText(stream, state) {
    function chain(parser) {
      state.tokenize = parser;
      return parser(stream, state);
    }

    var ch = stream.next();
    if (ch == "<") {
      if (stream.eat("!")) {
        if (stream.eat("[")) {
          if (stream.match("CDATA[")) return chain(inBlock("atom", "]]>"));
          else return null;
        } else if (stream.match("--")) {
          return chain(inBlock("comment", "-->"));
        } else if (stream.match("DOCTYPE", true, true)) {
          stream.eatWhile(/[\w\._\-]/);
          return chain(doctype(1));
        } else {
          return null;
        }
      } else if (stream.eat("?")) {
        stream.eatWhile(/[\w\._\-]/);
        state.tokenize = inBlock("meta", "?>");
        return "meta";
      } else {
        type = stream.eat("/") ? "closeTag" : "openTag";
        state.tokenize = inTag;
        return "tag bracket";
      }
    } else if (ch == "&") {
      var ok;
      if (stream.eat("#")) {
        if (stream.eat("x")) {
          ok = stream.eatWhile(/[a-fA-F\d]/) && stream.eat(";");
        } else {
          ok = stream.eatWhile(/[\d]/) && stream.eat(";");
        }
      } else {
        ok = stream.eatWhile(/[\w\.\-:]/) && stream.eat(";");
      }
      return ok ? "atom" : "error";
    } else {
      stream.eatWhile(/[^&<]/);
      return null;
    }
  }
  inText.isInText = true;

  function inTag(stream, state) {
    var ch = stream.next();
    if (ch == ">" || (ch == "/" && stream.eat(">"))) {
      state.tokenize = inText;
      type = ch == ">" ? "endTag" : "selfcloseTag";
      return "tag bracket";
    } else if (ch == "=") {
      type = "equals";
      return null;
    } else if (ch == "<") {
      state.tokenize = inText;
      state.state = baseState;
      state.tagName = state.tagStart = null;
      var next = state.tokenize(stream, state);
      return next ? next + " tag error" : "tag error";
    } else if (/[\'\"]/.test(ch)) {
      state.tokenize = inAttribute(ch);
      state.stringStartCol = stream.column();
      return state.tokenize(stream, state);
    } else {
      stream.match(/^[^\s\u00a0=<>\"\']*[^\s\u00a0=<>\"\'\/]/);
      return "word";
    }
  }

  function inAttribute(quote) {
    var closure = function(stream, state) {
      while (!stream.eol()) {
        if (stream.next() == quote) {
          state.tokenize = inTag;
          break;
        }
      }
      return "string";
    };
    closure.isInAttribute = true;
    return closure;
  }

  function inBlock(style, terminator) {
    return function(stream, state) {
      while (!stream.eol()) {
        if (stream.match(terminator)) {
          state.tokenize = inText;
          break;
        }
        stream.next();
      }
      return style;
    }
  }

  function doctype(depth) {
    return function(stream, state) {
      var ch;
      while ((ch = stream.next()) != null) {
        if (ch == "<") {
          state.tokenize = doctype(depth + 1);
          return state.tokenize(stream, state);
        } else if (ch == ">") {
          if (depth == 1) {
            state.tokenize = inText;
            break;
          } else {
            state.tokenize = doctype(depth - 1);
            return state.tokenize(stream, state);
          }
        }
      }
      return "meta";
    };
  }

  function Context(state, tagName, startOfLine) {
    this.prev = state.context;
    this.tagName = tagName;
    this.indent = state.indented;
    this.startOfLine = startOfLine;
    if (config.doNotIndent.hasOwnProperty(tagName) || (state.context && state.context.noIndent))
      this.noIndent = true;
  }
  function popContext(state) {
    if (state.context) state.context = state.context.prev;
  }
  function maybePopContext(state, nextTagName) {
    var parentTagName;
    while (true) {
      if (!state.context) {
        return;
      }
      parentTagName = state.context.tagName;
      if (!config.contextGrabbers.hasOwnProperty(parentTagName) ||
          !config.contextGrabbers[parentTagName].hasOwnProperty(nextTagName)) {
        return;
      }
      popContext(state);
    }
  }

  function baseState(type, stream, state) {
    if (type == "openTag") {
      state.tagStart = stream.column();
      return tagNameState;
    } else if (type == "closeTag") {
      return closeTagNameState;
    } else {
      return baseState;
    }
  }
  function tagNameState(type, stream, state) {
    if (type == "word") {
      state.tagName = stream.current();
      setStyle = "tag";
      return attrState;
    } else if (config.allowMissingTagName && type == "endTag") {
      setStyle = "tag bracket";
      return attrState(type, stream, state);
    } else {
      setStyle = "error";
      return tagNameState;
    }
  }
  function closeTagNameState(type, stream, state) {
    if (type == "word") {
      var tagName = stream.current();
      if (state.context && state.context.tagName != tagName &&
          config.implicitlyClosed.hasOwnProperty(state.context.tagName))
        popContext(state);
      if ((state.context && state.context.tagName == tagName) || config.matchClosing === false) {
        setStyle = "tag";
        return closeState;
      } else {
        setStyle = "tag error";
        return closeStateErr;
      }
    } else if (config.allowMissingTagName && type == "endTag") {
      setStyle = "tag bracket";
      return closeState(type, stream, state);
    } else {
      setStyle = "error";
      return closeStateErr;
    }
  }

  function closeState(type, _stream, state) {
    if (type != "endTag") {
      setStyle = "error";
      return closeState;
    }
    popContext(state);
    return baseState;
  }
  function closeStateErr(type, stream, state) {
    setStyle = "error";
    return closeState(type, stream, state);
  }

  function attrState(type, _stream, state) {
    if (type == "word") {
      setStyle = "attribute";
      return attrEqState;
    } else if (type == "endTag" || type == "selfcloseTag") {
      var tagName = state.tagName, tagStart = state.tagStart;
      state.tagName = state.tagStart = null;
      if (type == "selfcloseTag" ||
          config.autoSelfClosers.hasOwnProperty(tagName)) {
        maybePopContext(state, tagName);
      } else {
        maybePopContext(state, tagName);
        state.context = new Context(state, tagName, tagStart == state.indented);
      }
      return baseState;
    }
    setStyle = "error";
    return attrState;
  }
  function attrEqState(type, stream, state) {
    if (type == "equals") return attrValueState;
    if (!config.allowMissing) setStyle = "error";
    return attrState(type, stream, state);
  }
  function attrValueState(type, stream, state) {
    if (type == "string") return attrContinuedState;
    if (type == "word" && config.allowUnquoted) {setStyle = "string"; return attrState;}
    setStyle = "error";
    return attrState(type, stream, state);
  }
  function attrContinuedState(type, stream, state) {
    if (type == "string") return attrContinuedState;
    return attrState(type, stream, state);
  }

  return {
    startState: function(baseIndent) {
      var state = {tokenize: inText,
                   state: baseState,
                   indented: baseIndent || 0,
                   tagName: null, tagStart: null,
                   context: null}
      if (baseIndent != null) state.baseIndent = baseIndent
      return state
    },

    token: ***MASKED***
      if (!state.tagName && stream.sol())
        state.indented = stream.indentation();

      if (stream.eatSpace()) return null;
      type = null;
      var style = state.tokenize(stream, state);
      if ((style || type) && style != "comment") {
        setStyle = null;
        state.state = state.state(type || style, stream, state);
        if (setStyle)
          style = setStyle == "error" ? style + " error" : setStyle;
      }
      return style;
    },

    indent: function(state, textAfter, fullLine) {
      var context = state.context;
      // Indent multi-line strings (e.g. css).
      if (state.tokenize.isInAttribute) {
        if (state.tagStart == state.indented)
          return state.stringStartCol + 1;
        else
          return state.indented + indentUnit;
      }
      if (context && context.noIndent) return CodeMirror.Pass;
      if (state.tokenize != inTag && state.tokenize != inText)
        return fullLine ? fullLine.match(/^(\s*)/)[0].length : 0;
      // Indent the starts of attribute names.
      if (state.tagName) {
        if (config.multilineTagIndentPastTag !== false)
          return state.tagStart + state.tagName.length + 2;
        else
          return state.tagStart + indentUnit * (config.multilineTagIndentFactor || 1);
      }
      if (config.alignCDATA && /<!\[CDATA\[/.test(textAfter)) return 0;
      var tagAfter = textAfter && /^<(\/)?([\w_:\.-]*)/.exec(textAfter);
      if (tagAfter && tagAfter[1]) { // Closing tag spotted
        while (context) {
          if (context.tagName == tagAfter[2]) {
            context = context.prev;
            break;
          } else if (config.implicitlyClosed.hasOwnProperty(context.tagName)) {
            context = context.prev;
          } else {
            break;
          }
        }
      } else if (tagAfter) { // Opening tag spotted
        while (context) {
          var grabbers = config.contextGrabbers[context.tagName];
          if (grabbers && grabbers.hasOwnProperty(tagAfter[2]))
            context = context.prev;
          else
            break;
        }
      }
      while (context && context.prev && !context.startOfLine)
        context = context.prev;
      if (context) return context.indent + indentUnit;
      else return state.baseIndent || 0;
    },

    electricInput: /<\/[\s\w:]+>$/,
    blockCommentStart: "<!--",
    blockCommentEnd: "-->",

    configuration: config.htmlMode ? "html" : "xml",
    helperType: config.htmlMode ? "html" : "xml",

    skipAttribute: function(state) {
      if (state.state == attrValueState)
        state.state = attrState
    }
  };
});

CodeMirror.defineMIME("text/xml", "xml");
CodeMirror.defineMIME("application/xml", "xml");
if (!CodeMirror.mimeModes.hasOwnProperty("text/html"))
  CodeMirror.defineMIME("text/html", {name: "xml", htmlMode: true});

});

===== END FILE: label_studio/core/static_build/js/xml.cae34fb93abc.js =====


===== FILE: label_studio/core/static_build/js/xml.js =====
// CodeMirror, copyright (c) by Marijn Haverbeke and others
// Distributed under an MIT license: https://codemirror.net/LICENSE

(function(mod) {
  if (typeof exports == "object" && typeof module == "object") // CommonJS
    mod(require("../../lib/codemirror"));
  else if (typeof define == "function" && define.amd) // AMD
    define(["../../lib/codemirror"], mod);
  else // Plain browser env
    mod(CodeMirror);
})(function(CodeMirror) {
"use strict";

var htmlConfig = {
  autoSelfClosers: {'area': true, 'base': true, 'br': true, 'col': true, 'command': true,
                    'embed': true, 'frame': true, 'hr': true, 'img': true, 'input': true,
                    'keygen': true, 'link': true, 'meta': true, 'param': true, 'source': true,
                    'track': true, 'wbr': true, 'menuitem': true},
  implicitlyClosed: {'dd': true, 'li': true, 'optgroup': true, 'option': true, 'p': true,
                     'rp': true, 'rt': true, 'tbody': true, 'td': true, 'tfoot': true,
                     'th': true, 'tr': true},
  contextGrabbers: {
    'dd': {'dd': true, 'dt': true},
    'dt': {'dd': true, 'dt': true},
    'li': {'li': true},
    'option': {'option': true, 'optgroup': true},
    'optgroup': {'optgroup': true},
    'p': {'address': true, 'article': true, 'aside': true, 'blockquote': true, 'dir': true,
          'div': true, 'dl': true, 'fieldset': true, 'footer': true, 'form': true,
          'h1': true, 'h2': true, 'h3': true, 'h4': true, 'h5': true, 'h6': true,
          'header': true, 'hgroup': true, 'hr': true, 'menu': true, 'nav': true, 'ol': true,
          'p': true, 'pre': true, 'section': true, 'table': true, 'ul': true},
    'rp': {'rp': true, 'rt': true},
    'rt': {'rp': true, 'rt': true},
    'tbody': {'tbody': true, 'tfoot': true},
    'td': {'td': true, 'th': true},
    'tfoot': {'tbody': true},
    'th': {'td': true, 'th': true},
    'thead': {'tbody': true, 'tfoot': true},
    'tr': {'tr': true}
  },
  doNotIndent: {"pre": true},
  allowUnquoted: true,
  allowMissing: true,
  caseFold: true
}

var xmlConfig = {
  autoSelfClosers: {},
  implicitlyClosed: {},
  contextGrabbers: {},
  doNotIndent: {},
  allowUnquoted: false,
  allowMissing: false,
  allowMissingTagName: false,
  caseFold: false
}

CodeMirror.defineMode("xml", function(editorConf, config_) {
  var indentUnit = editorConf.indentUnit
  var config = {}
  var defaults = config_.htmlMode ? htmlConfig : xmlConfig
  for (var prop in defaults) config[prop] = defaults[prop]
  for (var prop in config_) config[prop] = config_[prop]

  // Return variables for tokenizers
  var type, setStyle;

  function inText(stream, state) {
    function chain(parser) {
      state.tokenize = parser;
      return parser(stream, state);
    }

    var ch = stream.next();
    if (ch == "<") {
      if (stream.eat("!")) {
        if (stream.eat("[")) {
          if (stream.match("CDATA[")) return chain(inBlock("atom", "]]>"));
          else return null;
        } else if (stream.match("--")) {
          return chain(inBlock("comment", "-->"));
        } else if (stream.match("DOCTYPE", true, true)) {
          stream.eatWhile(/[\w\._\-]/);
          return chain(doctype(1));
        } else {
          return null;
        }
      } else if (stream.eat("?")) {
        stream.eatWhile(/[\w\._\-]/);
        state.tokenize = inBlock("meta", "?>");
        return "meta";
      } else {
        type = stream.eat("/") ? "closeTag" : "openTag";
        state.tokenize = inTag;
        return "tag bracket";
      }
    } else if (ch == "&") {
      var ok;
      if (stream.eat("#")) {
        if (stream.eat("x")) {
          ok = stream.eatWhile(/[a-fA-F\d]/) && stream.eat(";");
        } else {
          ok = stream.eatWhile(/[\d]/) && stream.eat(";");
        }
      } else {
        ok = stream.eatWhile(/[\w\.\-:]/) && stream.eat(";");
      }
      return ok ? "atom" : "error";
    } else {
      stream.eatWhile(/[^&<]/);
      return null;
    }
  }
  inText.isInText = true;

  function inTag(stream, state) {
    var ch = stream.next();
    if (ch == ">" || (ch == "/" && stream.eat(">"))) {
      state.tokenize = inText;
      type = ch == ">" ? "endTag" : "selfcloseTag";
      return "tag bracket";
    } else if (ch == "=") {
      type = "equals";
      return null;
    } else if (ch == "<") {
      state.tokenize = inText;
      state.state = baseState;
      state.tagName = state.tagStart = null;
      var next = state.tokenize(stream, state);
      return next ? next + " tag error" : "tag error";
    } else if (/[\'\"]/.test(ch)) {
      state.tokenize = inAttribute(ch);
      state.stringStartCol = stream.column();
      return state.tokenize(stream, state);
    } else {
      stream.match(/^[^\s\u00a0=<>\"\']*[^\s\u00a0=<>\"\'\/]/);
      return "word";
    }
  }

  function inAttribute(quote) {
    var closure = function(stream, state) {
      while (!stream.eol()) {
        if (stream.next() == quote) {
          state.tokenize = inTag;
          break;
        }
      }
      return "string";
    };
    closure.isInAttribute = true;
    return closure;
  }

  function inBlock(style, terminator) {
    return function(stream, state) {
      while (!stream.eol()) {
        if (stream.match(terminator)) {
          state.tokenize = inText;
          break;
        }
        stream.next();
      }
      return style;
    }
  }

  function doctype(depth) {
    return function(stream, state) {
      var ch;
      while ((ch = stream.next()) != null) {
        if (ch == "<") {
          state.tokenize = doctype(depth + 1);
          return state.tokenize(stream, state);
        } else if (ch == ">") {
          if (depth == 1) {
            state.tokenize = inText;
            break;
          } else {
            state.tokenize = doctype(depth - 1);
            return state.tokenize(stream, state);
          }
        }
      }
      return "meta";
    };
  }

  function Context(state, tagName, startOfLine) {
    this.prev = state.context;
    this.tagName = tagName;
    this.indent = state.indented;
    this.startOfLine = startOfLine;
    if (config.doNotIndent.hasOwnProperty(tagName) || (state.context && state.context.noIndent))
      this.noIndent = true;
  }
  function popContext(state) {
    if (state.context) state.context = state.context.prev;
  }
  function maybePopContext(state, nextTagName) {
    var parentTagName;
    while (true) {
      if (!state.context) {
        return;
      }
      parentTagName = state.context.tagName;
      if (!config.contextGrabbers.hasOwnProperty(parentTagName) ||
          !config.contextGrabbers[parentTagName].hasOwnProperty(nextTagName)) {
        return;
      }
      popContext(state);
    }
  }

  function baseState(type, stream, state) {
    if (type == "openTag") {
      state.tagStart = stream.column();
      return tagNameState;
    } else if (type == "closeTag") {
      return closeTagNameState;
    } else {
      return baseState;
    }
  }
  function tagNameState(type, stream, state) {
    if (type == "word") {
      state.tagName = stream.current();
      setStyle = "tag";
      return attrState;
    } else if (config.allowMissingTagName && type == "endTag") {
      setStyle = "tag bracket";
      return attrState(type, stream, state);
    } else {
      setStyle = "error";
      return tagNameState;
    }
  }
  function closeTagNameState(type, stream, state) {
    if (type == "word") {
      var tagName = stream.current();
      if (state.context && state.context.tagName != tagName &&
          config.implicitlyClosed.hasOwnProperty(state.context.tagName))
        popContext(state);
      if ((state.context && state.context.tagName == tagName) || config.matchClosing === false) {
        setStyle = "tag";
        return closeState;
      } else {
        setStyle = "tag error";
        return closeStateErr;
      }
    } else if (config.allowMissingTagName && type == "endTag") {
      setStyle = "tag bracket";
      return closeState(type, stream, state);
    } else {
      setStyle = "error";
      return closeStateErr;
    }
  }

  function closeState(type, _stream, state) {
    if (type != "endTag") {
      setStyle = "error";
      return closeState;
    }
    popContext(state);
    return baseState;
  }
  function closeStateErr(type, stream, state) {
    setStyle = "error";
    return closeState(type, stream, state);
  }

  function attrState(type, _stream, state) {
    if (type == "word") {
      setStyle = "attribute";
      return attrEqState;
    } else if (type == "endTag" || type == "selfcloseTag") {
      var tagName = state.tagName, tagStart = state.tagStart;
      state.tagName = state.tagStart = null;
      if (type == "selfcloseTag" ||
          config.autoSelfClosers.hasOwnProperty(tagName)) {
        maybePopContext(state, tagName);
      } else {
        maybePopContext(state, tagName);
        state.context = new Context(state, tagName, tagStart == state.indented);
      }
      return baseState;
    }
    setStyle = "error";
    return attrState;
  }
  function attrEqState(type, stream, state) {
    if (type == "equals") return attrValueState;
    if (!config.allowMissing) setStyle = "error";
    return attrState(type, stream, state);
  }
  function attrValueState(type, stream, state) {
    if (type == "string") return attrContinuedState;
    if (type == "word" && config.allowUnquoted) {setStyle = "string"; return attrState;}
    setStyle = "error";
    return attrState(type, stream, state);
  }
  function attrContinuedState(type, stream, state) {
    if (type == "string") return attrContinuedState;
    return attrState(type, stream, state);
  }

  return {
    startState: function(baseIndent) {
      var state = {tokenize: inText,
                   state: baseState,
                   indented: baseIndent || 0,
                   tagName: null, tagStart: null,
                   context: null}
      if (baseIndent != null) state.baseIndent = baseIndent
      return state
    },

    token: ***MASKED***
      if (!state.tagName && stream.sol())
        state.indented = stream.indentation();

      if (stream.eatSpace()) return null;
      type = null;
      var style = state.tokenize(stream, state);
      if ((style || type) && style != "comment") {
        setStyle = null;
        state.state = state.state(type || style, stream, state);
        if (setStyle)
          style = setStyle == "error" ? style + " error" : setStyle;
      }
      return style;
    },

    indent: function(state, textAfter, fullLine) {
      var context = state.context;
      // Indent multi-line strings (e.g. css).
      if (state.tokenize.isInAttribute) {
        if (state.tagStart == state.indented)
          return state.stringStartCol + 1;
        else
          return state.indented + indentUnit;
      }
      if (context && context.noIndent) return CodeMirror.Pass;
      if (state.tokenize != inTag && state.tokenize != inText)
        return fullLine ? fullLine.match(/^(\s*)/)[0].length : 0;
      // Indent the starts of attribute names.
      if (state.tagName) {
        if (config.multilineTagIndentPastTag !== false)
          return state.tagStart + state.tagName.length + 2;
        else
          return state.tagStart + indentUnit * (config.multilineTagIndentFactor || 1);
      }
      if (config.alignCDATA && /<!\[CDATA\[/.test(textAfter)) return 0;
      var tagAfter = textAfter && /^<(\/)?([\w_:\.-]*)/.exec(textAfter);
      if (tagAfter && tagAfter[1]) { // Closing tag spotted
        while (context) {
          if (context.tagName == tagAfter[2]) {
            context = context.prev;
            break;
          } else if (config.implicitlyClosed.hasOwnProperty(context.tagName)) {
            context = context.prev;
          } else {
            break;
          }
        }
      } else if (tagAfter) { // Opening tag spotted
        while (context) {
          var grabbers = config.contextGrabbers[context.tagName];
          if (grabbers && grabbers.hasOwnProperty(tagAfter[2]))
            context = context.prev;
          else
            break;
        }
      }
      while (context && context.prev && !context.startOfLine)
        context = context.prev;
      if (context) return context.indent + indentUnit;
      else return state.baseIndent || 0;
    },

    electricInput: /<\/[\s\w:]+>$/,
    blockCommentStart: "<!--",
    blockCommentEnd: "-->",

    configuration: config.htmlMode ? "html" : "xml",
    helperType: config.htmlMode ? "html" : "xml",

    skipAttribute: function(state) {
      if (state.state == attrValueState)
        state.state = attrState
    }
  };
});

CodeMirror.defineMIME("text/xml", "xml");
CodeMirror.defineMIME("application/xml", "xml");
if (!CodeMirror.mimeModes.hasOwnProperty("text/html"))
  CodeMirror.defineMIME("text/html", {name: "xml", htmlMode: true});

});

===== END FILE: label_studio/core/static_build/js/xml.js =====


===== FILE: label_studio/core/static_build/js/478.chunk.js =====
!function(e,t){"object"==typeof exports&&"object"==typeof module?module.exports=t():"function"==typeof define&&define.amd?define([],t):"object"==typeof exports?exports.LabelStudio=t():e.LabelStudio=t()}("undefined"!=typeof self?self:this,(function(){return function(){"use strict";var e={};function t(e,t,r){return(t=function(e){var t=function(e,t){if("object"!=typeof e||null===e)return e;var r=e[Symbol.toPrimitive];if(void 0!==r){var s=r.call(e,t||"default");if("object"!=typeof s)return s;throw new TypeError("@@toPrimitive must return a primitive value.")}return("string"===t?String:Number)(e)}(e,"string");return"symbol"==typeof t?t:String(t)}(t))in e?Object.defineProperty(e,t,{value:r,enumerable:!0,configurable:!0,writable:!0}):e[t]=r,e}class r{constructor(e){t(this,"worker",void 0),this.worker=e}async compute(e){var t,r;const s=await this.sendMessage(this.worker,{data:e,type:"compute"},!0);return null==s||null===(t=s.data)||void 0===t||null===(r=t.result)||void 0===r?void 0:r.data}async precompute(e){await this.sendMessage(this.worker,{data:e,type:"precompute"})}async store(e){await this.sendMessage(this.worker,{data:e,type:"store"})}async getStorage(){var e;const t=await this.sendMessage(this.worker,{type:"getStorage"},!0);return null==t||null===(e=t.data)||void 0===e?void 0:e.result}destroy(){this.worker.terminate()}sendMessage(e,t,r=!1){return new Promise((s=>{const n=Math.random().toString();if(r){const t=r=>{n===r.data.eventId&&(e.removeEventListener("message",t),s(r))};e.addEventListener("message",t)}e.postMessage({...t,eventId:n}),r||s(void 0)}))}}function s({value:e,channelCount:t}){const r=[];for(let s=0;s<t;s++)r[s]=new Float32Array(e.length/t);for(let s=0;s<e.length;s++){const n=s%t,a=Math.floor(s/t);r[n][a]=e[s]}return r}return t(r,"Messenger",{receive({compute:e,precompute:t}){const r={};self.addEventListener("message",(s=>{if(!s.data)return;const{data:n,type:a,eventId:o}=s.data;switch(a){case"compute":((t,s)=>{e(t,r,(e=>{self.postMessage({result:e,eventId:s})}))})(n,o);break;case"precompute":(e=>{null==t||t(e,r,(e=>{Object.assign(r,e)}))})(n);break;case"store":(e=>{Object.assign(r,e.data.data)})(s);break;case"getStorage":(e=>{self.postMessage({result:r,eventId:e})})(o)}}))}}),r.Messenger.receive({compute:(e,t,r)=>{r({data:s(e)})},precompute:(e,t,r)=>{r({data:s(e)})}}),e=e.default}()}));
//# sourceMappingURL=478.chunk.js.map
===== END FILE: label_studio/core/static_build/js/478.chunk.js =====


===== FILE: label_studio/core/static_build/js/jquery.min.e6c2415c0ace.js =====
/*! jQuery v3.7.0 | (c) OpenJS Foundation and other contributors | jquery.org/license */
!function(e,t){"use strict";"object"==typeof module&&"object"==typeof module.exports?module.exports=e.document?t(e,!0):function(e){if(!e.document)throw new Error("jQuery requires a window with a document");return t(e)}:t(e)}("undefined"!=typeof window?window:this,function(ie,e){"use strict";var oe=[],r=Object.getPrototypeOf,ae=oe.slice,g=oe.flat?function(e){return oe.flat.call(e)}:function(e){return oe.concat.apply([],e)},s=oe.push,se=oe.indexOf,n={},i=n.toString,ue=n.hasOwnProperty,o=ue.toString,a=o.call(Object),le={},v=function(e){return"function"==typeof e&&"number"!=typeof e.nodeType&&"function"!=typeof e.item},y=function(e){return null!=e&&e===e.window},C=ie.document,u={type:!0,src:!0,nonce:!0,noModule:!0};function m(e,t,n){var r,i,o=(n=n||C).createElement("script");if(o.text=e,t)for(r in u)(i=t[r]||t.getAttribute&&t.getAttribute(r))&&o.setAttribute(r,i);n.head.appendChild(o).parentNode.removeChild(o)}function x(e){return null==e?e+"":"object"==typeof e||"function"==typeof e?n[i.call(e)]||"object":typeof e}var t="3.7.0",l=/HTML$/i,ce=function(e,t){return new ce.fn.init(e,t)};function c(e){var t=!!e&&"length"in e&&e.length,n=x(e);return!v(e)&&!y(e)&&("array"===n||0===t||"number"==typeof t&&0<t&&t-1 in e)}function fe(e,t){return e.nodeName&&e.nodeName.toLowerCase()===t.toLowerCase()}ce.fn=ce.prototype={jquery:t,constructor:ce,length:0,toArray:function(){return ae.call(this)},get:function(e){return null==e?ae.call(this):e<0?this[e+this.length]:this[e]},pushStack:function(e){var t=ce.merge(this.constructor(),e);return t.prevObject=this,t},each:function(e){return ce.each(this,e)},map:function(n){return this.pushStack(ce.map(this,function(e,t){return n.call(e,t,e)}))},slice:function(){return this.pushStack(ae.apply(this,arguments))},first:function(){return this.eq(0)},last:function(){return this.eq(-1)},even:function(){return this.pushStack(ce.grep(this,function(e,t){return(t+1)%2}))},odd:function(){return this.pushStack(ce.grep(this,function(e,t){return t%2}))},eq:function(e){var t=this.length,n=+e+(e<0?t:0);return this.pushStack(0<=n&&n<t?[this[n]]:[])},end:function(){return this.prevObject||this.constructor()},push:s,sort:oe.sort,splice:oe.splice},ce.extend=ce.fn.extend=function(){var e,t,n,r,i,o,a=arguments[0]||{},s=1,u=arguments.length,l=!1;for("boolean"==typeof a&&(l=a,a=arguments[s]||{},s++),"object"==typeof a||v(a)||(a={}),s===u&&(a=this,s--);s<u;s++)if(null!=(e=arguments[s]))for(t in e)r=e[t],"__proto__"!==t&&a!==r&&(l&&r&&(ce.isPlainObject(r)||(i=Array.isArray(r)))?(n=a[t],o=i&&!Array.isArray(n)?[]:i||ce.isPlainObject(n)?n:{},i=!1,a[t]=ce.extend(l,o,r)):void 0!==r&&(a[t]=r));return a},ce.extend({expando:"jQuery"+(t+Math.random()).replace(/\D/g,""),isReady:!0,error:function(e){throw new Error(e)},noop:function(){},isPlainObject:function(e){var t,n;return!(!e||"[object Object]"!==i.call(e))&&(!(t=r(e))||"function"==typeof(n=ue.call(t,"constructor")&&t.constructor)&&o.call(n)===a)},isEmptyObject:function(e){var t;for(t in e)return!1;return!0},globalEval:function(e,t,n){m(e,{nonce:t&&t.nonce},n)},each:function(e,t){var n,r=0;if(c(e)){for(n=e.length;r<n;r++)if(!1===t.call(e[r],r,e[r]))break}else for(r in e)if(!1===t.call(e[r],r,e[r]))break;return e},text:function(e){var t,n="",r=0,i=e.nodeType;if(i){if(1===i||9===i||11===i)return e.textContent;if(3===i||4===i)return e.nodeValue}else while(t=e[r++])n+=ce.text(t);return n},makeArray:function(e,t){var n=t||[];return null!=e&&(c(Object(e))?ce.merge(n,"string"==typeof e?[e]:e):s.call(n,e)),n},inArray:function(e,t,n){return null==t?-1:se.call(t,e,n)},isXMLDoc:function(e){var t=e&&e.namespaceURI,n=e&&(e.ownerDocument||e).documentElement;return!l.test(t||n&&n.nodeName||"HTML")},merge:function(e,t){for(var n=+t.length,r=0,i=e.length;r<n;r++)e[i++]=t[r];return e.length=i,e},grep:function(e,t,n){for(var r=[],i=0,o=e.length,a=!n;i<o;i++)!t(e[i],i)!==a&&r.push(e[i]);return r},map:function(e,t,n){var r,i,o=0,a=[];if(c(e))for(r=e.length;o<r;o++)null!=(i=t(e[o],o,n))&&a.push(i);else for(o in e)null!=(i=t(e[o],o,n))&&a.push(i);return g(a)},guid:1,support:le}),"function"==typeof Symbol&&(ce.fn[Symbol.iterator]=oe[Symbol.iterator]),ce.each("Boolean Number String Function Array Date RegExp Object Error Symbol".split(" "),function(e,t){n["[object "+t+"]"]=t.toLowerCase()});var pe=oe.pop,de=oe.sort,he=oe.splice,ge="[\\x20\\t\\r\\n\\f]",ve=new RegExp("^"+ge+"+|((?:^|[^\\\\])(?:\\\\.)*)"+ge+"+$","g");ce.contains=function(e,t){var n=t&&t.parentNode;return e===n||!(!n||1!==n.nodeType||!(e.contains?e.contains(n):e.compareDocumentPosition&&16&e.compareDocumentPosition(n)))};var f=/([\0-\x1f\x7f]|^-?\d)|^-$|[^\x80-\uFFFF\w-]/g;function p(e,t){return t?"\0"===e?"\ufffd":e.slice(0,-1)+"\\"+e.charCodeAt(e.length-1).toString(16)+" ":"\\"+e}ce.escapeSelector=function(e){return(e+"").replace(f,p)};var ye=C,me=s;!function(){var e,b,w,o,a,T,r,C,d,i,k=me,S=ce.expando,E=0,n=0,s=W(),c=W(),u=W(),h=W(),l=function(e,t){return e===t&&(a=!0),0},f="checked|selected|async|autofocus|autoplay|controls|defer|disabled|hidden|ismap|loop|multiple|open|readonly|required|scoped",t="(?:\\\\[\\da-fA-F]{1,6}"+ge+"?|\\\\[^\\r\\n\\f]|[\\w-]|[^\0-\\x7f])+",p="\\["+ge+"*("+t+")(?:"+ge+"*([*^$|!~]?=)"+ge+"*(?:'((?:\\\\.|[^\\\\'])*)'|\"((?:\\\\.|[^\\\\\"])*)\"|("+t+"))|)"+ge+"*\\]",g=":("+t+")(?:\\((('((?:\\\\.|[^\\\\'])*)'|\"((?:\\\\.|[^\\\\\"])*)\")|((?:\\\\.|[^\\\\()[\\]]|"+p+")*)|.*)\\)|)",v=new RegExp(ge+"+","g"),y=new RegExp("^"+ge+"*,"+ge+"*"),m=new RegExp("^"+ge+"*([>+~]|"+ge+")"+ge+"*"),x=new RegExp(ge+"|>"),j=new RegExp(g),A=new RegExp("^"+t+"$"),D={ID:new RegExp("^#("+t+")"),CLASS:new RegExp("^\\.("+t+")"),TAG:new RegExp("^("+t+"|[*])"),ATTR:new RegExp("^"+p),PSEUDO:new RegExp("^"+g),CHILD:new RegExp("^:(only|first|last|nth|nth-last)-(child|of-type)(?:\\("+ge+"*(even|odd|(([+-]|)(\\d*)n|)"+ge+"*(?:([+-]|)"+ge+"*(\\d+)|))"+ge+"*\\)|)","i"),bool:new RegExp("^(?:"+f+")$","i"),needsContext:new RegExp("^"+ge+"*[>+~]|:(even|odd|eq|gt|lt|nth|first|last)(?:\\("+ge+"*((?:-\\d)?\\d*)"+ge+"*\\)|)(?=[^-]|$)","i")},N=/^(?:input|select|textarea|button)$/i,q=/^h\d$/i,L=/^(?:#([\w-]+)|(\w+)|\.([\w-]+))$/,H=/[+~]/,O=new RegExp("\\\\[\\da-fA-F]{1,6}"+ge+"?|\\\\([^\\r\\n\\f])","g"),P=function(e,t){var n="0x"+e.slice(1)-65536;return t||(n<0?String.fromCharCode(n+65536):String.fromCharCode(n>>10|55296,1023&n|56320))},R=function(){V()},M=J(function(e){return!0===e.disabled&&fe(e,"fieldset")},{dir:"parentNode",next:"legend"});try{k.apply(oe=ae.call(ye.childNodes),ye.childNodes),oe[ye.childNodes.length].nodeType}catch(e){k={apply:function(e,t){me.apply(e,ae.call(t))},call:function(e){me.apply(e,ae.call(arguments,1))}}}function I(t,e,n,r){var i,o,a,s,u,l,c,f=e&&e.ownerDocument,p=e?e.nodeType:9;if(n=n||[],"string"!=typeof t||!t||1!==p&&9!==p&&11!==p)return n;if(!r&&(V(e),e=e||T,C)){if(11!==p&&(u=L.exec(t)))if(i=u[1]){if(9===p){if(!(a=e.getElementById(i)))return n;if(a.id===i)return k.call(n,a),n}else if(f&&(a=f.getElementById(i))&&I.contains(e,a)&&a.id===i)return k.call(n,a),n}else{if(u[2])return k.apply(n,e.getElementsByTagName(t)),n;if((i=u[3])&&e.getElementsByClassName)return k.apply(n,e.getElementsByClassName(i)),n}if(!(h[t+" "]||d&&d.test(t))){if(c=t,f=e,1===p&&(x.test(t)||m.test(t))){(f=H.test(t)&&z(e.parentNode)||e)==e&&le.scope||((s=e.getAttribute("id"))?s=ce.escapeSelector(s):e.setAttribute("id",s=S)),o=(l=Y(t)).length;while(o--)l[o]=(s?"#"+s:":scope")+" "+Q(l[o]);c=l.join(",")}try{return k.apply(n,f.querySelectorAll(c)),n}catch(e){h(t,!0)}finally{s===S&&e.removeAttribute("id")}}}return re(t.replace(ve,"$1"),e,n,r)}function W(){var r=[];return function e(t,n){return r.push(t+" ")>b.cacheLength&&delete e[r.shift()],e[t+" "]=n}}function F(e){return e[S]=!0,e}function $(e){var t=T.createElement("fieldset");try{return!!e(t)}catch(e){return!1}finally{t.parentNode&&t.parentNode.removeChild(t),t=null}}function B(t){return function(e){return fe(e,"input")&&e.type===t}}function _(t){return function(e){return(fe(e,"input")||fe(e,"button"))&&e.type===t}}function X(t){return function(e){return"form"in e?e.parentNode&&!1===e.disabled?"label"in e?"label"in e.parentNode?e.parentNode.disabled===t:e.disabled===t:e.isDisabled===t||e.isDisabled!==!t&&M(e)===t:e.disabled===t:"label"in e&&e.disabled===t}}function U(a){return F(function(o){return o=+o,F(function(e,t){var n,r=a([],e.length,o),i=r.length;while(i--)e[n=r[i]]&&(e[n]=!(t[n]=e[n]))})})}function z(e){return e&&"undefined"!=typeof e.getElementsByTagName&&e}function V(e){var t,n=e?e.ownerDocument||e:ye;return n!=T&&9===n.nodeType&&n.documentElement&&(r=(T=n).documentElement,C=!ce.isXMLDoc(T),i=r.matches||r.webkitMatchesSelector||r.msMatchesSelector,ye!=T&&(t=T.defaultView)&&t.top!==t&&t.addEventListener("unload",R),le.getById=$(function(e){return r.appendChild(e).id=ce.expando,!T.getElementsByName||!T.getElementsByName(ce.expando).length}),le.disconnectedMatch=$(function(e){return i.call(e,"*")}),le.scope=$(function(){return T.querySelectorAll(":scope")}),le.cssHas=$(function(){try{return T.querySelector(":has(*,:jqfake)"),!1}catch(e){return!0}}),le.getById?(b.filter.ID=function(e){var t=e.replace(O,P);return function(e){return e.getAttribute("id")===t}},b.find.ID=function(e,t){if("undefined"!=typeof t.getElementById&&C){var n=t.getElementById(e);return n?[n]:[]}}):(b.filter.ID=function(e){var n=e.replace(O,P);return function(e){var t="undefined"!=typeof e.getAttributeNode&&e.getAttributeNode("id");return t&&t.value===n}},b.find.ID=function(e,t){if("undefined"!=typeof t.getElementById&&C){var n,r,i,o=t.getElementById(e);if(o){if((n=o.getAttributeNode("id"))&&n.value===e)return[o];i=t.getElementsByName(e),r=0;while(o=i[r++])if((n=o.getAttributeNode("id"))&&n.value===e)return[o]}return[]}}),b.find.TAG=function(e,t){return"undefined"!=typeof t.getElementsByTagName?t.getElementsByTagName(e):t.querySelectorAll(e)},b.find.CLASS=function(e,t){if("undefined"!=typeof t.getElementsByClassName&&C)return t.getElementsByClassName(e)},d=[],$(function(e){var t;r.appendChild(e).innerHTML="<a id='"+S+"' href='' disabled='disabled'></a><select id='"+S+"-\r\\' disabled='disabled'><option selected=''></option></select>",e.querySelectorAll("[selected]").length||d.push("\\["+ge+"*(?:value|"+f+")"),e.querySelectorAll("[id~="+S+"-]").length||d.push("~="),e.querySelectorAll("a#"+S+"+*").length||d.push(".#.+[+~]"),e.querySelectorAll(":checked").length||d.push(":checked"),(t=T.createElement("input")).setAttribute("type","hidden"),e.appendChild(t).setAttribute("name","D"),r.appendChild(e).disabled=!0,2!==e.querySelectorAll(":disabled").length&&d.push(":enabled",":disabled"),(t=T.createElement("input")).setAttribute("name",""),e.appendChild(t),e.querySelectorAll("[name='']").length||d.push("\\["+ge+"*name"+ge+"*="+ge+"*(?:''|\"\")")}),le.cssHas||d.push(":has"),d=d.length&&new RegExp(d.join("|")),l=function(e,t){if(e===t)return a=!0,0;var n=!e.compareDocumentPosition-!t.compareDocumentPosition;return n||(1&(n=(e.ownerDocument||e)==(t.ownerDocument||t)?e.compareDocumentPosition(t):1)||!le.sortDetached&&t.compareDocumentPosition(e)===n?e===T||e.ownerDocument==ye&&I.contains(ye,e)?-1:t===T||t.ownerDocument==ye&&I.contains(ye,t)?1:o?se.call(o,e)-se.call(o,t):0:4&n?-1:1)}),T}for(e in I.matches=function(e,t){return I(e,null,null,t)},I.matchesSelector=function(e,t){if(V(e),C&&!h[t+" "]&&(!d||!d.test(t)))try{var n=i.call(e,t);if(n||le.disconnectedMatch||e.document&&11!==e.document.nodeType)return n}catch(e){h(t,!0)}return 0<I(t,T,null,[e]).length},I.contains=function(e,t){return(e.ownerDocument||e)!=T&&V(e),ce.contains(e,t)},I.attr=function(e,t){(e.ownerDocument||e)!=T&&V(e);var n=b.attrHandle[t.toLowerCase()],r=n&&ue.call(b.attrHandle,t.toLowerCase())?n(e,t,!C):void 0;return void 0!==r?r:e.getAttribute(t)},I.error=function(e){throw new Error("Syntax error, unrecognized expression: "+e)},ce.uniqueSort=function(e){var t,n=[],r=0,i=0;if(a=!le.sortStable,o=!le.sortStable&&ae.call(e,0),de.call(e,l),a){while(t=e[i++])t===e[i]&&(r=n.push(i));while(r--)he.call(e,n[r],1)}return o=null,e},ce.fn.uniqueSort=function(){return this.pushStack(ce.uniqueSort(ae.apply(this)))},(b=ce.expr={cacheLength:50,createPseudo:F,match:D,attrHandle:{},find:{},relative:{">":{dir:"parentNode",first:!0}," ":{dir:"parentNode"},"+":{dir:"previousSibling",first:!0},"~":{dir:"previousSibling"}},preFilter:{ATTR:function(e){return e[1]=e[1].replace(O,P),e[3]=(e[3]||e[4]||e[5]||"").replace(O,P),"~="===e[2]&&(e[3]=" "+e[3]+" "),e.slice(0,4)},CHILD:function(e){return e[1]=e[1].toLowerCase(),"nth"===e[1].slice(0,3)?(e[3]||I.error(e[0]),e[4]=+(e[4]?e[5]+(e[6]||1):2*("even"===e[3]||"odd"===e[3])),e[5]=+(e[7]+e[8]||"odd"===e[3])):e[3]&&I.error(e[0]),e},PSEUDO:function(e){var t,n=!e[6]&&e[2];return D.CHILD.test(e[0])?null:(e[3]?e[2]=e[4]||e[5]||"":n&&j.test(n)&&(t=Y(n,!0))&&(t=n.indexOf(")",n.length-t)-n.length)&&(e[0]=e[0].slice(0,t),e[2]=n.slice(0,t)),e.slice(0,3))}},filter:{TAG:function(e){var t=e.replace(O,P).toLowerCase();return"*"===e?function(){return!0}:function(e){return fe(e,t)}},CLASS:function(e){var t=s[e+" "];return t||(t=new RegExp("(^|"+ge+")"+e+"("+ge+"|$)"))&&s(e,function(e){return t.test("string"==typeof e.className&&e.className||"undefined"!=typeof e.getAttribute&&e.getAttribute("class")||"")})},ATTR:function(n,r,i){return function(e){var t=I.attr(e,n);return null==t?"!="===r:!r||(t+="","="===r?t===i:"!="===r?t!==i:"^="===r?i&&0===t.indexOf(i):"*="===r?i&&-1<t.indexOf(i):"$="===r?i&&t.slice(-i.length)===i:"~="===r?-1<(" "+t.replace(v," ")+" ").indexOf(i):"|="===r&&(t===i||t.slice(0,i.length+1)===i+"-"))}},CHILD:function(d,e,t,h,g){var v="nth"!==d.slice(0,3),y="last"!==d.slice(-4),m="of-type"===e;return 1===h&&0===g?function(e){return!!e.parentNode}:function(e,t,n){var r,i,o,a,s,u=v!==y?"nextSibling":"previousSibling",l=e.parentNode,c=m&&e.nodeName.toLowerCase(),f=!n&&!m,p=!1;if(l){if(v){while(u){o=e;while(o=o[u])if(m?fe(o,c):1===o.nodeType)return!1;s=u="only"===d&&!s&&"nextSibling"}return!0}if(s=[y?l.firstChild:l.lastChild],y&&f){p=(a=(r=(i=l[S]||(l[S]={}))[d]||[])[0]===E&&r[1])&&r[2],o=a&&l.childNodes[a];while(o=++a&&o&&o[u]||(p=a=0)||s.pop())if(1===o.nodeType&&++p&&o===e){i[d]=[E,a,p];break}}else if(f&&(p=a=(r=(i=e[S]||(e[S]={}))[d]||[])[0]===E&&r[1]),!1===p)while(o=++a&&o&&o[u]||(p=a=0)||s.pop())if((m?fe(o,c):1===o.nodeType)&&++p&&(f&&((i=o[S]||(o[S]={}))[d]=[E,p]),o===e))break;return(p-=g)===h||p%h==0&&0<=p/h}}},PSEUDO:function(e,o){var t,a=b.pseudos[e]||b.setFilters[e.toLowerCase()]||I.error("unsupported pseudo: "+e);return a[S]?a(o):1<a.length?(t=[e,e,"",o],b.setFilters.hasOwnProperty(e.toLowerCase())?F(function(e,t){var n,r=a(e,o),i=r.length;while(i--)e[n=se.call(e,r[i])]=!(t[n]=r[i])}):function(e){return a(e,0,t)}):a}},pseudos:{not:F(function(e){var r=[],i=[],s=ne(e.replace(ve,"$1"));return s[S]?F(function(e,t,n,r){var i,o=s(e,null,r,[]),a=e.length;while(a--)(i=o[a])&&(e[a]=!(t[a]=i))}):function(e,t,n){return r[0]=e,s(r,null,n,i),r[0]=null,!i.pop()}}),has:F(function(t){return function(e){return 0<I(t,e).length}}),contains:F(function(t){return t=t.replace(O,P),function(e){return-1<(e.textContent||ce.text(e)).indexOf(t)}}),lang:F(function(n){return A.test(n||"")||I.error("unsupported lang: "+n),n=n.replace(O,P).toLowerCase(),function(e){var t;do{if(t=C?e.lang:e.getAttribute("xml:lang")||e.getAttribute("lang"))return(t=t.toLowerCase())===n||0===t.indexOf(n+"-")}while((e=e.parentNode)&&1===e.nodeType);return!1}}),target:function(e){var t=ie.location&&ie.location.hash;return t&&t.slice(1)===e.id},root:function(e){return e===r},focus:function(e){return e===function(){try{return T.activeElement}catch(e){}}()&&T.hasFocus()&&!!(e.type||e.href||~e.tabIndex)},enabled:X(!1),disabled:X(!0),checked:function(e){return fe(e,"input")&&!!e.checked||fe(e,"option")&&!!e.selected},selected:function(e){return e.parentNode&&e.parentNode.selectedIndex,!0===e.selected},empty:function(e){for(e=e.firstChild;e;e=e.nextSibling)if(e.nodeType<6)return!1;return!0},parent:function(e){return!b.pseudos.empty(e)},header:function(e){return q.test(e.nodeName)},input:function(e){return N.test(e.nodeName)},button:function(e){return fe(e,"input")&&"button"===e.type||fe(e,"button")},text:function(e){var t;return fe(e,"input")&&"text"===e.type&&(null==(t=e.getAttribute("type"))||"text"===t.toLowerCase())},first:U(function(){return[0]}),last:U(function(e,t){return[t-1]}),eq:U(function(e,t,n){return[n<0?n+t:n]}),even:U(function(e,t){for(var n=0;n<t;n+=2)e.push(n);return e}),odd:U(function(e,t){for(var n=1;n<t;n+=2)e.push(n);return e}),lt:U(function(e,t,n){var r;for(r=n<0?n+t:t<n?t:n;0<=--r;)e.push(r);return e}),gt:U(function(e,t,n){for(var r=n<0?n+t:n;++r<t;)e.push(r);return e})}}).pseudos.nth=b.pseudos.eq,{radio:!0,checkbox:!0,file:!0,password:***MASKED***" "];if(l)return t?0:l.slice(0);a=e,s=[],u=b.preFilter;while(a){for(o in n&&!(r=y.exec(a))||(r&&(a=a.slice(r[0].length)||a),s.push(i=[])),n=!1,(r=m.exec(a))&&(n=r.shift(),i.push({value:n,type:r[0].replace(ve," ")}),a=a.slice(n.length)),b.filter)!(r=D[o].exec(a))||u[o]&&!(r=u[o](r))||(n=r.shift(),i.push({value:n,type:o,matches:r}),a=a.slice(n.length));if(!n)break}return t?a.length:a?I.error(e):c(e,s).slice(0)}function Q(e){for(var t=0,n=e.length,r="";t<n;t++)r+=e[t].value;return r}function J(a,e,t){var s=e.dir,u=e.next,l=u||s,c=t&&"parentNode"===l,f=n++;return e.first?function(e,t,n){while(e=e[s])if(1===e.nodeType||c)return a(e,t,n);return!1}:function(e,t,n){var r,i,o=[E,f];if(n){while(e=e[s])if((1===e.nodeType||c)&&a(e,t,n))return!0}else while(e=e[s])if(1===e.nodeType||c)if(i=e[S]||(e[S]={}),u&&fe(e,u))e=e[s]||e;else{if((r=i[l])&&r[0]===E&&r[1]===f)return o[2]=r[2];if((i[l]=o)[2]=a(e,t,n))return!0}return!1}}function K(i){return 1<i.length?function(e,t,n){var r=i.length;while(r--)if(!i[r](e,t,n))return!1;return!0}:i[0]}function Z(e,t,n,r,i){for(var o,a=[],s=0,u=e.length,l=null!=t;s<u;s++)(o=e[s])&&(n&&!n(o,r,i)||(a.push(o),l&&t.push(s)));return a}function ee(d,h,g,v,y,e){return v&&!v[S]&&(v=ee(v)),y&&!y[S]&&(y=ee(y,e)),F(function(e,t,n,r){var i,o,a,s,u=[],l=[],c=t.length,f=e||function(e,t,n){for(var r=0,i=t.length;r<i;r++)I(e,t[r],n);return n}(h||"*",n.nodeType?[n]:n,[]),p=!d||!e&&h?f:Z(f,u,d,n,r);if(g?g(p,s=y||(e?d:c||v)?[]:t,n,r):s=p,v){i=Z(s,l),v(i,[],n,r),o=i.length;while(o--)(a=i[o])&&(s[l[o]]=!(p[l[o]]=a))}if(e){if(y||d){if(y){i=[],o=s.length;while(o--)(a=s[o])&&i.push(p[o]=a);y(null,s=[],i,r)}o=s.length;while(o--)(a=s[o])&&-1<(i=y?se.call(e,a):u[o])&&(e[i]=!(t[i]=a))}}else s=Z(s===t?s.splice(c,s.length):s),y?y(null,t,s,r):k.apply(t,s)})}function te(e){for(var i,t,n,r=e.length,o=b.relative[e[0].type],a=o||b.relative[" "],s=o?1:0,u=J(function(e){return e===i},a,!0),l=J(function(e){return-1<se.call(i,e)},a,!0),c=[function(e,t,n){var r=!o&&(n||t!=w)||((i=t).nodeType?u(e,t,n):l(e,t,n));return i=null,r}];s<r;s++)if(t=b.relative[e[s].type])c=[J(K(c),t)];else{if((t=b.filter[e[s].type].apply(null,e[s].matches))[S]){for(n=++s;n<r;n++)if(b.relative[e[n].type])break;return ee(1<s&&K(c),1<s&&Q(e.slice(0,s-1).concat({value:" "===e[s-2].type?"*":""})).replace(ve,"$1"),t,s<n&&te(e.slice(s,n)),n<r&&te(e=e.slice(n)),n<r&&Q(e))}c.push(t)}return K(c)}function ne(e,t){var n,v,y,m,x,r,i=[],o=[],a=u[e+" "];if(!a){t||(t=Y(e)),n=t.length;while(n--)(a=te(t[n]))[S]?i.push(a):o.push(a);(a=u(e,(v=o,m=0<(y=i).length,x=0<v.length,r=function(e,t,n,r,i){var o,a,s,u=0,l="0",c=e&&[],f=[],p=w,d=e||x&&b.find.TAG("*",i),h=E+=null==p?1:Math.random()||.1,g=d.length;for(i&&(w=t==T||t||i);l!==g&&null!=(o=d[l]);l++){if(x&&o){a=0,t||o.ownerDocument==T||(V(o),n=!C);while(s=v[a++])if(s(o,t||T,n)){k.call(r,o);break}i&&(E=h)}m&&((o=!s&&o)&&u--,e&&c.push(o))}if(u+=l,m&&l!==u){a=0;while(s=y[a++])s(c,f,t,n);if(e){if(0<u)while(l--)c[l]||f[l]||(f[l]=pe.call(r));f=Z(f)}k.apply(r,f),i&&!e&&0<f.length&&1<u+y.length&&ce.uniqueSort(r)}return i&&(E=h,w=p),c},m?F(r):r))).selector=e}return a}function re(e,t,n,r){var i,o,a,s,u,l="function"==typeof e&&e,c=!r&&Y(e=l.selector||e);if(n=n||[],1===c.length){if(2<(o=c[0]=c[0].slice(0)).length&&"ID"===(a=o[0]).type&&9===t.nodeType&&C&&b.relative[o[1].type]){if(!(t=(b.find.ID(a.matches[0].replace(O,P),t)||[])[0]))return n;l&&(t=t.parentNode),e=e.slice(o.shift().value.length)}i=D.needsContext.test(e)?0:o.length;while(i--){if(a=o[i],b.relative[s=a.type])break;if((u=b.find[s])&&(r=u(a.matches[0].replace(O,P),H.test(o[0].type)&&z(t.parentNode)||t))){if(o.splice(i,1),!(e=r.length&&Q(o)))return k.apply(n,r),n;break}}}return(l||ne(e,c))(r,t,!C,n,!t||H.test(e)&&z(t.parentNode)||t),n}G.prototype=b.filters=b.pseudos,b.setFilters=new G,le.sortStable=S.split("").sort(l).join("")===S,V(),le.sortDetached=$(function(e){return 1&e.compareDocumentPosition(T.createElement("fieldset"))}),ce.find=I,ce.expr[":"]=ce.expr.pseudos,ce.unique=ce.uniqueSort,I.compile=ne,I.select=re,I.setDocument=V,I.escape=ce.escapeSelector,I.getText=ce.text,I.isXML=ce.isXMLDoc,I.selectors=ce.expr,I.support=ce.support,I.uniqueSort=ce.uniqueSort}();var d=function(e,t,n){var r=[],i=void 0!==n;while((e=e[t])&&9!==e.nodeType)if(1===e.nodeType){if(i&&ce(e).is(n))break;r.push(e)}return r},h=function(e,t){for(var n=[];e;e=e.nextSibling)1===e.nodeType&&e!==t&&n.push(e);return n},b=ce.expr.match.needsContext,w=/^<([a-z][^\/\0>:\x20\t\r\n\f]*)[\x20\t\r\n\f]*\/?>(?:<\/\1>|)$/i;function T(e,n,r){return v(n)?ce.grep(e,function(e,t){return!!n.call(e,t,e)!==r}):n.nodeType?ce.grep(e,function(e){return e===n!==r}):"string"!=typeof n?ce.grep(e,function(e){return-1<se.call(n,e)!==r}):ce.filter(n,e,r)}ce.filter=function(e,t,n){var r=t[0];return n&&(e=":not("+e+")"),1===t.length&&1===r.nodeType?ce.find.matchesSelector(r,e)?[r]:[]:ce.find.matches(e,ce.grep(t,function(e){return 1===e.nodeType}))},ce.fn.extend({find:function(e){var t,n,r=this.length,i=this;if("string"!=typeof e)return this.pushStack(ce(e).filter(function(){for(t=0;t<r;t++)if(ce.contains(i[t],this))return!0}));for(n=this.pushStack([]),t=0;t<r;t++)ce.find(e,i[t],n);return 1<r?ce.uniqueSort(n):n},filter:function(e){return this.pushStack(T(this,e||[],!1))},not:function(e){return this.pushStack(T(this,e||[],!0))},is:function(e){return!!T(this,"string"==typeof e&&b.test(e)?ce(e):e||[],!1).length}});var k,S=/^(?:\s*(<[\w\W]+>)[^>]*|#([\w-]+))$/;(ce.fn.init=function(e,t,n){var r,i;if(!e)return this;if(n=n||k,"string"==typeof e){if(!(r="<"===e[0]&&">"===e[e.length-1]&&3<=e.length?[null,e,null]:S.exec(e))||!r[1]&&t)return!t||t.jquery?(t||n).find(e):this.constructor(t).find(e);if(r[1]){if(t=t instanceof ce?t[0]:t,ce.merge(this,ce.parseHTML(r[1],t&&t.nodeType?t.ownerDocument||t:C,!0)),w.test(r[1])&&ce.isPlainObject(t))for(r in t)v(this[r])?this[r](t[r]):this.attr(r,t[r]);return this}return(i=C.getElementById(r[2]))&&(this[0]=i,this.length=1),this}return e.nodeType?(this[0]=e,this.length=1,this):v(e)?void 0!==n.ready?n.ready(e):e(ce):ce.makeArray(e,this)}).prototype=ce.fn,k=ce(C);var E=/^(?:parents|prev(?:Until|All))/,j={children:!0,contents:!0,next:!0,prev:!0};function A(e,t){while((e=e[t])&&1!==e.nodeType);return e}ce.fn.extend({has:function(e){var t=ce(e,this),n=t.length;return this.filter(function(){for(var e=0;e<n;e++)if(ce.contains(this,t[e]))return!0})},closest:function(e,t){var n,r=0,i=this.length,o=[],a="string"!=typeof e&&ce(e);if(!b.test(e))for(;r<i;r++)for(n=this[r];n&&n!==t;n=n.parentNode)if(n.nodeType<11&&(a?-1<a.index(n):1===n.nodeType&&ce.find.matchesSelector(n,e))){o.push(n);break}return this.pushStack(1<o.length?ce.uniqueSort(o):o)},index:function(e){return e?"string"==typeof e?se.call(ce(e),this[0]):se.call(this,e.jquery?e[0]:e):this[0]&&this[0].parentNode?this.first().prevAll().length:-1},add:function(e,t){return this.pushStack(ce.uniqueSort(ce.merge(this.get(),ce(e,t))))},addBack:function(e){return this.add(null==e?this.prevObject:this.prevObject.filter(e))}}),ce.each({parent:function(e){var t=e.parentNode;return t&&11!==t.nodeType?t:null},parents:function(e){return d(e,"parentNode")},parentsUntil:function(e,t,n){return d(e,"parentNode",n)},next:function(e){return A(e,"nextSibling")},prev:function(e){return A(e,"previousSibling")},nextAll:function(e){return d(e,"nextSibling")},prevAll:function(e){return d(e,"previousSibling")},nextUntil:function(e,t,n){return d(e,"nextSibling",n)},prevUntil:function(e,t,n){return d(e,"previousSibling",n)},siblings:function(e){return h((e.parentNode||{}).firstChild,e)},children:function(e){return h(e.firstChild)},contents:function(e){return null!=e.contentDocument&&r(e.contentDocument)?e.contentDocument:(fe(e,"template")&&(e=e.content||e),ce.merge([],e.childNodes))}},function(r,i){ce.fn[r]=function(e,t){var n=ce.map(this,i,e);return"Until"!==r.slice(-5)&&(t=e),t&&"string"==typeof t&&(n=ce.filter(t,n)),1<this.length&&(j[r]||ce.uniqueSort(n),E.test(r)&&n.reverse()),this.pushStack(n)}});var D=/[^\x20\t\r\n\f]+/g;function N(e){return e}function q(e){throw e}function L(e,t,n,r){var i;try{e&&v(i=e.promise)?i.call(e).done(t).fail(n):e&&v(i=e.then)?i.call(e,t,n):t.apply(void 0,[e].slice(r))}catch(e){n.apply(void 0,[e])}}ce.Callbacks=function(r){var e,n;r="string"==typeof r?(e=r,n={},ce.each(e.match(D)||[],function(e,t){n[t]=!0}),n):ce.extend({},r);var i,t,o,a,s=[],u=[],l=-1,c=function(){for(a=a||r.once,o=i=!0;u.length;l=-1){t=u.shift();while(++l<s.length)!1===s[l].apply(t[0],t[1])&&r.stopOnFalse&&(l=s.length,t=!1)}r.memory||(t=!1),i=!1,a&&(s=t?[]:"")},f={add:function(){return s&&(t&&!i&&(l=s.length-1,u.push(t)),function n(e){ce.each(e,function(e,t){v(t)?r.unique&&f.has(t)||s.push(t):t&&t.length&&"string"!==x(t)&&n(t)})}(arguments),t&&!i&&c()),this},remove:function(){return ce.each(arguments,function(e,t){var n;while(-1<(n=ce.inArray(t,s,n)))s.splice(n,1),n<=l&&l--}),this},has:function(e){return e?-1<ce.inArray(e,s):0<s.length},empty:function(){return s&&(s=[]),this},disable:function(){return a=u=[],s=t="",this},disabled:function(){return!s},lock:function(){return a=u=[],t||i||(s=t=""),this},locked:function(){return!!a},fireWith:function(e,t){return a||(t=[e,(t=t||[]).slice?t.slice():t],u.push(t),i||c()),this},fire:function(){return f.fireWith(this,arguments),this},fired:function(){return!!o}};return f},ce.extend({Deferred:function(e){var o=[["notify","progress",ce.Callbacks("memory"),ce.Callbacks("memory"),2],["resolve","done",ce.Callbacks("once memory"),ce.Callbacks("once memory"),0,"resolved"],["reject","fail",ce.Callbacks("once memory"),ce.Callbacks("once memory"),1,"rejected"]],i="pending",a={state:function(){return i},always:function(){return s.done(arguments).fail(arguments),this},"catch":function(e){return a.then(null,e)},pipe:function(){var i=arguments;return ce.Deferred(function(r){ce.each(o,function(e,t){var n=v(i[t[4]])&&i[t[4]];s[t[1]](function(){var e=n&&n.apply(this,arguments);e&&v(e.promise)?e.promise().progress(r.notify).done(r.resolve).fail(r.reject):r[t[0]+"With"](this,n?[e]:arguments)})}),i=null}).promise()},then:function(t,n,r){var u=0;function l(i,o,a,s){return function(){var n=this,r=arguments,e=function(){var e,t;if(!(i<u)){if((e=a.apply(n,r))===o.promise())throw new TypeError("Thenable self-resolution");t=e&&("object"==typeof e||"function"==typeof e)&&e.then,v(t)?s?t.call(e,l(u,o,N,s),l(u,o,q,s)):(u++,t.call(e,l(u,o,N,s),l(u,o,q,s),l(u,o,N,o.notifyWith))):(a!==N&&(n=void 0,r=[e]),(s||o.resolveWith)(n,r))}},t=s?e:function(){try{e()}catch(e){ce.Deferred.exceptionHook&&ce.Deferred.exceptionHook(e,t.error),u<=i+1&&(a!==q&&(n=void 0,r=[e]),o.rejectWith(n,r))}};i?t():(ce.Deferred.getErrorHook?t.error=ce.Deferred.getErrorHook():ce.Deferred.getStackHook&&(t.error=ce.Deferred.getStackHook()),ie.setTimeout(t))}}return ce.Deferred(function(e){o[0][3].add(l(0,e,v(r)?r:N,e.notifyWith)),o[1][3].add(l(0,e,v(t)?t:N)),o[2][3].add(l(0,e,v(n)?n:q))}).promise()},promise:function(e){return null!=e?ce.extend(e,a):a}},s={};return ce.each(o,function(e,t){var n=t[2],r=t[5];a[t[1]]=n.add,r&&n.add(function(){i=r},o[3-e][2].disable,o[3-e][3].disable,o[0][2].lock,o[0][3].lock),n.add(t[3].fire),s[t[0]]=function(){return s[t[0]+"With"](this===s?void 0:this,arguments),this},s[t[0]+"With"]=n.fireWith}),a.promise(s),e&&e.call(s,s),s},when:function(e){var n=arguments.length,t=n,r=Array(t),i=ae.call(arguments),o=ce.Deferred(),a=function(t){return function(e){r[t]=this,i[t]=1<arguments.length?ae.call(arguments):e,--n||o.resolveWith(r,i)}};if(n<=1&&(L(e,o.done(a(t)).resolve,o.reject,!n),"pending"===o.state()||v(i[t]&&i[t].then)))return o.then();while(t--)L(i[t],a(t),o.reject);return o.promise()}});var H=/^(Eval|Internal|Range|Reference|Syntax|Type|URI)Error$/;ce.Deferred.exceptionHook=function(e,t){ie.console&&ie.console.warn&&e&&H.test(e.name)&&ie.console.warn("jQuery.Deferred exception: "+e.message,e.stack,t)},ce.readyException=function(e){ie.setTimeout(function(){throw e})};var O=ce.Deferred();function P(){C.removeEventListener("DOMContentLoaded",P),ie.removeEventListener("load",P),ce.ready()}ce.fn.ready=function(e){return O.then(e)["catch"](function(e){ce.readyException(e)}),this},ce.extend({isReady:!1,readyWait:1,ready:function(e){(!0===e?--ce.readyWait:ce.isReady)||(ce.isReady=!0)!==e&&0<--ce.readyWait||O.resolveWith(C,[ce])}}),ce.ready.then=O.then,"complete"===C.readyState||"loading"!==C.readyState&&!C.documentElement.doScroll?ie.setTimeout(ce.ready):(C.addEventListener("DOMContentLoaded",P),ie.addEventListener("load",P));var R=function(e,t,n,r,i,o,a){var s=0,u=e.length,l=null==n;if("object"===x(n))for(s in i=!0,n)R(e,t,s,n[s],!0,o,a);else if(void 0!==r&&(i=!0,v(r)||(a=!0),l&&(a?(t.call(e,r),t=null):(l=t,t=function(e,t,n){return l.call(ce(e),n)})),t))for(;s<u;s++)t(e[s],n,a?r:r.call(e[s],s,t(e[s],n)));return i?e:l?t.call(e):u?t(e[0],n):o},M=/^-ms-/,I=/-([a-z])/g;function W(e,t){return t.toUpperCase()}function F(e){return e.replace(M,"ms-").replace(I,W)}var $=function(e){return 1===e.nodeType||9===e.nodeType||!+e.nodeType};function B(){this.expando=ce.expando+B.uid++}B.uid=1,B.prototype={cache:function(e){var t=e[this.expando];return t||(t={},$(e)&&(e.nodeType?e[this.expando]=t:Object.defineProperty(e,this.expando,{value:t,configurable:!0}))),t},set:function(e,t,n){var r,i=this.cache(e);if("string"==typeof t)i[F(t)]=n;else for(r in t)i[F(r)]=t[r];return i},get:function(e,t){return void 0===t?this.cache(e):e[this.expando]&&e[this.expando][F(t)]},access:function(e,t,n){return void 0===t||t&&"string"==typeof t&&void 0===n?this.get(e,t):(this.set(e,t,n),void 0!==n?n:t)},remove:function(e,t){var n,r=e[this.expando];if(void 0!==r){if(void 0!==t){n=(t=Array.isArray(t)?t.map(F):(t=F(t))in r?[t]:t.match(D)||[]).length;while(n--)delete r[t[n]]}(void 0===t||ce.isEmptyObject(r))&&(e.nodeType?e[this.expando]=void 0:delete e[this.expando])}},hasData:function(e){var t=e[this.expando];return void 0!==t&&!ce.isEmptyObject(t)}};var _=new B,X=new B,U=/^(?:\{[\w\W]*\}|\[[\w\W]*\])$/,z=/[A-Z]/g;function V(e,t,n){var r,i;if(void 0===n&&1===e.nodeType)if(r="data-"+t.replace(z,"-$&").toLowerCase(),"string"==typeof(n=e.getAttribute(r))){try{n="true"===(i=n)||"false"!==i&&("null"===i?null:i===+i+""?+i:U.test(i)?JSON.parse(i):i)}catch(e){}X.set(e,t,n)}else n=void 0;return n}ce.extend({hasData:function(e){return X.hasData(e)||_.hasData(e)},data:function(e,t,n){return X.access(e,t,n)},removeData:function(e,t){X.remove(e,t)},_data:function(e,t,n){return _.access(e,t,n)},_removeData:function(e,t){_.remove(e,t)}}),ce.fn.extend({data:function(n,e){var t,r,i,o=this[0],a=o&&o.attributes;if(void 0===n){if(this.length&&(i=X.get(o),1===o.nodeType&&!_.get(o,"hasDataAttrs"))){t=a.length;while(t--)a[t]&&0===(r=a[t].name).indexOf("data-")&&(r=F(r.slice(5)),V(o,r,i[r]));_.set(o,"hasDataAttrs",!0)}return i}return"object"==typeof n?this.each(function(){X.set(this,n)}):R(this,function(e){var t;if(o&&void 0===e)return void 0!==(t=X.get(o,n))?t:void 0!==(t=V(o,n))?t:void 0;this.each(function(){X.set(this,n,e)})},null,e,1<arguments.length,null,!0)},removeData:function(e){return this.each(function(){X.remove(this,e)})}}),ce.extend({queue:function(e,t,n){var r;if(e)return t=(t||"fx")+"queue",r=_.get(e,t),n&&(!r||Array.isArray(n)?r=_.access(e,t,ce.makeArray(n)):r.push(n)),r||[]},dequeue:function(e,t){t=t||"fx";var n=ce.queue(e,t),r=n.length,i=n.shift(),o=ce._queueHooks(e,t);"inprogress"===i&&(i=n.shift(),r--),i&&("fx"===t&&n.unshift("inprogress"),delete o.stop,i.call(e,function(){ce.dequeue(e,t)},o)),!r&&o&&o.empty.fire()},_queueHooks:function(e,t){var n=t+"queueHooks";return _.get(e,n)||_.access(e,n,{empty:ce.Callbacks("once memory").add(function(){_.remove(e,[t+"queue",n])})})}}),ce.fn.extend({queue:function(t,n){var e=2;return"string"!=typeof t&&(n=t,t="fx",e--),arguments.length<e?ce.queue(this[0],t):void 0===n?this:this.each(function(){var e=ce.queue(this,t,n);ce._queueHooks(this,t),"fx"===t&&"inprogress"!==e[0]&&ce.dequeue(this,t)})},dequeue:function(e){return this.each(function(){ce.dequeue(this,e)})},clearQueue:function(e){return this.queue(e||"fx",[])},promise:function(e,t){var n,r=1,i=ce.Deferred(),o=this,a=this.length,s=function(){--r||i.resolveWith(o,[o])};"string"!=typeof e&&(t=e,e=void 0),e=e||"fx";while(a--)(n=_.get(o[a],e+"queueHooks"))&&n.empty&&(r++,n.empty.add(s));return s(),i.promise(t)}});var G=/[+-]?(?:\d*\.|)\d+(?:[eE][+-]?\d+|)/.source,Y=new RegExp("^(?:([+-])=|)("+G+")([a-z%]*)$","i"),Q=["Top","Right","Bottom","Left"],J=C.documentElement,K=function(e){return ce.contains(e.ownerDocument,e)},Z={composed:!0};J.getRootNode&&(K=function(e){return ce.contains(e.ownerDocument,e)||e.getRootNode(Z)===e.ownerDocument});var ee=function(e,t){return"none"===(e=t||e).style.display||""===e.style.display&&K(e)&&"none"===ce.css(e,"display")};function te(e,t,n,r){var i,o,a=20,s=r?function(){return r.cur()}:function(){return ce.css(e,t,"")},u=s(),l=n&&n[3]||(ce.cssNumber[t]?"":"px"),c=e.nodeType&&(ce.cssNumber[t]||"px"!==l&&+u)&&Y.exec(ce.css(e,t));if(c&&c[3]!==l){u/=2,l=l||c[3],c=+u||1;while(a--)ce.style(e,t,c+l),(1-o)*(1-(o=s()/u||.5))<=0&&(a=0),c/=o;c*=2,ce.style(e,t,c+l),n=n||[]}return n&&(c=+c||+u||0,i=n[1]?c+(n[1]+1)*n[2]:+n[2],r&&(r.unit=l,r.start=c,r.end=i)),i}var ne={};function re(e,t){for(var n,r,i,o,a,s,u,l=[],c=0,f=e.length;c<f;c++)(r=e[c]).style&&(n=r.style.display,t?("none"===n&&(l[c]=_.get(r,"display")||null,l[c]||(r.style.display="")),""===r.style.display&&ee(r)&&(l[c]=(u=a=o=void 0,a=(i=r).ownerDocument,s=i.nodeName,(u=ne[s])||(o=a.body.appendChild(a.createElement(s)),u=ce.css(o,"display"),o.parentNode.removeChild(o),"none"===u&&(u="block"),ne[s]=u)))):"none"!==n&&(l[c]="none",_.set(r,"display",n)));for(c=0;c<f;c++)null!=l[c]&&(e[c].style.display=l[c]);return e}ce.fn.extend({show:function(){return re(this,!0)},hide:function(){return re(this)},toggle:function(e){return"boolean"==typeof e?e?this.show():this.hide():this.each(function(){ee(this)?ce(this).show():ce(this).hide()})}});var xe,be,we=/^(?:checkbox|radio)$/i,Te=/<([a-z][^\/\0>\x20\t\r\n\f]*)/i,Ce=/^$|^module$|\/(?:java|ecma)script/i;xe=C.createDocumentFragment().appendChild(C.createElement("div")),(be=C.createElement("input")).setAttribute("type","radio"),be.setAttribute("checked","checked"),be.setAttribute("name","t"),xe.appendChild(be),le.checkClone=xe.cloneNode(!0).cloneNode(!0).lastChild.checked,xe.innerHTML="<textarea>x</textarea>",le.noCloneChecked=!!xe.cloneNode(!0).lastChild.defaultValue,xe.innerHTML="<option></option>",le.option=!!xe.lastChild;var ke={thead:[1,"<table>","</table>"],col:[2,"<table><colgroup>","</colgroup></table>"],tr:[2,"<table><tbody>","</tbody></table>"],td:[3,"<table><tbody><tr>","</tr></tbody></table>"],_default:[0,"",""]};function Se(e,t){var n;return n="undefined"!=typeof e.getElementsByTagName?e.getElementsByTagName(t||"*"):"undefined"!=typeof e.querySelectorAll?e.querySelectorAll(t||"*"):[],void 0===t||t&&fe(e,t)?ce.merge([e],n):n}function Ee(e,t){for(var n=0,r=e.length;n<r;n++)_.set(e[n],"globalEval",!t||_.get(t[n],"globalEval"))}ke.tbody=ke.tfoot=ke.colgroup=ke.caption=ke.thead,ke.th=ke.td,le.option||(ke.optgroup=ke.option=[1,"<select multiple='multiple'>","</select>"]);var je=/<|&#?\w+;/;function Ae(e,t,n,r,i){for(var o,a,s,u,l,c,f=t.createDocumentFragment(),p=[],d=0,h=e.length;d<h;d++)if((o=e[d])||0===o)if("object"===x(o))ce.merge(p,o.nodeType?[o]:o);else if(je.test(o)){a=a||f.appendChild(t.createElement("div")),s=(Te.exec(o)||["",""])[1].toLowerCase(),u=ke[s]||ke._default,a.innerHTML=u[1]+ce.htmlPrefilter(o)+u[2],c=u[0];while(c--)a=a.lastChild;ce.merge(p,a.childNodes),(a=f.firstChild).textContent=""}else p.push(t.createTextNode(o));f.textContent="",d=0;while(o=p[d++])if(r&&-1<ce.inArray(o,r))i&&i.push(o);else if(l=K(o),a=Se(f.appendChild(o),"script"),l&&Ee(a),n){c=0;while(o=a[c++])Ce.test(o.type||"")&&n.push(o)}return f}var De=/^([^.]*)(?:\.(.+)|)/;function Ne(){return!0}function qe(){return!1}function Le(e,t,n,r,i,o){var a,s;if("object"==typeof t){for(s in"string"!=typeof n&&(r=r||n,n=void 0),t)Le(e,s,n,r,t[s],o);return e}if(null==r&&null==i?(i=n,r=n=void 0):null==i&&("string"==typeof n?(i=r,r=void 0):(i=r,r=n,n=void 0)),!1===i)i=qe;else if(!i)return e;return 1===o&&(a=i,(i=function(e){return ce().off(e),a.apply(this,arguments)}).guid=a.guid||(a.guid=ce.guid++)),e.each(function(){ce.event.add(this,t,i,r,n)})}function He(e,r,t){t?(_.set(e,r,!1),ce.event.add(e,r,{namespace:!1,handler:function(e){var t,n=_.get(this,r);if(1&e.isTrigger&&this[r]){if(n)(ce.event.special[r]||{}).delegateType&&e.stopPropagation();else if(n=ae.call(arguments),_.set(this,r,n),this[r](),t=_.get(this,r),_.set(this,r,!1),n!==t)return e.stopImmediatePropagation(),e.preventDefault(),t}else n&&(_.set(this,r,ce.event.trigger(n[0],n.slice(1),this)),e.stopPropagation(),e.isImmediatePropagationStopped=Ne)}})):void 0===_.get(e,r)&&ce.event.add(e,r,Ne)}ce.event={global:{},add:function(t,e,n,r,i){var o,a,s,u,l,c,f,p,d,h,g,v=_.get(t);if($(t)){n.handler&&(n=(o=n).handler,i=o.selector),i&&ce.find.matchesSelector(J,i),n.guid||(n.guid=ce.guid++),(u=v.events)||(u=v.events=Object.create(null)),(a=v.handle)||(a=v.handle=function(e){return"undefined"!=typeof ce&&ce.event.triggered!==e.type?ce.event.dispatch.apply(t,arguments):void 0}),l=(e=(e||"").match(D)||[""]).length;while(l--)d=g=(s=De.exec(e[l])||[])[1],h=(s[2]||"").split(".").sort(),d&&(f=ce.event.special[d]||{},d=(i?f.delegateType:f.bindType)||d,f=ce.event.special[d]||{},c=ce.extend({type:d,origType:g,data:r,handler:n,guid:n.guid,selector:i,needsContext:i&&ce.expr.match.needsContext.test(i),namespace:h.join(".")},o),(p=u[d])||((p=u[d]=[]).delegateCount=0,f.setup&&!1!==f.setup.call(t,r,h,a)||t.addEventListener&&t.addEventListener(d,a)),f.add&&(f.add.call(t,c),c.handler.guid||(c.handler.guid=n.guid)),i?p.splice(p.delegateCount++,0,c):p.push(c),ce.event.global[d]=!0)}},remove:function(e,t,n,r,i){var o,a,s,u,l,c,f,p,d,h,g,v=_.hasData(e)&&_.get(e);if(v&&(u=v.events)){l=(t=(t||"").match(D)||[""]).length;while(l--)if(d=g=(s=De.exec(t[l])||[])[1],h=(s[2]||"").split(".").sort(),d){f=ce.event.special[d]||{},p=u[d=(r?f.delegateType:f.bindType)||d]||[],s=s[2]&&new RegExp("(^|\\.)"+h.join("\\.(?:.*\\.|)")+"(\\.|$)"),a=o=p.length;while(o--)c=p[o],!i&&g!==c.origType||n&&n.guid!==c.guid||s&&!s.test(c.namespace)||r&&r!==c.selector&&("**"!==r||!c.selector)||(p.splice(o,1),c.selector&&p.delegateCount--,f.remove&&f.remove.call(e,c));a&&!p.length&&(f.teardown&&!1!==f.teardown.call(e,h,v.handle)||ce.removeEvent(e,d,v.handle),delete u[d])}else for(d in u)ce.event.remove(e,d+t[l],n,r,!0);ce.isEmptyObject(u)&&_.remove(e,"handle events")}},dispatch:function(e){var t,n,r,i,o,a,s=new Array(arguments.length),u=ce.event.fix(e),l=(_.get(this,"events")||Object.create(null))[u.type]||[],c=ce.event.special[u.type]||{};for(s[0]=u,t=1;t<arguments.length;t++)s[t]=arguments[t];if(u.delegateTarget=this,!c.preDispatch||!1!==c.preDispatch.call(this,u)){a=ce.event.handlers.call(this,u,l),t=0;while((i=a[t++])&&!u.isPropagationStopped()){u.currentTarget=i.elem,n=0;while((o=i.handlers[n++])&&!u.isImmediatePropagationStopped())u.rnamespace&&!1!==o.namespace&&!u.rnamespace.test(o.namespace)||(u.handleObj=o,u.data=o.data,void 0!==(r=((ce.event.special[o.origType]||{}).handle||o.handler).apply(i.elem,s))&&!1===(u.result=r)&&(u.preventDefault(),u.stopPropagation()))}return c.postDispatch&&c.postDispatch.call(this,u),u.result}},handlers:function(e,t){var n,r,i,o,a,s=[],u=t.delegateCount,l=e.target;if(u&&l.nodeType&&!("click"===e.type&&1<=e.button))for(;l!==this;l=l.parentNode||this)if(1===l.nodeType&&("click"!==e.type||!0!==l.disabled)){for(o=[],a={},n=0;n<u;n++)void 0===a[i=(r=t[n]).selector+" "]&&(a[i]=r.needsContext?-1<ce(i,this).index(l):ce.find(i,this,null,[l]).length),a[i]&&o.push(r);o.length&&s.push({elem:l,handlers:o})}return l=this,u<t.length&&s.push({elem:l,handlers:t.slice(u)}),s},addProp:function(t,e){Object.defineProperty(ce.Event.prototype,t,{enumerable:!0,configurable:!0,get:v(e)?function(){if(this.originalEvent)return e(this.originalEvent)}:function(){if(this.originalEvent)return this.originalEvent[t]},set:function(e){Object.defineProperty(this,t,{enumerable:!0,configurable:!0,writable:!0,value:e})}})},fix:function(e){return e[ce.expando]?e:new ce.Event(e)},special:{load:{noBubble:!0},click:{setup:function(e){var t=this||e;return we.test(t.type)&&t.click&&fe(t,"input")&&He(t,"click",!0),!1},trigger:function(e){var t=this||e;return we.test(t.type)&&t.click&&fe(t,"input")&&He(t,"click"),!0},_default:function(e){var t=e.target;return we.test(t.type)&&t.click&&fe(t,"input")&&_.get(t,"click")||fe(t,"a")}},beforeunload:{postDispatch:function(e){void 0!==e.result&&e.originalEvent&&(e.originalEvent.returnValue=e.result)}}}},ce.removeEvent=function(e,t,n){e.removeEventListener&&e.removeEventListener(t,n)},ce.Event=function(e,t){if(!(this instanceof ce.Event))return new ce.Event(e,t);e&&e.type?(this.originalEvent=e,this.type=e.type,this.isDefaultPrevented=e.defaultPrevented||void 0===e.defaultPrevented&&!1===e.returnValue?Ne:qe,this.target=e.target&&3===e.target.nodeType?e.target.parentNode:e.target,this.currentTarget=e.currentTarget,this.relatedTarget=e.relatedTarget):this.type=e,t&&ce.extend(this,t),this.timeStamp=e&&e.timeStamp||Date.now(),this[ce.expando]=!0},ce.Event.prototype={constructor:ce.Event,isDefaultPrevented:qe,isPropagationStopped:qe,isImmediatePropagationStopped:qe,isSimulated:!1,preventDefault:function(){var e=this.originalEvent;this.isDefaultPrevented=Ne,e&&!this.isSimulated&&e.preventDefault()},stopPropagation:function(){var e=this.originalEvent;this.isPropagationStopped=Ne,e&&!this.isSimulated&&e.stopPropagation()},stopImmediatePropagation:function(){var e=this.originalEvent;this.isImmediatePropagationStopped=Ne,e&&!this.isSimulated&&e.stopImmediatePropagation(),this.stopPropagation()}},ce.each({altKey:!0,bubbles:!0,cancelable:!0,changedTouches:!0,ctrlKey:!0,detail:!0,eventPhase:!0,metaKey:!0,pageX:!0,pageY:!0,shiftKey:!0,view:!0,"char":!0,code:!0,charCode:!0,key:!0,keyCode:!0,button:!0,buttons:!0,clientX:!0,clientY:!0,offsetX:!0,offsetY:!0,pointerId:!0,pointerType:!0,screenX:!0,screenY:!0,targetTouches:!0,toElement:!0,touches:!0,which:!0},ce.event.addProp),ce.each({focus:"focusin",blur:"focusout"},function(r,i){function o(e){if(C.documentMode){var t=_.get(this,"handle"),n=ce.event.fix(e);n.type="focusin"===e.type?"focus":"blur",n.isSimulated=!0,t(e),n.target===n.currentTarget&&t(n)}else ce.event.simulate(i,e.target,ce.event.fix(e))}ce.event.special[r]={setup:function(){var e;if(He(this,r,!0),!C.documentMode)return!1;(e=_.get(this,i))||this.addEventListener(i,o),_.set(this,i,(e||0)+1)},trigger:function(){return He(this,r),!0},teardown:function(){var e;if(!C.documentMode)return!1;(e=_.get(this,i)-1)?_.set(this,i,e):(this.removeEventListener(i,o),_.remove(this,i))},_default:function(e){return _.get(e.target,r)},delegateType:i},ce.event.special[i]={setup:function(){var e=this.ownerDocument||this.document||this,t=C.documentMode?this:e,n=_.get(t,i);n||(C.documentMode?this.addEventListener(i,o):e.addEventListener(r,o,!0)),_.set(t,i,(n||0)+1)},teardown:function(){var e=this.ownerDocument||this.document||this,t=C.documentMode?this:e,n=_.get(t,i)-1;n?_.set(t,i,n):(C.documentMode?this.removeEventListener(i,o):e.removeEventListener(r,o,!0),_.remove(t,i))}}}),ce.each({mouseenter:"mouseover",mouseleave:"mouseout",pointerenter:"pointerover",pointerleave:"pointerout"},function(e,i){ce.event.special[e]={delegateType:i,bindType:i,handle:function(e){var t,n=e.relatedTarget,r=e.handleObj;return n&&(n===this||ce.contains(this,n))||(e.type=r.origType,t=r.handler.apply(this,arguments),e.type=i),t}}}),ce.fn.extend({on:function(e,t,n,r){return Le(this,e,t,n,r)},one:function(e,t,n,r){return Le(this,e,t,n,r,1)},off:function(e,t,n){var r,i;if(e&&e.preventDefault&&e.handleObj)return r=e.handleObj,ce(e.delegateTarget).off(r.namespace?r.origType+"."+r.namespace:r.origType,r.selector,r.handler),this;if("object"==typeof e){for(i in e)this.off(i,t,e[i]);return this}return!1!==t&&"function"!=typeof t||(n=t,t=void 0),!1===n&&(n=qe),this.each(function(){ce.event.remove(this,e,n,t)})}});var Oe=/<script|<style|<link/i,Pe=/checked\s*(?:[^=]|=\s*.checked.)/i,Re=/^\s*<!\[CDATA\[|\]\]>\s*$/g;function Me(e,t){return fe(e,"table")&&fe(11!==t.nodeType?t:t.firstChild,"tr")&&ce(e).children("tbody")[0]||e}function Ie(e){return e.type=(null!==e.getAttribute("type"))+"/"+e.type,e}function We(e){return"true/"===(e.type||"").slice(0,5)?e.type=e.type.slice(5):e.removeAttribute("type"),e}function Fe(e,t){var n,r,i,o,a,s;if(1===t.nodeType){if(_.hasData(e)&&(s=_.get(e).events))for(i in _.remove(t,"handle events"),s)for(n=0,r=s[i].length;n<r;n++)ce.event.add(t,i,s[i][n]);X.hasData(e)&&(o=X.access(e),a=ce.extend({},o),X.set(t,a))}}function $e(n,r,i,o){r=g(r);var e,t,a,s,u,l,c=0,f=n.length,p=f-1,d=r[0],h=v(d);if(h||1<f&&"string"==typeof d&&!le.checkClone&&Pe.test(d))return n.each(function(e){var t=n.eq(e);h&&(r[0]=d.call(this,e,t.html())),$e(t,r,i,o)});if(f&&(t=(e=Ae(r,n[0].ownerDocument,!1,n,o)).firstChild,1===e.childNodes.length&&(e=t),t||o)){for(s=(a=ce.map(Se(e,"script"),Ie)).length;c<f;c++)u=e,c!==p&&(u=ce.clone(u,!0,!0),s&&ce.merge(a,Se(u,"script"))),i.call(n[c],u,c);if(s)for(l=a[a.length-1].ownerDocument,ce.map(a,We),c=0;c<s;c++)u=a[c],Ce.test(u.type||"")&&!_.access(u,"globalEval")&&ce.contains(l,u)&&(u.src&&"module"!==(u.type||"").toLowerCase()?ce._evalUrl&&!u.noModule&&ce._evalUrl(u.src,{nonce:u.nonce||u.getAttribute("nonce")},l):m(u.textContent.replace(Re,""),u,l))}return n}function Be(e,t,n){for(var r,i=t?ce.filter(t,e):e,o=0;null!=(r=i[o]);o++)n||1!==r.nodeType||ce.cleanData(Se(r)),r.parentNode&&(n&&K(r)&&Ee(Se(r,"script")),r.parentNode.removeChild(r));return e}ce.extend({htmlPrefilter:function(e){return e},clone:function(e,t,n){var r,i,o,a,s,u,l,c=e.cloneNode(!0),f=K(e);if(!(le.noCloneChecked||1!==e.nodeType&&11!==e.nodeType||ce.isXMLDoc(e)))for(a=Se(c),r=0,i=(o=Se(e)).length;r<i;r++)s=o[r],u=a[r],void 0,"input"===(l=u.nodeName.toLowerCase())&&we.test(s.type)?u.checked=s.checked:"input"!==l&&"textarea"!==l||(u.defaultValue=s.defaultValue);if(t)if(n)for(o=o||Se(e),a=a||Se(c),r=0,i=o.length;r<i;r++)Fe(o[r],a[r]);else Fe(e,c);return 0<(a=Se(c,"script")).length&&Ee(a,!f&&Se(e,"script")),c},cleanData:function(e){for(var t,n,r,i=ce.event.special,o=0;void 0!==(n=e[o]);o++)if($(n)){if(t=n[_.expando]){if(t.events)for(r in t.events)i[r]?ce.event.remove(n,r):ce.removeEvent(n,r,t.handle);n[_.expando]=void 0}n[X.expando]&&(n[X.expando]=void 0)}}}),ce.fn.extend({detach:function(e){return Be(this,e,!0)},remove:function(e){return Be(this,e)},text:function(e){return R(this,function(e){return void 0===e?ce.text(this):this.empty().each(function(){1!==this.nodeType&&11!==this.nodeType&&9!==this.nodeType||(this.textContent=e)})},null,e,arguments.length)},append:function(){return $e(this,arguments,function(e){1!==this.nodeType&&11!==this.nodeType&&9!==this.nodeType||Me(this,e).appendChild(e)})},prepend:function(){return $e(this,arguments,function(e){if(1===this.nodeType||11===this.nodeType||9===this.nodeType){var t=Me(this,e);t.insertBefore(e,t.firstChild)}})},before:function(){return $e(this,arguments,function(e){this.parentNode&&this.parentNode.insertBefore(e,this)})},after:function(){return $e(this,arguments,function(e){this.parentNode&&this.parentNode.insertBefore(e,this.nextSibling)})},empty:function(){for(var e,t=0;null!=(e=this[t]);t++)1===e.nodeType&&(ce.cleanData(Se(e,!1)),e.textContent="");return this},clone:function(e,t){return e=null!=e&&e,t=null==t?e:t,this.map(function(){return ce.clone(this,e,t)})},html:function(e){return R(this,function(e){var t=this[0]||{},n=0,r=this.length;if(void 0===e&&1===t.nodeType)return t.innerHTML;if("string"==typeof e&&!Oe.test(e)&&!ke[(Te.exec(e)||["",""])[1].toLowerCase()]){e=ce.htmlPrefilter(e);try{for(;n<r;n++)1===(t=this[n]||{}).nodeType&&(ce.cleanData(Se(t,!1)),t.innerHTML=e);t=0}catch(e){}}t&&this.empty().append(e)},null,e,arguments.length)},replaceWith:function(){var n=[];return $e(this,arguments,function(e){var t=this.parentNode;ce.inArray(this,n)<0&&(ce.cleanData(Se(this)),t&&t.replaceChild(e,this))},n)}}),ce.each({appendTo:"append",prependTo:"prepend",insertBefore:"before",insertAfter:"after",replaceAll:"replaceWith"},function(e,a){ce.fn[e]=function(e){for(var t,n=[],r=ce(e),i=r.length-1,o=0;o<=i;o++)t=o===i?this:this.clone(!0),ce(r[o])[a](t),s.apply(n,t.get());return this.pushStack(n)}});var _e=new RegExp("^("+G+")(?!px)[a-z%]+$","i"),Xe=/^--/,Ue=function(e){var t=e.ownerDocument.defaultView;return t&&t.opener||(t=ie),t.getComputedStyle(e)},ze=function(e,t,n){var r,i,o={};for(i in t)o[i]=e.style[i],e.style[i]=t[i];for(i in r=n.call(e),t)e.style[i]=o[i];return r},Ve=new RegExp(Q.join("|"),"i");function Ge(e,t,n){var r,i,o,a,s=Xe.test(t),u=e.style;return(n=n||Ue(e))&&(a=n.getPropertyValue(t)||n[t],s&&a&&(a=a.replace(ve,"$1")||void 0),""!==a||K(e)||(a=ce.style(e,t)),!le.pixelBoxStyles()&&_e.test(a)&&Ve.test(t)&&(r=u.width,i=u.minWidth,o=u.maxWidth,u.minWidth=u.maxWidth=u.width=a,a=n.width,u.width=r,u.minWidth=i,u.maxWidth=o)),void 0!==a?a+"":a}function Ye(e,t){return{get:function(){if(!e())return(this.get=t).apply(this,arguments);delete this.get}}}!function(){function e(){if(l){u.style.cssText="position:absolute;left:-11111px;width:60px;margin-top:1px;padding:0;border:0",l.style.cssText="position:relative;display:block;box-sizing:border-box;overflow:scroll;margin:auto;border:1px;padding:1px;width:60%;top:1%",J.appendChild(u).appendChild(l);var e=ie.getComputedStyle(l);n="1%"!==e.top,s=12===t(e.marginLeft),l.style.right="60%",o=36===t(e.right),r=36===t(e.width),l.style.position="absolute",i=12===t(l.offsetWidth/3),J.removeChild(u),l=null}}function t(e){return Math.round(parseFloat(e))}var n,r,i,o,a,s,u=C.createElement("div"),l=C.createElement("div");l.style&&(l.style.backgroundClip="content-box",l.cloneNode(!0).style.backgroundClip="",le.clearCloneStyle="content-box"===l.style.backgroundClip,ce.extend(le,{boxSizingReliable:function(){return e(),r},pixelBoxStyles:function(){return e(),o},pixelPosition:function(){return e(),n},reliableMarginLeft:function(){return e(),s},scrollboxSize:function(){return e(),i},reliableTrDimensions:function(){var e,t,n,r;return null==a&&(e=C.createElement("table"),t=C.createElement("tr"),n=C.createElement("div"),e.style.cssText="position:absolute;left:-11111px;border-collapse:separate",t.style.cssText="border:1px solid",t.style.height="1px",n.style.height="9px",n.style.display="block",J.appendChild(e).appendChild(t).appendChild(n),r=ie.getComputedStyle(t),a=parseInt(r.height,10)+parseInt(r.borderTopWidth,10)+parseInt(r.borderBottomWidth,10)===t.offsetHeight,J.removeChild(e)),a}}))}();var Qe=["Webkit","Moz","ms"],Je=C.createElement("div").style,Ke={};function Ze(e){var t=ce.cssProps[e]||Ke[e];return t||(e in Je?e:Ke[e]=function(e){var t=e[0].toUpperCase()+e.slice(1),n=Qe.length;while(n--)if((e=Qe[n]+t)in Je)return e}(e)||e)}var et=/^(none|table(?!-c[ea]).+)/,tt={position:"absolute",visibility:"hidden",display:"block"},nt={letterSpacing:"0",fontWeight:"400"};function rt(e,t,n){var r=Y.exec(t);return r?Math.max(0,r[2]-(n||0))+(r[3]||"px"):t}function it(e,t,n,r,i,o){var a="width"===t?1:0,s=0,u=0,l=0;if(n===(r?"border":"content"))return 0;for(;a<4;a+=2)"margin"===n&&(l+=ce.css(e,n+Q[a],!0,i)),r?("content"===n&&(u-=ce.css(e,"padding"+Q[a],!0,i)),"margin"!==n&&(u-=ce.css(e,"border"+Q[a]+"Width",!0,i))):(u+=ce.css(e,"padding"+Q[a],!0,i),"padding"!==n?u+=ce.css(e,"border"+Q[a]+"Width",!0,i):s+=ce.css(e,"border"+Q[a]+"Width",!0,i));return!r&&0<=o&&(u+=Math.max(0,Math.ceil(e["offset"+t[0].toUpperCase()+t.slice(1)]-o-u-s-.5))||0),u+l}function ot(e,t,n){var r=Ue(e),i=(!le.boxSizingReliable()||n)&&"border-box"===ce.css(e,"boxSizing",!1,r),o=i,a=Ge(e,t,r),s="offset"+t[0].toUpperCase()+t.slice(1);if(_e.test(a)){if(!n)return a;a="auto"}return(!le.boxSizingReliable()&&i||!le.reliableTrDimensions()&&fe(e,"tr")||"auto"===a||!parseFloat(a)&&"inline"===ce.css(e,"display",!1,r))&&e.getClientRects().length&&(i="border-box"===ce.css(e,"boxSizing",!1,r),(o=s in e)&&(a=e[s])),(a=parseFloat(a)||0)+it(e,t,n||(i?"border":"content"),o,r,a)+"px"}function at(e,t,n,r,i){return new at.prototype.init(e,t,n,r,i)}ce.extend({cssHooks:{opacity:{get:function(e,t){if(t){var n=Ge(e,"opacity");return""===n?"1":n}}}},cssNumber:{animationIterationCount:!0,aspectRatio:!0,borderImageSlice:!0,columnCount:!0,flexGrow:!0,flexShrink:!0,fontWeight:!0,gridArea:!0,gridColumn:!0,gridColumnEnd:!0,gridColumnStart:!0,gridRow:!0,gridRowEnd:!0,gridRowStart:!0,lineHeight:!0,opacity:!0,order:!0,orphans:!0,scale:!0,widows:!0,zIndex:!0,zoom:!0,fillOpacity:!0,floodOpacity:!0,stopOpacity:!0,strokeMiterlimit:!0,strokeOpacity:!0},cssProps:{},style:function(e,t,n,r){if(e&&3!==e.nodeType&&8!==e.nodeType&&e.style){var i,o,a,s=F(t),u=Xe.test(t),l=e.style;if(u||(t=Ze(s)),a=ce.cssHooks[t]||ce.cssHooks[s],void 0===n)return a&&"get"in a&&void 0!==(i=a.get(e,!1,r))?i:l[t];"string"===(o=typeof n)&&(i=Y.exec(n))&&i[1]&&(n=te(e,t,i),o="number"),null!=n&&n==n&&("number"!==o||u||(n+=i&&i[3]||(ce.cssNumber[s]?"":"px")),le.clearCloneStyle||""!==n||0!==t.indexOf("background")||(l[t]="inherit"),a&&"set"in a&&void 0===(n=a.set(e,n,r))||(u?l.setProperty(t,n):l[t]=n))}},css:function(e,t,n,r){var i,o,a,s=F(t);return Xe.test(t)||(t=Ze(s)),(a=ce.cssHooks[t]||ce.cssHooks[s])&&"get"in a&&(i=a.get(e,!0,n)),void 0===i&&(i=Ge(e,t,r)),"normal"===i&&t in nt&&(i=nt[t]),""===n||n?(o=parseFloat(i),!0===n||isFinite(o)?o||0:i):i}}),ce.each(["height","width"],function(e,u){ce.cssHooks[u]={get:function(e,t,n){if(t)return!et.test(ce.css(e,"display"))||e.getClientRects().length&&e.getBoundingClientRect().width?ot(e,u,n):ze(e,tt,function(){return ot(e,u,n)})},set:function(e,t,n){var r,i=Ue(e),o=!le.scrollboxSize()&&"absolute"===i.position,a=(o||n)&&"border-box"===ce.css(e,"boxSizing",!1,i),s=n?it(e,u,n,a,i):0;return a&&o&&(s-=Math.ceil(e["offset"+u[0].toUpperCase()+u.slice(1)]-parseFloat(i[u])-it(e,u,"border",!1,i)-.5)),s&&(r=Y.exec(t))&&"px"!==(r[3]||"px")&&(e.style[u]=t,t=ce.css(e,u)),rt(0,t,s)}}}),ce.cssHooks.marginLeft=Ye(le.reliableMarginLeft,function(e,t){if(t)return(parseFloat(Ge(e,"marginLeft"))||e.getBoundingClientRect().left-ze(e,{marginLeft:0},function(){return e.getBoundingClientRect().left}))+"px"}),ce.each({margin:"",padding:"",border:"Width"},function(i,o){ce.cssHooks[i+o]={expand:function(e){for(var t=0,n={},r="string"==typeof e?e.split(" "):[e];t<4;t++)n[i+Q[t]+o]=r[t]||r[t-2]||r[0];return n}},"margin"!==i&&(ce.cssHooks[i+o].set=rt)}),ce.fn.extend({css:function(e,t){return R(this,function(e,t,n){var r,i,o={},a=0;if(Array.isArray(t)){for(r=Ue(e),i=t.length;a<i;a++)o[t[a]]=ce.css(e,t[a],!1,r);return o}return void 0!==n?ce.style(e,t,n):ce.css(e,t)},e,t,1<arguments.length)}}),((ce.Tween=at).prototype={constructor:at,init:function(e,t,n,r,i,o){this.elem=e,this.prop=n,this.easing=i||ce.easing._default,this.options=t,this.start=this.now=this.cur(),this.end=r,this.unit=o||(ce.cssNumber[n]?"":"px")},cur:function(){var e=at.propHooks[this.prop];return e&&e.get?e.get(this):at.propHooks._default.get(this)},run:function(e){var t,n=at.propHooks[this.prop];return this.options.duration?this.pos=t=ce.easing[this.easing](e,this.options.duration*e,0,1,this.options.duration):this.pos=t=e,this.now=(this.end-this.start)*t+this.start,this.options.step&&this.options.step.call(this.elem,this.now,this),n&&n.set?n.set(this):at.propHooks._default.set(this),this}}).init.prototype=at.prototype,(at.propHooks={_default:{get:function(e){var t;return 1!==e.elem.nodeType||null!=e.elem[e.prop]&&null==e.elem.style[e.prop]?e.elem[e.prop]:(t=ce.css(e.elem,e.prop,""))&&"auto"!==t?t:0},set:function(e){ce.fx.step[e.prop]?ce.fx.step[e.prop](e):1!==e.elem.nodeType||!ce.cssHooks[e.prop]&&null==e.elem.style[Ze(e.prop)]?e.elem[e.prop]=e.now:ce.style(e.elem,e.prop,e.now+e.unit)}}}).scrollTop=at.propHooks.scrollLeft={set:function(e){e.elem.nodeType&&e.elem.parentNode&&(e.elem[e.prop]=e.now)}},ce.easing={linear:function(e){return e},swing:function(e){return.5-Math.cos(e*Math.PI)/2},_default:"swing"},ce.fx=at.prototype.init,ce.fx.step={};var st,ut,lt,ct,ft=/^(?:toggle|show|hide)$/,pt=/queueHooks$/;function dt(){ut&&(!1===C.hidden&&ie.requestAnimationFrame?ie.requestAnimationFrame(dt):ie.setTimeout(dt,ce.fx.interval),ce.fx.tick())}function ht(){return ie.setTimeout(function(){st=void 0}),st=Date.now()}function gt(e,t){var n,r=0,i={height:e};for(t=t?1:0;r<4;r+=2-t)i["margin"+(n=Q[r])]=i["padding"+n]=e;return t&&(i.opacity=i.width=e),i}function vt(e,t,n){for(var r,i=(yt.tweeners[t]||[]).concat(yt.tweeners["*"]),o=0,a=i.length;o<a;o++)if(r=i[o].call(n,t,e))return r}function yt(o,e,t){var n,a,r=0,i=yt.prefilters.length,s=ce.Deferred().always(function(){delete u.elem}),u=function(){if(a)return!1;for(var e=st||ht(),t=Math.max(0,l.startTime+l.duration-e),n=1-(t/l.duration||0),r=0,i=l.tweens.length;r<i;r++)l.tweens[r].run(n);return s.notifyWith(o,[l,n,t]),n<1&&i?t:(i||s.notifyWith(o,[l,1,0]),s.resolveWith(o,[l]),!1)},l=s.promise({elem:o,props:ce.extend({},e),opts:ce.extend(!0,{specialEasing:{},easing:ce.easing._default},t),originalProperties:e,originalOptions:t,startTime:st||ht(),duration:t.duration,tweens:[],createTween:function(e,t){var n=ce.Tween(o,l.opts,e,t,l.opts.specialEasing[e]||l.opts.easing);return l.tweens.push(n),n},stop:function(e){var t=0,n=e?l.tweens.length:0;if(a)return this;for(a=!0;t<n;t++)l.tweens[t].run(1);return e?(s.notifyWith(o,[l,1,0]),s.resolveWith(o,[l,e])):s.rejectWith(o,[l,e]),this}}),c=l.props;for(!function(e,t){var n,r,i,o,a;for(n in e)if(i=t[r=F(n)],o=e[n],Array.isArray(o)&&(i=o[1],o=e[n]=o[0]),n!==r&&(e[r]=o,delete e[n]),(a=ce.cssHooks[r])&&"expand"in a)for(n in o=a.expand(o),delete e[r],o)n in e||(e[n]=o[n],t[n]=i);else t[r]=i}(c,l.opts.specialEasing);r<i;r++)if(n=yt.prefilters[r].call(l,o,c,l.opts))return v(n.stop)&&(ce._queueHooks(l.elem,l.opts.queue).stop=n.stop.bind(n)),n;return ce.map(c,vt,l),v(l.opts.start)&&l.opts.start.call(o,l),l.progress(l.opts.progress).done(l.opts.done,l.opts.complete).fail(l.opts.fail).always(l.opts.always),ce.fx.timer(ce.extend(u,{elem:o,anim:l,queue:l.opts.queue})),l}ce.Animation=ce.extend(yt,{tweeners:{"*":[function(e,t){var n=this.createTween(e,t);return te(n.elem,e,Y.exec(t),n),n}]},tweener:function(e,t){v(e)?(t=e,e=["*"]):e=e.match(D);for(var n,r=0,i=e.length;r<i;r++)n=e[r],yt.tweeners[n]=yt.tweeners[n]||[],yt.tweeners[n].unshift(t)},prefilters:[function(e,t,n){var r,i,o,a,s,u,l,c,f="width"in t||"height"in t,p=this,d={},h=e.style,g=e.nodeType&&ee(e),v=_.get(e,"fxshow");for(r in n.queue||(null==(a=ce._queueHooks(e,"fx")).unqueued&&(a.unqueued=0,s=a.empty.fire,a.empty.fire=function(){a.unqueued||s()}),a.unqueued++,p.always(function(){p.always(function(){a.unqueued--,ce.queue(e,"fx").length||a.empty.fire()})})),t)if(i=t[r],ft.test(i)){if(delete t[r],o=o||"toggle"===i,i===(g?"hide":"show")){if("show"!==i||!v||void 0===v[r])continue;g=!0}d[r]=v&&v[r]||ce.style(e,r)}if((u=!ce.isEmptyObject(t))||!ce.isEmptyObject(d))for(r in f&&1===e.nodeType&&(n.overflow=[h.overflow,h.overflowX,h.overflowY],null==(l=v&&v.display)&&(l=_.get(e,"display")),"none"===(c=ce.css(e,"display"))&&(l?c=l:(re([e],!0),l=e.style.display||l,c=ce.css(e,"display"),re([e]))),("inline"===c||"inline-block"===c&&null!=l)&&"none"===ce.css(e,"float")&&(u||(p.done(function(){h.display=l}),null==l&&(c=h.display,l="none"===c?"":c)),h.display="inline-block")),n.overflow&&(h.overflow="hidden",p.always(function(){h.overflow=n.overflow[0],h.overflowX=n.overflow[1],h.overflowY=n.overflow[2]})),u=!1,d)u||(v?"hidden"in v&&(g=v.hidden):v=_.access(e,"fxshow",{display:l}),o&&(v.hidden=!g),g&&re([e],!0),p.done(function(){for(r in g||re([e]),_.remove(e,"fxshow"),d)ce.style(e,r,d[r])})),u=vt(g?v[r]:0,r,p),r in v||(v[r]=u.start,g&&(u.end=u.start,u.start=0))}],prefilter:function(e,t){t?yt.prefilters.unshift(e):yt.prefilters.push(e)}}),ce.speed=function(e,t,n){var r=e&&"object"==typeof e?ce.extend({},e):{complete:n||!n&&t||v(e)&&e,duration:e,easing:n&&t||t&&!v(t)&&t};return ce.fx.off?r.duration=0:"number"!=typeof r.duration&&(r.duration in ce.fx.speeds?r.duration=ce.fx.speeds[r.duration]:r.duration=ce.fx.speeds._default),null!=r.queue&&!0!==r.queue||(r.queue="fx"),r.old=r.complete,r.complete=function(){v(r.old)&&r.old.call(this),r.queue&&ce.dequeue(this,r.queue)},r},ce.fn.extend({fadeTo:function(e,t,n,r){return this.filter(ee).css("opacity",0).show().end().animate({opacity:t},e,n,r)},animate:function(t,e,n,r){var i=ce.isEmptyObject(t),o=ce.speed(e,n,r),a=function(){var e=yt(this,ce.extend({},t),o);(i||_.get(this,"finish"))&&e.stop(!0)};return a.finish=a,i||!1===o.queue?this.each(a):this.queue(o.queue,a)},stop:function(i,e,o){var a=function(e){var t=e.stop;delete e.stop,t(o)};return"string"!=typeof i&&(o=e,e=i,i=void 0),e&&this.queue(i||"fx",[]),this.each(function(){var e=!0,t=null!=i&&i+"queueHooks",n=ce.timers,r=_.get(this);if(t)r[t]&&r[t].stop&&a(r[t]);else for(t in r)r[t]&&r[t].stop&&pt.test(t)&&a(r[t]);for(t=n.length;t--;)n[t].elem!==this||null!=i&&n[t].queue!==i||(n[t].anim.stop(o),e=!1,n.splice(t,1));!e&&o||ce.dequeue(this,i)})},finish:function(a){return!1!==a&&(a=a||"fx"),this.each(function(){var e,t=_.get(this),n=t[a+"queue"],r=t[a+"queueHooks"],i=ce.timers,o=n?n.length:0;for(t.finish=!0,ce.queue(this,a,[]),r&&r.stop&&r.stop.call(this,!0),e=i.length;e--;)i[e].elem===this&&i[e].queue===a&&(i[e].anim.stop(!0),i.splice(e,1));for(e=0;e<o;e++)n[e]&&n[e].finish&&n[e].finish.call(this);delete t.finish})}}),ce.each(["toggle","show","hide"],function(e,r){var i=ce.fn[r];ce.fn[r]=function(e,t,n){return null==e||"boolean"==typeof e?i.apply(this,arguments):this.animate(gt(r,!0),e,t,n)}}),ce.each({slideDown:gt("show"),slideUp:gt("hide"),slideToggle:gt("toggle"),fadeIn:{opacity:"show"},fadeOut:{opacity:"hide"},fadeToggle:{opacity:"toggle"}},function(e,r){ce.fn[e]=function(e,t,n){return this.animate(r,e,t,n)}}),ce.timers=[],ce.fx.tick=function(){var e,t=0,n=ce.timers;for(st=Date.now();t<n.length;t++)(e=n[t])()||n[t]!==e||n.splice(t--,1);n.length||ce.fx.stop(),st=void 0},ce.fx.timer=function(e){ce.timers.push(e),ce.fx.start()},ce.fx.interval=13,ce.fx.start=function(){ut||(ut=!0,dt())},ce.fx.stop=function(){ut=null},ce.fx.speeds={slow:600,fast:200,_default:400},ce.fn.delay=function(r,e){return r=ce.fx&&ce.fx.speeds[r]||r,e=e||"fx",this.queue(e,function(e,t){var n=ie.setTimeout(e,r);t.stop=function(){ie.clearTimeout(n)}})},lt=C.createElement("input"),ct=C.createElement("select").appendChild(C.createElement("option")),lt.type="checkbox",le.checkOn=""!==lt.value,le.optSelected=ct.selected,(lt=C.createElement("input")).value="t",lt.type="radio",le.radioValue="t"===lt.value;var mt,xt=ce.expr.attrHandle;ce.fn.extend({attr:function(e,t){return R(this,ce.attr,e,t,1<arguments.length)},removeAttr:function(e){return this.each(function(){ce.removeAttr(this,e)})}}),ce.extend({attr:function(e,t,n){var r,i,o=e.nodeType;if(3!==o&&8!==o&&2!==o)return"undefined"==typeof e.getAttribute?ce.prop(e,t,n):(1===o&&ce.isXMLDoc(e)||(i=ce.attrHooks[t.toLowerCase()]||(ce.expr.match.bool.test(t)?mt:void 0)),void 0!==n?null===n?void ce.removeAttr(e,t):i&&"set"in i&&void 0!==(r=i.set(e,n,t))?r:(e.setAttribute(t,n+""),n):i&&"get"in i&&null!==(r=i.get(e,t))?r:null==(r=ce.find.attr(e,t))?void 0:r)},attrHooks:{type:{set:function(e,t){if(!le.radioValue&&"radio"===t&&fe(e,"input")){var n=e.value;return e.setAttribute("type",t),n&&(e.value=n),t}}}},removeAttr:function(e,t){var n,r=0,i=t&&t.match(D);if(i&&1===e.nodeType)while(n=i[r++])e.removeAttribute(n)}}),mt={set:function(e,t,n){return!1===t?ce.removeAttr(e,n):e.setAttribute(n,n),n}},ce.each(ce.expr.match.bool.source.match(/\w+/g),function(e,t){var a=xt[t]||ce.find.attr;xt[t]=function(e,t,n){var r,i,o=t.toLowerCase();return n||(i=xt[o],xt[o]=r,r=null!=a(e,t,n)?o:null,xt[o]=i),r}});var bt=/^(?:input|select|textarea|button)$/i,wt=/^(?:a|area)$/i;function Tt(e){return(e.match(D)||[]).join(" ")}function Ct(e){return e.getAttribute&&e.getAttribute("class")||""}function kt(e){return Array.isArray(e)?e:"string"==typeof e&&e.match(D)||[]}ce.fn.extend({prop:function(e,t){return R(this,ce.prop,e,t,1<arguments.length)},removeProp:function(e){return this.each(function(){delete this[ce.propFix[e]||e]})}}),ce.extend({prop:function(e,t,n){var r,i,o=e.nodeType;if(3!==o&&8!==o&&2!==o)return 1===o&&ce.isXMLDoc(e)||(t=ce.propFix[t]||t,i=ce.propHooks[t]),void 0!==n?i&&"set"in i&&void 0!==(r=i.set(e,n,t))?r:e[t]=n:i&&"get"in i&&null!==(r=i.get(e,t))?r:e[t]},propHooks:{tabIndex:{get:function(e){var t=ce.find.attr(e,"tabindex");return t?parseInt(t,10):bt.test(e.nodeName)||wt.test(e.nodeName)&&e.href?0:-1}}},propFix:{"for":"htmlFor","class":"className"}}),le.optSelected||(ce.propHooks.selected={get:function(e){var t=e.parentNode;return t&&t.parentNode&&t.parentNode.selectedIndex,null},set:function(e){var t=e.parentNode;t&&(t.selectedIndex,t.parentNode&&t.parentNode.selectedIndex)}}),ce.each(["tabIndex","readOnly","maxLength","cellSpacing","cellPadding","rowSpan","colSpan","useMap","frameBorder","contentEditable"],function(){ce.propFix[this.toLowerCase()]=this}),ce.fn.extend({addClass:function(t){var e,n,r,i,o,a;return v(t)?this.each(function(e){ce(this).addClass(t.call(this,e,Ct(this)))}):(e=kt(t)).length?this.each(function(){if(r=Ct(this),n=1===this.nodeType&&" "+Tt(r)+" "){for(o=0;o<e.length;o++)i=e[o],n.indexOf(" "+i+" ")<0&&(n+=i+" ");a=Tt(n),r!==a&&this.setAttribute("class",a)}}):this},removeClass:function(t){var e,n,r,i,o,a;return v(t)?this.each(function(e){ce(this).removeClass(t.call(this,e,Ct(this)))}):arguments.length?(e=kt(t)).length?this.each(function(){if(r=Ct(this),n=1===this.nodeType&&" "+Tt(r)+" "){for(o=0;o<e.length;o++){i=e[o];while(-1<n.indexOf(" "+i+" "))n=n.replace(" "+i+" "," ")}a=Tt(n),r!==a&&this.setAttribute("class",a)}}):this:this.attr("class","")},toggleClass:function(t,n){var e,r,i,o,a=typeof t,s="string"===a||Array.isArray(t);return v(t)?this.each(function(e){ce(this).toggleClass(t.call(this,e,Ct(this),n),n)}):"boolean"==typeof n&&s?n?this.addClass(t):this.removeClass(t):(e=kt(t),this.each(function(){if(s)for(o=ce(this),i=0;i<e.length;i++)r=e[i],o.hasClass(r)?o.removeClass(r):o.addClass(r);else void 0!==t&&"boolean"!==a||((r=Ct(this))&&_.set(this,"__className__",r),this.setAttribute&&this.setAttribute("class",r||!1===t?"":_.get(this,"__className__")||""))}))},hasClass:function(e){var t,n,r=0;t=" "+e+" ";while(n=this[r++])if(1===n.nodeType&&-1<(" "+Tt(Ct(n))+" ").indexOf(t))return!0;return!1}});var St=/\r/g;ce.fn.extend({val:function(n){var r,e,i,t=this[0];return arguments.length?(i=v(n),this.each(function(e){var t;1===this.nodeType&&(null==(t=i?n.call(this,e,ce(this).val()):n)?t="":"number"==typeof t?t+="":Array.isArray(t)&&(t=ce.map(t,function(e){return null==e?"":e+""})),(r=ce.valHooks[this.type]||ce.valHooks[this.nodeName.toLowerCase()])&&"set"in r&&void 0!==r.set(this,t,"value")||(this.value=t))})):t?(r=ce.valHooks[t.type]||ce.valHooks[t.nodeName.toLowerCase()])&&"get"in r&&void 0!==(e=r.get(t,"value"))?e:"string"==typeof(e=t.value)?e.replace(St,""):null==e?"":e:void 0}}),ce.extend({valHooks:{option:{get:function(e){var t=ce.find.attr(e,"value");return null!=t?t:Tt(ce.text(e))}},select:{get:function(e){var t,n,r,i=e.options,o=e.selectedIndex,a="select-one"===e.type,s=a?null:[],u=a?o+1:i.length;for(r=o<0?u:a?o:0;r<u;r++)if(((n=i[r]).selected||r===o)&&!n.disabled&&(!n.parentNode.disabled||!fe(n.parentNode,"optgroup"))){if(t=ce(n).val(),a)return t;s.push(t)}return s},set:function(e,t){var n,r,i=e.options,o=ce.makeArray(t),a=i.length;while(a--)((r=i[a]).selected=-1<ce.inArray(ce.valHooks.option.get(r),o))&&(n=!0);return n||(e.selectedIndex=-1),o}}}}),ce.each(["radio","checkbox"],function(){ce.valHooks[this]={set:function(e,t){if(Array.isArray(t))return e.checked=-1<ce.inArray(ce(e).val(),t)}},le.checkOn||(ce.valHooks[this].get=function(e){return null===e.getAttribute("value")?"on":e.value})});var Et=ie.location,jt={guid:Date.now()},At=/\?/;ce.parseXML=function(e){var t,n;if(!e||"string"!=typeof e)return null;try{t=(new ie.DOMParser).parseFromString(e,"text/xml")}catch(e){}return n=t&&t.getElementsByTagName("parsererror")[0],t&&!n||ce.error("Invalid XML: "+(n?ce.map(n.childNodes,function(e){return e.textContent}).join("\n"):e)),t};var Dt=/^(?:focusinfocus|focusoutblur)$/,Nt=function(e){e.stopPropagation()};ce.extend(ce.event,{trigger:function(e,t,n,r){var i,o,a,s,u,l,c,f,p=[n||C],d=ue.call(e,"type")?e.type:e,h=ue.call(e,"namespace")?e.namespace.split("."):[];if(o=f=a=n=n||C,3!==n.nodeType&&8!==n.nodeType&&!Dt.test(d+ce.event.triggered)&&(-1<d.indexOf(".")&&(d=(h=d.split(".")).shift(),h.sort()),u=d.indexOf(":")<0&&"on"+d,(e=e[ce.expando]?e:new ce.Event(d,"object"==typeof e&&e)).isTrigger=r?2:3,e.namespace=h.join("."),e.rnamespace=e.namespace?new RegExp("(^|\\.)"+h.join("\\.(?:.*\\.|)")+"(\\.|$)"):null,e.result=void 0,e.target||(e.target=n),t=null==t?[e]:ce.makeArray(t,[e]),c=ce.event.special[d]||{},r||!c.trigger||!1!==c.trigger.apply(n,t))){if(!r&&!c.noBubble&&!y(n)){for(s=c.delegateType||d,Dt.test(s+d)||(o=o.parentNode);o;o=o.parentNode)p.push(o),a=o;a===(n.ownerDocument||C)&&p.push(a.defaultView||a.parentWindow||ie)}i=0;while((o=p[i++])&&!e.isPropagationStopped())f=o,e.type=1<i?s:c.bindType||d,(l=(_.get(o,"events")||Object.create(null))[e.type]&&_.get(o,"handle"))&&l.apply(o,t),(l=u&&o[u])&&l.apply&&$(o)&&(e.result=l.apply(o,t),!1===e.result&&e.preventDefault());return e.type=d,r||e.isDefaultPrevented()||c._default&&!1!==c._default.apply(p.pop(),t)||!$(n)||u&&v(n[d])&&!y(n)&&((a=n[u])&&(n[u]=null),ce.event.triggered=d,e.isPropagationStopped()&&f.addEventListener(d,Nt),n[d](),e.isPropagationStopped()&&f.removeEventListener(d,Nt),ce.event.triggered=void 0,a&&(n[u]=a)),e.result}},simulate:function(e,t,n){var r=ce.extend(new ce.Event,n,{type:e,isSimulated:!0});ce.event.trigger(r,null,t)}}),ce.fn.extend({trigger:function(e,t){return this.each(function(){ce.event.trigger(e,t,this)})},triggerHandler:function(e,t){var n=this[0];if(n)return ce.event.trigger(e,t,n,!0)}});var qt=/\[\]$/,Lt=/\r?\n/g,Ht=/^(?:submit|button|image|reset|file)$/i,Ot=/^(?:input|select|textarea|keygen)/i;function Pt(n,e,r,i){var t;if(Array.isArray(e))ce.each(e,function(e,t){r||qt.test(n)?i(n,t):Pt(n+"["+("object"==typeof t&&null!=t?e:"")+"]",t,r,i)});else if(r||"object"!==x(e))i(n,e);else for(t in e)Pt(n+"["+t+"]",e[t],r,i)}ce.param=function(e,t){var n,r=[],i=function(e,t){var n=v(t)?t():t;r[r.length]=encodeURIComponent(e)+"="+encodeURIComponent(null==n?"":n)};if(null==e)return"";if(Array.isArray(e)||e.jquery&&!ce.isPlainObject(e))ce.each(e,function(){i(this.name,this.value)});else for(n in e)Pt(n,e[n],t,i);return r.join("&")},ce.fn.extend({serialize:function(){return ce.param(this.serializeArray())},serializeArray:function(){return this.map(function(){var e=ce.prop(this,"elements");return e?ce.makeArray(e):this}).filter(function(){var e=this.type;return this.name&&!ce(this).is(":disabled")&&Ot.test(this.nodeName)&&!Ht.test(e)&&(this.checked||!we.test(e))}).map(function(e,t){var n=ce(this).val();return null==n?null:Array.isArray(n)?ce.map(n,function(e){return{name:t.name,value:e.replace(Lt,"\r\n")}}):{name:t.name,value:n.replace(Lt,"\r\n")}}).get()}});var Rt=/%20/g,Mt=/#.*$/,It=/([?&])_=[^&]*/,Wt=/^(.*?):[ \t]*([^\r\n]*)$/gm,Ft=/^(?:GET|HEAD)$/,$t=/^\/\//,Bt={},_t={},Xt="*/".concat("*"),Ut=C.createElement("a");function zt(o){return function(e,t){"string"!=typeof e&&(t=e,e="*");var n,r=0,i=e.toLowerCase().match(D)||[];if(v(t))while(n=i[r++])"+"===n[0]?(n=n.slice(1)||"*",(o[n]=o[n]||[]).unshift(t)):(o[n]=o[n]||[]).push(t)}}function Vt(t,i,o,a){var s={},u=t===_t;function l(e){var r;return s[e]=!0,ce.each(t[e]||[],function(e,t){var n=t(i,o,a);return"string"!=typeof n||u||s[n]?u?!(r=n):void 0:(i.dataTypes.unshift(n),l(n),!1)}),r}return l(i.dataTypes[0])||!s["*"]&&l("*")}function Gt(e,t){var n,r,i=ce.ajaxSettings.flatOptions||{};for(n in t)void 0!==t[n]&&((i[n]?e:r||(r={}))[n]=t[n]);return r&&ce.extend(!0,e,r),e}Ut.href=Et.href,ce.extend({active:0,lastModified:{},etag:{},ajaxSettings:{url:Et.href,type:"GET",isLocal:/^(?:about|app|app-storage|.+-extension|file|res|widget):$/.test(Et.protocol),global:!0,processData:!0,async:!0,contentType:"application/x-www-form-urlencoded; charset=UTF-8",accepts:{"*":Xt,text:"text/plain",html:"text/html",xml:"application/xml, text/xml",json:"application/json, text/javascript"},contents:{xml:/\bxml\b/,html:/\bhtml/,json:/\bjson\b/},responseFields:{xml:"responseXML",text:"responseText",json:"responseJSON"},converters:{"* text":String,"text html":!0,"text json":JSON.parse,"text xml":ce.parseXML},flatOptions:{url:!0,context:!0}},ajaxSetup:function(e,t){return t?Gt(Gt(e,ce.ajaxSettings),t):Gt(ce.ajaxSettings,e)},ajaxPrefilter:zt(Bt),ajaxTransport:zt(_t),ajax:function(e,t){"object"==typeof e&&(t=e,e=void 0),t=t||{};var c,f,p,n,d,r,h,g,i,o,v=ce.ajaxSetup({},t),y=v.context||v,m=v.context&&(y.nodeType||y.jquery)?ce(y):ce.event,x=ce.Deferred(),b=ce.Callbacks("once memory"),w=v.statusCode||{},a={},s={},u="canceled",T={readyState:0,getResponseHeader:function(e){var t;if(h){if(!n){n={};while(t=Wt.exec(p))n[t[1].toLowerCase()+" "]=(n[t[1].toLowerCase()+" "]||[]).concat(t[2])}t=n[e.toLowerCase()+" "]}return null==t?null:t.join(", ")},getAllResponseHeaders:function(){return h?p:null},setRequestHeader:function(e,t){return null==h&&(e=s[e.toLowerCase()]=s[e.toLowerCase()]||e,a[e]=t),this},overrideMimeType:function(e){return null==h&&(v.mimeType=e),this},statusCode:function(e){var t;if(e)if(h)T.always(e[T.status]);else for(t in e)w[t]=[w[t],e[t]];return this},abort:function(e){var t=e||u;return c&&c.abort(t),l(0,t),this}};if(x.promise(T),v.url=((e||v.url||Et.href)+"").replace($t,Et.protocol+"//"),v.type=t.method||t.type||v.method||v.type,v.dataTypes=(v.dataType||"*").toLowerCase().match(D)||[""],null==v.crossDomain){r=C.createElement("a");try{r.href=v.url,r.href=r.href,v.crossDomain=Ut.protocol+"//"+Ut.host!=r.protocol+"//"+r.host}catch(e){v.crossDomain=!0}}if(v.data&&v.processData&&"string"!=typeof v.data&&(v.data=ce.param(v.data,v.traditional)),Vt(Bt,v,t,T),h)return T;for(i in(g=ce.event&&v.global)&&0==ce.active++&&ce.event.trigger("ajaxStart"),v.type=v.type.toUpperCase(),v.hasContent=!Ft.test(v.type),f=v.url.replace(Mt,""),v.hasContent?v.data&&v.processData&&0===(v.contentType||"").indexOf("application/x-www-form-urlencoded")&&(v.data=v.data.replace(Rt,"+")):(o=v.url.slice(f.length),v.data&&(v.processData||"string"==typeof v.data)&&(f+=(At.test(f)?"&":"?")+v.data,delete v.data),!1===v.cache&&(f=f.replace(It,"$1"),o=(At.test(f)?"&":"?")+"_="+jt.guid+++o),v.url=f+o),v.ifModified&&(ce.lastModified[f]&&T.setRequestHeader("If-Modified-Since",ce.lastModified[f]),ce.etag[f]&&T.setRequestHeader("If-None-Match",ce.etag[f])),(v.data&&v.hasContent&&!1!==v.contentType||t.contentType)&&T.setRequestHeader("Content-Type",v.contentType),T.setRequestHeader("Accept",v.dataTypes[0]&&v.accepts[v.dataTypes[0]]?v.accepts[v.dataTypes[0]]+("*"!==v.dataTypes[0]?", "+Xt+"; q=0.01":""):v.accepts["*"]),v.headers)T.setRequestHeader(i,v.headers[i]);if(v.beforeSend&&(!1===v.beforeSend.call(y,T,v)||h))return T.abort();if(u="abort",b.add(v.complete),T.done(v.success),T.fail(v.error),c=Vt(_t,v,t,T)){if(T.readyState=1,g&&m.trigger("ajaxSend",[T,v]),h)return T;v.async&&0<v.timeout&&(d=ie.setTimeout(function(){T.abort("timeout")},v.timeout));try{h=!1,c.send(a,l)}catch(e){if(h)throw e;l(-1,e)}}else l(-1,"No Transport");function l(e,t,n,r){var i,o,a,s,u,l=t;h||(h=!0,d&&ie.clearTimeout(d),c=void 0,p=r||"",T.readyState=0<e?4:0,i=200<=e&&e<300||304===e,n&&(s=function(e,t,n){var r,i,o,a,s=e.contents,u=e.dataTypes;while("*"===u[0])u.shift(),void 0===r&&(r=e.mimeType||t.getResponseHeader("Content-Type"));if(r)for(i in s)if(s[i]&&s[i].test(r)){u.unshift(i);break}if(u[0]in n)o=u[0];else{for(i in n){if(!u[0]||e.converters[i+" "+u[0]]){o=i;break}a||(a=i)}o=o||a}if(o)return o!==u[0]&&u.unshift(o),n[o]}(v,T,n)),!i&&-1<ce.inArray("script",v.dataTypes)&&ce.inArray("json",v.dataTypes)<0&&(v.converters["text script"]=function(){}),s=function(e,t,n,r){var i,o,a,s,u,l={},c=e.dataTypes.slice();if(c[1])for(a in e.converters)l[a.toLowerCase()]=e.converters[a];o=c.shift();while(o)if(e.responseFields[o]&&(n[e.responseFields[o]]=t),!u&&r&&e.dataFilter&&(t=e.dataFilter(t,e.dataType)),u=o,o=c.shift())if("*"===o)o=u;else if("*"!==u&&u!==o){if(!(a=l[u+" "+o]||l["* "+o]))for(i in l)if((s=i.split(" "))[1]===o&&(a=l[u+" "+s[0]]||l["* "+s[0]])){!0===a?a=l[i]:!0!==l[i]&&(o=s[0],c.unshift(s[1]));break}if(!0!==a)if(a&&e["throws"])t=a(t);else try{t=a(t)}catch(e){return{state:"parsererror",error:a?e:"No conversion from "+u+" to "+o}}}return{state:"success",data:t}}(v,s,T,i),i?(v.ifModified&&((u=T.getResponseHeader("Last-Modified"))&&(ce.lastModified[f]=u),(u=T.getResponseHeader("etag"))&&(ce.etag[f]=u)),204===e||"HEAD"===v.type?l="nocontent":304===e?l="notmodified":(l=s.state,o=s.data,i=!(a=s.error))):(a=l,!e&&l||(l="error",e<0&&(e=0))),T.status=e,T.statusText=(t||l)+"",i?x.resolveWith(y,[o,l,T]):x.rejectWith(y,[T,l,a]),T.statusCode(w),w=void 0,g&&m.trigger(i?"ajaxSuccess":"ajaxError",[T,v,i?o:a]),b.fireWith(y,[T,l]),g&&(m.trigger("ajaxComplete",[T,v]),--ce.active||ce.event.trigger("ajaxStop")))}return T},getJSON:function(e,t,n){return ce.get(e,t,n,"json")},getScript:function(e,t){return ce.get(e,void 0,t,"script")}}),ce.each(["get","post"],function(e,i){ce[i]=function(e,t,n,r){return v(t)&&(r=r||n,n=t,t=void 0),ce.ajax(ce.extend({url:e,type:i,dataType:r,data:t,success:n},ce.isPlainObject(e)&&e))}}),ce.ajaxPrefilter(function(e){var t;for(t in e.headers)"content-type"===t.toLowerCase()&&(e.contentType=e.headers[t]||"")}),ce._evalUrl=function(e,t,n){return ce.ajax({url:e,type:"GET",dataType:"script",cache:!0,async:!1,global:!1,converters:{"text script":function(){}},dataFilter:function(e){ce.globalEval(e,t,n)}})},ce.fn.extend({wrapAll:function(e){var t;return this[0]&&(v(e)&&(e=e.call(this[0])),t=ce(e,this[0].ownerDocument).eq(0).clone(!0),this[0].parentNode&&t.insertBefore(this[0]),t.map(function(){var e=this;while(e.firstElementChild)e=e.firstElementChild;return e}).append(this)),this},wrapInner:function(n){return v(n)?this.each(function(e){ce(this).wrapInner(n.call(this,e))}):this.each(function(){var e=ce(this),t=e.contents();t.length?t.wrapAll(n):e.append(n)})},wrap:function(t){var n=v(t);return this.each(function(e){ce(this).wrapAll(n?t.call(this,e):t)})},unwrap:function(e){return this.parent(e).not("body").each(function(){ce(this).replaceWith(this.childNodes)}),this}}),ce.expr.pseudos.hidden=function(e){return!ce.expr.pseudos.visible(e)},ce.expr.pseudos.visible=function(e){return!!(e.offsetWidth||e.offsetHeight||e.getClientRects().length)},ce.ajaxSettings.xhr=function(){try{return new ie.XMLHttpRequest}catch(e){}};var Yt={0:200,1223:204},Qt=ce.ajaxSettings.xhr();le.cors=!!Qt&&"withCredentials"in Qt,le.ajax=Qt=!!Qt,ce.ajaxTransport(function(i){var o,a;if(le.cors||Qt&&!i.crossDomain)return{send:function(e,t){var n,r=i.xhr();if(r.open(i.type,i.url,i.async,i.username,i.password),i.xhrFields)for(n in i.xhrFields)r[n]=i.xhrFields[n];for(n in i.mimeType&&r.overrideMimeType&&r.overrideMimeType(i.mimeType),i.crossDomain||e["X-Requested-With"]||(e["X-Requested-With"]="XMLHttpRequest"),e)r.setRequestHeader(n,e[n]);o=function(e){return function(){o&&(o=a=r.onload=r.onerror=r.onabort=r.ontimeout=r.onreadystatechange=null,"abort"===e?r.abort():"error"===e?"number"!=typeof r.status?t(0,"error"):t(r.status,r.statusText):t(Yt[r.status]||r.status,r.statusText,"text"!==(r.responseType||"text")||"string"!=typeof r.responseText?{binary:r.response}:{text:r.responseText},r.getAllResponseHeaders()))}},r.onload=o(),a=r.onerror=r.ontimeout=o("error"),void 0!==r.onabort?r.onabort=a:r.onreadystatechange=function(){4===r.readyState&&ie.setTimeout(function(){o&&a()})},o=o("abort");try{r.send(i.hasContent&&i.data||null)}catch(e){if(o)throw e}},abort:function(){o&&o()}}}),ce.ajaxPrefilter(function(e){e.crossDomain&&(e.contents.script=!1)}),ce.ajaxSetup({accepts:{script:"text/javascript, application/javascript, application/ecmascript, application/x-ecmascript"},contents:{script:/\b(?:java|ecma)script\b/},converters:{"text script":function(e){return ce.globalEval(e),e}}}),ce.ajaxPrefilter("script",function(e){void 0===e.cache&&(e.cache=!1),e.crossDomain&&(e.type="GET")}),ce.ajaxTransport("script",function(n){var r,i;if(n.crossDomain||n.scriptAttrs)return{send:function(e,t){r=ce("<script>").attr(n.scriptAttrs||{}).prop({charset:n.scriptCharset,src:n.url}).on("load error",i=function(e){r.remove(),i=null,e&&t("error"===e.type?404:200,e.type)}),C.head.appendChild(r[0])},abort:function(){i&&i()}}});var Jt,Kt=[],Zt=/(=)\?(?=&|$)|\?\?/;ce.ajaxSetup({jsonp:"callback",jsonpCallback:function(){var e=Kt.pop()||ce.expando+"_"+jt.guid++;return this[e]=!0,e}}),ce.ajaxPrefilter("json jsonp",function(e,t,n){var r,i,o,a=!1!==e.jsonp&&(Zt.test(e.url)?"url":"string"==typeof e.data&&0===(e.contentType||"").indexOf("application/x-www-form-urlencoded")&&Zt.test(e.data)&&"data");if(a||"jsonp"===e.dataTypes[0])return r=e.jsonpCallback=v(e.jsonpCallback)?e.jsonpCallback():e.jsonpCallback,a?e[a]=e[a].replace(Zt,"$1"+r):!1!==e.jsonp&&(e.url+=(At.test(e.url)?"&":"?")+e.jsonp+"="+r),e.converters["script json"]=function(){return o||ce.error(r+" was not called"),o[0]},e.dataTypes[0]="json",i=ie[r],ie[r]=function(){o=arguments},n.always(function(){void 0===i?ce(ie).removeProp(r):ie[r]=i,e[r]&&(e.jsonpCallback=t.jsonpCallback,Kt.push(r)),o&&v(i)&&i(o[0]),o=i=void 0}),"script"}),le.createHTMLDocument=((Jt=C.implementation.createHTMLDocument("").body).innerHTML="<form></form><form></form>",2===Jt.childNodes.length),ce.parseHTML=function(e,t,n){return"string"!=typeof e?[]:("boolean"==typeof t&&(n=t,t=!1),t||(le.createHTMLDocument?((r=(t=C.implementation.createHTMLDocument("")).createElement("base")).href=C.location.href,t.head.appendChild(r)):t=C),o=!n&&[],(i=w.exec(e))?[t.createElement(i[1])]:(i=Ae([e],t,o),o&&o.length&&ce(o).remove(),ce.merge([],i.childNodes)));var r,i,o},ce.fn.load=function(e,t,n){var r,i,o,a=this,s=e.indexOf(" ");return-1<s&&(r=Tt(e.slice(s)),e=e.slice(0,s)),v(t)?(n=t,t=void 0):t&&"object"==typeof t&&(i="POST"),0<a.length&&ce.ajax({url:e,type:i||"GET",dataType:"html",data:t}).done(function(e){o=arguments,a.html(r?ce("<div>").append(ce.parseHTML(e)).find(r):e)}).always(n&&function(e,t){a.each(function(){n.apply(this,o||[e.responseText,t,e])})}),this},ce.expr.pseudos.animated=function(t){return ce.grep(ce.timers,function(e){return t===e.elem}).length},ce.offset={setOffset:function(e,t,n){var r,i,o,a,s,u,l=ce.css(e,"position"),c=ce(e),f={};"static"===l&&(e.style.position="relative"),s=c.offset(),o=ce.css(e,"top"),u=ce.css(e,"left"),("absolute"===l||"fixed"===l)&&-1<(o+u).indexOf("auto")?(a=(r=c.position()).top,i=r.left):(a=parseFloat(o)||0,i=parseFloat(u)||0),v(t)&&(t=t.call(e,n,ce.extend({},s))),null!=t.top&&(f.top=t.top-s.top+a),null!=t.left&&(f.left=t.left-s.left+i),"using"in t?t.using.call(e,f):c.css(f)}},ce.fn.extend({offset:function(t){if(arguments.length)return void 0===t?this:this.each(function(e){ce.offset.setOffset(this,t,e)});var e,n,r=this[0];return r?r.getClientRects().length?(e=r.getBoundingClientRect(),n=r.ownerDocument.defaultView,{top:e.top+n.pageYOffset,left:e.left+n.pageXOffset}):{top:0,left:0}:void 0},position:function(){if(this[0]){var e,t,n,r=this[0],i={top:0,left:0};if("fixed"===ce.css(r,"position"))t=r.getBoundingClientRect();else{t=this.offset(),n=r.ownerDocument,e=r.offsetParent||n.documentElement;while(e&&(e===n.body||e===n.documentElement)&&"static"===ce.css(e,"position"))e=e.parentNode;e&&e!==r&&1===e.nodeType&&((i=ce(e).offset()).top+=ce.css(e,"borderTopWidth",!0),i.left+=ce.css(e,"borderLeftWidth",!0))}return{top:t.top-i.top-ce.css(r,"marginTop",!0),left:t.left-i.left-ce.css(r,"marginLeft",!0)}}},offsetParent:function(){return this.map(function(){var e=this.offsetParent;while(e&&"static"===ce.css(e,"position"))e=e.offsetParent;return e||J})}}),ce.each({scrollLeft:"pageXOffset",scrollTop:"pageYOffset"},function(t,i){var o="pageYOffset"===i;ce.fn[t]=function(e){return R(this,function(e,t,n){var r;if(y(e)?r=e:9===e.nodeType&&(r=e.defaultView),void 0===n)return r?r[i]:e[t];r?r.scrollTo(o?r.pageXOffset:n,o?n:r.pageYOffset):e[t]=n},t,e,arguments.length)}}),ce.each(["top","left"],function(e,n){ce.cssHooks[n]=Ye(le.pixelPosition,function(e,t){if(t)return t=Ge(e,n),_e.test(t)?ce(e).position()[n]+"px":t})}),ce.each({Height:"height",Width:"width"},function(a,s){ce.each({padding:"inner"+a,content:s,"":"outer"+a},function(r,o){ce.fn[o]=function(e,t){var n=arguments.length&&(r||"boolean"!=typeof e),i=r||(!0===e||!0===t?"margin":"border");return R(this,function(e,t,n){var r;return y(e)?0===o.indexOf("outer")?e["inner"+a]:e.document.documentElement["client"+a]:9===e.nodeType?(r=e.documentElement,Math.max(e.body["scroll"+a],r["scroll"+a],e.body["offset"+a],r["offset"+a],r["client"+a])):void 0===n?ce.css(e,t,i):ce.style(e,t,n,i)},s,n?e:void 0,n)}})}),ce.each(["ajaxStart","ajaxStop","ajaxComplete","ajaxError","ajaxSuccess","ajaxSend"],function(e,t){ce.fn[t]=function(e){return this.on(t,e)}}),ce.fn.extend({bind:function(e,t,n){return this.on(e,null,t,n)},unbind:function(e,t){return this.off(e,null,t)},delegate:function(e,t,n,r){return this.on(t,e,n,r)},undelegate:function(e,t,n){return 1===arguments.length?this.off(e,"**"):this.off(t,e||"**",n)},hover:function(e,t){return this.mouseenter(e).mouseleave(t||e)}}),ce.each("blur focus focusin focusout resize scroll click dblclick mousedown mouseup mousemove mouseover mouseout mouseenter mouseleave change select submit keydown keypress keyup contextmenu".split(" "),function(e,n){ce.fn[n]=function(e,t){return 0<arguments.length?this.on(n,null,e,t):this.trigger(n)}});var en=/^[\s\uFEFF\xA0]+|([^\s\uFEFF\xA0])[\s\uFEFF\xA0]+$/g;ce.proxy=function(e,t){var n,r,i;if("string"==typeof t&&(n=e[t],t=e,e=n),v(e))return r=ae.call(arguments,2),(i=function(){return e.apply(t||this,r.concat(ae.call(arguments)))}).guid=e.guid=e.guid||ce.guid++,i},ce.holdReady=function(e){e?ce.readyWait++:ce.ready(!0)},ce.isArray=Array.isArray,ce.parseJSON=JSON.parse,ce.nodeName=fe,ce.isFunction=v,ce.isWindow=y,ce.camelCase=F,ce.type=x,ce.now=Date.now,ce.isNumeric=function(e){var t=ce.type(e);return("number"===t||"string"===t)&&!isNaN(e-parseFloat(e))},ce.trim=function(e){return null==e?"":(e+"").replace(en,"$1")},"function"==typeof define&&define.amd&&define("jquery",[],function(){return ce});var tn=ie.jQuery,nn=ie.$;return ce.noConflict=function(e){return ie.$===ce&&(ie.$=nn),e&&ie.jQuery===ce&&(ie.jQuery=tn),ce},"undefined"==typeof e&&(ie.jQuery=ie.$=ce),ce});

===== END FILE: label_studio/core/static_build/js/jquery.min.e6c2415c0ace.js =====


===== FILE: label_studio/core/static_build/js/jquery.min.js =====
/*! jQuery v3.7.0 | (c) OpenJS Foundation and other contributors | jquery.org/license */
!function(e,t){"use strict";"object"==typeof module&&"object"==typeof module.exports?module.exports=e.document?t(e,!0):function(e){if(!e.document)throw new Error("jQuery requires a window with a document");return t(e)}:t(e)}("undefined"!=typeof window?window:this,function(ie,e){"use strict";var oe=[],r=Object.getPrototypeOf,ae=oe.slice,g=oe.flat?function(e){return oe.flat.call(e)}:function(e){return oe.concat.apply([],e)},s=oe.push,se=oe.indexOf,n={},i=n.toString,ue=n.hasOwnProperty,o=ue.toString,a=o.call(Object),le={},v=function(e){return"function"==typeof e&&"number"!=typeof e.nodeType&&"function"!=typeof e.item},y=function(e){return null!=e&&e===e.window},C=ie.document,u={type:!0,src:!0,nonce:!0,noModule:!0};function m(e,t,n){var r,i,o=(n=n||C).createElement("script");if(o.text=e,t)for(r in u)(i=t[r]||t.getAttribute&&t.getAttribute(r))&&o.setAttribute(r,i);n.head.appendChild(o).parentNode.removeChild(o)}function x(e){return null==e?e+"":"object"==typeof e||"function"==typeof e?n[i.call(e)]||"object":typeof e}var t="3.7.0",l=/HTML$/i,ce=function(e,t){return new ce.fn.init(e,t)};function c(e){var t=!!e&&"length"in e&&e.length,n=x(e);return!v(e)&&!y(e)&&("array"===n||0===t||"number"==typeof t&&0<t&&t-1 in e)}function fe(e,t){return e.nodeName&&e.nodeName.toLowerCase()===t.toLowerCase()}ce.fn=ce.prototype={jquery:t,constructor:ce,length:0,toArray:function(){return ae.call(this)},get:function(e){return null==e?ae.call(this):e<0?this[e+this.length]:this[e]},pushStack:function(e){var t=ce.merge(this.constructor(),e);return t.prevObject=this,t},each:function(e){return ce.each(this,e)},map:function(n){return this.pushStack(ce.map(this,function(e,t){return n.call(e,t,e)}))},slice:function(){return this.pushStack(ae.apply(this,arguments))},first:function(){return this.eq(0)},last:function(){return this.eq(-1)},even:function(){return this.pushStack(ce.grep(this,function(e,t){return(t+1)%2}))},odd:function(){return this.pushStack(ce.grep(this,function(e,t){return t%2}))},eq:function(e){var t=this.length,n=+e+(e<0?t:0);return this.pushStack(0<=n&&n<t?[this[n]]:[])},end:function(){return this.prevObject||this.constructor()},push:s,sort:oe.sort,splice:oe.splice},ce.extend=ce.fn.extend=function(){var e,t,n,r,i,o,a=arguments[0]||{},s=1,u=arguments.length,l=!1;for("boolean"==typeof a&&(l=a,a=arguments[s]||{},s++),"object"==typeof a||v(a)||(a={}),s===u&&(a=this,s--);s<u;s++)if(null!=(e=arguments[s]))for(t in e)r=e[t],"__proto__"!==t&&a!==r&&(l&&r&&(ce.isPlainObject(r)||(i=Array.isArray(r)))?(n=a[t],o=i&&!Array.isArray(n)?[]:i||ce.isPlainObject(n)?n:{},i=!1,a[t]=ce.extend(l,o,r)):void 0!==r&&(a[t]=r));return a},ce.extend({expando:"jQuery"+(t+Math.random()).replace(/\D/g,""),isReady:!0,error:function(e){throw new Error(e)},noop:function(){},isPlainObject:function(e){var t,n;return!(!e||"[object Object]"!==i.call(e))&&(!(t=r(e))||"function"==typeof(n=ue.call(t,"constructor")&&t.constructor)&&o.call(n)===a)},isEmptyObject:function(e){var t;for(t in e)return!1;return!0},globalEval:function(e,t,n){m(e,{nonce:t&&t.nonce},n)},each:function(e,t){var n,r=0;if(c(e)){for(n=e.length;r<n;r++)if(!1===t.call(e[r],r,e[r]))break}else for(r in e)if(!1===t.call(e[r],r,e[r]))break;return e},text:function(e){var t,n="",r=0,i=e.nodeType;if(i){if(1===i||9===i||11===i)return e.textContent;if(3===i||4===i)return e.nodeValue}else while(t=e[r++])n+=ce.text(t);return n},makeArray:function(e,t){var n=t||[];return null!=e&&(c(Object(e))?ce.merge(n,"string"==typeof e?[e]:e):s.call(n,e)),n},inArray:function(e,t,n){return null==t?-1:se.call(t,e,n)},isXMLDoc:function(e){var t=e&&e.namespaceURI,n=e&&(e.ownerDocument||e).documentElement;return!l.test(t||n&&n.nodeName||"HTML")},merge:function(e,t){for(var n=+t.length,r=0,i=e.length;r<n;r++)e[i++]=t[r];return e.length=i,e},grep:function(e,t,n){for(var r=[],i=0,o=e.length,a=!n;i<o;i++)!t(e[i],i)!==a&&r.push(e[i]);return r},map:function(e,t,n){var r,i,o=0,a=[];if(c(e))for(r=e.length;o<r;o++)null!=(i=t(e[o],o,n))&&a.push(i);else for(o in e)null!=(i=t(e[o],o,n))&&a.push(i);return g(a)},guid:1,support:le}),"function"==typeof Symbol&&(ce.fn[Symbol.iterator]=oe[Symbol.iterator]),ce.each("Boolean Number String Function Array Date RegExp Object Error Symbol".split(" "),function(e,t){n["[object "+t+"]"]=t.toLowerCase()});var pe=oe.pop,de=oe.sort,he=oe.splice,ge="[\\x20\\t\\r\\n\\f]",ve=new RegExp("^"+ge+"+|((?:^|[^\\\\])(?:\\\\.)*)"+ge+"+$","g");ce.contains=function(e,t){var n=t&&t.parentNode;return e===n||!(!n||1!==n.nodeType||!(e.contains?e.contains(n):e.compareDocumentPosition&&16&e.compareDocumentPosition(n)))};var f=/([\0-\x1f\x7f]|^-?\d)|^-$|[^\x80-\uFFFF\w-]/g;function p(e,t){return t?"\0"===e?"\ufffd":e.slice(0,-1)+"\\"+e.charCodeAt(e.length-1).toString(16)+" ":"\\"+e}ce.escapeSelector=function(e){return(e+"").replace(f,p)};var ye=C,me=s;!function(){var e,b,w,o,a,T,r,C,d,i,k=me,S=ce.expando,E=0,n=0,s=W(),c=W(),u=W(),h=W(),l=function(e,t){return e===t&&(a=!0),0},f="checked|selected|async|autofocus|autoplay|controls|defer|disabled|hidden|ismap|loop|multiple|open|readonly|required|scoped",t="(?:\\\\[\\da-fA-F]{1,6}"+ge+"?|\\\\[^\\r\\n\\f]|[\\w-]|[^\0-\\x7f])+",p="\\["+ge+"*("+t+")(?:"+ge+"*([*^$|!~]?=)"+ge+"*(?:'((?:\\\\.|[^\\\\'])*)'|\"((?:\\\\.|[^\\\\\"])*)\"|("+t+"))|)"+ge+"*\\]",g=":("+t+")(?:\\((('((?:\\\\.|[^\\\\'])*)'|\"((?:\\\\.|[^\\\\\"])*)\")|((?:\\\\.|[^\\\\()[\\]]|"+p+")*)|.*)\\)|)",v=new RegExp(ge+"+","g"),y=new RegExp("^"+ge+"*,"+ge+"*"),m=new RegExp("^"+ge+"*([>+~]|"+ge+")"+ge+"*"),x=new RegExp(ge+"|>"),j=new RegExp(g),A=new RegExp("^"+t+"$"),D={ID:new RegExp("^#("+t+")"),CLASS:new RegExp("^\\.("+t+")"),TAG:new RegExp("^("+t+"|[*])"),ATTR:new RegExp("^"+p),PSEUDO:new RegExp("^"+g),CHILD:new RegExp("^:(only|first|last|nth|nth-last)-(child|of-type)(?:\\("+ge+"*(even|odd|(([+-]|)(\\d*)n|)"+ge+"*(?:([+-]|)"+ge+"*(\\d+)|))"+ge+"*\\)|)","i"),bool:new RegExp("^(?:"+f+")$","i"),needsContext:new RegExp("^"+ge+"*[>+~]|:(even|odd|eq|gt|lt|nth|first|last)(?:\\("+ge+"*((?:-\\d)?\\d*)"+ge+"*\\)|)(?=[^-]|$)","i")},N=/^(?:input|select|textarea|button)$/i,q=/^h\d$/i,L=/^(?:#([\w-]+)|(\w+)|\.([\w-]+))$/,H=/[+~]/,O=new RegExp("\\\\[\\da-fA-F]{1,6}"+ge+"?|\\\\([^\\r\\n\\f])","g"),P=function(e,t){var n="0x"+e.slice(1)-65536;return t||(n<0?String.fromCharCode(n+65536):String.fromCharCode(n>>10|55296,1023&n|56320))},R=function(){V()},M=J(function(e){return!0===e.disabled&&fe(e,"fieldset")},{dir:"parentNode",next:"legend"});try{k.apply(oe=ae.call(ye.childNodes),ye.childNodes),oe[ye.childNodes.length].nodeType}catch(e){k={apply:function(e,t){me.apply(e,ae.call(t))},call:function(e){me.apply(e,ae.call(arguments,1))}}}function I(t,e,n,r){var i,o,a,s,u,l,c,f=e&&e.ownerDocument,p=e?e.nodeType:9;if(n=n||[],"string"!=typeof t||!t||1!==p&&9!==p&&11!==p)return n;if(!r&&(V(e),e=e||T,C)){if(11!==p&&(u=L.exec(t)))if(i=u[1]){if(9===p){if(!(a=e.getElementById(i)))return n;if(a.id===i)return k.call(n,a),n}else if(f&&(a=f.getElementById(i))&&I.contains(e,a)&&a.id===i)return k.call(n,a),n}else{if(u[2])return k.apply(n,e.getElementsByTagName(t)),n;if((i=u[3])&&e.getElementsByClassName)return k.apply(n,e.getElementsByClassName(i)),n}if(!(h[t+" "]||d&&d.test(t))){if(c=t,f=e,1===p&&(x.test(t)||m.test(t))){(f=H.test(t)&&z(e.parentNode)||e)==e&&le.scope||((s=e.getAttribute("id"))?s=ce.escapeSelector(s):e.setAttribute("id",s=S)),o=(l=Y(t)).length;while(o--)l[o]=(s?"#"+s:":scope")+" "+Q(l[o]);c=l.join(",")}try{return k.apply(n,f.querySelectorAll(c)),n}catch(e){h(t,!0)}finally{s===S&&e.removeAttribute("id")}}}return re(t.replace(ve,"$1"),e,n,r)}function W(){var r=[];return function e(t,n){return r.push(t+" ")>b.cacheLength&&delete e[r.shift()],e[t+" "]=n}}function F(e){return e[S]=!0,e}function $(e){var t=T.createElement("fieldset");try{return!!e(t)}catch(e){return!1}finally{t.parentNode&&t.parentNode.removeChild(t),t=null}}function B(t){return function(e){return fe(e,"input")&&e.type===t}}function _(t){return function(e){return(fe(e,"input")||fe(e,"button"))&&e.type===t}}function X(t){return function(e){return"form"in e?e.parentNode&&!1===e.disabled?"label"in e?"label"in e.parentNode?e.parentNode.disabled===t:e.disabled===t:e.isDisabled===t||e.isDisabled!==!t&&M(e)===t:e.disabled===t:"label"in e&&e.disabled===t}}function U(a){return F(function(o){return o=+o,F(function(e,t){var n,r=a([],e.length,o),i=r.length;while(i--)e[n=r[i]]&&(e[n]=!(t[n]=e[n]))})})}function z(e){return e&&"undefined"!=typeof e.getElementsByTagName&&e}function V(e){var t,n=e?e.ownerDocument||e:ye;return n!=T&&9===n.nodeType&&n.documentElement&&(r=(T=n).documentElement,C=!ce.isXMLDoc(T),i=r.matches||r.webkitMatchesSelector||r.msMatchesSelector,ye!=T&&(t=T.defaultView)&&t.top!==t&&t.addEventListener("unload",R),le.getById=$(function(e){return r.appendChild(e).id=ce.expando,!T.getElementsByName||!T.getElementsByName(ce.expando).length}),le.disconnectedMatch=$(function(e){return i.call(e,"*")}),le.scope=$(function(){return T.querySelectorAll(":scope")}),le.cssHas=$(function(){try{return T.querySelector(":has(*,:jqfake)"),!1}catch(e){return!0}}),le.getById?(b.filter.ID=function(e){var t=e.replace(O,P);return function(e){return e.getAttribute("id")===t}},b.find.ID=function(e,t){if("undefined"!=typeof t.getElementById&&C){var n=t.getElementById(e);return n?[n]:[]}}):(b.filter.ID=function(e){var n=e.replace(O,P);return function(e){var t="undefined"!=typeof e.getAttributeNode&&e.getAttributeNode("id");return t&&t.value===n}},b.find.ID=function(e,t){if("undefined"!=typeof t.getElementById&&C){var n,r,i,o=t.getElementById(e);if(o){if((n=o.getAttributeNode("id"))&&n.value===e)return[o];i=t.getElementsByName(e),r=0;while(o=i[r++])if((n=o.getAttributeNode("id"))&&n.value===e)return[o]}return[]}}),b.find.TAG=function(e,t){return"undefined"!=typeof t.getElementsByTagName?t.getElementsByTagName(e):t.querySelectorAll(e)},b.find.CLASS=function(e,t){if("undefined"!=typeof t.getElementsByClassName&&C)return t.getElementsByClassName(e)},d=[],$(function(e){var t;r.appendChild(e).innerHTML="<a id='"+S+"' href='' disabled='disabled'></a><select id='"+S+"-\r\\' disabled='disabled'><option selected=''></option></select>",e.querySelectorAll("[selected]").length||d.push("\\["+ge+"*(?:value|"+f+")"),e.querySelectorAll("[id~="+S+"-]").length||d.push("~="),e.querySelectorAll("a#"+S+"+*").length||d.push(".#.+[+~]"),e.querySelectorAll(":checked").length||d.push(":checked"),(t=T.createElement("input")).setAttribute("type","hidden"),e.appendChild(t).setAttribute("name","D"),r.appendChild(e).disabled=!0,2!==e.querySelectorAll(":disabled").length&&d.push(":enabled",":disabled"),(t=T.createElement("input")).setAttribute("name",""),e.appendChild(t),e.querySelectorAll("[name='']").length||d.push("\\["+ge+"*name"+ge+"*="+ge+"*(?:''|\"\")")}),le.cssHas||d.push(":has"),d=d.length&&new RegExp(d.join("|")),l=function(e,t){if(e===t)return a=!0,0;var n=!e.compareDocumentPosition-!t.compareDocumentPosition;return n||(1&(n=(e.ownerDocument||e)==(t.ownerDocument||t)?e.compareDocumentPosition(t):1)||!le.sortDetached&&t.compareDocumentPosition(e)===n?e===T||e.ownerDocument==ye&&I.contains(ye,e)?-1:t===T||t.ownerDocument==ye&&I.contains(ye,t)?1:o?se.call(o,e)-se.call(o,t):0:4&n?-1:1)}),T}for(e in I.matches=function(e,t){return I(e,null,null,t)},I.matchesSelector=function(e,t){if(V(e),C&&!h[t+" "]&&(!d||!d.test(t)))try{var n=i.call(e,t);if(n||le.disconnectedMatch||e.document&&11!==e.document.nodeType)return n}catch(e){h(t,!0)}return 0<I(t,T,null,[e]).length},I.contains=function(e,t){return(e.ownerDocument||e)!=T&&V(e),ce.contains(e,t)},I.attr=function(e,t){(e.ownerDocument||e)!=T&&V(e);var n=b.attrHandle[t.toLowerCase()],r=n&&ue.call(b.attrHandle,t.toLowerCase())?n(e,t,!C):void 0;return void 0!==r?r:e.getAttribute(t)},I.error=function(e){throw new Error("Syntax error, unrecognized expression: "+e)},ce.uniqueSort=function(e){var t,n=[],r=0,i=0;if(a=!le.sortStable,o=!le.sortStable&&ae.call(e,0),de.call(e,l),a){while(t=e[i++])t===e[i]&&(r=n.push(i));while(r--)he.call(e,n[r],1)}return o=null,e},ce.fn.uniqueSort=function(){return this.pushStack(ce.uniqueSort(ae.apply(this)))},(b=ce.expr={cacheLength:50,createPseudo:F,match:D,attrHandle:{},find:{},relative:{">":{dir:"parentNode",first:!0}," ":{dir:"parentNode"},"+":{dir:"previousSibling",first:!0},"~":{dir:"previousSibling"}},preFilter:{ATTR:function(e){return e[1]=e[1].replace(O,P),e[3]=(e[3]||e[4]||e[5]||"").replace(O,P),"~="===e[2]&&(e[3]=" "+e[3]+" "),e.slice(0,4)},CHILD:function(e){return e[1]=e[1].toLowerCase(),"nth"===e[1].slice(0,3)?(e[3]||I.error(e[0]),e[4]=+(e[4]?e[5]+(e[6]||1):2*("even"===e[3]||"odd"===e[3])),e[5]=+(e[7]+e[8]||"odd"===e[3])):e[3]&&I.error(e[0]),e},PSEUDO:function(e){var t,n=!e[6]&&e[2];return D.CHILD.test(e[0])?null:(e[3]?e[2]=e[4]||e[5]||"":n&&j.test(n)&&(t=Y(n,!0))&&(t=n.indexOf(")",n.length-t)-n.length)&&(e[0]=e[0].slice(0,t),e[2]=n.slice(0,t)),e.slice(0,3))}},filter:{TAG:function(e){var t=e.replace(O,P).toLowerCase();return"*"===e?function(){return!0}:function(e){return fe(e,t)}},CLASS:function(e){var t=s[e+" "];return t||(t=new RegExp("(^|"+ge+")"+e+"("+ge+"|$)"))&&s(e,function(e){return t.test("string"==typeof e.className&&e.className||"undefined"!=typeof e.getAttribute&&e.getAttribute("class")||"")})},ATTR:function(n,r,i){return function(e){var t=I.attr(e,n);return null==t?"!="===r:!r||(t+="","="===r?t===i:"!="===r?t!==i:"^="===r?i&&0===t.indexOf(i):"*="===r?i&&-1<t.indexOf(i):"$="===r?i&&t.slice(-i.length)===i:"~="===r?-1<(" "+t.replace(v," ")+" ").indexOf(i):"|="===r&&(t===i||t.slice(0,i.length+1)===i+"-"))}},CHILD:function(d,e,t,h,g){var v="nth"!==d.slice(0,3),y="last"!==d.slice(-4),m="of-type"===e;return 1===h&&0===g?function(e){return!!e.parentNode}:function(e,t,n){var r,i,o,a,s,u=v!==y?"nextSibling":"previousSibling",l=e.parentNode,c=m&&e.nodeName.toLowerCase(),f=!n&&!m,p=!1;if(l){if(v){while(u){o=e;while(o=o[u])if(m?fe(o,c):1===o.nodeType)return!1;s=u="only"===d&&!s&&"nextSibling"}return!0}if(s=[y?l.firstChild:l.lastChild],y&&f){p=(a=(r=(i=l[S]||(l[S]={}))[d]||[])[0]===E&&r[1])&&r[2],o=a&&l.childNodes[a];while(o=++a&&o&&o[u]||(p=a=0)||s.pop())if(1===o.nodeType&&++p&&o===e){i[d]=[E,a,p];break}}else if(f&&(p=a=(r=(i=e[S]||(e[S]={}))[d]||[])[0]===E&&r[1]),!1===p)while(o=++a&&o&&o[u]||(p=a=0)||s.pop())if((m?fe(o,c):1===o.nodeType)&&++p&&(f&&((i=o[S]||(o[S]={}))[d]=[E,p]),o===e))break;return(p-=g)===h||p%h==0&&0<=p/h}}},PSEUDO:function(e,o){var t,a=b.pseudos[e]||b.setFilters[e.toLowerCase()]||I.error("unsupported pseudo: "+e);return a[S]?a(o):1<a.length?(t=[e,e,"",o],b.setFilters.hasOwnProperty(e.toLowerCase())?F(function(e,t){var n,r=a(e,o),i=r.length;while(i--)e[n=se.call(e,r[i])]=!(t[n]=r[i])}):function(e){return a(e,0,t)}):a}},pseudos:{not:F(function(e){var r=[],i=[],s=ne(e.replace(ve,"$1"));return s[S]?F(function(e,t,n,r){var i,o=s(e,null,r,[]),a=e.length;while(a--)(i=o[a])&&(e[a]=!(t[a]=i))}):function(e,t,n){return r[0]=e,s(r,null,n,i),r[0]=null,!i.pop()}}),has:F(function(t){return function(e){return 0<I(t,e).length}}),contains:F(function(t){return t=t.replace(O,P),function(e){return-1<(e.textContent||ce.text(e)).indexOf(t)}}),lang:F(function(n){return A.test(n||"")||I.error("unsupported lang: "+n),n=n.replace(O,P).toLowerCase(),function(e){var t;do{if(t=C?e.lang:e.getAttribute("xml:lang")||e.getAttribute("lang"))return(t=t.toLowerCase())===n||0===t.indexOf(n+"-")}while((e=e.parentNode)&&1===e.nodeType);return!1}}),target:function(e){var t=ie.location&&ie.location.hash;return t&&t.slice(1)===e.id},root:function(e){return e===r},focus:function(e){return e===function(){try{return T.activeElement}catch(e){}}()&&T.hasFocus()&&!!(e.type||e.href||~e.tabIndex)},enabled:X(!1),disabled:X(!0),checked:function(e){return fe(e,"input")&&!!e.checked||fe(e,"option")&&!!e.selected},selected:function(e){return e.parentNode&&e.parentNode.selectedIndex,!0===e.selected},empty:function(e){for(e=e.firstChild;e;e=e.nextSibling)if(e.nodeType<6)return!1;return!0},parent:function(e){return!b.pseudos.empty(e)},header:function(e){return q.test(e.nodeName)},input:function(e){return N.test(e.nodeName)},button:function(e){return fe(e,"input")&&"button"===e.type||fe(e,"button")},text:function(e){var t;return fe(e,"input")&&"text"===e.type&&(null==(t=e.getAttribute("type"))||"text"===t.toLowerCase())},first:U(function(){return[0]}),last:U(function(e,t){return[t-1]}),eq:U(function(e,t,n){return[n<0?n+t:n]}),even:U(function(e,t){for(var n=0;n<t;n+=2)e.push(n);return e}),odd:U(function(e,t){for(var n=1;n<t;n+=2)e.push(n);return e}),lt:U(function(e,t,n){var r;for(r=n<0?n+t:t<n?t:n;0<=--r;)e.push(r);return e}),gt:U(function(e,t,n){for(var r=n<0?n+t:n;++r<t;)e.push(r);return e})}}).pseudos.nth=b.pseudos.eq,{radio:!0,checkbox:!0,file:!0,password:***MASKED***" "];if(l)return t?0:l.slice(0);a=e,s=[],u=b.preFilter;while(a){for(o in n&&!(r=y.exec(a))||(r&&(a=a.slice(r[0].length)||a),s.push(i=[])),n=!1,(r=m.exec(a))&&(n=r.shift(),i.push({value:n,type:r[0].replace(ve," ")}),a=a.slice(n.length)),b.filter)!(r=D[o].exec(a))||u[o]&&!(r=u[o](r))||(n=r.shift(),i.push({value:n,type:o,matches:r}),a=a.slice(n.length));if(!n)break}return t?a.length:a?I.error(e):c(e,s).slice(0)}function Q(e){for(var t=0,n=e.length,r="";t<n;t++)r+=e[t].value;return r}function J(a,e,t){var s=e.dir,u=e.next,l=u||s,c=t&&"parentNode"===l,f=n++;return e.first?function(e,t,n){while(e=e[s])if(1===e.nodeType||c)return a(e,t,n);return!1}:function(e,t,n){var r,i,o=[E,f];if(n){while(e=e[s])if((1===e.nodeType||c)&&a(e,t,n))return!0}else while(e=e[s])if(1===e.nodeType||c)if(i=e[S]||(e[S]={}),u&&fe(e,u))e=e[s]||e;else{if((r=i[l])&&r[0]===E&&r[1]===f)return o[2]=r[2];if((i[l]=o)[2]=a(e,t,n))return!0}return!1}}function K(i){return 1<i.length?function(e,t,n){var r=i.length;while(r--)if(!i[r](e,t,n))return!1;return!0}:i[0]}function Z(e,t,n,r,i){for(var o,a=[],s=0,u=e.length,l=null!=t;s<u;s++)(o=e[s])&&(n&&!n(o,r,i)||(a.push(o),l&&t.push(s)));return a}function ee(d,h,g,v,y,e){return v&&!v[S]&&(v=ee(v)),y&&!y[S]&&(y=ee(y,e)),F(function(e,t,n,r){var i,o,a,s,u=[],l=[],c=t.length,f=e||function(e,t,n){for(var r=0,i=t.length;r<i;r++)I(e,t[r],n);return n}(h||"*",n.nodeType?[n]:n,[]),p=!d||!e&&h?f:Z(f,u,d,n,r);if(g?g(p,s=y||(e?d:c||v)?[]:t,n,r):s=p,v){i=Z(s,l),v(i,[],n,r),o=i.length;while(o--)(a=i[o])&&(s[l[o]]=!(p[l[o]]=a))}if(e){if(y||d){if(y){i=[],o=s.length;while(o--)(a=s[o])&&i.push(p[o]=a);y(null,s=[],i,r)}o=s.length;while(o--)(a=s[o])&&-1<(i=y?se.call(e,a):u[o])&&(e[i]=!(t[i]=a))}}else s=Z(s===t?s.splice(c,s.length):s),y?y(null,t,s,r):k.apply(t,s)})}function te(e){for(var i,t,n,r=e.length,o=b.relative[e[0].type],a=o||b.relative[" "],s=o?1:0,u=J(function(e){return e===i},a,!0),l=J(function(e){return-1<se.call(i,e)},a,!0),c=[function(e,t,n){var r=!o&&(n||t!=w)||((i=t).nodeType?u(e,t,n):l(e,t,n));return i=null,r}];s<r;s++)if(t=b.relative[e[s].type])c=[J(K(c),t)];else{if((t=b.filter[e[s].type].apply(null,e[s].matches))[S]){for(n=++s;n<r;n++)if(b.relative[e[n].type])break;return ee(1<s&&K(c),1<s&&Q(e.slice(0,s-1).concat({value:" "===e[s-2].type?"*":""})).replace(ve,"$1"),t,s<n&&te(e.slice(s,n)),n<r&&te(e=e.slice(n)),n<r&&Q(e))}c.push(t)}return K(c)}function ne(e,t){var n,v,y,m,x,r,i=[],o=[],a=u[e+" "];if(!a){t||(t=Y(e)),n=t.length;while(n--)(a=te(t[n]))[S]?i.push(a):o.push(a);(a=u(e,(v=o,m=0<(y=i).length,x=0<v.length,r=function(e,t,n,r,i){var o,a,s,u=0,l="0",c=e&&[],f=[],p=w,d=e||x&&b.find.TAG("*",i),h=E+=null==p?1:Math.random()||.1,g=d.length;for(i&&(w=t==T||t||i);l!==g&&null!=(o=d[l]);l++){if(x&&o){a=0,t||o.ownerDocument==T||(V(o),n=!C);while(s=v[a++])if(s(o,t||T,n)){k.call(r,o);break}i&&(E=h)}m&&((o=!s&&o)&&u--,e&&c.push(o))}if(u+=l,m&&l!==u){a=0;while(s=y[a++])s(c,f,t,n);if(e){if(0<u)while(l--)c[l]||f[l]||(f[l]=pe.call(r));f=Z(f)}k.apply(r,f),i&&!e&&0<f.length&&1<u+y.length&&ce.uniqueSort(r)}return i&&(E=h,w=p),c},m?F(r):r))).selector=e}return a}function re(e,t,n,r){var i,o,a,s,u,l="function"==typeof e&&e,c=!r&&Y(e=l.selector||e);if(n=n||[],1===c.length){if(2<(o=c[0]=c[0].slice(0)).length&&"ID"===(a=o[0]).type&&9===t.nodeType&&C&&b.relative[o[1].type]){if(!(t=(b.find.ID(a.matches[0].replace(O,P),t)||[])[0]))return n;l&&(t=t.parentNode),e=e.slice(o.shift().value.length)}i=D.needsContext.test(e)?0:o.length;while(i--){if(a=o[i],b.relative[s=a.type])break;if((u=b.find[s])&&(r=u(a.matches[0].replace(O,P),H.test(o[0].type)&&z(t.parentNode)||t))){if(o.splice(i,1),!(e=r.length&&Q(o)))return k.apply(n,r),n;break}}}return(l||ne(e,c))(r,t,!C,n,!t||H.test(e)&&z(t.parentNode)||t),n}G.prototype=b.filters=b.pseudos,b.setFilters=new G,le.sortStable=S.split("").sort(l).join("")===S,V(),le.sortDetached=$(function(e){return 1&e.compareDocumentPosition(T.createElement("fieldset"))}),ce.find=I,ce.expr[":"]=ce.expr.pseudos,ce.unique=ce.uniqueSort,I.compile=ne,I.select=re,I.setDocument=V,I.escape=ce.escapeSelector,I.getText=ce.text,I.isXML=ce.isXMLDoc,I.selectors=ce.expr,I.support=ce.support,I.uniqueSort=ce.uniqueSort}();var d=function(e,t,n){var r=[],i=void 0!==n;while((e=e[t])&&9!==e.nodeType)if(1===e.nodeType){if(i&&ce(e).is(n))break;r.push(e)}return r},h=function(e,t){for(var n=[];e;e=e.nextSibling)1===e.nodeType&&e!==t&&n.push(e);return n},b=ce.expr.match.needsContext,w=/^<([a-z][^\/\0>:\x20\t\r\n\f]*)[\x20\t\r\n\f]*\/?>(?:<\/\1>|)$/i;function T(e,n,r){return v(n)?ce.grep(e,function(e,t){return!!n.call(e,t,e)!==r}):n.nodeType?ce.grep(e,function(e){return e===n!==r}):"string"!=typeof n?ce.grep(e,function(e){return-1<se.call(n,e)!==r}):ce.filter(n,e,r)}ce.filter=function(e,t,n){var r=t[0];return n&&(e=":not("+e+")"),1===t.length&&1===r.nodeType?ce.find.matchesSelector(r,e)?[r]:[]:ce.find.matches(e,ce.grep(t,function(e){return 1===e.nodeType}))},ce.fn.extend({find:function(e){var t,n,r=this.length,i=this;if("string"!=typeof e)return this.pushStack(ce(e).filter(function(){for(t=0;t<r;t++)if(ce.contains(i[t],this))return!0}));for(n=this.pushStack([]),t=0;t<r;t++)ce.find(e,i[t],n);return 1<r?ce.uniqueSort(n):n},filter:function(e){return this.pushStack(T(this,e||[],!1))},not:function(e){return this.pushStack(T(this,e||[],!0))},is:function(e){return!!T(this,"string"==typeof e&&b.test(e)?ce(e):e||[],!1).length}});var k,S=/^(?:\s*(<[\w\W]+>)[^>]*|#([\w-]+))$/;(ce.fn.init=function(e,t,n){var r,i;if(!e)return this;if(n=n||k,"string"==typeof e){if(!(r="<"===e[0]&&">"===e[e.length-1]&&3<=e.length?[null,e,null]:S.exec(e))||!r[1]&&t)return!t||t.jquery?(t||n).find(e):this.constructor(t).find(e);if(r[1]){if(t=t instanceof ce?t[0]:t,ce.merge(this,ce.parseHTML(r[1],t&&t.nodeType?t.ownerDocument||t:C,!0)),w.test(r[1])&&ce.isPlainObject(t))for(r in t)v(this[r])?this[r](t[r]):this.attr(r,t[r]);return this}return(i=C.getElementById(r[2]))&&(this[0]=i,this.length=1),this}return e.nodeType?(this[0]=e,this.length=1,this):v(e)?void 0!==n.ready?n.ready(e):e(ce):ce.makeArray(e,this)}).prototype=ce.fn,k=ce(C);var E=/^(?:parents|prev(?:Until|All))/,j={children:!0,contents:!0,next:!0,prev:!0};function A(e,t){while((e=e[t])&&1!==e.nodeType);return e}ce.fn.extend({has:function(e){var t=ce(e,this),n=t.length;return this.filter(function(){for(var e=0;e<n;e++)if(ce.contains(this,t[e]))return!0})},closest:function(e,t){var n,r=0,i=this.length,o=[],a="string"!=typeof e&&ce(e);if(!b.test(e))for(;r<i;r++)for(n=this[r];n&&n!==t;n=n.parentNode)if(n.nodeType<11&&(a?-1<a.index(n):1===n.nodeType&&ce.find.matchesSelector(n,e))){o.push(n);break}return this.pushStack(1<o.length?ce.uniqueSort(o):o)},index:function(e){return e?"string"==typeof e?se.call(ce(e),this[0]):se.call(this,e.jquery?e[0]:e):this[0]&&this[0].parentNode?this.first().prevAll().length:-1},add:function(e,t){return this.pushStack(ce.uniqueSort(ce.merge(this.get(),ce(e,t))))},addBack:function(e){return this.add(null==e?this.prevObject:this.prevObject.filter(e))}}),ce.each({parent:function(e){var t=e.parentNode;return t&&11!==t.nodeType?t:null},parents:function(e){return d(e,"parentNode")},parentsUntil:function(e,t,n){return d(e,"parentNode",n)},next:function(e){return A(e,"nextSibling")},prev:function(e){return A(e,"previousSibling")},nextAll:function(e){return d(e,"nextSibling")},prevAll:function(e){return d(e,"previousSibling")},nextUntil:function(e,t,n){return d(e,"nextSibling",n)},prevUntil:function(e,t,n){return d(e,"previousSibling",n)},siblings:function(e){return h((e.parentNode||{}).firstChild,e)},children:function(e){return h(e.firstChild)},contents:function(e){return null!=e.contentDocument&&r(e.contentDocument)?e.contentDocument:(fe(e,"template")&&(e=e.content||e),ce.merge([],e.childNodes))}},function(r,i){ce.fn[r]=function(e,t){var n=ce.map(this,i,e);return"Until"!==r.slice(-5)&&(t=e),t&&"string"==typeof t&&(n=ce.filter(t,n)),1<this.length&&(j[r]||ce.uniqueSort(n),E.test(r)&&n.reverse()),this.pushStack(n)}});var D=/[^\x20\t\r\n\f]+/g;function N(e){return e}function q(e){throw e}function L(e,t,n,r){var i;try{e&&v(i=e.promise)?i.call(e).done(t).fail(n):e&&v(i=e.then)?i.call(e,t,n):t.apply(void 0,[e].slice(r))}catch(e){n.apply(void 0,[e])}}ce.Callbacks=function(r){var e,n;r="string"==typeof r?(e=r,n={},ce.each(e.match(D)||[],function(e,t){n[t]=!0}),n):ce.extend({},r);var i,t,o,a,s=[],u=[],l=-1,c=function(){for(a=a||r.once,o=i=!0;u.length;l=-1){t=u.shift();while(++l<s.length)!1===s[l].apply(t[0],t[1])&&r.stopOnFalse&&(l=s.length,t=!1)}r.memory||(t=!1),i=!1,a&&(s=t?[]:"")},f={add:function(){return s&&(t&&!i&&(l=s.length-1,u.push(t)),function n(e){ce.each(e,function(e,t){v(t)?r.unique&&f.has(t)||s.push(t):t&&t.length&&"string"!==x(t)&&n(t)})}(arguments),t&&!i&&c()),this},remove:function(){return ce.each(arguments,function(e,t){var n;while(-1<(n=ce.inArray(t,s,n)))s.splice(n,1),n<=l&&l--}),this},has:function(e){return e?-1<ce.inArray(e,s):0<s.length},empty:function(){return s&&(s=[]),this},disable:function(){return a=u=[],s=t="",this},disabled:function(){return!s},lock:function(){return a=u=[],t||i||(s=t=""),this},locked:function(){return!!a},fireWith:function(e,t){return a||(t=[e,(t=t||[]).slice?t.slice():t],u.push(t),i||c()),this},fire:function(){return f.fireWith(this,arguments),this},fired:function(){return!!o}};return f},ce.extend({Deferred:function(e){var o=[["notify","progress",ce.Callbacks("memory"),ce.Callbacks("memory"),2],["resolve","done",ce.Callbacks("once memory"),ce.Callbacks("once memory"),0,"resolved"],["reject","fail",ce.Callbacks("once memory"),ce.Callbacks("once memory"),1,"rejected"]],i="pending",a={state:function(){return i},always:function(){return s.done(arguments).fail(arguments),this},"catch":function(e){return a.then(null,e)},pipe:function(){var i=arguments;return ce.Deferred(function(r){ce.each(o,function(e,t){var n=v(i[t[4]])&&i[t[4]];s[t[1]](function(){var e=n&&n.apply(this,arguments);e&&v(e.promise)?e.promise().progress(r.notify).done(r.resolve).fail(r.reject):r[t[0]+"With"](this,n?[e]:arguments)})}),i=null}).promise()},then:function(t,n,r){var u=0;function l(i,o,a,s){return function(){var n=this,r=arguments,e=function(){var e,t;if(!(i<u)){if((e=a.apply(n,r))===o.promise())throw new TypeError("Thenable self-resolution");t=e&&("object"==typeof e||"function"==typeof e)&&e.then,v(t)?s?t.call(e,l(u,o,N,s),l(u,o,q,s)):(u++,t.call(e,l(u,o,N,s),l(u,o,q,s),l(u,o,N,o.notifyWith))):(a!==N&&(n=void 0,r=[e]),(s||o.resolveWith)(n,r))}},t=s?e:function(){try{e()}catch(e){ce.Deferred.exceptionHook&&ce.Deferred.exceptionHook(e,t.error),u<=i+1&&(a!==q&&(n=void 0,r=[e]),o.rejectWith(n,r))}};i?t():(ce.Deferred.getErrorHook?t.error=ce.Deferred.getErrorHook():ce.Deferred.getStackHook&&(t.error=ce.Deferred.getStackHook()),ie.setTimeout(t))}}return ce.Deferred(function(e){o[0][3].add(l(0,e,v(r)?r:N,e.notifyWith)),o[1][3].add(l(0,e,v(t)?t:N)),o[2][3].add(l(0,e,v(n)?n:q))}).promise()},promise:function(e){return null!=e?ce.extend(e,a):a}},s={};return ce.each(o,function(e,t){var n=t[2],r=t[5];a[t[1]]=n.add,r&&n.add(function(){i=r},o[3-e][2].disable,o[3-e][3].disable,o[0][2].lock,o[0][3].lock),n.add(t[3].fire),s[t[0]]=function(){return s[t[0]+"With"](this===s?void 0:this,arguments),this},s[t[0]+"With"]=n.fireWith}),a.promise(s),e&&e.call(s,s),s},when:function(e){var n=arguments.length,t=n,r=Array(t),i=ae.call(arguments),o=ce.Deferred(),a=function(t){return function(e){r[t]=this,i[t]=1<arguments.length?ae.call(arguments):e,--n||o.resolveWith(r,i)}};if(n<=1&&(L(e,o.done(a(t)).resolve,o.reject,!n),"pending"===o.state()||v(i[t]&&i[t].then)))return o.then();while(t--)L(i[t],a(t),o.reject);return o.promise()}});var H=/^(Eval|Internal|Range|Reference|Syntax|Type|URI)Error$/;ce.Deferred.exceptionHook=function(e,t){ie.console&&ie.console.warn&&e&&H.test(e.name)&&ie.console.warn("jQuery.Deferred exception: "+e.message,e.stack,t)},ce.readyException=function(e){ie.setTimeout(function(){throw e})};var O=ce.Deferred();function P(){C.removeEventListener("DOMContentLoaded",P),ie.removeEventListener("load",P),ce.ready()}ce.fn.ready=function(e){return O.then(e)["catch"](function(e){ce.readyException(e)}),this},ce.extend({isReady:!1,readyWait:1,ready:function(e){(!0===e?--ce.readyWait:ce.isReady)||(ce.isReady=!0)!==e&&0<--ce.readyWait||O.resolveWith(C,[ce])}}),ce.ready.then=O.then,"complete"===C.readyState||"loading"!==C.readyState&&!C.documentElement.doScroll?ie.setTimeout(ce.ready):(C.addEventListener("DOMContentLoaded",P),ie.addEventListener("load",P));var R=function(e,t,n,r,i,o,a){var s=0,u=e.length,l=null==n;if("object"===x(n))for(s in i=!0,n)R(e,t,s,n[s],!0,o,a);else if(void 0!==r&&(i=!0,v(r)||(a=!0),l&&(a?(t.call(e,r),t=null):(l=t,t=function(e,t,n){return l.call(ce(e),n)})),t))for(;s<u;s++)t(e[s],n,a?r:r.call(e[s],s,t(e[s],n)));return i?e:l?t.call(e):u?t(e[0],n):o},M=/^-ms-/,I=/-([a-z])/g;function W(e,t){return t.toUpperCase()}function F(e){return e.replace(M,"ms-").replace(I,W)}var $=function(e){return 1===e.nodeType||9===e.nodeType||!+e.nodeType};function B(){this.expando=ce.expando+B.uid++}B.uid=1,B.prototype={cache:function(e){var t=e[this.expando];return t||(t={},$(e)&&(e.nodeType?e[this.expando]=t:Object.defineProperty(e,this.expando,{value:t,configurable:!0}))),t},set:function(e,t,n){var r,i=this.cache(e);if("string"==typeof t)i[F(t)]=n;else for(r in t)i[F(r)]=t[r];return i},get:function(e,t){return void 0===t?this.cache(e):e[this.expando]&&e[this.expando][F(t)]},access:function(e,t,n){return void 0===t||t&&"string"==typeof t&&void 0===n?this.get(e,t):(this.set(e,t,n),void 0!==n?n:t)},remove:function(e,t){var n,r=e[this.expando];if(void 0!==r){if(void 0!==t){n=(t=Array.isArray(t)?t.map(F):(t=F(t))in r?[t]:t.match(D)||[]).length;while(n--)delete r[t[n]]}(void 0===t||ce.isEmptyObject(r))&&(e.nodeType?e[this.expando]=void 0:delete e[this.expando])}},hasData:function(e){var t=e[this.expando];return void 0!==t&&!ce.isEmptyObject(t)}};var _=new B,X=new B,U=/^(?:\{[\w\W]*\}|\[[\w\W]*\])$/,z=/[A-Z]/g;function V(e,t,n){var r,i;if(void 0===n&&1===e.nodeType)if(r="data-"+t.replace(z,"-$&").toLowerCase(),"string"==typeof(n=e.getAttribute(r))){try{n="true"===(i=n)||"false"!==i&&("null"===i?null:i===+i+""?+i:U.test(i)?JSON.parse(i):i)}catch(e){}X.set(e,t,n)}else n=void 0;return n}ce.extend({hasData:function(e){return X.hasData(e)||_.hasData(e)},data:function(e,t,n){return X.access(e,t,n)},removeData:function(e,t){X.remove(e,t)},_data:function(e,t,n){return _.access(e,t,n)},_removeData:function(e,t){_.remove(e,t)}}),ce.fn.extend({data:function(n,e){var t,r,i,o=this[0],a=o&&o.attributes;if(void 0===n){if(this.length&&(i=X.get(o),1===o.nodeType&&!_.get(o,"hasDataAttrs"))){t=a.length;while(t--)a[t]&&0===(r=a[t].name).indexOf("data-")&&(r=F(r.slice(5)),V(o,r,i[r]));_.set(o,"hasDataAttrs",!0)}return i}return"object"==typeof n?this.each(function(){X.set(this,n)}):R(this,function(e){var t;if(o&&void 0===e)return void 0!==(t=X.get(o,n))?t:void 0!==(t=V(o,n))?t:void 0;this.each(function(){X.set(this,n,e)})},null,e,1<arguments.length,null,!0)},removeData:function(e){return this.each(function(){X.remove(this,e)})}}),ce.extend({queue:function(e,t,n){var r;if(e)return t=(t||"fx")+"queue",r=_.get(e,t),n&&(!r||Array.isArray(n)?r=_.access(e,t,ce.makeArray(n)):r.push(n)),r||[]},dequeue:function(e,t){t=t||"fx";var n=ce.queue(e,t),r=n.length,i=n.shift(),o=ce._queueHooks(e,t);"inprogress"===i&&(i=n.shift(),r--),i&&("fx"===t&&n.unshift("inprogress"),delete o.stop,i.call(e,function(){ce.dequeue(e,t)},o)),!r&&o&&o.empty.fire()},_queueHooks:function(e,t){var n=t+"queueHooks";return _.get(e,n)||_.access(e,n,{empty:ce.Callbacks("once memory").add(function(){_.remove(e,[t+"queue",n])})})}}),ce.fn.extend({queue:function(t,n){var e=2;return"string"!=typeof t&&(n=t,t="fx",e--),arguments.length<e?ce.queue(this[0],t):void 0===n?this:this.each(function(){var e=ce.queue(this,t,n);ce._queueHooks(this,t),"fx"===t&&"inprogress"!==e[0]&&ce.dequeue(this,t)})},dequeue:function(e){return this.each(function(){ce.dequeue(this,e)})},clearQueue:function(e){return this.queue(e||"fx",[])},promise:function(e,t){var n,r=1,i=ce.Deferred(),o=this,a=this.length,s=function(){--r||i.resolveWith(o,[o])};"string"!=typeof e&&(t=e,e=void 0),e=e||"fx";while(a--)(n=_.get(o[a],e+"queueHooks"))&&n.empty&&(r++,n.empty.add(s));return s(),i.promise(t)}});var G=/[+-]?(?:\d*\.|)\d+(?:[eE][+-]?\d+|)/.source,Y=new RegExp("^(?:([+-])=|)("+G+")([a-z%]*)$","i"),Q=["Top","Right","Bottom","Left"],J=C.documentElement,K=function(e){return ce.contains(e.ownerDocument,e)},Z={composed:!0};J.getRootNode&&(K=function(e){return ce.contains(e.ownerDocument,e)||e.getRootNode(Z)===e.ownerDocument});var ee=function(e,t){return"none"===(e=t||e).style.display||""===e.style.display&&K(e)&&"none"===ce.css(e,"display")};function te(e,t,n,r){var i,o,a=20,s=r?function(){return r.cur()}:function(){return ce.css(e,t,"")},u=s(),l=n&&n[3]||(ce.cssNumber[t]?"":"px"),c=e.nodeType&&(ce.cssNumber[t]||"px"!==l&&+u)&&Y.exec(ce.css(e,t));if(c&&c[3]!==l){u/=2,l=l||c[3],c=+u||1;while(a--)ce.style(e,t,c+l),(1-o)*(1-(o=s()/u||.5))<=0&&(a=0),c/=o;c*=2,ce.style(e,t,c+l),n=n||[]}return n&&(c=+c||+u||0,i=n[1]?c+(n[1]+1)*n[2]:+n[2],r&&(r.unit=l,r.start=c,r.end=i)),i}var ne={};function re(e,t){for(var n,r,i,o,a,s,u,l=[],c=0,f=e.length;c<f;c++)(r=e[c]).style&&(n=r.style.display,t?("none"===n&&(l[c]=_.get(r,"display")||null,l[c]||(r.style.display="")),""===r.style.display&&ee(r)&&(l[c]=(u=a=o=void 0,a=(i=r).ownerDocument,s=i.nodeName,(u=ne[s])||(o=a.body.appendChild(a.createElement(s)),u=ce.css(o,"display"),o.parentNode.removeChild(o),"none"===u&&(u="block"),ne[s]=u)))):"none"!==n&&(l[c]="none",_.set(r,"display",n)));for(c=0;c<f;c++)null!=l[c]&&(e[c].style.display=l[c]);return e}ce.fn.extend({show:function(){return re(this,!0)},hide:function(){return re(this)},toggle:function(e){return"boolean"==typeof e?e?this.show():this.hide():this.each(function(){ee(this)?ce(this).show():ce(this).hide()})}});var xe,be,we=/^(?:checkbox|radio)$/i,Te=/<([a-z][^\/\0>\x20\t\r\n\f]*)/i,Ce=/^$|^module$|\/(?:java|ecma)script/i;xe=C.createDocumentFragment().appendChild(C.createElement("div")),(be=C.createElement("input")).setAttribute("type","radio"),be.setAttribute("checked","checked"),be.setAttribute("name","t"),xe.appendChild(be),le.checkClone=xe.cloneNode(!0).cloneNode(!0).lastChild.checked,xe.innerHTML="<textarea>x</textarea>",le.noCloneChecked=!!xe.cloneNode(!0).lastChild.defaultValue,xe.innerHTML="<option></option>",le.option=!!xe.lastChild;var ke={thead:[1,"<table>","</table>"],col:[2,"<table><colgroup>","</colgroup></table>"],tr:[2,"<table><tbody>","</tbody></table>"],td:[3,"<table><tbody><tr>","</tr></tbody></table>"],_default:[0,"",""]};function Se(e,t){var n;return n="undefined"!=typeof e.getElementsByTagName?e.getElementsByTagName(t||"*"):"undefined"!=typeof e.querySelectorAll?e.querySelectorAll(t||"*"):[],void 0===t||t&&fe(e,t)?ce.merge([e],n):n}function Ee(e,t){for(var n=0,r=e.length;n<r;n++)_.set(e[n],"globalEval",!t||_.get(t[n],"globalEval"))}ke.tbody=ke.tfoot=ke.colgroup=ke.caption=ke.thead,ke.th=ke.td,le.option||(ke.optgroup=ke.option=[1,"<select multiple='multiple'>","</select>"]);var je=/<|&#?\w+;/;function Ae(e,t,n,r,i){for(var o,a,s,u,l,c,f=t.createDocumentFragment(),p=[],d=0,h=e.length;d<h;d++)if((o=e[d])||0===o)if("object"===x(o))ce.merge(p,o.nodeType?[o]:o);else if(je.test(o)){a=a||f.appendChild(t.createElement("div")),s=(Te.exec(o)||["",""])[1].toLowerCase(),u=ke[s]||ke._default,a.innerHTML=u[1]+ce.htmlPrefilter(o)+u[2],c=u[0];while(c--)a=a.lastChild;ce.merge(p,a.childNodes),(a=f.firstChild).textContent=""}else p.push(t.createTextNode(o));f.textContent="",d=0;while(o=p[d++])if(r&&-1<ce.inArray(o,r))i&&i.push(o);else if(l=K(o),a=Se(f.appendChild(o),"script"),l&&Ee(a),n){c=0;while(o=a[c++])Ce.test(o.type||"")&&n.push(o)}return f}var De=/^([^.]*)(?:\.(.+)|)/;function Ne(){return!0}function qe(){return!1}function Le(e,t,n,r,i,o){var a,s;if("object"==typeof t){for(s in"string"!=typeof n&&(r=r||n,n=void 0),t)Le(e,s,n,r,t[s],o);return e}if(null==r&&null==i?(i=n,r=n=void 0):null==i&&("string"==typeof n?(i=r,r=void 0):(i=r,r=n,n=void 0)),!1===i)i=qe;else if(!i)return e;return 1===o&&(a=i,(i=function(e){return ce().off(e),a.apply(this,arguments)}).guid=a.guid||(a.guid=ce.guid++)),e.each(function(){ce.event.add(this,t,i,r,n)})}function He(e,r,t){t?(_.set(e,r,!1),ce.event.add(e,r,{namespace:!1,handler:function(e){var t,n=_.get(this,r);if(1&e.isTrigger&&this[r]){if(n)(ce.event.special[r]||{}).delegateType&&e.stopPropagation();else if(n=ae.call(arguments),_.set(this,r,n),this[r](),t=_.get(this,r),_.set(this,r,!1),n!==t)return e.stopImmediatePropagation(),e.preventDefault(),t}else n&&(_.set(this,r,ce.event.trigger(n[0],n.slice(1),this)),e.stopPropagation(),e.isImmediatePropagationStopped=Ne)}})):void 0===_.get(e,r)&&ce.event.add(e,r,Ne)}ce.event={global:{},add:function(t,e,n,r,i){var o,a,s,u,l,c,f,p,d,h,g,v=_.get(t);if($(t)){n.handler&&(n=(o=n).handler,i=o.selector),i&&ce.find.matchesSelector(J,i),n.guid||(n.guid=ce.guid++),(u=v.events)||(u=v.events=Object.create(null)),(a=v.handle)||(a=v.handle=function(e){return"undefined"!=typeof ce&&ce.event.triggered!==e.type?ce.event.dispatch.apply(t,arguments):void 0}),l=(e=(e||"").match(D)||[""]).length;while(l--)d=g=(s=De.exec(e[l])||[])[1],h=(s[2]||"").split(".").sort(),d&&(f=ce.event.special[d]||{},d=(i?f.delegateType:f.bindType)||d,f=ce.event.special[d]||{},c=ce.extend({type:d,origType:g,data:r,handler:n,guid:n.guid,selector:i,needsContext:i&&ce.expr.match.needsContext.test(i),namespace:h.join(".")},o),(p=u[d])||((p=u[d]=[]).delegateCount=0,f.setup&&!1!==f.setup.call(t,r,h,a)||t.addEventListener&&t.addEventListener(d,a)),f.add&&(f.add.call(t,c),c.handler.guid||(c.handler.guid=n.guid)),i?p.splice(p.delegateCount++,0,c):p.push(c),ce.event.global[d]=!0)}},remove:function(e,t,n,r,i){var o,a,s,u,l,c,f,p,d,h,g,v=_.hasData(e)&&_.get(e);if(v&&(u=v.events)){l=(t=(t||"").match(D)||[""]).length;while(l--)if(d=g=(s=De.exec(t[l])||[])[1],h=(s[2]||"").split(".").sort(),d){f=ce.event.special[d]||{},p=u[d=(r?f.delegateType:f.bindType)||d]||[],s=s[2]&&new RegExp("(^|\\.)"+h.join("\\.(?:.*\\.|)")+"(\\.|$)"),a=o=p.length;while(o--)c=p[o],!i&&g!==c.origType||n&&n.guid!==c.guid||s&&!s.test(c.namespace)||r&&r!==c.selector&&("**"!==r||!c.selector)||(p.splice(o,1),c.selector&&p.delegateCount--,f.remove&&f.remove.call(e,c));a&&!p.length&&(f.teardown&&!1!==f.teardown.call(e,h,v.handle)||ce.removeEvent(e,d,v.handle),delete u[d])}else for(d in u)ce.event.remove(e,d+t[l],n,r,!0);ce.isEmptyObject(u)&&_.remove(e,"handle events")}},dispatch:function(e){var t,n,r,i,o,a,s=new Array(arguments.length),u=ce.event.fix(e),l=(_.get(this,"events")||Object.create(null))[u.type]||[],c=ce.event.special[u.type]||{};for(s[0]=u,t=1;t<arguments.length;t++)s[t]=arguments[t];if(u.delegateTarget=this,!c.preDispatch||!1!==c.preDispatch.call(this,u)){a=ce.event.handlers.call(this,u,l),t=0;while((i=a[t++])&&!u.isPropagationStopped()){u.currentTarget=i.elem,n=0;while((o=i.handlers[n++])&&!u.isImmediatePropagationStopped())u.rnamespace&&!1!==o.namespace&&!u.rnamespace.test(o.namespace)||(u.handleObj=o,u.data=o.data,void 0!==(r=((ce.event.special[o.origType]||{}).handle||o.handler).apply(i.elem,s))&&!1===(u.result=r)&&(u.preventDefault(),u.stopPropagation()))}return c.postDispatch&&c.postDispatch.call(this,u),u.result}},handlers:function(e,t){var n,r,i,o,a,s=[],u=t.delegateCount,l=e.target;if(u&&l.nodeType&&!("click"===e.type&&1<=e.button))for(;l!==this;l=l.parentNode||this)if(1===l.nodeType&&("click"!==e.type||!0!==l.disabled)){for(o=[],a={},n=0;n<u;n++)void 0===a[i=(r=t[n]).selector+" "]&&(a[i]=r.needsContext?-1<ce(i,this).index(l):ce.find(i,this,null,[l]).length),a[i]&&o.push(r);o.length&&s.push({elem:l,handlers:o})}return l=this,u<t.length&&s.push({elem:l,handlers:t.slice(u)}),s},addProp:function(t,e){Object.defineProperty(ce.Event.prototype,t,{enumerable:!0,configurable:!0,get:v(e)?function(){if(this.originalEvent)return e(this.originalEvent)}:function(){if(this.originalEvent)return this.originalEvent[t]},set:function(e){Object.defineProperty(this,t,{enumerable:!0,configurable:!0,writable:!0,value:e})}})},fix:function(e){return e[ce.expando]?e:new ce.Event(e)},special:{load:{noBubble:!0},click:{setup:function(e){var t=this||e;return we.test(t.type)&&t.click&&fe(t,"input")&&He(t,"click",!0),!1},trigger:function(e){var t=this||e;return we.test(t.type)&&t.click&&fe(t,"input")&&He(t,"click"),!0},_default:function(e){var t=e.target;return we.test(t.type)&&t.click&&fe(t,"input")&&_.get(t,"click")||fe(t,"a")}},beforeunload:{postDispatch:function(e){void 0!==e.result&&e.originalEvent&&(e.originalEvent.returnValue=e.result)}}}},ce.removeEvent=function(e,t,n){e.removeEventListener&&e.removeEventListener(t,n)},ce.Event=function(e,t){if(!(this instanceof ce.Event))return new ce.Event(e,t);e&&e.type?(this.originalEvent=e,this.type=e.type,this.isDefaultPrevented=e.defaultPrevented||void 0===e.defaultPrevented&&!1===e.returnValue?Ne:qe,this.target=e.target&&3===e.target.nodeType?e.target.parentNode:e.target,this.currentTarget=e.currentTarget,this.relatedTarget=e.relatedTarget):this.type=e,t&&ce.extend(this,t),this.timeStamp=e&&e.timeStamp||Date.now(),this[ce.expando]=!0},ce.Event.prototype={constructor:ce.Event,isDefaultPrevented:qe,isPropagationStopped:qe,isImmediatePropagationStopped:qe,isSimulated:!1,preventDefault:function(){var e=this.originalEvent;this.isDefaultPrevented=Ne,e&&!this.isSimulated&&e.preventDefault()},stopPropagation:function(){var e=this.originalEvent;this.isPropagationStopped=Ne,e&&!this.isSimulated&&e.stopPropagation()},stopImmediatePropagation:function(){var e=this.originalEvent;this.isImmediatePropagationStopped=Ne,e&&!this.isSimulated&&e.stopImmediatePropagation(),this.stopPropagation()}},ce.each({altKey:!0,bubbles:!0,cancelable:!0,changedTouches:!0,ctrlKey:!0,detail:!0,eventPhase:!0,metaKey:!0,pageX:!0,pageY:!0,shiftKey:!0,view:!0,"char":!0,code:!0,charCode:!0,key:!0,keyCode:!0,button:!0,buttons:!0,clientX:!0,clientY:!0,offsetX:!0,offsetY:!0,pointerId:!0,pointerType:!0,screenX:!0,screenY:!0,targetTouches:!0,toElement:!0,touches:!0,which:!0},ce.event.addProp),ce.each({focus:"focusin",blur:"focusout"},function(r,i){function o(e){if(C.documentMode){var t=_.get(this,"handle"),n=ce.event.fix(e);n.type="focusin"===e.type?"focus":"blur",n.isSimulated=!0,t(e),n.target===n.currentTarget&&t(n)}else ce.event.simulate(i,e.target,ce.event.fix(e))}ce.event.special[r]={setup:function(){var e;if(He(this,r,!0),!C.documentMode)return!1;(e=_.get(this,i))||this.addEventListener(i,o),_.set(this,i,(e||0)+1)},trigger:function(){return He(this,r),!0},teardown:function(){var e;if(!C.documentMode)return!1;(e=_.get(this,i)-1)?_.set(this,i,e):(this.removeEventListener(i,o),_.remove(this,i))},_default:function(e){return _.get(e.target,r)},delegateType:i},ce.event.special[i]={setup:function(){var e=this.ownerDocument||this.document||this,t=C.documentMode?this:e,n=_.get(t,i);n||(C.documentMode?this.addEventListener(i,o):e.addEventListener(r,o,!0)),_.set(t,i,(n||0)+1)},teardown:function(){var e=this.ownerDocument||this.document||this,t=C.documentMode?this:e,n=_.get(t,i)-1;n?_.set(t,i,n):(C.documentMode?this.removeEventListener(i,o):e.removeEventListener(r,o,!0),_.remove(t,i))}}}),ce.each({mouseenter:"mouseover",mouseleave:"mouseout",pointerenter:"pointerover",pointerleave:"pointerout"},function(e,i){ce.event.special[e]={delegateType:i,bindType:i,handle:function(e){var t,n=e.relatedTarget,r=e.handleObj;return n&&(n===this||ce.contains(this,n))||(e.type=r.origType,t=r.handler.apply(this,arguments),e.type=i),t}}}),ce.fn.extend({on:function(e,t,n,r){return Le(this,e,t,n,r)},one:function(e,t,n,r){return Le(this,e,t,n,r,1)},off:function(e,t,n){var r,i;if(e&&e.preventDefault&&e.handleObj)return r=e.handleObj,ce(e.delegateTarget).off(r.namespace?r.origType+"."+r.namespace:r.origType,r.selector,r.handler),this;if("object"==typeof e){for(i in e)this.off(i,t,e[i]);return this}return!1!==t&&"function"!=typeof t||(n=t,t=void 0),!1===n&&(n=qe),this.each(function(){ce.event.remove(this,e,n,t)})}});var Oe=/<script|<style|<link/i,Pe=/checked\s*(?:[^=]|=\s*.checked.)/i,Re=/^\s*<!\[CDATA\[|\]\]>\s*$/g;function Me(e,t){return fe(e,"table")&&fe(11!==t.nodeType?t:t.firstChild,"tr")&&ce(e).children("tbody")[0]||e}function Ie(e){return e.type=(null!==e.getAttribute("type"))+"/"+e.type,e}function We(e){return"true/"===(e.type||"").slice(0,5)?e.type=e.type.slice(5):e.removeAttribute("type"),e}function Fe(e,t){var n,r,i,o,a,s;if(1===t.nodeType){if(_.hasData(e)&&(s=_.get(e).events))for(i in _.remove(t,"handle events"),s)for(n=0,r=s[i].length;n<r;n++)ce.event.add(t,i,s[i][n]);X.hasData(e)&&(o=X.access(e),a=ce.extend({},o),X.set(t,a))}}function $e(n,r,i,o){r=g(r);var e,t,a,s,u,l,c=0,f=n.length,p=f-1,d=r[0],h=v(d);if(h||1<f&&"string"==typeof d&&!le.checkClone&&Pe.test(d))return n.each(function(e){var t=n.eq(e);h&&(r[0]=d.call(this,e,t.html())),$e(t,r,i,o)});if(f&&(t=(e=Ae(r,n[0].ownerDocument,!1,n,o)).firstChild,1===e.childNodes.length&&(e=t),t||o)){for(s=(a=ce.map(Se(e,"script"),Ie)).length;c<f;c++)u=e,c!==p&&(u=ce.clone(u,!0,!0),s&&ce.merge(a,Se(u,"script"))),i.call(n[c],u,c);if(s)for(l=a[a.length-1].ownerDocument,ce.map(a,We),c=0;c<s;c++)u=a[c],Ce.test(u.type||"")&&!_.access(u,"globalEval")&&ce.contains(l,u)&&(u.src&&"module"!==(u.type||"").toLowerCase()?ce._evalUrl&&!u.noModule&&ce._evalUrl(u.src,{nonce:u.nonce||u.getAttribute("nonce")},l):m(u.textContent.replace(Re,""),u,l))}return n}function Be(e,t,n){for(var r,i=t?ce.filter(t,e):e,o=0;null!=(r=i[o]);o++)n||1!==r.nodeType||ce.cleanData(Se(r)),r.parentNode&&(n&&K(r)&&Ee(Se(r,"script")),r.parentNode.removeChild(r));return e}ce.extend({htmlPrefilter:function(e){return e},clone:function(e,t,n){var r,i,o,a,s,u,l,c=e.cloneNode(!0),f=K(e);if(!(le.noCloneChecked||1!==e.nodeType&&11!==e.nodeType||ce.isXMLDoc(e)))for(a=Se(c),r=0,i=(o=Se(e)).length;r<i;r++)s=o[r],u=a[r],void 0,"input"===(l=u.nodeName.toLowerCase())&&we.test(s.type)?u.checked=s.checked:"input"!==l&&"textarea"!==l||(u.defaultValue=s.defaultValue);if(t)if(n)for(o=o||Se(e),a=a||Se(c),r=0,i=o.length;r<i;r++)Fe(o[r],a[r]);else Fe(e,c);return 0<(a=Se(c,"script")).length&&Ee(a,!f&&Se(e,"script")),c},cleanData:function(e){for(var t,n,r,i=ce.event.special,o=0;void 0!==(n=e[o]);o++)if($(n)){if(t=n[_.expando]){if(t.events)for(r in t.events)i[r]?ce.event.remove(n,r):ce.removeEvent(n,r,t.handle);n[_.expando]=void 0}n[X.expando]&&(n[X.expando]=void 0)}}}),ce.fn.extend({detach:function(e){return Be(this,e,!0)},remove:function(e){return Be(this,e)},text:function(e){return R(this,function(e){return void 0===e?ce.text(this):this.empty().each(function(){1!==this.nodeType&&11!==this.nodeType&&9!==this.nodeType||(this.textContent=e)})},null,e,arguments.length)},append:function(){return $e(this,arguments,function(e){1!==this.nodeType&&11!==this.nodeType&&9!==this.nodeType||Me(this,e).appendChild(e)})},prepend:function(){return $e(this,arguments,function(e){if(1===this.nodeType||11===this.nodeType||9===this.nodeType){var t=Me(this,e);t.insertBefore(e,t.firstChild)}})},before:function(){return $e(this,arguments,function(e){this.parentNode&&this.parentNode.insertBefore(e,this)})},after:function(){return $e(this,arguments,function(e){this.parentNode&&this.parentNode.insertBefore(e,this.nextSibling)})},empty:function(){for(var e,t=0;null!=(e=this[t]);t++)1===e.nodeType&&(ce.cleanData(Se(e,!1)),e.textContent="");return this},clone:function(e,t){return e=null!=e&&e,t=null==t?e:t,this.map(function(){return ce.clone(this,e,t)})},html:function(e){return R(this,function(e){var t=this[0]||{},n=0,r=this.length;if(void 0===e&&1===t.nodeType)return t.innerHTML;if("string"==typeof e&&!Oe.test(e)&&!ke[(Te.exec(e)||["",""])[1].toLowerCase()]){e=ce.htmlPrefilter(e);try{for(;n<r;n++)1===(t=this[n]||{}).nodeType&&(ce.cleanData(Se(t,!1)),t.innerHTML=e);t=0}catch(e){}}t&&this.empty().append(e)},null,e,arguments.length)},replaceWith:function(){var n=[];return $e(this,arguments,function(e){var t=this.parentNode;ce.inArray(this,n)<0&&(ce.cleanData(Se(this)),t&&t.replaceChild(e,this))},n)}}),ce.each({appendTo:"append",prependTo:"prepend",insertBefore:"before",insertAfter:"after",replaceAll:"replaceWith"},function(e,a){ce.fn[e]=function(e){for(var t,n=[],r=ce(e),i=r.length-1,o=0;o<=i;o++)t=o===i?this:this.clone(!0),ce(r[o])[a](t),s.apply(n,t.get());return this.pushStack(n)}});var _e=new RegExp("^("+G+")(?!px)[a-z%]+$","i"),Xe=/^--/,Ue=function(e){var t=e.ownerDocument.defaultView;return t&&t.opener||(t=ie),t.getComputedStyle(e)},ze=function(e,t,n){var r,i,o={};for(i in t)o[i]=e.style[i],e.style[i]=t[i];for(i in r=n.call(e),t)e.style[i]=o[i];return r},Ve=new RegExp(Q.join("|"),"i");function Ge(e,t,n){var r,i,o,a,s=Xe.test(t),u=e.style;return(n=n||Ue(e))&&(a=n.getPropertyValue(t)||n[t],s&&a&&(a=a.replace(ve,"$1")||void 0),""!==a||K(e)||(a=ce.style(e,t)),!le.pixelBoxStyles()&&_e.test(a)&&Ve.test(t)&&(r=u.width,i=u.minWidth,o=u.maxWidth,u.minWidth=u.maxWidth=u.width=a,a=n.width,u.width=r,u.minWidth=i,u.maxWidth=o)),void 0!==a?a+"":a}function Ye(e,t){return{get:function(){if(!e())return(this.get=t).apply(this,arguments);delete this.get}}}!function(){function e(){if(l){u.style.cssText="position:absolute;left:-11111px;width:60px;margin-top:1px;padding:0;border:0",l.style.cssText="position:relative;display:block;box-sizing:border-box;overflow:scroll;margin:auto;border:1px;padding:1px;width:60%;top:1%",J.appendChild(u).appendChild(l);var e=ie.getComputedStyle(l);n="1%"!==e.top,s=12===t(e.marginLeft),l.style.right="60%",o=36===t(e.right),r=36===t(e.width),l.style.position="absolute",i=12===t(l.offsetWidth/3),J.removeChild(u),l=null}}function t(e){return Math.round(parseFloat(e))}var n,r,i,o,a,s,u=C.createElement("div"),l=C.createElement("div");l.style&&(l.style.backgroundClip="content-box",l.cloneNode(!0).style.backgroundClip="",le.clearCloneStyle="content-box"===l.style.backgroundClip,ce.extend(le,{boxSizingReliable:function(){return e(),r},pixelBoxStyles:function(){return e(),o},pixelPosition:function(){return e(),n},reliableMarginLeft:function(){return e(),s},scrollboxSize:function(){return e(),i},reliableTrDimensions:function(){var e,t,n,r;return null==a&&(e=C.createElement("table"),t=C.createElement("tr"),n=C.createElement("div"),e.style.cssText="position:absolute;left:-11111px;border-collapse:separate",t.style.cssText="border:1px solid",t.style.height="1px",n.style.height="9px",n.style.display="block",J.appendChild(e).appendChild(t).appendChild(n),r=ie.getComputedStyle(t),a=parseInt(r.height,10)+parseInt(r.borderTopWidth,10)+parseInt(r.borderBottomWidth,10)===t.offsetHeight,J.removeChild(e)),a}}))}();var Qe=["Webkit","Moz","ms"],Je=C.createElement("div").style,Ke={};function Ze(e){var t=ce.cssProps[e]||Ke[e];return t||(e in Je?e:Ke[e]=function(e){var t=e[0].toUpperCase()+e.slice(1),n=Qe.length;while(n--)if((e=Qe[n]+t)in Je)return e}(e)||e)}var et=/^(none|table(?!-c[ea]).+)/,tt={position:"absolute",visibility:"hidden",display:"block"},nt={letterSpacing:"0",fontWeight:"400"};function rt(e,t,n){var r=Y.exec(t);return r?Math.max(0,r[2]-(n||0))+(r[3]||"px"):t}function it(e,t,n,r,i,o){var a="width"===t?1:0,s=0,u=0,l=0;if(n===(r?"border":"content"))return 0;for(;a<4;a+=2)"margin"===n&&(l+=ce.css(e,n+Q[a],!0,i)),r?("content"===n&&(u-=ce.css(e,"padding"+Q[a],!0,i)),"margin"!==n&&(u-=ce.css(e,"border"+Q[a]+"Width",!0,i))):(u+=ce.css(e,"padding"+Q[a],!0,i),"padding"!==n?u+=ce.css(e,"border"+Q[a]+"Width",!0,i):s+=ce.css(e,"border"+Q[a]+"Width",!0,i));return!r&&0<=o&&(u+=Math.max(0,Math.ceil(e["offset"+t[0].toUpperCase()+t.slice(1)]-o-u-s-.5))||0),u+l}function ot(e,t,n){var r=Ue(e),i=(!le.boxSizingReliable()||n)&&"border-box"===ce.css(e,"boxSizing",!1,r),o=i,a=Ge(e,t,r),s="offset"+t[0].toUpperCase()+t.slice(1);if(_e.test(a)){if(!n)return a;a="auto"}return(!le.boxSizingReliable()&&i||!le.reliableTrDimensions()&&fe(e,"tr")||"auto"===a||!parseFloat(a)&&"inline"===ce.css(e,"display",!1,r))&&e.getClientRects().length&&(i="border-box"===ce.css(e,"boxSizing",!1,r),(o=s in e)&&(a=e[s])),(a=parseFloat(a)||0)+it(e,t,n||(i?"border":"content"),o,r,a)+"px"}function at(e,t,n,r,i){return new at.prototype.init(e,t,n,r,i)}ce.extend({cssHooks:{opacity:{get:function(e,t){if(t){var n=Ge(e,"opacity");return""===n?"1":n}}}},cssNumber:{animationIterationCount:!0,aspectRatio:!0,borderImageSlice:!0,columnCount:!0,flexGrow:!0,flexShrink:!0,fontWeight:!0,gridArea:!0,gridColumn:!0,gridColumnEnd:!0,gridColumnStart:!0,gridRow:!0,gridRowEnd:!0,gridRowStart:!0,lineHeight:!0,opacity:!0,order:!0,orphans:!0,scale:!0,widows:!0,zIndex:!0,zoom:!0,fillOpacity:!0,floodOpacity:!0,stopOpacity:!0,strokeMiterlimit:!0,strokeOpacity:!0},cssProps:{},style:function(e,t,n,r){if(e&&3!==e.nodeType&&8!==e.nodeType&&e.style){var i,o,a,s=F(t),u=Xe.test(t),l=e.style;if(u||(t=Ze(s)),a=ce.cssHooks[t]||ce.cssHooks[s],void 0===n)return a&&"get"in a&&void 0!==(i=a.get(e,!1,r))?i:l[t];"string"===(o=typeof n)&&(i=Y.exec(n))&&i[1]&&(n=te(e,t,i),o="number"),null!=n&&n==n&&("number"!==o||u||(n+=i&&i[3]||(ce.cssNumber[s]?"":"px")),le.clearCloneStyle||""!==n||0!==t.indexOf("background")||(l[t]="inherit"),a&&"set"in a&&void 0===(n=a.set(e,n,r))||(u?l.setProperty(t,n):l[t]=n))}},css:function(e,t,n,r){var i,o,a,s=F(t);return Xe.test(t)||(t=Ze(s)),(a=ce.cssHooks[t]||ce.cssHooks[s])&&"get"in a&&(i=a.get(e,!0,n)),void 0===i&&(i=Ge(e,t,r)),"normal"===i&&t in nt&&(i=nt[t]),""===n||n?(o=parseFloat(i),!0===n||isFinite(o)?o||0:i):i}}),ce.each(["height","width"],function(e,u){ce.cssHooks[u]={get:function(e,t,n){if(t)return!et.test(ce.css(e,"display"))||e.getClientRects().length&&e.getBoundingClientRect().width?ot(e,u,n):ze(e,tt,function(){return ot(e,u,n)})},set:function(e,t,n){var r,i=Ue(e),o=!le.scrollboxSize()&&"absolute"===i.position,a=(o||n)&&"border-box"===ce.css(e,"boxSizing",!1,i),s=n?it(e,u,n,a,i):0;return a&&o&&(s-=Math.ceil(e["offset"+u[0].toUpperCase()+u.slice(1)]-parseFloat(i[u])-it(e,u,"border",!1,i)-.5)),s&&(r=Y.exec(t))&&"px"!==(r[3]||"px")&&(e.style[u]=t,t=ce.css(e,u)),rt(0,t,s)}}}),ce.cssHooks.marginLeft=Ye(le.reliableMarginLeft,function(e,t){if(t)return(parseFloat(Ge(e,"marginLeft"))||e.getBoundingClientRect().left-ze(e,{marginLeft:0},function(){return e.getBoundingClientRect().left}))+"px"}),ce.each({margin:"",padding:"",border:"Width"},function(i,o){ce.cssHooks[i+o]={expand:function(e){for(var t=0,n={},r="string"==typeof e?e.split(" "):[e];t<4;t++)n[i+Q[t]+o]=r[t]||r[t-2]||r[0];return n}},"margin"!==i&&(ce.cssHooks[i+o].set=rt)}),ce.fn.extend({css:function(e,t){return R(this,function(e,t,n){var r,i,o={},a=0;if(Array.isArray(t)){for(r=Ue(e),i=t.length;a<i;a++)o[t[a]]=ce.css(e,t[a],!1,r);return o}return void 0!==n?ce.style(e,t,n):ce.css(e,t)},e,t,1<arguments.length)}}),((ce.Tween=at).prototype={constructor:at,init:function(e,t,n,r,i,o){this.elem=e,this.prop=n,this.easing=i||ce.easing._default,this.options=t,this.start=this.now=this.cur(),this.end=r,this.unit=o||(ce.cssNumber[n]?"":"px")},cur:function(){var e=at.propHooks[this.prop];return e&&e.get?e.get(this):at.propHooks._default.get(this)},run:function(e){var t,n=at.propHooks[this.prop];return this.options.duration?this.pos=t=ce.easing[this.easing](e,this.options.duration*e,0,1,this.options.duration):this.pos=t=e,this.now=(this.end-this.start)*t+this.start,this.options.step&&this.options.step.call(this.elem,this.now,this),n&&n.set?n.set(this):at.propHooks._default.set(this),this}}).init.prototype=at.prototype,(at.propHooks={_default:{get:function(e){var t;return 1!==e.elem.nodeType||null!=e.elem[e.prop]&&null==e.elem.style[e.prop]?e.elem[e.prop]:(t=ce.css(e.elem,e.prop,""))&&"auto"!==t?t:0},set:function(e){ce.fx.step[e.prop]?ce.fx.step[e.prop](e):1!==e.elem.nodeType||!ce.cssHooks[e.prop]&&null==e.elem.style[Ze(e.prop)]?e.elem[e.prop]=e.now:ce.style(e.elem,e.prop,e.now+e.unit)}}}).scrollTop=at.propHooks.scrollLeft={set:function(e){e.elem.nodeType&&e.elem.parentNode&&(e.elem[e.prop]=e.now)}},ce.easing={linear:function(e){return e},swing:function(e){return.5-Math.cos(e*Math.PI)/2},_default:"swing"},ce.fx=at.prototype.init,ce.fx.step={};var st,ut,lt,ct,ft=/^(?:toggle|show|hide)$/,pt=/queueHooks$/;function dt(){ut&&(!1===C.hidden&&ie.requestAnimationFrame?ie.requestAnimationFrame(dt):ie.setTimeout(dt,ce.fx.interval),ce.fx.tick())}function ht(){return ie.setTimeout(function(){st=void 0}),st=Date.now()}function gt(e,t){var n,r=0,i={height:e};for(t=t?1:0;r<4;r+=2-t)i["margin"+(n=Q[r])]=i["padding"+n]=e;return t&&(i.opacity=i.width=e),i}function vt(e,t,n){for(var r,i=(yt.tweeners[t]||[]).concat(yt.tweeners["*"]),o=0,a=i.length;o<a;o++)if(r=i[o].call(n,t,e))return r}function yt(o,e,t){var n,a,r=0,i=yt.prefilters.length,s=ce.Deferred().always(function(){delete u.elem}),u=function(){if(a)return!1;for(var e=st||ht(),t=Math.max(0,l.startTime+l.duration-e),n=1-(t/l.duration||0),r=0,i=l.tweens.length;r<i;r++)l.tweens[r].run(n);return s.notifyWith(o,[l,n,t]),n<1&&i?t:(i||s.notifyWith(o,[l,1,0]),s.resolveWith(o,[l]),!1)},l=s.promise({elem:o,props:ce.extend({},e),opts:ce.extend(!0,{specialEasing:{},easing:ce.easing._default},t),originalProperties:e,originalOptions:t,startTime:st||ht(),duration:t.duration,tweens:[],createTween:function(e,t){var n=ce.Tween(o,l.opts,e,t,l.opts.specialEasing[e]||l.opts.easing);return l.tweens.push(n),n},stop:function(e){var t=0,n=e?l.tweens.length:0;if(a)return this;for(a=!0;t<n;t++)l.tweens[t].run(1);return e?(s.notifyWith(o,[l,1,0]),s.resolveWith(o,[l,e])):s.rejectWith(o,[l,e]),this}}),c=l.props;for(!function(e,t){var n,r,i,o,a;for(n in e)if(i=t[r=F(n)],o=e[n],Array.isArray(o)&&(i=o[1],o=e[n]=o[0]),n!==r&&(e[r]=o,delete e[n]),(a=ce.cssHooks[r])&&"expand"in a)for(n in o=a.expand(o),delete e[r],o)n in e||(e[n]=o[n],t[n]=i);else t[r]=i}(c,l.opts.specialEasing);r<i;r++)if(n=yt.prefilters[r].call(l,o,c,l.opts))return v(n.stop)&&(ce._queueHooks(l.elem,l.opts.queue).stop=n.stop.bind(n)),n;return ce.map(c,vt,l),v(l.opts.start)&&l.opts.start.call(o,l),l.progress(l.opts.progress).done(l.opts.done,l.opts.complete).fail(l.opts.fail).always(l.opts.always),ce.fx.timer(ce.extend(u,{elem:o,anim:l,queue:l.opts.queue})),l}ce.Animation=ce.extend(yt,{tweeners:{"*":[function(e,t){var n=this.createTween(e,t);return te(n.elem,e,Y.exec(t),n),n}]},tweener:function(e,t){v(e)?(t=e,e=["*"]):e=e.match(D);for(var n,r=0,i=e.length;r<i;r++)n=e[r],yt.tweeners[n]=yt.tweeners[n]||[],yt.tweeners[n].unshift(t)},prefilters:[function(e,t,n){var r,i,o,a,s,u,l,c,f="width"in t||"height"in t,p=this,d={},h=e.style,g=e.nodeType&&ee(e),v=_.get(e,"fxshow");for(r in n.queue||(null==(a=ce._queueHooks(e,"fx")).unqueued&&(a.unqueued=0,s=a.empty.fire,a.empty.fire=function(){a.unqueued||s()}),a.unqueued++,p.always(function(){p.always(function(){a.unqueued--,ce.queue(e,"fx").length||a.empty.fire()})})),t)if(i=t[r],ft.test(i)){if(delete t[r],o=o||"toggle"===i,i===(g?"hide":"show")){if("show"!==i||!v||void 0===v[r])continue;g=!0}d[r]=v&&v[r]||ce.style(e,r)}if((u=!ce.isEmptyObject(t))||!ce.isEmptyObject(d))for(r in f&&1===e.nodeType&&(n.overflow=[h.overflow,h.overflowX,h.overflowY],null==(l=v&&v.display)&&(l=_.get(e,"display")),"none"===(c=ce.css(e,"display"))&&(l?c=l:(re([e],!0),l=e.style.display||l,c=ce.css(e,"display"),re([e]))),("inline"===c||"inline-block"===c&&null!=l)&&"none"===ce.css(e,"float")&&(u||(p.done(function(){h.display=l}),null==l&&(c=h.display,l="none"===c?"":c)),h.display="inline-block")),n.overflow&&(h.overflow="hidden",p.always(function(){h.overflow=n.overflow[0],h.overflowX=n.overflow[1],h.overflowY=n.overflow[2]})),u=!1,d)u||(v?"hidden"in v&&(g=v.hidden):v=_.access(e,"fxshow",{display:l}),o&&(v.hidden=!g),g&&re([e],!0),p.done(function(){for(r in g||re([e]),_.remove(e,"fxshow"),d)ce.style(e,r,d[r])})),u=vt(g?v[r]:0,r,p),r in v||(v[r]=u.start,g&&(u.end=u.start,u.start=0))}],prefilter:function(e,t){t?yt.prefilters.unshift(e):yt.prefilters.push(e)}}),ce.speed=function(e,t,n){var r=e&&"object"==typeof e?ce.extend({},e):{complete:n||!n&&t||v(e)&&e,duration:e,easing:n&&t||t&&!v(t)&&t};return ce.fx.off?r.duration=0:"number"!=typeof r.duration&&(r.duration in ce.fx.speeds?r.duration=ce.fx.speeds[r.duration]:r.duration=ce.fx.speeds._default),null!=r.queue&&!0!==r.queue||(r.queue="fx"),r.old=r.complete,r.complete=function(){v(r.old)&&r.old.call(this),r.queue&&ce.dequeue(this,r.queue)},r},ce.fn.extend({fadeTo:function(e,t,n,r){return this.filter(ee).css("opacity",0).show().end().animate({opacity:t},e,n,r)},animate:function(t,e,n,r){var i=ce.isEmptyObject(t),o=ce.speed(e,n,r),a=function(){var e=yt(this,ce.extend({},t),o);(i||_.get(this,"finish"))&&e.stop(!0)};return a.finish=a,i||!1===o.queue?this.each(a):this.queue(o.queue,a)},stop:function(i,e,o){var a=function(e){var t=e.stop;delete e.stop,t(o)};return"string"!=typeof i&&(o=e,e=i,i=void 0),e&&this.queue(i||"fx",[]),this.each(function(){var e=!0,t=null!=i&&i+"queueHooks",n=ce.timers,r=_.get(this);if(t)r[t]&&r[t].stop&&a(r[t]);else for(t in r)r[t]&&r[t].stop&&pt.test(t)&&a(r[t]);for(t=n.length;t--;)n[t].elem!==this||null!=i&&n[t].queue!==i||(n[t].anim.stop(o),e=!1,n.splice(t,1));!e&&o||ce.dequeue(this,i)})},finish:function(a){return!1!==a&&(a=a||"fx"),this.each(function(){var e,t=_.get(this),n=t[a+"queue"],r=t[a+"queueHooks"],i=ce.timers,o=n?n.length:0;for(t.finish=!0,ce.queue(this,a,[]),r&&r.stop&&r.stop.call(this,!0),e=i.length;e--;)i[e].elem===this&&i[e].queue===a&&(i[e].anim.stop(!0),i.splice(e,1));for(e=0;e<o;e++)n[e]&&n[e].finish&&n[e].finish.call(this);delete t.finish})}}),ce.each(["toggle","show","hide"],function(e,r){var i=ce.fn[r];ce.fn[r]=function(e,t,n){return null==e||"boolean"==typeof e?i.apply(this,arguments):this.animate(gt(r,!0),e,t,n)}}),ce.each({slideDown:gt("show"),slideUp:gt("hide"),slideToggle:gt("toggle"),fadeIn:{opacity:"show"},fadeOut:{opacity:"hide"},fadeToggle:{opacity:"toggle"}},function(e,r){ce.fn[e]=function(e,t,n){return this.animate(r,e,t,n)}}),ce.timers=[],ce.fx.tick=function(){var e,t=0,n=ce.timers;for(st=Date.now();t<n.length;t++)(e=n[t])()||n[t]!==e||n.splice(t--,1);n.length||ce.fx.stop(),st=void 0},ce.fx.timer=function(e){ce.timers.push(e),ce.fx.start()},ce.fx.interval=13,ce.fx.start=function(){ut||(ut=!0,dt())},ce.fx.stop=function(){ut=null},ce.fx.speeds={slow:600,fast:200,_default:400},ce.fn.delay=function(r,e){return r=ce.fx&&ce.fx.speeds[r]||r,e=e||"fx",this.queue(e,function(e,t){var n=ie.setTimeout(e,r);t.stop=function(){ie.clearTimeout(n)}})},lt=C.createElement("input"),ct=C.createElement("select").appendChild(C.createElement("option")),lt.type="checkbox",le.checkOn=""!==lt.value,le.optSelected=ct.selected,(lt=C.createElement("input")).value="t",lt.type="radio",le.radioValue="t"===lt.value;var mt,xt=ce.expr.attrHandle;ce.fn.extend({attr:function(e,t){return R(this,ce.attr,e,t,1<arguments.length)},removeAttr:function(e){return this.each(function(){ce.removeAttr(this,e)})}}),ce.extend({attr:function(e,t,n){var r,i,o=e.nodeType;if(3!==o&&8!==o&&2!==o)return"undefined"==typeof e.getAttribute?ce.prop(e,t,n):(1===o&&ce.isXMLDoc(e)||(i=ce.attrHooks[t.toLowerCase()]||(ce.expr.match.bool.test(t)?mt:void 0)),void 0!==n?null===n?void ce.removeAttr(e,t):i&&"set"in i&&void 0!==(r=i.set(e,n,t))?r:(e.setAttribute(t,n+""),n):i&&"get"in i&&null!==(r=i.get(e,t))?r:null==(r=ce.find.attr(e,t))?void 0:r)},attrHooks:{type:{set:function(e,t){if(!le.radioValue&&"radio"===t&&fe(e,"input")){var n=e.value;return e.setAttribute("type",t),n&&(e.value=n),t}}}},removeAttr:function(e,t){var n,r=0,i=t&&t.match(D);if(i&&1===e.nodeType)while(n=i[r++])e.removeAttribute(n)}}),mt={set:function(e,t,n){return!1===t?ce.removeAttr(e,n):e.setAttribute(n,n),n}},ce.each(ce.expr.match.bool.source.match(/\w+/g),function(e,t){var a=xt[t]||ce.find.attr;xt[t]=function(e,t,n){var r,i,o=t.toLowerCase();return n||(i=xt[o],xt[o]=r,r=null!=a(e,t,n)?o:null,xt[o]=i),r}});var bt=/^(?:input|select|textarea|button)$/i,wt=/^(?:a|area)$/i;function Tt(e){return(e.match(D)||[]).join(" ")}function Ct(e){return e.getAttribute&&e.getAttribute("class")||""}function kt(e){return Array.isArray(e)?e:"string"==typeof e&&e.match(D)||[]}ce.fn.extend({prop:function(e,t){return R(this,ce.prop,e,t,1<arguments.length)},removeProp:function(e){return this.each(function(){delete this[ce.propFix[e]||e]})}}),ce.extend({prop:function(e,t,n){var r,i,o=e.nodeType;if(3!==o&&8!==o&&2!==o)return 1===o&&ce.isXMLDoc(e)||(t=ce.propFix[t]||t,i=ce.propHooks[t]),void 0!==n?i&&"set"in i&&void 0!==(r=i.set(e,n,t))?r:e[t]=n:i&&"get"in i&&null!==(r=i.get(e,t))?r:e[t]},propHooks:{tabIndex:{get:function(e){var t=ce.find.attr(e,"tabindex");return t?parseInt(t,10):bt.test(e.nodeName)||wt.test(e.nodeName)&&e.href?0:-1}}},propFix:{"for":"htmlFor","class":"className"}}),le.optSelected||(ce.propHooks.selected={get:function(e){var t=e.parentNode;return t&&t.parentNode&&t.parentNode.selectedIndex,null},set:function(e){var t=e.parentNode;t&&(t.selectedIndex,t.parentNode&&t.parentNode.selectedIndex)}}),ce.each(["tabIndex","readOnly","maxLength","cellSpacing","cellPadding","rowSpan","colSpan","useMap","frameBorder","contentEditable"],function(){ce.propFix[this.toLowerCase()]=this}),ce.fn.extend({addClass:function(t){var e,n,r,i,o,a;return v(t)?this.each(function(e){ce(this).addClass(t.call(this,e,Ct(this)))}):(e=kt(t)).length?this.each(function(){if(r=Ct(this),n=1===this.nodeType&&" "+Tt(r)+" "){for(o=0;o<e.length;o++)i=e[o],n.indexOf(" "+i+" ")<0&&(n+=i+" ");a=Tt(n),r!==a&&this.setAttribute("class",a)}}):this},removeClass:function(t){var e,n,r,i,o,a;return v(t)?this.each(function(e){ce(this).removeClass(t.call(this,e,Ct(this)))}):arguments.length?(e=kt(t)).length?this.each(function(){if(r=Ct(this),n=1===this.nodeType&&" "+Tt(r)+" "){for(o=0;o<e.length;o++){i=e[o];while(-1<n.indexOf(" "+i+" "))n=n.replace(" "+i+" "," ")}a=Tt(n),r!==a&&this.setAttribute("class",a)}}):this:this.attr("class","")},toggleClass:function(t,n){var e,r,i,o,a=typeof t,s="string"===a||Array.isArray(t);return v(t)?this.each(function(e){ce(this).toggleClass(t.call(this,e,Ct(this),n),n)}):"boolean"==typeof n&&s?n?this.addClass(t):this.removeClass(t):(e=kt(t),this.each(function(){if(s)for(o=ce(this),i=0;i<e.length;i++)r=e[i],o.hasClass(r)?o.removeClass(r):o.addClass(r);else void 0!==t&&"boolean"!==a||((r=Ct(this))&&_.set(this,"__className__",r),this.setAttribute&&this.setAttribute("class",r||!1===t?"":_.get(this,"__className__")||""))}))},hasClass:function(e){var t,n,r=0;t=" "+e+" ";while(n=this[r++])if(1===n.nodeType&&-1<(" "+Tt(Ct(n))+" ").indexOf(t))return!0;return!1}});var St=/\r/g;ce.fn.extend({val:function(n){var r,e,i,t=this[0];return arguments.length?(i=v(n),this.each(function(e){var t;1===this.nodeType&&(null==(t=i?n.call(this,e,ce(this).val()):n)?t="":"number"==typeof t?t+="":Array.isArray(t)&&(t=ce.map(t,function(e){return null==e?"":e+""})),(r=ce.valHooks[this.type]||ce.valHooks[this.nodeName.toLowerCase()])&&"set"in r&&void 0!==r.set(this,t,"value")||(this.value=t))})):t?(r=ce.valHooks[t.type]||ce.valHooks[t.nodeName.toLowerCase()])&&"get"in r&&void 0!==(e=r.get(t,"value"))?e:"string"==typeof(e=t.value)?e.replace(St,""):null==e?"":e:void 0}}),ce.extend({valHooks:{option:{get:function(e){var t=ce.find.attr(e,"value");return null!=t?t:Tt(ce.text(e))}},select:{get:function(e){var t,n,r,i=e.options,o=e.selectedIndex,a="select-one"===e.type,s=a?null:[],u=a?o+1:i.length;for(r=o<0?u:a?o:0;r<u;r++)if(((n=i[r]).selected||r===o)&&!n.disabled&&(!n.parentNode.disabled||!fe(n.parentNode,"optgroup"))){if(t=ce(n).val(),a)return t;s.push(t)}return s},set:function(e,t){var n,r,i=e.options,o=ce.makeArray(t),a=i.length;while(a--)((r=i[a]).selected=-1<ce.inArray(ce.valHooks.option.get(r),o))&&(n=!0);return n||(e.selectedIndex=-1),o}}}}),ce.each(["radio","checkbox"],function(){ce.valHooks[this]={set:function(e,t){if(Array.isArray(t))return e.checked=-1<ce.inArray(ce(e).val(),t)}},le.checkOn||(ce.valHooks[this].get=function(e){return null===e.getAttribute("value")?"on":e.value})});var Et=ie.location,jt={guid:Date.now()},At=/\?/;ce.parseXML=function(e){var t,n;if(!e||"string"!=typeof e)return null;try{t=(new ie.DOMParser).parseFromString(e,"text/xml")}catch(e){}return n=t&&t.getElementsByTagName("parsererror")[0],t&&!n||ce.error("Invalid XML: "+(n?ce.map(n.childNodes,function(e){return e.textContent}).join("\n"):e)),t};var Dt=/^(?:focusinfocus|focusoutblur)$/,Nt=function(e){e.stopPropagation()};ce.extend(ce.event,{trigger:function(e,t,n,r){var i,o,a,s,u,l,c,f,p=[n||C],d=ue.call(e,"type")?e.type:e,h=ue.call(e,"namespace")?e.namespace.split("."):[];if(o=f=a=n=n||C,3!==n.nodeType&&8!==n.nodeType&&!Dt.test(d+ce.event.triggered)&&(-1<d.indexOf(".")&&(d=(h=d.split(".")).shift(),h.sort()),u=d.indexOf(":")<0&&"on"+d,(e=e[ce.expando]?e:new ce.Event(d,"object"==typeof e&&e)).isTrigger=r?2:3,e.namespace=h.join("."),e.rnamespace=e.namespace?new RegExp("(^|\\.)"+h.join("\\.(?:.*\\.|)")+"(\\.|$)"):null,e.result=void 0,e.target||(e.target=n),t=null==t?[e]:ce.makeArray(t,[e]),c=ce.event.special[d]||{},r||!c.trigger||!1!==c.trigger.apply(n,t))){if(!r&&!c.noBubble&&!y(n)){for(s=c.delegateType||d,Dt.test(s+d)||(o=o.parentNode);o;o=o.parentNode)p.push(o),a=o;a===(n.ownerDocument||C)&&p.push(a.defaultView||a.parentWindow||ie)}i=0;while((o=p[i++])&&!e.isPropagationStopped())f=o,e.type=1<i?s:c.bindType||d,(l=(_.get(o,"events")||Object.create(null))[e.type]&&_.get(o,"handle"))&&l.apply(o,t),(l=u&&o[u])&&l.apply&&$(o)&&(e.result=l.apply(o,t),!1===e.result&&e.preventDefault());return e.type=d,r||e.isDefaultPrevented()||c._default&&!1!==c._default.apply(p.pop(),t)||!$(n)||u&&v(n[d])&&!y(n)&&((a=n[u])&&(n[u]=null),ce.event.triggered=d,e.isPropagationStopped()&&f.addEventListener(d,Nt),n[d](),e.isPropagationStopped()&&f.removeEventListener(d,Nt),ce.event.triggered=void 0,a&&(n[u]=a)),e.result}},simulate:function(e,t,n){var r=ce.extend(new ce.Event,n,{type:e,isSimulated:!0});ce.event.trigger(r,null,t)}}),ce.fn.extend({trigger:function(e,t){return this.each(function(){ce.event.trigger(e,t,this)})},triggerHandler:function(e,t){var n=this[0];if(n)return ce.event.trigger(e,t,n,!0)}});var qt=/\[\]$/,Lt=/\r?\n/g,Ht=/^(?:submit|button|image|reset|file)$/i,Ot=/^(?:input|select|textarea|keygen)/i;function Pt(n,e,r,i){var t;if(Array.isArray(e))ce.each(e,function(e,t){r||qt.test(n)?i(n,t):Pt(n+"["+("object"==typeof t&&null!=t?e:"")+"]",t,r,i)});else if(r||"object"!==x(e))i(n,e);else for(t in e)Pt(n+"["+t+"]",e[t],r,i)}ce.param=function(e,t){var n,r=[],i=function(e,t){var n=v(t)?t():t;r[r.length]=encodeURIComponent(e)+"="+encodeURIComponent(null==n?"":n)};if(null==e)return"";if(Array.isArray(e)||e.jquery&&!ce.isPlainObject(e))ce.each(e,function(){i(this.name,this.value)});else for(n in e)Pt(n,e[n],t,i);return r.join("&")},ce.fn.extend({serialize:function(){return ce.param(this.serializeArray())},serializeArray:function(){return this.map(function(){var e=ce.prop(this,"elements");return e?ce.makeArray(e):this}).filter(function(){var e=this.type;return this.name&&!ce(this).is(":disabled")&&Ot.test(this.nodeName)&&!Ht.test(e)&&(this.checked||!we.test(e))}).map(function(e,t){var n=ce(this).val();return null==n?null:Array.isArray(n)?ce.map(n,function(e){return{name:t.name,value:e.replace(Lt,"\r\n")}}):{name:t.name,value:n.replace(Lt,"\r\n")}}).get()}});var Rt=/%20/g,Mt=/#.*$/,It=/([?&])_=[^&]*/,Wt=/^(.*?):[ \t]*([^\r\n]*)$/gm,Ft=/^(?:GET|HEAD)$/,$t=/^\/\//,Bt={},_t={},Xt="*/".concat("*"),Ut=C.createElement("a");function zt(o){return function(e,t){"string"!=typeof e&&(t=e,e="*");var n,r=0,i=e.toLowerCase().match(D)||[];if(v(t))while(n=i[r++])"+"===n[0]?(n=n.slice(1)||"*",(o[n]=o[n]||[]).unshift(t)):(o[n]=o[n]||[]).push(t)}}function Vt(t,i,o,a){var s={},u=t===_t;function l(e){var r;return s[e]=!0,ce.each(t[e]||[],function(e,t){var n=t(i,o,a);return"string"!=typeof n||u||s[n]?u?!(r=n):void 0:(i.dataTypes.unshift(n),l(n),!1)}),r}return l(i.dataTypes[0])||!s["*"]&&l("*")}function Gt(e,t){var n,r,i=ce.ajaxSettings.flatOptions||{};for(n in t)void 0!==t[n]&&((i[n]?e:r||(r={}))[n]=t[n]);return r&&ce.extend(!0,e,r),e}Ut.href=Et.href,ce.extend({active:0,lastModified:{},etag:{},ajaxSettings:{url:Et.href,type:"GET",isLocal:/^(?:about|app|app-storage|.+-extension|file|res|widget):$/.test(Et.protocol),global:!0,processData:!0,async:!0,contentType:"application/x-www-form-urlencoded; charset=UTF-8",accepts:{"*":Xt,text:"text/plain",html:"text/html",xml:"application/xml, text/xml",json:"application/json, text/javascript"},contents:{xml:/\bxml\b/,html:/\bhtml/,json:/\bjson\b/},responseFields:{xml:"responseXML",text:"responseText",json:"responseJSON"},converters:{"* text":String,"text html":!0,"text json":JSON.parse,"text xml":ce.parseXML},flatOptions:{url:!0,context:!0}},ajaxSetup:function(e,t){return t?Gt(Gt(e,ce.ajaxSettings),t):Gt(ce.ajaxSettings,e)},ajaxPrefilter:zt(Bt),ajaxTransport:zt(_t),ajax:function(e,t){"object"==typeof e&&(t=e,e=void 0),t=t||{};var c,f,p,n,d,r,h,g,i,o,v=ce.ajaxSetup({},t),y=v.context||v,m=v.context&&(y.nodeType||y.jquery)?ce(y):ce.event,x=ce.Deferred(),b=ce.Callbacks("once memory"),w=v.statusCode||{},a={},s={},u="canceled",T={readyState:0,getResponseHeader:function(e){var t;if(h){if(!n){n={};while(t=Wt.exec(p))n[t[1].toLowerCase()+" "]=(n[t[1].toLowerCase()+" "]||[]).concat(t[2])}t=n[e.toLowerCase()+" "]}return null==t?null:t.join(", ")},getAllResponseHeaders:function(){return h?p:null},setRequestHeader:function(e,t){return null==h&&(e=s[e.toLowerCase()]=s[e.toLowerCase()]||e,a[e]=t),this},overrideMimeType:function(e){return null==h&&(v.mimeType=e),this},statusCode:function(e){var t;if(e)if(h)T.always(e[T.status]);else for(t in e)w[t]=[w[t],e[t]];return this},abort:function(e){var t=e||u;return c&&c.abort(t),l(0,t),this}};if(x.promise(T),v.url=((e||v.url||Et.href)+"").replace($t,Et.protocol+"//"),v.type=t.method||t.type||v.method||v.type,v.dataTypes=(v.dataType||"*").toLowerCase().match(D)||[""],null==v.crossDomain){r=C.createElement("a");try{r.href=v.url,r.href=r.href,v.crossDomain=Ut.protocol+"//"+Ut.host!=r.protocol+"//"+r.host}catch(e){v.crossDomain=!0}}if(v.data&&v.processData&&"string"!=typeof v.data&&(v.data=ce.param(v.data,v.traditional)),Vt(Bt,v,t,T),h)return T;for(i in(g=ce.event&&v.global)&&0==ce.active++&&ce.event.trigger("ajaxStart"),v.type=v.type.toUpperCase(),v.hasContent=!Ft.test(v.type),f=v.url.replace(Mt,""),v.hasContent?v.data&&v.processData&&0===(v.contentType||"").indexOf("application/x-www-form-urlencoded")&&(v.data=v.data.replace(Rt,"+")):(o=v.url.slice(f.length),v.data&&(v.processData||"string"==typeof v.data)&&(f+=(At.test(f)?"&":"?")+v.data,delete v.data),!1===v.cache&&(f=f.replace(It,"$1"),o=(At.test(f)?"&":"?")+"_="+jt.guid+++o),v.url=f+o),v.ifModified&&(ce.lastModified[f]&&T.setRequestHeader("If-Modified-Since",ce.lastModified[f]),ce.etag[f]&&T.setRequestHeader("If-None-Match",ce.etag[f])),(v.data&&v.hasContent&&!1!==v.contentType||t.contentType)&&T.setRequestHeader("Content-Type",v.contentType),T.setRequestHeader("Accept",v.dataTypes[0]&&v.accepts[v.dataTypes[0]]?v.accepts[v.dataTypes[0]]+("*"!==v.dataTypes[0]?", "+Xt+"; q=0.01":""):v.accepts["*"]),v.headers)T.setRequestHeader(i,v.headers[i]);if(v.beforeSend&&(!1===v.beforeSend.call(y,T,v)||h))return T.abort();if(u="abort",b.add(v.complete),T.done(v.success),T.fail(v.error),c=Vt(_t,v,t,T)){if(T.readyState=1,g&&m.trigger("ajaxSend",[T,v]),h)return T;v.async&&0<v.timeout&&(d=ie.setTimeout(function(){T.abort("timeout")},v.timeout));try{h=!1,c.send(a,l)}catch(e){if(h)throw e;l(-1,e)}}else l(-1,"No Transport");function l(e,t,n,r){var i,o,a,s,u,l=t;h||(h=!0,d&&ie.clearTimeout(d),c=void 0,p=r||"",T.readyState=0<e?4:0,i=200<=e&&e<300||304===e,n&&(s=function(e,t,n){var r,i,o,a,s=e.contents,u=e.dataTypes;while("*"===u[0])u.shift(),void 0===r&&(r=e.mimeType||t.getResponseHeader("Content-Type"));if(r)for(i in s)if(s[i]&&s[i].test(r)){u.unshift(i);break}if(u[0]in n)o=u[0];else{for(i in n){if(!u[0]||e.converters[i+" "+u[0]]){o=i;break}a||(a=i)}o=o||a}if(o)return o!==u[0]&&u.unshift(o),n[o]}(v,T,n)),!i&&-1<ce.inArray("script",v.dataTypes)&&ce.inArray("json",v.dataTypes)<0&&(v.converters["text script"]=function(){}),s=function(e,t,n,r){var i,o,a,s,u,l={},c=e.dataTypes.slice();if(c[1])for(a in e.converters)l[a.toLowerCase()]=e.converters[a];o=c.shift();while(o)if(e.responseFields[o]&&(n[e.responseFields[o]]=t),!u&&r&&e.dataFilter&&(t=e.dataFilter(t,e.dataType)),u=o,o=c.shift())if("*"===o)o=u;else if("*"!==u&&u!==o){if(!(a=l[u+" "+o]||l["* "+o]))for(i in l)if((s=i.split(" "))[1]===o&&(a=l[u+" "+s[0]]||l["* "+s[0]])){!0===a?a=l[i]:!0!==l[i]&&(o=s[0],c.unshift(s[1]));break}if(!0!==a)if(a&&e["throws"])t=a(t);else try{t=a(t)}catch(e){return{state:"parsererror",error:a?e:"No conversion from "+u+" to "+o}}}return{state:"success",data:t}}(v,s,T,i),i?(v.ifModified&&((u=T.getResponseHeader("Last-Modified"))&&(ce.lastModified[f]=u),(u=T.getResponseHeader("etag"))&&(ce.etag[f]=u)),204===e||"HEAD"===v.type?l="nocontent":304===e?l="notmodified":(l=s.state,o=s.data,i=!(a=s.error))):(a=l,!e&&l||(l="error",e<0&&(e=0))),T.status=e,T.statusText=(t||l)+"",i?x.resolveWith(y,[o,l,T]):x.rejectWith(y,[T,l,a]),T.statusCode(w),w=void 0,g&&m.trigger(i?"ajaxSuccess":"ajaxError",[T,v,i?o:a]),b.fireWith(y,[T,l]),g&&(m.trigger("ajaxComplete",[T,v]),--ce.active||ce.event.trigger("ajaxStop")))}return T},getJSON:function(e,t,n){return ce.get(e,t,n,"json")},getScript:function(e,t){return ce.get(e,void 0,t,"script")}}),ce.each(["get","post"],function(e,i){ce[i]=function(e,t,n,r){return v(t)&&(r=r||n,n=t,t=void 0),ce.ajax(ce.extend({url:e,type:i,dataType:r,data:t,success:n},ce.isPlainObject(e)&&e))}}),ce.ajaxPrefilter(function(e){var t;for(t in e.headers)"content-type"===t.toLowerCase()&&(e.contentType=e.headers[t]||"")}),ce._evalUrl=function(e,t,n){return ce.ajax({url:e,type:"GET",dataType:"script",cache:!0,async:!1,global:!1,converters:{"text script":function(){}},dataFilter:function(e){ce.globalEval(e,t,n)}})},ce.fn.extend({wrapAll:function(e){var t;return this[0]&&(v(e)&&(e=e.call(this[0])),t=ce(e,this[0].ownerDocument).eq(0).clone(!0),this[0].parentNode&&t.insertBefore(this[0]),t.map(function(){var e=this;while(e.firstElementChild)e=e.firstElementChild;return e}).append(this)),this},wrapInner:function(n){return v(n)?this.each(function(e){ce(this).wrapInner(n.call(this,e))}):this.each(function(){var e=ce(this),t=e.contents();t.length?t.wrapAll(n):e.append(n)})},wrap:function(t){var n=v(t);return this.each(function(e){ce(this).wrapAll(n?t.call(this,e):t)})},unwrap:function(e){return this.parent(e).not("body").each(function(){ce(this).replaceWith(this.childNodes)}),this}}),ce.expr.pseudos.hidden=function(e){return!ce.expr.pseudos.visible(e)},ce.expr.pseudos.visible=function(e){return!!(e.offsetWidth||e.offsetHeight||e.getClientRects().length)},ce.ajaxSettings.xhr=function(){try{return new ie.XMLHttpRequest}catch(e){}};var Yt={0:200,1223:204},Qt=ce.ajaxSettings.xhr();le.cors=!!Qt&&"withCredentials"in Qt,le.ajax=Qt=!!Qt,ce.ajaxTransport(function(i){var o,a;if(le.cors||Qt&&!i.crossDomain)return{send:function(e,t){var n,r=i.xhr();if(r.open(i.type,i.url,i.async,i.username,i.password),i.xhrFields)for(n in i.xhrFields)r[n]=i.xhrFields[n];for(n in i.mimeType&&r.overrideMimeType&&r.overrideMimeType(i.mimeType),i.crossDomain||e["X-Requested-With"]||(e["X-Requested-With"]="XMLHttpRequest"),e)r.setRequestHeader(n,e[n]);o=function(e){return function(){o&&(o=a=r.onload=r.onerror=r.onabort=r.ontimeout=r.onreadystatechange=null,"abort"===e?r.abort():"error"===e?"number"!=typeof r.status?t(0,"error"):t(r.status,r.statusText):t(Yt[r.status]||r.status,r.statusText,"text"!==(r.responseType||"text")||"string"!=typeof r.responseText?{binary:r.response}:{text:r.responseText},r.getAllResponseHeaders()))}},r.onload=o(),a=r.onerror=r.ontimeout=o("error"),void 0!==r.onabort?r.onabort=a:r.onreadystatechange=function(){4===r.readyState&&ie.setTimeout(function(){o&&a()})},o=o("abort");try{r.send(i.hasContent&&i.data||null)}catch(e){if(o)throw e}},abort:function(){o&&o()}}}),ce.ajaxPrefilter(function(e){e.crossDomain&&(e.contents.script=!1)}),ce.ajaxSetup({accepts:{script:"text/javascript, application/javascript, application/ecmascript, application/x-ecmascript"},contents:{script:/\b(?:java|ecma)script\b/},converters:{"text script":function(e){return ce.globalEval(e),e}}}),ce.ajaxPrefilter("script",function(e){void 0===e.cache&&(e.cache=!1),e.crossDomain&&(e.type="GET")}),ce.ajaxTransport("script",function(n){var r,i;if(n.crossDomain||n.scriptAttrs)return{send:function(e,t){r=ce("<script>").attr(n.scriptAttrs||{}).prop({charset:n.scriptCharset,src:n.url}).on("load error",i=function(e){r.remove(),i=null,e&&t("error"===e.type?404:200,e.type)}),C.head.appendChild(r[0])},abort:function(){i&&i()}}});var Jt,Kt=[],Zt=/(=)\?(?=&|$)|\?\?/;ce.ajaxSetup({jsonp:"callback",jsonpCallback:function(){var e=Kt.pop()||ce.expando+"_"+jt.guid++;return this[e]=!0,e}}),ce.ajaxPrefilter("json jsonp",function(e,t,n){var r,i,o,a=!1!==e.jsonp&&(Zt.test(e.url)?"url":"string"==typeof e.data&&0===(e.contentType||"").indexOf("application/x-www-form-urlencoded")&&Zt.test(e.data)&&"data");if(a||"jsonp"===e.dataTypes[0])return r=e.jsonpCallback=v(e.jsonpCallback)?e.jsonpCallback():e.jsonpCallback,a?e[a]=e[a].replace(Zt,"$1"+r):!1!==e.jsonp&&(e.url+=(At.test(e.url)?"&":"?")+e.jsonp+"="+r),e.converters["script json"]=function(){return o||ce.error(r+" was not called"),o[0]},e.dataTypes[0]="json",i=ie[r],ie[r]=function(){o=arguments},n.always(function(){void 0===i?ce(ie).removeProp(r):ie[r]=i,e[r]&&(e.jsonpCallback=t.jsonpCallback,Kt.push(r)),o&&v(i)&&i(o[0]),o=i=void 0}),"script"}),le.createHTMLDocument=((Jt=C.implementation.createHTMLDocument("").body).innerHTML="<form></form><form></form>",2===Jt.childNodes.length),ce.parseHTML=function(e,t,n){return"string"!=typeof e?[]:("boolean"==typeof t&&(n=t,t=!1),t||(le.createHTMLDocument?((r=(t=C.implementation.createHTMLDocument("")).createElement("base")).href=C.location.href,t.head.appendChild(r)):t=C),o=!n&&[],(i=w.exec(e))?[t.createElement(i[1])]:(i=Ae([e],t,o),o&&o.length&&ce(o).remove(),ce.merge([],i.childNodes)));var r,i,o},ce.fn.load=function(e,t,n){var r,i,o,a=this,s=e.indexOf(" ");return-1<s&&(r=Tt(e.slice(s)),e=e.slice(0,s)),v(t)?(n=t,t=void 0):t&&"object"==typeof t&&(i="POST"),0<a.length&&ce.ajax({url:e,type:i||"GET",dataType:"html",data:t}).done(function(e){o=arguments,a.html(r?ce("<div>").append(ce.parseHTML(e)).find(r):e)}).always(n&&function(e,t){a.each(function(){n.apply(this,o||[e.responseText,t,e])})}),this},ce.expr.pseudos.animated=function(t){return ce.grep(ce.timers,function(e){return t===e.elem}).length},ce.offset={setOffset:function(e,t,n){var r,i,o,a,s,u,l=ce.css(e,"position"),c=ce(e),f={};"static"===l&&(e.style.position="relative"),s=c.offset(),o=ce.css(e,"top"),u=ce.css(e,"left"),("absolute"===l||"fixed"===l)&&-1<(o+u).indexOf("auto")?(a=(r=c.position()).top,i=r.left):(a=parseFloat(o)||0,i=parseFloat(u)||0),v(t)&&(t=t.call(e,n,ce.extend({},s))),null!=t.top&&(f.top=t.top-s.top+a),null!=t.left&&(f.left=t.left-s.left+i),"using"in t?t.using.call(e,f):c.css(f)}},ce.fn.extend({offset:function(t){if(arguments.length)return void 0===t?this:this.each(function(e){ce.offset.setOffset(this,t,e)});var e,n,r=this[0];return r?r.getClientRects().length?(e=r.getBoundingClientRect(),n=r.ownerDocument.defaultView,{top:e.top+n.pageYOffset,left:e.left+n.pageXOffset}):{top:0,left:0}:void 0},position:function(){if(this[0]){var e,t,n,r=this[0],i={top:0,left:0};if("fixed"===ce.css(r,"position"))t=r.getBoundingClientRect();else{t=this.offset(),n=r.ownerDocument,e=r.offsetParent||n.documentElement;while(e&&(e===n.body||e===n.documentElement)&&"static"===ce.css(e,"position"))e=e.parentNode;e&&e!==r&&1===e.nodeType&&((i=ce(e).offset()).top+=ce.css(e,"borderTopWidth",!0),i.left+=ce.css(e,"borderLeftWidth",!0))}return{top:t.top-i.top-ce.css(r,"marginTop",!0),left:t.left-i.left-ce.css(r,"marginLeft",!0)}}},offsetParent:function(){return this.map(function(){var e=this.offsetParent;while(e&&"static"===ce.css(e,"position"))e=e.offsetParent;return e||J})}}),ce.each({scrollLeft:"pageXOffset",scrollTop:"pageYOffset"},function(t,i){var o="pageYOffset"===i;ce.fn[t]=function(e){return R(this,function(e,t,n){var r;if(y(e)?r=e:9===e.nodeType&&(r=e.defaultView),void 0===n)return r?r[i]:e[t];r?r.scrollTo(o?r.pageXOffset:n,o?n:r.pageYOffset):e[t]=n},t,e,arguments.length)}}),ce.each(["top","left"],function(e,n){ce.cssHooks[n]=Ye(le.pixelPosition,function(e,t){if(t)return t=Ge(e,n),_e.test(t)?ce(e).position()[n]+"px":t})}),ce.each({Height:"height",Width:"width"},function(a,s){ce.each({padding:"inner"+a,content:s,"":"outer"+a},function(r,o){ce.fn[o]=function(e,t){var n=arguments.length&&(r||"boolean"!=typeof e),i=r||(!0===e||!0===t?"margin":"border");return R(this,function(e,t,n){var r;return y(e)?0===o.indexOf("outer")?e["inner"+a]:e.document.documentElement["client"+a]:9===e.nodeType?(r=e.documentElement,Math.max(e.body["scroll"+a],r["scroll"+a],e.body["offset"+a],r["offset"+a],r["client"+a])):void 0===n?ce.css(e,t,i):ce.style(e,t,n,i)},s,n?e:void 0,n)}})}),ce.each(["ajaxStart","ajaxStop","ajaxComplete","ajaxError","ajaxSuccess","ajaxSend"],function(e,t){ce.fn[t]=function(e){return this.on(t,e)}}),ce.fn.extend({bind:function(e,t,n){return this.on(e,null,t,n)},unbind:function(e,t){return this.off(e,null,t)},delegate:function(e,t,n,r){return this.on(t,e,n,r)},undelegate:function(e,t,n){return 1===arguments.length?this.off(e,"**"):this.off(t,e||"**",n)},hover:function(e,t){return this.mouseenter(e).mouseleave(t||e)}}),ce.each("blur focus focusin focusout resize scroll click dblclick mousedown mouseup mousemove mouseover mouseout mouseenter mouseleave change select submit keydown keypress keyup contextmenu".split(" "),function(e,n){ce.fn[n]=function(e,t){return 0<arguments.length?this.on(n,null,e,t):this.trigger(n)}});var en=/^[\s\uFEFF\xA0]+|([^\s\uFEFF\xA0])[\s\uFEFF\xA0]+$/g;ce.proxy=function(e,t){var n,r,i;if("string"==typeof t&&(n=e[t],t=e,e=n),v(e))return r=ae.call(arguments,2),(i=function(){return e.apply(t||this,r.concat(ae.call(arguments)))}).guid=e.guid=e.guid||ce.guid++,i},ce.holdReady=function(e){e?ce.readyWait++:ce.ready(!0)},ce.isArray=Array.isArray,ce.parseJSON=JSON.parse,ce.nodeName=fe,ce.isFunction=v,ce.isWindow=y,ce.camelCase=F,ce.type=x,ce.now=Date.now,ce.isNumeric=function(e){var t=ce.type(e);return("number"===t||"string"===t)&&!isNaN(e-parseFloat(e))},ce.trim=function(e){return null==e?"":(e+"").replace(en,"$1")},"function"==typeof define&&define.amd&&define("jquery",[],function(){return ce});var tn=ie.jQuery,nn=ie.$;return ce.noConflict=function(e){return ie.$===ce&&(ie.$=nn),e&&ie.jQuery===ce&&(ie.jQuery=tn),ce},"undefined"==typeof e&&(ie.jQuery=ie.$=ce),ce});

===== END FILE: label_studio/core/static_build/js/jquery.min.js =====


===== FILE: label_studio/core/static_build/js/sw.b072f0f7b6a5.js =====
const CACHE_NAME = "ls-cache-v1";
const CACHE_EXPIRATION_HEADER = "x-cache-expiration";
const CACHE_EXPIRATION_DEFAULT = 50 * 1000; // 50 seconds
const CACHE_CLEANUP_INTERVAL = 60 * 60 * 1000; // 1 hour

function parseCacheHeaders(cachedResponse) {
  const expirationTimestamp = parseInt(
    cachedResponse.headers.get(CACHE_EXPIRATION_HEADER)
  );

  return {
    expirationTimestamp: isNaN(expirationTimestamp) ? 0 : expirationTimestamp,
  };
}

function removeExpiredItems() {
  caches.open(CACHE_NAME).then((cache) => {
    cache.keys().then((requests) => {
      requests.forEach((request) => {
        cache.match(request).then((response) => {
          const { expirationTimestamp } = parseCacheHeaders(response);
          if (expirationTimestamp && Date.now() > expirationTimestamp) {
            cache.delete(request);
          }
        });
      });
    });
  });
}

// Cleanup expired items every hour in case the user never refreshes the page
// This is to avoid the cache growing indefinitely, though the data is not large it is just a precaution
function startCleanupTimer() {
  if (!self.cleanupTimer) {
    removeExpiredItems(); // Perform cleanup immediately
    self.cleanupTimer = setInterval(removeExpiredItems, CACHE_CLEANUP_INTERVAL);
  }
}

async function handlePresignedUrl(event) {
  // For now just catch presign requests and cache them
  // to void constantly requesting the same presign URL
  // even when it is not expired.
  // This is so the server can just naively proxy the presign request
  // and the performance is not degraded.
  const requestsPathToCache = /\/presign\/|\/resolve\//;

  // Check if the request URL doesn't match the specified path part
  // or if it is not a request to the same origin we will just fetch it
  if (
    !event.request.url.startsWith(self.location.origin) ||
    !requestsPathToCache.test(event.request.url) ||
    // This is to avoid an error trying to load a direct presign URL in a new tab
    !event.request.referrer ||
    // Easier to leave this uncached as if we were to handle this caching
    // it would be more complex and not really worth the effort as it is not the most repeated
    // request and it is not a big deal if it is not cached.
    // If this was to be cached it forces a full resource request instead of a chunked ranged one.
    // This also avoids caching the data directly when resolving uri -> data, which is not the goal of this service worker
    event.request.headers.get("range")
  ) {
    // For other requests, just allow the network to handle it
    return false;
  }

  event.respondWith(
    // Cache first approach, look for the cached response and check if it's still valid
    caches
      .match(event.request)
      .then(async (cachedResponse) => {
        if (cachedResponse) {
          // Check if the expiration timestamp has passed
          const { expirationTimestamp } = parseCacheHeaders(cachedResponse);

          const valid =
            !expirationTimestamp || expirationTimestamp > Date.now();
          const url = cachedResponse.headers.get("Location");

          if (valid && url) {
            // If the cached response is a redirect, fetch the redirect URL
            return fetch(url);
          }
        }

        // If there's no valid cached response, fetch redirect from the network and cache the response
        // fetch the actual request to return to the user immediately
        return fetch(event.request.url).then((response) => {
          if (response.redirected) {
            // Get the Cache-Control header value if provided
            const cacheControl = response.headers.get("Cache-Control");
            // This will be the target URL if the response is a redirect
            const url = response.url;

            // Extract the max-age value from the Cache-Control header
            // If there's no max-age, use the default value
            const maxAgeMatch =
              cacheControl && cacheControl.match(/max-age=(\d+)/);

            let maxAge = CACHE_EXPIRATION_DEFAULT;

            if (maxAgeMatch) {
              const _age = parseInt(maxAgeMatch[1]);
              if (!isNaN(_age)) {
                maxAge = (_age - 10) * 1000; // Leave 10s of margin so there is no possible overlap
              }
            }

            // Calculate the expiration timestamp based on the max-age value
            const expirationTimestamp = Date.now() + maxAge;

            const headers = new Headers(response.headers);
            headers.append("Location", url);
            headers.append(CACHE_EXPIRATION_HEADER, expirationTimestamp);

            // Create a redirect response with the expiration timestamp header
            const cachedResponse = new Response(null, {
              status: 303,
              statusText: "See Other",
              headers: headers,
            });

            // Store the new Response object in the cache
            caches.open(CACHE_NAME).then(async (cache) => {
              try {
                await cache.put(event.request, cachedResponse);
              } catch (error) {
                if (error.name !== "QuotaExceededError") {
                  // Ignore QuotaExceededError errors, they are expected
                  console.error("Cache put failed:", error);
                }
              }
            });
          }

          return response;
        });
      })
      .catch((error) => {
        console.error("Fetch failed:", error);
        throw error;
      })
  );

  // response was handled by the serviceworker.
  // this is for later so we can create a middleware style pipeline to attempt to match and handle
  // the request in order of priority
  return true;
}

self.addEventListener("install", (event) => {
  event.waitUntil(
    caches.open(CACHE_NAME).then(() => {
      console.log("Opened cache:", CACHE_NAME);
    })
  );
});

self.addEventListener("activate", (event) => {
  event.waitUntil(clients.claim());
});

self.addEventListener("fetch", async (event) => {
  await handlePresignedUrl(event);
});

self.addEventListener("message", (event) => {
  if (event.data && event.data.type === "awaken") {
    startCleanupTimer();
  }
});

startCleanupTimer();

===== END FILE: label_studio/core/static_build/js/sw.b072f0f7b6a5.js =====


===== FILE: label_studio/core/static_build/js/luxon.min.512874b4b4a4.js =====
var luxon=function(e){"use strict";function t(e,t){for(var n=0;n<t.length;n++){var r=t[n];r.enumerable=r.enumerable||!1,r.configurable=!0,"value"in r&&(r.writable=!0),Object.defineProperty(e,r.key,r)}}function n(e,n,r){return n&&t(e.prototype,n),r&&t(e,r),e}function r(e,t){e.prototype=Object.create(t.prototype),e.prototype.constructor=e,e.__proto__=t}function i(e){return(i=Object.setPrototypeOf?Object.getPrototypeOf:function(e){return e.__proto__||Object.getPrototypeOf(e)})(e)}function o(e,t){return(o=Object.setPrototypeOf||function(e,t){return e.__proto__=t,e})(e,t)}function a(e,t,n){return(a=function(){if("undefined"==typeof Reflect||!Reflect.construct)return!1;if(Reflect.construct.sham)return!1;if("function"==typeof Proxy)return!0;try{return Date.prototype.toString.call(Reflect.construct(Date,[],function(){})),!0}catch(e){return!1}}()?Reflect.construct:function(e,t,n){var r=[null];r.push.apply(r,t);var i=new(Function.bind.apply(e,r));return n&&o(i,n.prototype),i}).apply(null,arguments)}function u(e){var t="function"==typeof Map?new Map:void 0;return(u=function(e){if(null===e||(n=e,-1===Function.toString.call(n).indexOf("[native code]")))return e;var n;if("function"!=typeof e)throw new TypeError("Super expression must either be null or a function");if(void 0!==t){if(t.has(e))return t.get(e);t.set(e,r)}function r(){return a(e,arguments,i(this).constructor)}return r.prototype=Object.create(e.prototype,{constructor:{value:r,enumerable:!1,writable:!0,configurable:!0}}),o(r,e)})(e)}function s(e,t){(null==t||t>e.length)&&(t=e.length);for(var n=0,r=new Array(t);n<t;n++)r[n]=e[n];return r}function c(e){var t=0;if("undefined"==typeof Symbol||null==e[Symbol.iterator]){if(Array.isArray(e)||(e=function(e,t){if(e){if("string"==typeof e)return s(e,t);var n=Object.prototype.toString.call(e).slice(8,-1);return"Object"===n&&e.constructor&&(n=e.constructor.name),"Map"===n||"Set"===n?Array.from(n):"Arguments"===n||/^(?:Ui|I)nt(?:8|16|32)(?:Clamped)?Array$/.test(n)?s(e,t):void 0}}(e)))return function(){return t>=e.length?{done:!0}:{done:!1,value:e[t++]}};throw new TypeError("Invalid attempt to iterate non-iterable instance.\nIn order to be iterable, non-array objects must have a [Symbol.iterator]() method.")}return(t=e[Symbol.iterator]()).next.bind(t)}var l=function(e){function t(){return e.apply(this,arguments)||this}return r(t,e),t}(u(Error)),f=function(e){function t(t){return e.call(this,"Invalid DateTime: "+t.toMessage())||this}return r(t,e),t}(l),d=function(e){function t(t){return e.call(this,"Invalid Interval: "+t.toMessage())||this}return r(t,e),t}(l),h=function(e){function t(t){return e.call(this,"Invalid Duration: "+t.toMessage())||this}return r(t,e),t}(l),m=function(e){function t(){return e.apply(this,arguments)||this}return r(t,e),t}(l),y=function(e){function t(t){return e.call(this,"Invalid unit "+t)||this}return r(t,e),t}(l),v=function(e){function t(){return e.apply(this,arguments)||this}return r(t,e),t}(l),g=function(e){function t(){return e.call(this,"Zone is an abstract class")||this}return r(t,e),t}(l),p="numeric",w="short",k="long",b={year:p,month:p,day:p},S={year:p,month:w,day:p},O={year:p,month:w,day:p,weekday:w},T={year:p,month:k,day:p},M={year:p,month:k,day:p,weekday:k},N={hour:p,minute:p},E={hour:p,minute:p,second:p},D={hour:p,minute:p,second:p,timeZoneName:w},I={hour:p,minute:p,second:p,timeZoneName:k},V={hour:p,minute:p,hour12:!1},L={hour:p,minute:p,second:p,hour12:!1},x={hour:p,minute:p,second:p,hour12:!1,timeZoneName:w},F={hour:p,minute:p,second:p,hour12:!1,timeZoneName:k},C={year:p,month:p,day:p,hour:p,minute:p},Z={year:p,month:p,day:p,hour:p,minute:p,second:p},j={year:p,month:w,day:p,hour:p,minute:p},A={year:p,month:w,day:p,hour:p,minute:p,second:p},z={year:p,month:w,day:p,weekday:w,hour:p,minute:p},_={year:p,month:k,day:p,hour:p,minute:p,timeZoneName:w},q={year:p,month:k,day:p,hour:p,minute:p,second:p,timeZoneName:w},H={year:p,month:k,day:p,weekday:k,hour:p,minute:p,timeZoneName:k},U={year:p,month:k,day:p,weekday:k,hour:p,minute:p,second:p,timeZoneName:k};function R(e){return void 0===e}function P(e){return"number"==typeof e}function W(e){return"number"==typeof e&&e%1==0}function J(){try{return"undefined"!=typeof Intl&&Intl.DateTimeFormat}catch(e){return!1}}function Y(){return!R(Intl.DateTimeFormat.prototype.formatToParts)}function G(){try{return"undefined"!=typeof Intl&&!!Intl.RelativeTimeFormat}catch(e){return!1}}function $(e,t,n){if(0!==e.length)return e.reduce(function(e,r){var i=[t(r),r];return e&&n(e[0],i[0])===e[0]?e:i},null)[1]}function B(e,t){return t.reduce(function(t,n){return t[n]=e[n],t},{})}function Q(e,t){return Object.prototype.hasOwnProperty.call(e,t)}function K(e,t,n){return W(e)&&e>=t&&e<=n}function X(e,t){void 0===t&&(t=2);var n=e<0?"-":"",r=n?-1*e:e;return""+n+(r.toString().length<t?("0".repeat(t)+r).slice(-t):r.toString())}function ee(e){return R(e)||null===e||""===e?void 0:parseInt(e,10)}function te(e){if(!R(e)&&null!==e&&""!==e){var t=1e3*parseFloat("0."+e);return Math.floor(t)}}function ne(e,t,n){void 0===n&&(n=!1);var r=Math.pow(10,t);return(n?Math.trunc:Math.round)(e*r)/r}function re(e){return e%4==0&&(e%100!=0||e%400==0)}function ie(e){return re(e)?366:365}function oe(e,t){var n,r,i=(n=t-1)-(r=12)*Math.floor(n/r)+1;return 2===i?re(e+(t-i)/12)?29:28:[31,null,31,30,31,30,31,31,30,31,30,31][i-1]}function ae(e){var t=Date.UTC(e.year,e.month-1,e.day,e.hour,e.minute,e.second,e.millisecond);return e.year<100&&e.year>=0&&(t=new Date(t)).setUTCFullYear(t.getUTCFullYear()-1900),+t}function ue(e){var t=(e+Math.floor(e/4)-Math.floor(e/100)+Math.floor(e/400))%7,n=e-1,r=(n+Math.floor(n/4)-Math.floor(n/100)+Math.floor(n/400))%7;return 4===t||3===r?53:52}function se(e){return e>99?e:e>60?1900+e:2e3+e}function ce(e,t,n,r){void 0===r&&(r=null);var i=new Date(e),o={hour12:!1,year:"numeric",month:"2-digit",day:"2-digit",hour:"2-digit",minute:"2-digit"};r&&(o.timeZone=r);var a=Object.assign({timeZoneName:t},o),u=J();if(u&&Y()){var s=new Intl.DateTimeFormat(n,a).formatToParts(i).find(function(e){return"timezonename"===e.type.toLowerCase()});return s?s.value:null}if(u){var c=new Intl.DateTimeFormat(n,o).format(i);return new Intl.DateTimeFormat(n,a).format(i).substring(c.length).replace(/^[, \u200e]+/,"")}return null}function le(e,t){var n=parseInt(e,10);Number.isNaN(n)&&(n=0);var r=parseInt(t,10)||0;return 60*n+(n<0||Object.is(n,-0)?-r:r)}function fe(e){var t=Number(e);if("boolean"==typeof e||""===e||Number.isNaN(t))throw new v("Invalid unit value "+e);return t}function de(e,t,n){var r={};for(var i in e)if(Q(e,i)){if(n.indexOf(i)>=0)continue;var o=e[i];if(void 0===o||null===o)continue;r[t(i)]=fe(o)}return r}function he(e,t){var n=Math.trunc(Math.abs(e/60)),r=Math.trunc(Math.abs(e%60)),i=e>=0?"+":"-";switch(t){case"short":return""+i+X(n,2)+":"+X(r,2);case"narrow":return""+i+n+(r>0?":"+r:"");case"techie":return""+i+X(n,2)+X(r,2);default:throw new RangeError("Value format "+t+" is out of range for property format")}}function me(e){return B(e,["hour","minute","second","millisecond"])}var ye=/[A-Za-z_+-]{1,256}(:?\/[A-Za-z_+-]{1,256}(\/[A-Za-z_+-]{1,256})?)?/;function ve(e){return JSON.stringify(e,Object.keys(e).sort())}var ge=["January","February","March","April","May","June","July","August","September","October","November","December"],pe=["Jan","Feb","Mar","Apr","May","Jun","Jul","Aug","Sep","Oct","Nov","Dec"],we=["J","F","M","A","M","J","J","A","S","O","N","D"];function ke(e){switch(e){case"narrow":return we;case"short":return pe;case"long":return ge;case"numeric":return["1","2","3","4","5","6","7","8","9","10","11","12"];case"2-digit":return["01","02","03","04","05","06","07","08","09","10","11","12"];default:return null}}var be=["Monday","Tuesday","Wednesday","Thursday","Friday","Saturday","Sunday"],Se=["Mon","Tue","Wed","Thu","Fri","Sat","Sun"],Oe=["M","T","W","T","F","S","S"];function Te(e){switch(e){case"narrow":return Oe;case"short":return Se;case"long":return be;case"numeric":return["1","2","3","4","5","6","7"];default:return null}}var Me=["AM","PM"],Ne=["Before Christ","Anno Domini"],Ee=["BC","AD"],De=["B","A"];function Ie(e){switch(e){case"narrow":return De;case"short":return Ee;case"long":return Ne;default:return null}}function Ve(e,t){for(var n,r="",i=c(e);!(n=i()).done;){var o=n.value;o.literal?r+=o.val:r+=t(o.val)}return r}var Le={D:b,DD:S,DDD:T,DDDD:M,t:N,tt:E,ttt:D,tttt:I,T:V,TT:L,TTT:x,TTTT:F,f:C,ff:j,fff:_,ffff:H,F:Z,FF:A,FFF:q,FFFF:U},xe=function(){function e(e,t){this.opts=t,this.loc=e,this.systemLoc=null}e.create=function(t,n){return void 0===n&&(n={}),new e(t,n)},e.parseFormat=function(e){for(var t=null,n="",r=!1,i=[],o=0;o<e.length;o++){var a=e.charAt(o);"'"===a?(n.length>0&&i.push({literal:r,val:n}),t=null,n="",r=!r):r?n+=a:a===t?n+=a:(n.length>0&&i.push({literal:!1,val:n}),n=a,t=a)}return n.length>0&&i.push({literal:r,val:n}),i},e.macroTokenToFormatOpts=function(e){return Le[e]};var t=e.prototype;return t.formatWithSystemDefault=function(e,t){return null===this.systemLoc&&(this.systemLoc=this.loc.redefaultToSystem()),this.systemLoc.dtFormatter(e,Object.assign({},this.opts,t)).format()},t.formatDateTime=function(e,t){return void 0===t&&(t={}),this.loc.dtFormatter(e,Object.assign({},this.opts,t)).format()},t.formatDateTimeParts=function(e,t){return void 0===t&&(t={}),this.loc.dtFormatter(e,Object.assign({},this.opts,t)).formatToParts()},t.resolvedOptions=function(e,t){return void 0===t&&(t={}),this.loc.dtFormatter(e,Object.assign({},this.opts,t)).resolvedOptions()},t.num=function(e,t){if(void 0===t&&(t=0),this.opts.forceSimple)return X(e,t);var n=Object.assign({},this.opts);return t>0&&(n.padTo=t),this.loc.numberFormatter(n).format(e)},t.formatDateTimeFromString=function(t,n){var r=this,i="en"===this.loc.listingMode(),o=this.loc.outputCalendar&&"gregory"!==this.loc.outputCalendar&&Y(),a=function(e,n){return r.loc.extract(t,e,n)},u=function(e){return t.isOffsetFixed&&0===t.offset&&e.allowZ?"Z":t.isValid?t.zone.formatOffset(t.ts,e.format):""},s=function(){return i?function(e){return Me[e.hour<12?0:1]}(t):a({hour:"numeric",hour12:!0},"dayperiod")},c=function(e,n){return i?function(e,t){return ke(t)[e.month-1]}(t,e):a(n?{month:e}:{month:e,day:"numeric"},"month")},l=function(e,n){return i?function(e,t){return Te(t)[e.weekday-1]}(t,e):a(n?{weekday:e}:{weekday:e,month:"long",day:"numeric"},"weekday")},f=function(e){return i?function(e,t){return Ie(t)[e.year<0?0:1]}(t,e):a({era:e},"era")};return Ve(e.parseFormat(n),function(n){switch(n){case"S":return r.num(t.millisecond);case"u":case"SSS":return r.num(t.millisecond,3);case"s":return r.num(t.second);case"ss":return r.num(t.second,2);case"m":return r.num(t.minute);case"mm":return r.num(t.minute,2);case"h":return r.num(t.hour%12==0?12:t.hour%12);case"hh":return r.num(t.hour%12==0?12:t.hour%12,2);case"H":return r.num(t.hour);case"HH":return r.num(t.hour,2);case"Z":return u({format:"narrow",allowZ:r.opts.allowZ});case"ZZ":return u({format:"short",allowZ:r.opts.allowZ});case"ZZZ":return u({format:"techie",allowZ:r.opts.allowZ});case"ZZZZ":return t.zone.offsetName(t.ts,{format:"short",locale:r.loc.locale});case"ZZZZZ":return t.zone.offsetName(t.ts,{format:"long",locale:r.loc.locale});case"z":return t.zoneName;case"a":return s();case"d":return o?a({day:"numeric"},"day"):r.num(t.day);case"dd":return o?a({day:"2-digit"},"day"):r.num(t.day,2);case"c":return r.num(t.weekday);case"ccc":return l("short",!0);case"cccc":return l("long",!0);case"ccccc":return l("narrow",!0);case"E":return r.num(t.weekday);case"EEE":return l("short",!1);case"EEEE":return l("long",!1);case"EEEEE":return l("narrow",!1);case"L":return o?a({month:"numeric",day:"numeric"},"month"):r.num(t.month);case"LL":return o?a({month:"2-digit",day:"numeric"},"month"):r.num(t.month,2);case"LLL":return c("short",!0);case"LLLL":return c("long",!0);case"LLLLL":return c("narrow",!0);case"M":return o?a({month:"numeric"},"month"):r.num(t.month);case"MM":return o?a({month:"2-digit"},"month"):r.num(t.month,2);case"MMM":return c("short",!1);case"MMMM":return c("long",!1);case"MMMMM":return c("narrow",!1);case"y":return o?a({year:"numeric"},"year"):r.num(t.year);case"yy":return o?a({year:"2-digit"},"year"):r.num(t.year.toString().slice(-2),2);case"yyyy":return o?a({year:"numeric"},"year"):r.num(t.year,4);case"yyyyyy":return o?a({year:"numeric"},"year"):r.num(t.year,6);case"G":return f("short");case"GG":return f("long");case"GGGGG":return f("narrow");case"kk":return r.num(t.weekYear.toString().slice(-2),2);case"kkkk":return r.num(t.weekYear,4);case"W":return r.num(t.weekNumber);case"WW":return r.num(t.weekNumber,2);case"o":return r.num(t.ordinal);case"ooo":return r.num(t.ordinal,3);case"q":return r.num(t.quarter);case"qq":return r.num(t.quarter,2);case"X":return r.num(Math.floor(t.ts/1e3));case"x":return r.num(t.ts);default:return function(n){var i=e.macroTokenToFormatOpts(n);return i?r.formatWithSystemDefault(t,i):n}(n)}})},t.formatDurationFromString=function(t,n){var r,i=this,o=function(e){switch(e[0]){case"S":return"millisecond";case"s":return"second";case"m":return"minute";case"h":return"hour";case"d":return"day";case"M":return"month";case"y":return"year";default:return null}},a=e.parseFormat(n),u=a.reduce(function(e,t){var n=t.literal,r=t.val;return n?e:e.concat(r)},[]),s=t.shiftTo.apply(t,u.map(o).filter(function(e){return e}));return Ve(a,(r=s,function(e){var t=o(e);return t?i.num(r.get(t),e.length):e}))},e}(),Fe=function(){function e(e,t){this.reason=e,this.explanation=t}return e.prototype.toMessage=function(){return this.explanation?this.reason+": "+this.explanation:this.reason},e}(),Ce=function(){function e(){}var t=e.prototype;return t.offsetName=function(e,t){throw new g},t.formatOffset=function(e,t){throw new g},t.offset=function(e){throw new g},t.equals=function(e){throw new g},n(e,[{key:"type",get:function(){throw new g}},{key:"name",get:function(){throw new g}},{key:"universal",get:function(){throw new g}},{key:"isValid",get:function(){throw new g}}]),e}(),Ze=null,je=function(e){function t(){return e.apply(this,arguments)||this}r(t,e);var i=t.prototype;return i.offsetName=function(e,t){return ce(e,t.format,t.locale)},i.formatOffset=function(e,t){return he(this.offset(e),t)},i.offset=function(e){return-new Date(e).getTimezoneOffset()},i.equals=function(e){return"local"===e.type},n(t,[{key:"type",get:function(){return"local"}},{key:"name",get:function(){return J()?(new Intl.DateTimeFormat).resolvedOptions().timeZone:"local"}},{key:"universal",get:function(){return!1}},{key:"isValid",get:function(){return!0}}],[{key:"instance",get:function(){return null===Ze&&(Ze=new t),Ze}}]),t}(Ce),Ae=RegExp("^"+ye.source+"$"),ze={};var _e={year:0,month:1,day:2,hour:3,minute:4,second:5};var qe={},He=function(e){function t(n){var r;return(r=e.call(this)||this).zoneName=n,r.valid=t.isValidZone(n),r}r(t,e),t.create=function(e){return qe[e]||(qe[e]=new t(e)),qe[e]},t.resetCache=function(){qe={},ze={}},t.isValidSpecifier=function(e){return!(!e||!e.match(Ae))},t.isValidZone=function(e){try{return new Intl.DateTimeFormat("en-US",{timeZone:e}).format(),!0}catch(e){return!1}},t.parseGMTOffset=function(e){if(e){var t=e.match(/^Etc\/GMT([+-]\d{1,2})$/i);if(t)return-60*parseInt(t[1])}return null};var i=t.prototype;return i.offsetName=function(e,t){return ce(e,t.format,t.locale,this.name)},i.formatOffset=function(e,t){return he(this.offset(e),t)},i.offset=function(e){var t,n=new Date(e),r=(t=this.name,ze[t]||(ze[t]=new Intl.DateTimeFormat("en-US",{hour12:!1,timeZone:t,year:"numeric",month:"2-digit",day:"2-digit",hour:"2-digit",minute:"2-digit",second:"2-digit"})),ze[t]),i=r.formatToParts?function(e,t){for(var n=e.formatToParts(t),r=[],i=0;i<n.length;i++){var o=n[i],a=o.type,u=o.value,s=_e[a];R(s)||(r[s]=parseInt(u,10))}return r}(r,n):function(e,t){var n=e.format(t).replace(/\u200E/g,""),r=/(\d+)\/(\d+)\/(\d+),? (\d+):(\d+):(\d+)/.exec(n),i=r[1],o=r[2];return[r[3],i,o,r[4],r[5],r[6]]}(r,n),o=i[0],a=i[1],u=i[2],s=i[3],c=i[4],l=i[5],f=+n,d=f%1e3;return(ae({year:o,month:a,day:u,hour:24===s?0:s,minute:c,second:l,millisecond:0})-(f-=d>=0?d:1e3+d))/6e4},i.equals=function(e){return"iana"===e.type&&e.name===this.name},n(t,[{key:"type",get:function(){return"iana"}},{key:"name",get:function(){return this.zoneName}},{key:"universal",get:function(){return!1}},{key:"isValid",get:function(){return this.valid}}]),t}(Ce),Ue=null,Re=function(e){function t(t){var n;return(n=e.call(this)||this).fixed=t,n}r(t,e),t.instance=function(e){return 0===e?t.utcInstance:new t(e)},t.parseSpecifier=function(e){if(e){var n=e.match(/^utc(?:([+-]\d{1,2})(?::(\d{2}))?)?$/i);if(n)return new t(le(n[1],n[2]))}return null},n(t,null,[{key:"utcInstance",get:function(){return null===Ue&&(Ue=new t(0)),Ue}}]);var i=t.prototype;return i.offsetName=function(){return this.name},i.formatOffset=function(e,t){return he(this.fixed,t)},i.offset=function(){return this.fixed},i.equals=function(e){return"fixed"===e.type&&e.fixed===this.fixed},n(t,[{key:"type",get:function(){return"fixed"}},{key:"name",get:function(){return 0===this.fixed?"UTC":"UTC"+he(this.fixed,"narrow")}},{key:"universal",get:function(){return!0}},{key:"isValid",get:function(){return!0}}]),t}(Ce),Pe=function(e){function t(t){var n;return(n=e.call(this)||this).zoneName=t,n}r(t,e);var i=t.prototype;return i.offsetName=function(){return null},i.formatOffset=function(){return""},i.offset=function(){return NaN},i.equals=function(){return!1},n(t,[{key:"type",get:function(){return"invalid"}},{key:"name",get:function(){return this.zoneName}},{key:"universal",get:function(){return!1}},{key:"isValid",get:function(){return!1}}]),t}(Ce);function We(e,t){var n;if(R(e)||null===e)return t;if(e instanceof Ce)return e;if("string"==typeof e){var r=e.toLowerCase();return"local"===r?t:"utc"===r||"gmt"===r?Re.utcInstance:null!=(n=He.parseGMTOffset(e))?Re.instance(n):He.isValidSpecifier(r)?He.create(e):Re.parseSpecifier(r)||new Pe(e)}return P(e)?Re.instance(e):"object"==typeof e&&e.offset&&"number"==typeof e.offset?e:new Pe(e)}var Je=function(){return Date.now()},Ye=null,Ge=null,$e=null,Be=null,Qe=!1,Ke=function(){function e(){}return e.resetCaches=function(){ct.resetCache(),He.resetCache()},n(e,null,[{key:"now",get:function(){return Je},set:function(e){Je=e}},{key:"defaultZoneName",get:function(){return e.defaultZone.name},set:function(e){Ye=e?We(e):null}},{key:"defaultZone",get:function(){return Ye||je.instance}},{key:"defaultLocale",get:function(){return Ge},set:function(e){Ge=e}},{key:"defaultNumberingSystem",get:function(){return $e},set:function(e){$e=e}},{key:"defaultOutputCalendar",get:function(){return Be},set:function(e){Be=e}},{key:"throwOnInvalid",get:function(){return Qe},set:function(e){Qe=e}}]),e}(),Xe={};function et(e,t){void 0===t&&(t={});var n=JSON.stringify([e,t]),r=Xe[n];return r||(r=new Intl.DateTimeFormat(e,t),Xe[n]=r),r}var tt={};var nt={};function rt(e,t){void 0===t&&(t={});var n=t,r=(n.base,function(e,t){if(null==e)return{};var n,r,i={},o=Object.keys(e);for(r=0;r<o.length;r++)n=o[r],t.indexOf(n)>=0||(i[n]=e[n]);return i}(n,["base"])),i=JSON.stringify([e,r]),o=nt[i];return o||(o=new Intl.RelativeTimeFormat(e,t),nt[i]=o),o}var it=null;function ot(e,t,n,r,i){var o=e.listingMode(n);return"error"===o?null:"en"===o?r(t):i(t)}var at=function(){function e(e,t,n){if(this.padTo=n.padTo||0,this.floor=n.floor||!1,!t&&J()){var r={useGrouping:!1};n.padTo>0&&(r.minimumIntegerDigits=n.padTo),this.inf=function(e,t){void 0===t&&(t={});var n=JSON.stringify([e,t]),r=tt[n];return r||(r=new Intl.NumberFormat(e,t),tt[n]=r),r}(e,r)}}return e.prototype.format=function(e){if(this.inf){var t=this.floor?Math.floor(e):e;return this.inf.format(t)}return X(this.floor?Math.floor(e):ne(e,3),this.padTo)},e}(),ut=function(){function e(e,t,n){var r;if(this.opts=n,this.hasIntl=J(),e.zone.universal&&this.hasIntl){var i=e.offset/60*-1;i>=-14&&i<=12&&i%1==0?(r=i>=0?"Etc/GMT+"+i:"Etc/GMT"+i,this.dt=e):(r="UTC",n.timeZoneName?this.dt=e:this.dt=0===e.offset?e:sr.fromMillis(e.ts+60*e.offset*1e3))}else"local"===e.zone.type?this.dt=e:(this.dt=e,r=e.zone.name);if(this.hasIntl){var o=Object.assign({},this.opts);r&&(o.timeZone=r),this.dtf=et(t,o)}}var t=e.prototype;return t.format=function(){if(this.hasIntl)return this.dtf.format(this.dt.toJSDate());var e=function(e){switch(ve(B(e,["weekday","era","year","month","day","hour","minute","second","timeZoneName","hour12"]))){case ve(b):return"M/d/yyyy";case ve(S):return"LLL d, yyyy";case ve(O):return"EEE, LLL d, yyyy";case ve(T):return"LLLL d, yyyy";case ve(M):return"EEEE, LLLL d, yyyy";case ve(N):return"h:mm a";case ve(E):return"h:mm:ss a";case ve(D):case ve(I):return"h:mm a";case ve(V):return"HH:mm";case ve(L):return"HH:mm:ss";case ve(x):case ve(F):return"HH:mm";case ve(C):return"M/d/yyyy, h:mm a";case ve(j):return"LLL d, yyyy, h:mm a";case ve(_):return"LLLL d, yyyy, h:mm a";case ve(H):return"EEEE, LLLL d, yyyy, h:mm a";case ve(Z):return"M/d/yyyy, h:mm:ss a";case ve(A):return"LLL d, yyyy, h:mm:ss a";case ve(z):return"EEE, d LLL yyyy, h:mm a";case ve(q):return"LLLL d, yyyy, h:mm:ss a";case ve(U):return"EEEE, LLLL d, yyyy, h:mm:ss a";default:return"EEEE, LLLL d, yyyy, h:mm a"}}(this.opts),t=ct.create("en-US");return xe.create(t).formatDateTimeFromString(this.dt,e)},t.formatToParts=function(){return this.hasIntl&&Y()?this.dtf.formatToParts(this.dt.toJSDate()):[]},t.resolvedOptions=function(){return this.hasIntl?this.dtf.resolvedOptions():{locale:"en-US",numberingSystem:"latn",outputCalendar:"gregory"}},e}(),st=function(){function e(e,t,n){this.opts=Object.assign({style:"long"},n),!t&&G()&&(this.rtf=rt(e,n))}var t=e.prototype;return t.format=function(e,t){return this.rtf?this.rtf.format(e,t):function(e,t,n,r){void 0===n&&(n="always"),void 0===r&&(r=!1);var i={years:["year","yr."],quarters:["quarter","qtr."],months:["month","mo."],weeks:["week","wk."],days:["day","day","days"],hours:["hour","hr."],minutes:["minute","min."],seconds:["second","sec."]},o=-1===["hours","minutes","seconds"].indexOf(e);if("auto"===n&&o){var a="days"===e;switch(t){case 1:return a?"tomorrow":"next "+i[e][0];case-1:return a?"yesterday":"last "+i[e][0];case 0:return a?"today":"this "+i[e][0]}}var u=Object.is(t,-0)||t<0,s=Math.abs(t),c=1===s,l=i[e],f=r?c?l[1]:l[2]||l[1]:c?i[e][0]:e;return u?s+" "+f+" ago":"in "+s+" "+f}(t,e,this.opts.numeric,"long"!==this.opts.style)},t.formatToParts=function(e,t){return this.rtf?this.rtf.formatToParts(e,t):[]},e}(),ct=function(){function e(e,t,n,r){var i=function(e){var t=e.indexOf("-u-");if(-1===t)return[e];var n,r=e.substring(0,t);try{n=et(e).resolvedOptions()}catch(e){n=et(r).resolvedOptions()}var i=n;return[r,i.numberingSystem,i.calendar]}(e),o=i[0],a=i[1],u=i[2];this.locale=o,this.numberingSystem=t||a||null,this.outputCalendar=n||u||null,this.intl=function(e,t,n){return J()?n||t?(e+="-u",n&&(e+="-ca-"+n),t&&(e+="-nu-"+t),e):e:[]}(this.locale,this.numberingSystem,this.outputCalendar),this.weekdaysCache={format:{},standalone:{}},this.monthsCache={format:{},standalone:{}},this.meridiemCache=null,this.eraCache={},this.specifiedLocale=r,this.fastNumbersCached=null}e.fromOpts=function(t){return e.create(t.locale,t.numberingSystem,t.outputCalendar,t.defaultToEN)},e.create=function(t,n,r,i){void 0===i&&(i=!1);var o=t||Ke.defaultLocale;return new e(o||(i?"en-US":function(){if(it)return it;if(J()){var e=(new Intl.DateTimeFormat).resolvedOptions().locale;return it=e&&"und"!==e?e:"en-US"}return it="en-US"}()),n||Ke.defaultNumberingSystem,r||Ke.defaultOutputCalendar,o)},e.resetCache=function(){it=null,Xe={},tt={},nt={}},e.fromObject=function(t){var n=void 0===t?{}:t,r=n.locale,i=n.numberingSystem,o=n.outputCalendar;return e.create(r,i,o)};var t=e.prototype;return t.listingMode=function(e){void 0===e&&(e=!0);var t=J()&&Y(),n=this.isEnglish(),r=!(null!==this.numberingSystem&&"latn"!==this.numberingSystem||null!==this.outputCalendar&&"gregory"!==this.outputCalendar);return t||n&&r||e?!t||n&&r?"en":"intl":"error"},t.clone=function(t){return t&&0!==Object.getOwnPropertyNames(t).length?e.create(t.locale||this.specifiedLocale,t.numberingSystem||this.numberingSystem,t.outputCalendar||this.outputCalendar,t.defaultToEN||!1):this},t.redefaultToEN=function(e){return void 0===e&&(e={}),this.clone(Object.assign({},e,{defaultToEN:!0}))},t.redefaultToSystem=function(e){return void 0===e&&(e={}),this.clone(Object.assign({},e,{defaultToEN:!1}))},t.months=function(e,t,n){var r=this;return void 0===t&&(t=!1),void 0===n&&(n=!0),ot(this,e,n,ke,function(){var n=t?{month:e,day:"numeric"}:{month:e},i=t?"format":"standalone";return r.monthsCache[i][e]||(r.monthsCache[i][e]=function(e){for(var t=[],n=1;n<=12;n++){var r=sr.utc(2016,n,1);t.push(e(r))}return t}(function(e){return r.extract(e,n,"month")})),r.monthsCache[i][e]})},t.weekdays=function(e,t,n){var r=this;return void 0===t&&(t=!1),void 0===n&&(n=!0),ot(this,e,n,Te,function(){var n=t?{weekday:e,year:"numeric",month:"long",day:"numeric"}:{weekday:e},i=t?"format":"standalone";return r.weekdaysCache[i][e]||(r.weekdaysCache[i][e]=function(e){for(var t=[],n=1;n<=7;n++){var r=sr.utc(2016,11,13+n);t.push(e(r))}return t}(function(e){return r.extract(e,n,"weekday")})),r.weekdaysCache[i][e]})},t.meridiems=function(e){var t=this;return void 0===e&&(e=!0),ot(this,void 0,e,function(){return Me},function(){if(!t.meridiemCache){var e={hour:"numeric",hour12:!0};t.meridiemCache=[sr.utc(2016,11,13,9),sr.utc(2016,11,13,19)].map(function(n){return t.extract(n,e,"dayperiod")})}return t.meridiemCache})},t.eras=function(e,t){var n=this;return void 0===t&&(t=!0),ot(this,e,t,Ie,function(){var t={era:e};return n.eraCache[e]||(n.eraCache[e]=[sr.utc(-40,1,1),sr.utc(2017,1,1)].map(function(e){return n.extract(e,t,"era")})),n.eraCache[e]})},t.extract=function(e,t,n){var r=this.dtFormatter(e,t).formatToParts().find(function(e){return e.type.toLowerCase()===n});return r?r.value:null},t.numberFormatter=function(e){return void 0===e&&(e={}),new at(this.intl,e.forceSimple||this.fastNumbers,e)},t.dtFormatter=function(e,t){return void 0===t&&(t={}),new ut(e,this.intl,t)},t.relFormatter=function(e){return void 0===e&&(e={}),new st(this.intl,this.isEnglish(),e)},t.isEnglish=function(){return"en"===this.locale||"en-us"===this.locale.toLowerCase()||J()&&new Intl.DateTimeFormat(this.intl).resolvedOptions().locale.startsWith("en-us")},t.equals=function(e){return this.locale===e.locale&&this.numberingSystem===e.numberingSystem&&this.outputCalendar===e.outputCalendar},n(e,[{key:"fastNumbers",get:function(){var e;return null==this.fastNumbersCached&&(this.fastNumbersCached=(!(e=this).numberingSystem||"latn"===e.numberingSystem)&&("latn"===e.numberingSystem||!e.locale||e.locale.startsWith("en")||J()&&"latn"===new Intl.DateTimeFormat(e.intl).resolvedOptions().numberingSystem)),this.fastNumbersCached}}]),e}();function lt(){for(var e=arguments.length,t=new Array(e),n=0;n<e;n++)t[n]=arguments[n];var r=t.reduce(function(e,t){return e+t.source},"");return RegExp("^"+r+"$")}function ft(){for(var e=arguments.length,t=new Array(e),n=0;n<e;n++)t[n]=arguments[n];return function(e){return t.reduce(function(t,n){var r=t[0],i=t[1],o=t[2],a=n(e,o),u=a[0],s=a[1],c=a[2];return[Object.assign(r,u),i||s,c]},[{},null,1]).slice(0,2)}}function dt(e){if(null==e)return[null,null];for(var t=arguments.length,n=new Array(t>1?t-1:0),r=1;r<t;r++)n[r-1]=arguments[r];for(var i=0,o=n;i<o.length;i++){var a=o[i],u=a[0],s=a[1],c=u.exec(e);if(c)return s(c)}return[null,null]}function ht(){for(var e=arguments.length,t=new Array(e),n=0;n<e;n++)t[n]=arguments[n];return function(e,n){var r,i={};for(r=0;r<t.length;r++)i[t[r]]=ee(e[n+r]);return[i,null,n+r]}}var mt=/(?:(Z)|([+-]\d\d)(?::?(\d\d))?)/,yt=/(\d\d)(?::?(\d\d)(?::?(\d\d)(?:[.,](\d{1,30}))?)?)?/,vt=RegExp(""+yt.source+mt.source+"?"),gt=RegExp("(?:T"+vt.source+")?"),pt=ht("weekYear","weekNumber","weekDay"),wt=ht("year","ordinal"),kt=RegExp(yt.source+" ?(?:"+mt.source+"|("+ye.source+"))?"),bt=RegExp("(?: "+kt.source+")?");function St(e,t,n){var r=e[t];return R(r)?n:ee(r)}function Ot(e,t){return[{year:St(e,t),month:St(e,t+1,1),day:St(e,t+2,1)},null,t+3]}function Tt(e,t){return[{hours:St(e,t,0),minutes:St(e,t+1,0),seconds:St(e,t+2,0),milliseconds:te(e[t+3])},null,t+4]}function Mt(e,t){var n=!e[t]&&!e[t+1],r=le(e[t+1],e[t+2]);return[{},n?null:Re.instance(r),t+3]}function Nt(e,t){return[{},e[t]?He.create(e[t]):null,t+1]}var Et=RegExp("^T?"+yt.source+"$"),Dt=/^-?P(?:(?:(-?\d{1,9})Y)?(?:(-?\d{1,9})M)?(?:(-?\d{1,9})W)?(?:(-?\d{1,9})D)?(?:T(?:(-?\d{1,9})H)?(?:(-?\d{1,9})M)?(?:(-?\d{1,20})(?:[.,](-?\d{1,9}))?S)?)?)$/;function It(e){var t=e[0],n=e[1],r=e[2],i=e[3],o=e[4],a=e[5],u=e[6],s=e[7],c=e[8],l="-"===t[0],f=function(e){return e&&l?-e:e};return[{years:f(ee(n)),months:f(ee(r)),weeks:f(ee(i)),days:f(ee(o)),hours:f(ee(a)),minutes:f(ee(u)),seconds:f(ee(s)),milliseconds:f(te(c))}]}var Vt={GMT:0,EDT:-240,EST:-300,CDT:-300,CST:-360,MDT:-360,MST:-420,PDT:-420,PST:-480};function Lt(e,t,n,r,i,o,a){var u={year:2===t.length?se(ee(t)):ee(t),month:pe.indexOf(n)+1,day:ee(r),hour:ee(i),minute:ee(o)};return a&&(u.second=ee(a)),e&&(u.weekday=e.length>3?be.indexOf(e)+1:Se.indexOf(e)+1),u}var xt=/^(?:(Mon|Tue|Wed|Thu|Fri|Sat|Sun),\s)?(\d{1,2})\s(Jan|Feb|Mar|Apr|May|Jun|Jul|Aug|Sep|Oct|Nov|Dec)\s(\d{2,4})\s(\d\d):(\d\d)(?::(\d\d))?\s(?:(UT|GMT|[ECMP][SD]T)|([Zz])|(?:([+-]\d\d)(\d\d)))$/;function Ft(e){var t,n=e[1],r=e[2],i=e[3],o=e[4],a=e[5],u=e[6],s=e[7],c=e[8],l=e[9],f=e[10],d=e[11],h=Lt(n,o,i,r,a,u,s);return t=c?Vt[c]:l?0:le(f,d),[h,new Re(t)]}var Ct=/^(Mon|Tue|Wed|Thu|Fri|Sat|Sun), (\d\d) (Jan|Feb|Mar|Apr|May|Jun|Jul|Aug|Sep|Oct|Nov|Dec) (\d{4}) (\d\d):(\d\d):(\d\d) GMT$/,Zt=/^(Monday|Tuesday|Wedsday|Thursday|Friday|Saturday|Sunday), (\d\d)-(Jan|Feb|Mar|Apr|May|Jun|Jul|Aug|Sep|Oct|Nov|Dec)-(\d\d) (\d\d):(\d\d):(\d\d) GMT$/,jt=/^(Mon|Tue|Wed|Thu|Fri|Sat|Sun) (Jan|Feb|Mar|Apr|May|Jun|Jul|Aug|Sep|Oct|Nov|Dec) ( \d|\d\d) (\d\d):(\d\d):(\d\d) (\d{4})$/;function At(e){var t=e[1],n=e[2],r=e[3];return[Lt(t,e[4],r,n,e[5],e[6],e[7]),Re.utcInstance]}function zt(e){var t=e[1],n=e[2],r=e[3],i=e[4],o=e[5],a=e[6];return[Lt(t,e[7],n,r,i,o,a),Re.utcInstance]}var _t=lt(/([+-]\d{6}|\d{4})(?:-?(\d\d)(?:-?(\d\d))?)?/,gt),qt=lt(/(\d{4})-?W(\d\d)(?:-?(\d))?/,gt),Ht=lt(/(\d{4})-?(\d{3})/,gt),Ut=lt(vt),Rt=ft(Ot,Tt,Mt),Pt=ft(pt,Tt,Mt),Wt=ft(wt,Tt),Jt=ft(Tt,Mt);var Yt=ft(Tt);var Gt=lt(/(\d{4})-(\d\d)-(\d\d)/,bt),$t=lt(kt),Bt=ft(Ot,Tt,Mt,Nt),Qt=ft(Tt,Mt,Nt);var Kt={weeks:{days:7,hours:168,minutes:10080,seconds:604800,milliseconds:6048e5},days:{hours:24,minutes:1440,seconds:86400,milliseconds:864e5},hours:{minutes:60,seconds:3600,milliseconds:36e5},minutes:{seconds:60,milliseconds:6e4},seconds:{milliseconds:1e3}},Xt=Object.assign({years:{quarters:4,months:12,weeks:52,days:365,hours:8760,minutes:525600,seconds:31536e3,milliseconds:31536e6},quarters:{months:3,weeks:13,days:91,hours:2184,minutes:131040,seconds:7862400,milliseconds:78624e5},months:{weeks:4,days:30,hours:720,minutes:43200,seconds:2592e3,milliseconds:2592e6}},Kt),en=Object.assign({years:{quarters:4,months:12,weeks:52.1775,days:365.2425,hours:8765.82,minutes:525949.2,seconds:525949.2*60,milliseconds:525949.2*60*1e3},quarters:{months:3,weeks:13.044375,days:91.310625,hours:2191.455,minutes:131487.3,seconds:525949.2*60/4,milliseconds:7889237999.999999},months:{weeks:30.436875/7,days:30.436875,hours:730.485,minutes:43829.1,seconds:2629746,milliseconds:2629746e3}},Kt),tn=["years","quarters","months","weeks","days","hours","minutes","seconds","milliseconds"],nn=tn.slice(0).reverse();function rn(e,t,n){void 0===n&&(n=!1);var r={values:n?t.values:Object.assign({},e.values,t.values||{}),loc:e.loc.clone(t.loc),conversionAccuracy:t.conversionAccuracy||e.conversionAccuracy};return new an(r)}function on(e,t,n,r,i){var o,a=e[i][n],u=t[n]/a,s=!(Math.sign(u)===Math.sign(r[i]))&&0!==r[i]&&Math.abs(u)<=1?(o=u)<0?Math.floor(o):Math.ceil(o):Math.trunc(u);r[i]+=s,t[n]-=s*a}var an=function(){function e(e){var t="longterm"===e.conversionAccuracy||!1;this.values=e.values,this.loc=e.loc||ct.create(),this.conversionAccuracy=t?"longterm":"casual",this.invalid=e.invalid||null,this.matrix=t?en:Xt,this.isLuxonDuration=!0}e.fromMillis=function(t,n){return e.fromObject(Object.assign({milliseconds:t},n))},e.fromObject=function(t){if(null==t||"object"!=typeof t)throw new v("Duration.fromObject: argument expected to be an object, got "+(null===t?"null":typeof t));return new e({values:de(t,e.normalizeUnit,["locale","numberingSystem","conversionAccuracy","zone"]),loc:ct.fromObject(t),conversionAccuracy:t.conversionAccuracy})},e.fromISO=function(t,n){var r=dt(t,[Dt,It])[0];if(r){var i=Object.assign(r,n);return e.fromObject(i)}return e.invalid("unparsable",'the input "'+t+"\" can't be parsed as ISO 8601")},e.fromISOTime=function(t,n){var r=dt(t,[Et,Yt])[0];if(r){var i=Object.assign(r,n);return e.fromObject(i)}return e.invalid("unparsable",'the input "'+t+"\" can't be parsed as ISO 8601")},e.invalid=function(t,n){if(void 0===n&&(n=null),!t)throw new v("need to specify a reason the Duration is invalid");var r=t instanceof Fe?t:new Fe(t,n);if(Ke.throwOnInvalid)throw new h(r);return new e({invalid:r})},e.normalizeUnit=function(e){var t={year:"years",years:"years",quarter:"quarters",quarters:"quarters",month:"months",months:"months",week:"weeks",weeks:"weeks",day:"days",days:"days",hour:"hours",hours:"hours",minute:"minutes",minutes:"minutes",second:"seconds",seconds:"seconds",millisecond:"milliseconds",milliseconds:"milliseconds"}[e?e.toLowerCase():e];if(!t)throw new y(e);return t},e.isDuration=function(e){return e&&e.isLuxonDuration||!1};var t=e.prototype;return t.toFormat=function(e,t){void 0===t&&(t={});var n=Object.assign({},t,{floor:!1!==t.round&&!1!==t.floor});return this.isValid?xe.create(this.loc,n).formatDurationFromString(this,e):"Invalid Duration"},t.toObject=function(e){if(void 0===e&&(e={}),!this.isValid)return{};var t=Object.assign({},this.values);return e.includeConfig&&(t.conversionAccuracy=this.conversionAccuracy,t.numberingSystem=this.loc.numberingSystem,t.locale=this.loc.locale),t},t.toISO=function(){if(!this.isValid)return null;var e="P";return 0!==this.years&&(e+=this.years+"Y"),0===this.months&&0===this.quarters||(e+=this.months+3*this.quarters+"M"),0!==this.weeks&&(e+=this.weeks+"W"),0!==this.days&&(e+=this.days+"D"),0===this.hours&&0===this.minutes&&0===this.seconds&&0===this.milliseconds||(e+="T"),0!==this.hours&&(e+=this.hours+"H"),0!==this.minutes&&(e+=this.minutes+"M"),0===this.seconds&&0===this.milliseconds||(e+=ne(this.seconds+this.milliseconds/1e3,3)+"S"),"P"===e&&(e+="T0S"),e},t.toISOTime=function(e){if(void 0===e&&(e={}),!this.isValid)return null;var t=this.toMillis();if(t<0||t>=864e5)return null;e=Object.assign({suppressMilliseconds:!1,suppressSeconds:!1,includePrefix:!1,format:"extended"},e);var n=this.shiftTo("hours","minutes","seconds","milliseconds"),r="basic"===e.format?"hhmm":"hh:mm";e.suppressSeconds&&0===n.seconds&&0===n.milliseconds||(r+="basic"===e.format?"ss":":ss",e.suppressMilliseconds&&0===n.milliseconds||(r+=".SSS"));var i=n.toFormat(r);return e.includePrefix&&(i="T"+i),i},t.toJSON=function(){return this.toISO()},t.toString=function(){return this.toISO()},t.toMillis=function(){return this.as("milliseconds")},t.valueOf=function(){return this.toMillis()},t.plus=function(e){if(!this.isValid)return this;for(var t,n=un(e),r={},i=c(tn);!(t=i()).done;){var o=t.value;(Q(n.values,o)||Q(this.values,o))&&(r[o]=n.get(o)+this.get(o))}return rn(this,{values:r},!0)},t.minus=function(e){if(!this.isValid)return this;var t=un(e);return this.plus(t.negate())},t.mapUnits=function(e){if(!this.isValid)return this;for(var t={},n=0,r=Object.keys(this.values);n<r.length;n++){var i=r[n];t[i]=fe(e(this.values[i],i))}return rn(this,{values:t},!0)},t.get=function(t){return this[e.normalizeUnit(t)]},t.set=function(t){return this.isValid?rn(this,{values:Object.assign(this.values,de(t,e.normalizeUnit,[]))}):this},t.reconfigure=function(e){var t=void 0===e?{}:e,n=t.locale,r=t.numberingSystem,i=t.conversionAccuracy,o={loc:this.loc.clone({locale:n,numberingSystem:r})};return i&&(o.conversionAccuracy=i),rn(this,o)},t.as=function(e){return this.isValid?this.shiftTo(e).get(e):NaN},t.normalize=function(){if(!this.isValid)return this;var e=this.toObject();return function(e,t){nn.reduce(function(n,r){return R(t[r])?n:(n&&on(e,t,n,t,r),r)},null)}(this.matrix,e),rn(this,{values:e},!0)},t.shiftTo=function(){for(var t=arguments.length,n=new Array(t),r=0;r<t;r++)n[r]=arguments[r];if(!this.isValid)return this;if(0===n.length)return this;n=n.map(function(t){return e.normalizeUnit(t)});for(var i,o,a={},u={},s=this.toObject(),l=c(tn);!(o=l()).done;){var f=o.value;if(n.indexOf(f)>=0){i=f;var d=0;for(var h in u)d+=this.matrix[h][f]*u[h],u[h]=0;P(s[f])&&(d+=s[f]);var m=Math.trunc(d);for(var y in a[f]=m,u[f]=d-m,s)tn.indexOf(y)>tn.indexOf(f)&&on(this.matrix,s,y,a,f)}else P(s[f])&&(u[f]=s[f])}for(var v in u)0!==u[v]&&(a[i]+=v===i?u[v]:u[v]/this.matrix[i][v]);return rn(this,{values:a},!0).normalize()},t.negate=function(){if(!this.isValid)return this;for(var e={},t=0,n=Object.keys(this.values);t<n.length;t++){var r=n[t];e[r]=-this.values[r]}return rn(this,{values:e},!0)},t.equals=function(e){if(!this.isValid||!e.isValid)return!1;if(!this.loc.equals(e.loc))return!1;for(var t,n=c(tn);!(t=n()).done;){var r=t.value;if(i=this.values[r],o=e.values[r],!(void 0===i||0===i?void 0===o||0===o:i===o))return!1}var i,o;return!0},n(e,[{key:"locale",get:function(){return this.isValid?this.loc.locale:null}},{key:"numberingSystem",get:function(){return this.isValid?this.loc.numberingSystem:null}},{key:"years",get:function(){return this.isValid?this.values.years||0:NaN}},{key:"quarters",get:function(){return this.isValid?this.values.quarters||0:NaN}},{key:"months",get:function(){return this.isValid?this.values.months||0:NaN}},{key:"weeks",get:function(){return this.isValid?this.values.weeks||0:NaN}},{key:"days",get:function(){return this.isValid?this.values.days||0:NaN}},{key:"hours",get:function(){return this.isValid?this.values.hours||0:NaN}},{key:"minutes",get:function(){return this.isValid?this.values.minutes||0:NaN}},{key:"seconds",get:function(){return this.isValid?this.values.seconds||0:NaN}},{key:"milliseconds",get:function(){return this.isValid?this.values.milliseconds||0:NaN}},{key:"isValid",get:function(){return null===this.invalid}},{key:"invalidReason",get:function(){return this.invalid?this.invalid.reason:null}},{key:"invalidExplanation",get:function(){return this.invalid?this.invalid.explanation:null}}]),e}();function un(e){if(P(e))return an.fromMillis(e);if(an.isDuration(e))return e;if("object"==typeof e)return an.fromObject(e);throw new v("Unknown duration argument "+e+" of type "+typeof e)}var sn="Invalid Interval";function cn(e,t){return e&&e.isValid?t&&t.isValid?t<e?ln.invalid("end before start","The end of an interval must be after its start, but you had start="+e.toISO()+" and end="+t.toISO()):null:ln.invalid("missing or invalid end"):ln.invalid("missing or invalid start")}var ln=function(){function e(e){this.s=e.start,this.e=e.end,this.invalid=e.invalid||null,this.isLuxonInterval=!0}e.invalid=function(t,n){if(void 0===n&&(n=null),!t)throw new v("need to specify a reason the Interval is invalid");var r=t instanceof Fe?t:new Fe(t,n);if(Ke.throwOnInvalid)throw new d(r);return new e({invalid:r})},e.fromDateTimes=function(t,n){var r=cr(t),i=cr(n),o=cn(r,i);return null==o?new e({start:r,end:i}):o},e.after=function(t,n){var r=un(n),i=cr(t);return e.fromDateTimes(i,i.plus(r))},e.before=function(t,n){var r=un(n),i=cr(t);return e.fromDateTimes(i.minus(r),i)},e.fromISO=function(t,n){var r=(t||"").split("/",2),i=r[0],o=r[1];if(i&&o){var a,u,s,c;try{u=(a=sr.fromISO(i,n)).isValid}catch(o){u=!1}try{c=(s=sr.fromISO(o,n)).isValid}catch(o){c=!1}if(u&&c)return e.fromDateTimes(a,s);if(u){var l=an.fromISO(o,n);if(l.isValid)return e.after(a,l)}else if(c){var f=an.fromISO(i,n);if(f.isValid)return e.before(s,f)}}return e.invalid("unparsable",'the input "'+t+"\" can't be parsed as ISO 8601")},e.isInterval=function(e){return e&&e.isLuxonInterval||!1};var t=e.prototype;return t.length=function(e){return void 0===e&&(e="milliseconds"),this.isValid?this.toDuration.apply(this,[e]).get(e):NaN},t.count=function(e){if(void 0===e&&(e="milliseconds"),!this.isValid)return NaN;var t=this.start.startOf(e),n=this.end.startOf(e);return Math.floor(n.diff(t,e).get(e))+1},t.hasSame=function(e){return!!this.isValid&&(this.isEmpty()||this.e.minus(1).hasSame(this.s,e))},t.isEmpty=function(){return this.s.valueOf()===this.e.valueOf()},t.isAfter=function(e){return!!this.isValid&&this.s>e},t.isBefore=function(e){return!!this.isValid&&this.e<=e},t.contains=function(e){return!!this.isValid&&(this.s<=e&&this.e>e)},t.set=function(t){var n=void 0===t?{}:t,r=n.start,i=n.end;return this.isValid?e.fromDateTimes(r||this.s,i||this.e):this},t.splitAt=function(){var t=this;if(!this.isValid)return[];for(var n=arguments.length,r=new Array(n),i=0;i<n;i++)r[i]=arguments[i];for(var o=r.map(cr).filter(function(e){return t.contains(e)}).sort(),a=[],u=this.s,s=0;u<this.e;){var c=o[s]||this.e,l=+c>+this.e?this.e:c;a.push(e.fromDateTimes(u,l)),u=l,s+=1}return a},t.splitBy=function(t){var n=un(t);if(!this.isValid||!n.isValid||0===n.as("milliseconds"))return[];for(var r,i,o=this.s,a=[];o<this.e;)i=+(r=o.plus(n))>+this.e?this.e:r,a.push(e.fromDateTimes(o,i)),o=i;return a},t.divideEqually=function(e){return this.isValid?this.splitBy(this.length()/e).slice(0,e):[]},t.overlaps=function(e){return this.e>e.s&&this.s<e.e},t.abutsStart=function(e){return!!this.isValid&&+this.e==+e.s},t.abutsEnd=function(e){return!!this.isValid&&+e.e==+this.s},t.engulfs=function(e){return!!this.isValid&&(this.s<=e.s&&this.e>=e.e)},t.equals=function(e){return!(!this.isValid||!e.isValid)&&(this.s.equals(e.s)&&this.e.equals(e.e))},t.intersection=function(t){if(!this.isValid)return this;var n=this.s>t.s?this.s:t.s,r=this.e<t.e?this.e:t.e;return n>r?null:e.fromDateTimes(n,r)},t.union=function(t){if(!this.isValid)return this;var n=this.s<t.s?this.s:t.s,r=this.e>t.e?this.e:t.e;return e.fromDateTimes(n,r)},e.merge=function(e){var t=e.sort(function(e,t){return e.s-t.s}).reduce(function(e,t){var n=e[0],r=e[1];return r?r.overlaps(t)||r.abutsStart(t)?[n,r.union(t)]:[n.concat([r]),t]:[n,t]},[[],null]),n=t[0],r=t[1];return r&&n.push(r),n},e.xor=function(t){for(var n,r,i=null,o=0,a=[],u=t.map(function(e){return[{time:e.s,type:"s"},{time:e.e,type:"e"}]}),s=c((n=Array.prototype).concat.apply(n,u).sort(function(e,t){return e.time-t.time}));!(r=s()).done;){var l=r.value;1===(o+="s"===l.type?1:-1)?i=l.time:(i&&+i!=+l.time&&a.push(e.fromDateTimes(i,l.time)),i=null)}return e.merge(a)},t.difference=function(){for(var t=this,n=arguments.length,r=new Array(n),i=0;i<n;i++)r[i]=arguments[i];return e.xor([this].concat(r)).map(function(e){return t.intersection(e)}).filter(function(e){return e&&!e.isEmpty()})},t.toString=function(){return this.isValid?"["+this.s.toISO()+" – "+this.e.toISO()+")":sn},t.toISO=function(e){return this.isValid?this.s.toISO(e)+"/"+this.e.toISO(e):sn},t.toISODate=function(){return this.isValid?this.s.toISODate()+"/"+this.e.toISODate():sn},t.toISOTime=function(e){return this.isValid?this.s.toISOTime(e)+"/"+this.e.toISOTime(e):sn},t.toFormat=function(e,t){var n=(void 0===t?{}:t).separator,r=void 0===n?" – ":n;return this.isValid?""+this.s.toFormat(e)+r+this.e.toFormat(e):sn},t.toDuration=function(e,t){return this.isValid?this.e.diff(this.s,e,t):an.invalid(this.invalidReason)},t.mapEndpoints=function(t){return e.fromDateTimes(t(this.s),t(this.e))},n(e,[{key:"start",get:function(){return this.isValid?this.s:null}},{key:"end",get:function(){return this.isValid?this.e:null}},{key:"isValid",get:function(){return null===this.invalidReason}},{key:"invalidReason",get:function(){return this.invalid?this.invalid.reason:null}},{key:"invalidExplanation",get:function(){return this.invalid?this.invalid.explanation:null}}]),e}(),fn=function(){function e(){}return e.hasDST=function(e){void 0===e&&(e=Ke.defaultZone);var t=sr.now().setZone(e).set({month:12});return!e.universal&&t.offset!==t.set({month:6}).offset},e.isValidIANAZone=function(e){return He.isValidSpecifier(e)&&He.isValidZone(e)},e.normalizeZone=function(e){return We(e,Ke.defaultZone)},e.months=function(e,t){void 0===e&&(e="long");var n=void 0===t?{}:t,r=n.locale,i=void 0===r?null:r,o=n.numberingSystem,a=void 0===o?null:o,u=n.outputCalendar,s=void 0===u?"gregory":u;return ct.create(i,a,s).months(e)},e.monthsFormat=function(e,t){void 0===e&&(e="long");var n=void 0===t?{}:t,r=n.locale,i=void 0===r?null:r,o=n.numberingSystem,a=void 0===o?null:o,u=n.outputCalendar,s=void 0===u?"gregory":u;return ct.create(i,a,s).months(e,!0)},e.weekdays=function(e,t){void 0===e&&(e="long");var n=void 0===t?{}:t,r=n.locale,i=void 0===r?null:r,o=n.numberingSystem,a=void 0===o?null:o;return ct.create(i,a,null).weekdays(e)},e.weekdaysFormat=function(e,t){void 0===e&&(e="long");var n=void 0===t?{}:t,r=n.locale,i=void 0===r?null:r,o=n.numberingSystem,a=void 0===o?null:o;return ct.create(i,a,null).weekdays(e,!0)},e.meridiems=function(e){var t=(void 0===e?{}:e).locale,n=void 0===t?null:t;return ct.create(n).meridiems()},e.eras=function(e,t){void 0===e&&(e="short");var n=(void 0===t?{}:t).locale,r=void 0===n?null:n;return ct.create(r,null,"gregory").eras(e)},e.features=function(){var e=!1,t=!1,n=!1,r=!1;if(J()){e=!0,t=Y(),r=G();try{n="America/New_York"===new Intl.DateTimeFormat("en",{timeZone:"America/New_York"}).resolvedOptions().timeZone}catch(e){n=!1}}return{intl:e,intlTokens:t,zones:n,relative:r}},e}();function dn(e,t){var n=function(e){return e.toUTC(0,{keepLocalTime:!0}).startOf("day").valueOf()},r=n(t)-n(e);return Math.floor(an.fromMillis(r).as("days"))}function hn(e,t,n,r){var i=function(e,t,n){for(var r,i,o={},a=0,u=[["years",function(e,t){return t.year-e.year}],["quarters",function(e,t){return t.quarter-e.quarter}],["months",function(e,t){return t.month-e.month+12*(t.year-e.year)}],["weeks",function(e,t){var n=dn(e,t);return(n-n%7)/7}],["days",dn]];a<u.length;a++){var s=u[a],c=s[0],l=s[1];if(n.indexOf(c)>=0){var f;r=c;var d,h=l(e,t);(i=e.plus(((f={})[c]=h,f)))>t?(e=e.plus(((d={})[c]=h-1,d)),h-=1):e=i,o[c]=h}}return[e,o,i,r]}(e,t,n),o=i[0],a=i[1],u=i[2],s=i[3],c=t-o,l=n.filter(function(e){return["hours","minutes","seconds","milliseconds"].indexOf(e)>=0});if(0===l.length){var f;if(u<t)u=o.plus(((f={})[s]=1,f));u!==o&&(a[s]=(a[s]||0)+c/(u-o))}var d,h=an.fromObject(Object.assign(a,r));return l.length>0?(d=an.fromMillis(c,r)).shiftTo.apply(d,l).plus(h):h}var mn={arab:"[٠-٩]",arabext:"[۰-۹]",bali:"[᭐-᭙]",beng:"[০-৯]",deva:"[०-९]",fullwide:"[０-９]",gujr:"[૦-૯]",hanidec:"[〇|一|二|三|四|五|六|七|八|九]",khmr:"[០-៩]",knda:"[೦-೯]",laoo:"[໐-໙]",limb:"[᥆-᥏]",mlym:"[൦-൯]",mong:"[᠐-᠙]",mymr:"[၀-၉]",orya:"[୦-୯]",tamldec:"[௦-௯]",telu:"[౦-౯]",thai:"[๐-๙]",tibt:"[༠-༩]",latn:"\\d"},yn={arab:[1632,1641],arabext:[1776,1785],bali:[6992,7001],beng:[2534,2543],deva:[2406,2415],fullwide:[65296,65303],gujr:[2790,2799],khmr:[6112,6121],knda:[3302,3311],laoo:[3792,3801],limb:[6470,6479],mlym:[3430,3439],mong:[6160,6169],mymr:[4160,4169],orya:[2918,2927],tamldec:[3046,3055],telu:[3174,3183],thai:[3664,3673],tibt:[3872,3881]},vn=mn.hanidec.replace(/[\[|\]]/g,"").split("");function gn(e,t){var n=e.numberingSystem;return void 0===t&&(t=""),new RegExp(""+mn[n||"latn"]+t)}var pn="missing Intl.DateTimeFormat.formatToParts support";function wn(e,t){return void 0===t&&(t=function(e){return e}),{regex:e,deser:function(e){var n=e[0];return t(function(e){var t=parseInt(e,10);if(isNaN(t)){t="";for(var n=0;n<e.length;n++){var r=e.charCodeAt(n);if(-1!==e[n].search(mn.hanidec))t+=vn.indexOf(e[n]);else for(var i in yn){var o=yn[i],a=o[0],u=o[1];r>=a&&r<=u&&(t+=r-a)}}return parseInt(t,10)}return t}(n))}}}var kn="( |"+String.fromCharCode(160)+")",bn=new RegExp(kn,"g");function Sn(e){return e.replace(/\./g,"\\.?").replace(bn,kn)}function On(e){return e.replace(/\./g,"").replace(bn," ").toLowerCase()}function Tn(e,t){return null===e?null:{regex:RegExp(e.map(Sn).join("|")),deser:function(n){var r=n[0];return e.findIndex(function(e){return On(r)===On(e)})+t}}}function Mn(e,t){return{regex:e,deser:function(e){return le(e[1],e[2])},groups:t}}function Nn(e){return{regex:e,deser:function(e){return e[0]}}}var En={year:{"2-digit":"yy",numeric:"yyyyy"},month:{numeric:"M","2-digit":"MM",short:"MMM",long:"MMMM"},day:{numeric:"d","2-digit":"dd"},weekday:{short:"EEE",long:"EEEE"},dayperiod:"a",dayPeriod:"a",hour:{numeric:"h","2-digit":"hh"},minute:{numeric:"m","2-digit":"mm"},second:{numeric:"s","2-digit":"ss"}};var Dn=null;function In(e,t){if(e.literal)return e;var n=xe.macroTokenToFormatOpts(e.val);if(!n)return e;var r=xe.create(t,n).formatDateTimeParts((Dn||(Dn=sr.fromMillis(1555555555555)),Dn)).map(function(e){return function(e,t,n){var r=e.type,i=e.value;if("literal"===r)return{literal:!0,val:i};var o=n[r],a=En[r];return"object"==typeof a&&(a=a[o]),a?{literal:!1,val:a}:void 0}(e,0,n)});return r.includes(void 0)?e:r}function Vn(e,t,n){var r=function(e,t){var n;return(n=Array.prototype).concat.apply(n,e.map(function(e){return In(e,t)}))}(xe.parseFormat(n),e),i=r.map(function(t){return n=t,i=gn(r=e),o=gn(r,"{2}"),a=gn(r,"{3}"),u=gn(r,"{4}"),s=gn(r,"{6}"),c=gn(r,"{1,2}"),l=gn(r,"{1,3}"),f=gn(r,"{1,6}"),d=gn(r,"{1,9}"),h=gn(r,"{2,4}"),m=gn(r,"{4,6}"),y=function(e){return{regex:RegExp((t=e.val,t.replace(/[\-\[\]{}()*+?.,\\\^$|#\s]/g,"\\$&"))),deser:function(e){return e[0]},literal:!0};var t},(v=function(e){if(n.literal)return y(e);switch(e.val){case"G":return Tn(r.eras("short",!1),0);case"GG":return Tn(r.eras("long",!1),0);case"y":return wn(f);case"yy":return wn(h,se);case"yyyy":return wn(u);case"yyyyy":return wn(m);case"yyyyyy":return wn(s);case"M":return wn(c);case"MM":return wn(o);case"MMM":return Tn(r.months("short",!0,!1),1);case"MMMM":return Tn(r.months("long",!0,!1),1);case"L":return wn(c);case"LL":return wn(o);case"LLL":return Tn(r.months("short",!1,!1),1);case"LLLL":return Tn(r.months("long",!1,!1),1);case"d":return wn(c);case"dd":return wn(o);case"o":return wn(l);case"ooo":return wn(a);case"HH":return wn(o);case"H":return wn(c);case"hh":return wn(o);case"h":return wn(c);case"mm":return wn(o);case"m":case"q":return wn(c);case"qq":return wn(o);case"s":return wn(c);case"ss":return wn(o);case"S":return wn(l);case"SSS":return wn(a);case"u":return Nn(d);case"a":return Tn(r.meridiems(),0);case"kkkk":return wn(u);case"kk":return wn(h,se);case"W":return wn(c);case"WW":return wn(o);case"E":case"c":return wn(i);case"EEE":return Tn(r.weekdays("short",!1,!1),1);case"EEEE":return Tn(r.weekdays("long",!1,!1),1);case"ccc":return Tn(r.weekdays("short",!0,!1),1);case"cccc":return Tn(r.weekdays("long",!0,!1),1);case"Z":case"ZZ":return Mn(new RegExp("([+-]"+c.source+")(?::("+o.source+"))?"),2);case"ZZZ":return Mn(new RegExp("([+-]"+c.source+")("+o.source+")?"),2);case"z":return Nn(/[a-z_+-/]{1,256}?/i);default:return y(e)}}(n)||{invalidReason:pn}).token=***MASKED***"^"+e.map(function(e){return e.regex}).reduce(function(e,t){return e+"("+t.source+")"},"")+"$",e]}(i),u=a[0],s=a[1],c=RegExp(u,"i"),l=function(e,t,n){var r=e.match(t);if(r){var i={},o=1;for(var a in n)if(Q(n,a)){var u=n[a],s=u.groups?u.groups+1:1;!u.literal&&u.token&&(i[u.token.val[0]]=u.deser(r.slice(o,o+s))),o+=s}return[r,i]}return[r,{}]}(t,c,s),f=l[0],d=l[1],h=d?function(e){var t;return t=R(e.Z)?R(e.z)?null:He.create(e.z):new Re(e.Z),R(e.q)||(e.M=3*(e.q-1)+1),R(e.h)||(e.h<12&&1===e.a?e.h+=12:12===e.h&&0===e.a&&(e.h=0)),0===e.G&&e.y&&(e.y=-e.y),R(e.u)||(e.S=te(e.u)),[Object.keys(e).reduce(function(t,n){var r=function(e){switch(e){case"S":return"millisecond";case"s":return"second";case"m":return"minute";case"h":case"H":return"hour";case"d":return"day";case"o":return"ordinal";case"L":case"M":return"month";case"y":return"year";case"E":case"c":return"weekday";case"W":return"weekNumber";case"k":return"weekYear";case"q":return"quarter";default:return null}}(n);return r&&(t[r]=e[n]),t},{}),t]}(d):[null,null],y=h[0],v=h[1];if(Q(d,"a")&&Q(d,"H"))throw new m("Can't include meridiem when specifying 24-hour format");return{input:t,tokens:r,regex:c,rawMatches:f,matches:d,result:y,zone:v}}var Ln=[0,31,59,90,120,151,181,212,243,273,304,334],xn=[0,31,60,91,121,152,182,213,244,274,305,335];function Fn(e,t){return new Fe("unit out of range","you specified "+t+" (of type "+typeof t+") as a "+e+", which is invalid")}function Cn(e,t,n){var r=new Date(Date.UTC(e,t-1,n)).getUTCDay();return 0===r?7:r}function Zn(e,t,n){return n+(re(e)?xn:Ln)[t-1]}function jn(e,t){var n=re(e)?xn:Ln,r=n.findIndex(function(e){return e<t});return{month:r+1,day:t-n[r]}}function An(e){var t,n=e.year,r=e.month,i=e.day,o=Zn(n,r,i),a=Cn(n,r,i),u=Math.floor((o-a+10)/7);return u<1?u=ue(t=n-1):u>ue(n)?(t=n+1,u=1):t=n,Object.assign({weekYear:t,weekNumber:u,weekday:a},me(e))}function zn(e){var t,n=e.weekYear,r=e.weekNumber,i=e.weekday,o=Cn(n,1,4),a=ie(n),u=7*r+i-o-3;u<1?u+=ie(t=n-1):u>a?(t=n+1,u-=ie(n)):t=n;var s=jn(t,u),c=s.month,l=s.day;return Object.assign({year:t,month:c,day:l},me(e))}function _n(e){var t=e.year,n=Zn(t,e.month,e.day);return Object.assign({year:t,ordinal:n},me(e))}function qn(e){var t=e.year,n=jn(t,e.ordinal),r=n.month,i=n.day;return Object.assign({year:t,month:r,day:i},me(e))}function Hn(e){var t=W(e.year),n=K(e.month,1,12),r=K(e.day,1,oe(e.year,e.month));return t?n?!r&&Fn("day",e.day):Fn("month",e.month):Fn("year",e.year)}function Un(e){var t=e.hour,n=e.minute,r=e.second,i=e.millisecond,o=K(t,0,23)||24===t&&0===n&&0===r&&0===i,a=K(n,0,59),u=K(r,0,59),s=K(i,0,999);return o?a?u?!s&&Fn("millisecond",i):Fn("second",r):Fn("minute",n):Fn("hour",t)}function Rn(e){return new Fe("unsupported zone",'the zone "'+e.name+'" is not supported')}function Pn(e){return null===e.weekData&&(e.weekData=An(e.c)),e.weekData}function Wn(e,t){var n={ts:e.ts,zone:e.zone,c:e.c,o:e.o,loc:e.loc,invalid:e.invalid};return new sr(Object.assign({},n,t,{old:n}))}function Jn(e,t,n){var r=e-60*t*1e3,i=n.offset(r);if(t===i)return[r,t];r-=60*(i-t)*1e3;var o=n.offset(r);return i===o?[r,i]:[e-60*Math.min(i,o)*1e3,Math.max(i,o)]}function Yn(e,t){var n=new Date(e+=60*t*1e3);return{year:n.getUTCFullYear(),month:n.getUTCMonth()+1,day:n.getUTCDate(),hour:n.getUTCHours(),minute:n.getUTCMinutes(),second:n.getUTCSeconds(),millisecond:n.getUTCMilliseconds()}}function Gn(e,t,n){return Jn(ae(e),t,n)}function $n(e,t){var n=e.o,r=e.c.year+Math.trunc(t.years),i=e.c.month+Math.trunc(t.months)+3*Math.trunc(t.quarters),o=Object.assign({},e.c,{year:r,month:i,day:Math.min(e.c.day,oe(r,i))+Math.trunc(t.days)+7*Math.trunc(t.weeks)}),a=an.fromObject({years:t.years-Math.trunc(t.years),quarters:t.quarters-Math.trunc(t.quarters),months:t.months-Math.trunc(t.months),weeks:t.weeks-Math.trunc(t.weeks),days:t.days-Math.trunc(t.days),hours:t.hours,minutes:t.minutes,seconds:t.seconds,milliseconds:t.milliseconds}).as("milliseconds"),u=Jn(ae(o),n,e.zone),s=u[0],c=u[1];return 0!==a&&(s+=a,c=e.zone.offset(s)),{ts:s,o:c}}function Bn(e,t,n,r,i){var o=n.setZone,a=n.zone;if(e&&0!==Object.keys(e).length){var u=t||a,s=sr.fromObject(Object.assign(e,n,{zone:u,setZone:void 0}));return o?s:s.setZone(a)}return sr.invalid(new Fe("unparsable",'the input "'+i+"\" can't be parsed as "+r))}function Qn(e,t,n){return void 0===n&&(n=!0),e.isValid?xe.create(ct.create("en-US"),{allowZ:n,forceSimple:!0}).formatDateTimeFromString(e,t):null}function Kn(e,t){var n=t.suppressSeconds,r=void 0!==n&&n,i=t.suppressMilliseconds,o=void 0!==i&&i,a=t.includeOffset,u=t.includePrefix,s=void 0!==u&&u,c=t.includeZone,l=void 0!==c&&c,f=t.spaceZone,d=void 0!==f&&f,h=t.format,m=void 0===h?"extended":h,y="basic"===m?"HHmm":"HH:mm";r&&0===e.second&&0===e.millisecond||(y+="basic"===m?"ss":":ss",o&&0===e.millisecond||(y+=".SSS")),(l||a)&&d&&(y+=" "),l?y+="z":a&&(y+="basic"===m?"ZZZ":"ZZ");var v=Qn(e,y);return s&&(v="T"+v),v}var Xn={month:1,day:1,hour:0,minute:0,second:0,millisecond:0},er={weekNumber:1,weekday:1,hour:0,minute:0,second:0,millisecond:0},tr={ordinal:1,hour:0,minute:0,second:0,millisecond:0},nr=["year","month","day","hour","minute","second","millisecond"],rr=["weekYear","weekNumber","weekday","hour","minute","second","millisecond"],ir=["year","ordinal","hour","minute","second","millisecond"];function or(e){var t={year:"year",years:"year",month:"month",months:"month",day:"day",days:"day",hour:"hour",hours:"hour",minute:"minute",minutes:"minute",quarter:"quarter",quarters:"quarter",second:"second",seconds:"second",millisecond:"millisecond",milliseconds:"millisecond",weekday:"weekday",weekdays:"weekday",weeknumber:"weekNumber",weeksnumber:"weekNumber",weeknumbers:"weekNumber",weekyear:"weekYear",weekyears:"weekYear",ordinal:"ordinal"}[e.toLowerCase()];if(!t)throw new y(e);return t}function ar(e,t){for(var n,r=c(nr);!(n=r()).done;){var i=n.value;R(e[i])&&(e[i]=Xn[i])}var o=Hn(e)||Un(e);if(o)return sr.invalid(o);var a=Ke.now(),u=Gn(e,t.offset(a),t),s=u[0],l=u[1];return new sr({ts:s,zone:t,o:l})}function ur(e,t,n){var r=!!R(n.round)||n.round,i=function(e,i){return e=ne(e,r||n.calendary?0:2,!0),t.loc.clone(n).relFormatter(n).format(e,i)},o=function(r){return n.calendary?t.hasSame(e,r)?0:t.startOf(r).diff(e.startOf(r),r).get(r):t.diff(e,r).get(r)};if(n.unit)return i(o(n.unit),n.unit);for(var a,u=c(n.units);!(a=u()).done;){var s=a.value,l=o(s);if(Math.abs(l)>=1)return i(l,s)}return i(0,n.units[n.units.length-1])}var sr=function(){function e(e){var t=e.zone||Ke.defaultZone,n=e.invalid||(Number.isNaN(e.ts)?new Fe("invalid input"):null)||(t.isValid?null:Rn(t));this.ts=R(e.ts)?Ke.now():e.ts;var r=null,i=null;if(!n)if(e.old&&e.old.ts===this.ts&&e.old.zone.equals(t)){var o=[e.old.c,e.old.o];r=o[0],i=o[1]}else{var a=t.offset(this.ts);r=Yn(this.ts,a),r=(n=Number.isNaN(r.year)?new Fe("invalid input"):null)?null:r,i=n?null:a}this._zone=t,this.loc=e.loc||ct.create(),this.invalid=n,this.weekData=null,this.c=r,this.o=i,this.isLuxonDateTime=!0}e.now=function(){return new e({})},e.local=function(t,n,r,i,o,a,u){return R(t)?new e({}):ar({year:t,month:n,day:r,hour:i,minute:o,second:a,millisecond:u},Ke.defaultZone)},e.utc=function(t,n,r,i,o,a,u){return R(t)?new e({ts:Ke.now(),zone:Re.utcInstance}):ar({year:t,month:n,day:r,hour:i,minute:o,second:a,millisecond:u},Re.utcInstance)},e.fromJSDate=function(t,n){void 0===n&&(n={});var r,i=(r=t,"[object Date]"===Object.prototype.toString.call(r)?t.valueOf():NaN);if(Number.isNaN(i))return e.invalid("invalid input");var o=We(n.zone,Ke.defaultZone);return o.isValid?new e({ts:i,zone:o,loc:ct.fromObject(n)}):e.invalid(Rn(o))},e.fromMillis=function(t,n){if(void 0===n&&(n={}),P(t))return t<-864e13||t>864e13?e.invalid("Timestamp out of range"):new e({ts:t,zone:We(n.zone,Ke.defaultZone),loc:ct.fromObject(n)});throw new v("fromMillis requires a numerical input, but received a "+typeof t+" with value "+t)},e.fromSeconds=function(t,n){if(void 0===n&&(n={}),P(t))return new e({ts:1e3*t,zone:We(n.zone,Ke.defaultZone),loc:ct.fromObject(n)});throw new v("fromSeconds requires a numerical input")},e.fromObject=function(t){var n=We(t.zone,Ke.defaultZone);if(!n.isValid)return e.invalid(Rn(n));var r=Ke.now(),i=n.offset(r),o=de(t,or,["zone","locale","outputCalendar","numberingSystem"]),a=!R(o.ordinal),u=!R(o.year),s=!R(o.month)||!R(o.day),l=u||s,f=o.weekYear||o.weekNumber,d=ct.fromObject(t);if((l||a)&&f)throw new m("Can't mix weekYear/weekNumber units with year/month/day or ordinals");if(s&&a)throw new m("Can't mix ordinal dates with month/day");var h,y,v=f||o.weekday&&!l,g=Yn(r,i);v?(h=rr,y=er,g=An(g)):a?(h=ir,y=tr,g=_n(g)):(h=nr,y=Xn);for(var p,w=!1,k=c(h);!(p=k()).done;){var b=p.value;R(o[b])?o[b]=w?y[b]:g[b]:w=!0}var S=(v?function(e){var t=W(e.weekYear),n=K(e.weekNumber,1,ue(e.weekYear)),r=K(e.weekday,1,7);return t?n?!r&&Fn("weekday",e.weekday):Fn("week",e.week):Fn("weekYear",e.weekYear)}(o):a?function(e){var t=W(e.year),n=K(e.ordinal,1,ie(e.year));return t?!n&&Fn("ordinal",e.ordinal):Fn("year",e.year)}(o):Hn(o))||Un(o);if(S)return e.invalid(S);var O=Gn(v?zn(o):a?qn(o):o,i,n),T=new e({ts:O[0],zone:n,o:O[1],loc:d});return o.weekday&&l&&t.weekday!==T.weekday?e.invalid("mismatched weekday","you can't specify both a weekday of "+o.weekday+" and a date of "+T.toISO()):T},e.fromISO=function(e,t){void 0===t&&(t={});var n=dt(e,[_t,Rt],[qt,Pt],[Ht,Wt],[Ut,Jt]);return Bn(n[0],n[1],t,"ISO 8601",e)},e.fromRFC2822=function(e,t){void 0===t&&(t={});var n=dt(function(e){return e.replace(/\([^)]*\)|[\n\t]/g," ").replace(/(\s\s+)/g," ").trim()}(e),[xt,Ft]);return Bn(n[0],n[1],t,"RFC 2822",e)},e.fromHTTP=function(e,t){void 0===t&&(t={});var n=dt(e,[Ct,At],[Zt,At],[jt,zt]);return Bn(n[0],n[1],t,"HTTP",t)},e.fromFormat=function(t,n,r){if(void 0===r&&(r={}),R(t)||R(n))throw new v("fromFormat requires an input string and a format");var i=r,o=i.locale,a=void 0===o?null:o,u=i.numberingSystem,s=void 0===u?null:u,c=function(e,t,n){var r=Vn(e,t,n);return[r.result,r.zone,r.invalidReason]}(ct.fromOpts({locale:a,numberingSystem:s,defaultToEN:!0}),t,n),l=c[0],f=c[1],d=c[2];return d?e.invalid(d):Bn(l,f,r,"format "+n,t)},e.fromString=function(t,n,r){return void 0===r&&(r={}),e.fromFormat(t,n,r)},e.fromSQL=function(e,t){void 0===t&&(t={});var n=dt(e,[Gt,Bt],[$t,Qt]);return Bn(n[0],n[1],t,"SQL",e)},e.invalid=function(t,n){if(void 0===n&&(n=null),!t)throw new v("need to specify a reason the DateTime is invalid");var r=t instanceof Fe?t:new Fe(t,n);if(Ke.throwOnInvalid)throw new f(r);return new e({invalid:r})},e.isDateTime=function(e){return e&&e.isLuxonDateTime||!1};var t=e.prototype;return t.get=function(e){return this[e]},t.resolvedLocaleOpts=function(e){void 0===e&&(e={});var t=xe.create(this.loc.clone(e),e).resolvedOptions(this);return{locale:t.locale,numberingSystem:t.numberingSystem,outputCalendar:t.calendar}},t.toUTC=function(e,t){return void 0===e&&(e=0),void 0===t&&(t={}),this.setZone(Re.instance(e),t)},t.toLocal=function(){return this.setZone(Ke.defaultZone)},t.setZone=function(t,n){var r=void 0===n?{}:n,i=r.keepLocalTime,o=void 0!==i&&i,a=r.keepCalendarTime,u=void 0!==a&&a;if((t=We(t,Ke.defaultZone)).equals(this.zone))return this;if(t.isValid){var s=this.ts;if(o||u){var c=t.offset(this.ts);s=Gn(this.toObject(),c,t)[0]}return Wn(this,{ts:s,zone:t})}return e.invalid(Rn(t))},t.reconfigure=function(e){var t=void 0===e?{}:e,n=t.locale,r=t.numberingSystem,i=t.outputCalendar;return Wn(this,{loc:this.loc.clone({locale:n,numberingSystem:r,outputCalendar:i})})},t.setLocale=function(e){return this.reconfigure({locale:e})},t.set=function(e){if(!this.isValid)return this;var t,n=de(e,or,[]);!R(n.weekYear)||!R(n.weekNumber)||!R(n.weekday)?t=zn(Object.assign(An(this.c),n)):R(n.ordinal)?(t=Object.assign(this.toObject(),n),R(n.day)&&(t.day=Math.min(oe(t.year,t.month),t.day))):t=qn(Object.assign(_n(this.c),n));var r=Gn(t,this.o,this.zone);return Wn(this,{ts:r[0],o:r[1]})},t.plus=function(e){return this.isValid?Wn(this,$n(this,un(e))):this},t.minus=function(e){return this.isValid?Wn(this,$n(this,un(e).negate())):this},t.startOf=function(e){if(!this.isValid)return this;var t={},n=an.normalizeUnit(e);switch(n){case"years":t.month=1;case"quarters":case"months":t.day=1;case"weeks":case"days":t.hour=0;case"hours":t.minute=0;case"minutes":t.second=0;case"seconds":t.millisecond=0}if("weeks"===n&&(t.weekday=1),"quarters"===n){var r=Math.ceil(this.month/3);t.month=3*(r-1)+1}return this.set(t)},t.endOf=function(e){var t;return this.isValid?this.plus((t={},t[e]=1,t)).startOf(e).minus(1):this},t.toFormat=function(e,t){return void 0===t&&(t={}),this.isValid?xe.create(this.loc.redefaultToEN(t)).formatDateTimeFromString(this,e):"Invalid DateTime"},t.toLocaleString=function(e){return void 0===e&&(e=b),this.isValid?xe.create(this.loc.clone(e),e).formatDateTime(this):"Invalid DateTime"},t.toLocaleParts=function(e){return void 0===e&&(e={}),this.isValid?xe.create(this.loc.clone(e),e).formatDateTimeParts(this):[]},t.toISO=function(e){return void 0===e&&(e={}),this.isValid?this.toISODate(e)+"T"+this.toISOTime(e):null},t.toISODate=function(e){var t=(void 0===e?{}:e).format,n="basic"===(void 0===t?"extended":t)?"yyyyMMdd":"yyyy-MM-dd";return this.year>9999&&(n="+"+n),Qn(this,n)},t.toISOWeekDate=function(){return Qn(this,"kkkk-'W'WW-c")},t.toISOTime=function(e){var t=void 0===e?{}:e,n=t.suppressMilliseconds,r=void 0!==n&&n,i=t.suppressSeconds,o=void 0!==i&&i,a=t.includeOffset,u=void 0===a||a,s=t.includePrefix,c=void 0!==s&&s,l=t.format;return Kn(this,{suppressSeconds:o,suppressMilliseconds:r,includeOffset:u,includePrefix:c,format:void 0===l?"extended":l})},t.toRFC2822=function(){return Qn(this,"EEE, dd LLL yyyy HH:mm:ss ZZZ",!1)},t.toHTTP=function(){return Qn(this.toUTC(),"EEE, dd LLL yyyy HH:mm:ss 'GMT'")},t.toSQLDate=function(){return Qn(this,"yyyy-MM-dd")},t.toSQLTime=function(e){var t=void 0===e?{}:e,n=t.includeOffset,r=void 0===n||n,i=t.includeZone;return Kn(this,{includeOffset:r,includeZone:void 0!==i&&i,spaceZone:!0})},t.toSQL=function(e){return void 0===e&&(e={}),this.isValid?this.toSQLDate()+" "+this.toSQLTime(e):null},t.toString=function(){return this.isValid?this.toISO():"Invalid DateTime"},t.valueOf=function(){return this.toMillis()},t.toMillis=function(){return this.isValid?this.ts:NaN},t.toSeconds=function(){return this.isValid?this.ts/1e3:NaN},t.toJSON=function(){return this.toISO()},t.toBSON=function(){return this.toJSDate()},t.toObject=function(e){if(void 0===e&&(e={}),!this.isValid)return{};var t=Object.assign({},this.c);return e.includeConfig&&(t.outputCalendar=this.outputCalendar,t.numberingSystem=this.loc.numberingSystem,t.locale=this.loc.locale),t},t.toJSDate=function(){return new Date(this.isValid?this.ts:NaN)},t.diff=function(e,t,n){if(void 0===t&&(t="milliseconds"),void 0===n&&(n={}),!this.isValid||!e.isValid)return an.invalid(this.invalid||e.invalid,"created by diffing an invalid DateTime");var r,i=Object.assign({locale:this.locale,numberingSystem:this.numberingSystem},n),o=(r=t,Array.isArray(r)?r:[r]).map(an.normalizeUnit),a=e.valueOf()>this.valueOf(),u=hn(a?this:e,a?e:this,o,i);return a?u.negate():u},t.diffNow=function(t,n){return void 0===t&&(t="milliseconds"),void 0===n&&(n={}),this.diff(e.now(),t,n)},t.until=function(e){return this.isValid?ln.fromDateTimes(this,e):this},t.hasSame=function(e,t){if(!this.isValid)return!1;var n=e.valueOf(),r=this.setZone(e.zone,{keepLocalTime:!0});return r.startOf(t)<=n&&n<=r.endOf(t)},t.equals=function(e){return this.isValid&&e.isValid&&this.valueOf()===e.valueOf()&&this.zone.equals(e.zone)&&this.loc.equals(e.loc)},t.toRelative=function(t){if(void 0===t&&(t={}),!this.isValid)return null;var n=t.base||e.fromObject({zone:this.zone}),r=t.padding?this<n?-t.padding:t.padding:0;return ur(n,this.plus(r),Object.assign(t,{numeric:"always",units:["years","months","days","hours","minutes","seconds"]}))},t.toRelativeCalendar=function(t){return void 0===t&&(t={}),this.isValid?ur(t.base||e.fromObject({zone:this.zone}),this,Object.assign(t,{numeric:"auto",units:["years","months","days"],calendary:!0})):null},e.min=function(){for(var t=arguments.length,n=new Array(t),r=0;r<t;r++)n[r]=arguments[r];if(!n.every(e.isDateTime))throw new v("min requires all arguments be DateTimes");return $(n,function(e){return e.valueOf()},Math.min)},e.max=function(){for(var t=arguments.length,n=new Array(t),r=0;r<t;r++)n[r]=arguments[r];if(!n.every(e.isDateTime))throw new v("max requires all arguments be DateTimes");return $(n,function(e){return e.valueOf()},Math.max)},e.fromFormatExplain=function(e,t,n){void 0===n&&(n={});var r=n,i=r.locale,o=void 0===i?null:i,a=r.numberingSystem,u=void 0===a?null:a;return Vn(ct.fromOpts({locale:o,numberingSystem:u,defaultToEN:!0}),e,t)},e.fromStringExplain=function(t,n,r){return void 0===r&&(r={}),e.fromFormatExplain(t,n,r)},n(e,[{key:"isValid",get:function(){return null===this.invalid}},{key:"invalidReason",get:function(){return this.invalid?this.invalid.reason:null}},{key:"invalidExplanation",get:function(){return this.invalid?this.invalid.explanation:null}},{key:"locale",get:function(){return this.isValid?this.loc.locale:null}},{key:"numberingSystem",get:function(){return this.isValid?this.loc.numberingSystem:null}},{key:"outputCalendar",get:function(){return this.isValid?this.loc.outputCalendar:null}},{key:"zone",get:function(){return this._zone}},{key:"zoneName",get:function(){return this.isValid?this.zone.name:null}},{key:"year",get:function(){return this.isValid?this.c.year:NaN}},{key:"quarter",get:function(){return this.isValid?Math.ceil(this.c.month/3):NaN}},{key:"month",get:function(){return this.isValid?this.c.month:NaN}},{key:"day",get:function(){return this.isValid?this.c.day:NaN}},{key:"hour",get:function(){return this.isValid?this.c.hour:NaN}},{key:"minute",get:function(){return this.isValid?this.c.minute:NaN}},{key:"second",get:function(){return this.isValid?this.c.second:NaN}},{key:"millisecond",get:function(){return this.isValid?this.c.millisecond:NaN}},{key:"weekYear",get:function(){return this.isValid?Pn(this).weekYear:NaN}},{key:"weekNumber",get:function(){return this.isValid?Pn(this).weekNumber:NaN}},{key:"weekday",get:function(){return this.isValid?Pn(this).weekday:NaN}},{key:"ordinal",get:function(){return this.isValid?_n(this.c).ordinal:NaN}},{key:"monthShort",get:function(){return this.isValid?fn.months("short",{locale:this.locale})[this.month-1]:null}},{key:"monthLong",get:function(){return this.isValid?fn.months("long",{locale:this.locale})[this.month-1]:null}},{key:"weekdayShort",get:function(){return this.isValid?fn.weekdays("short",{locale:this.locale})[this.weekday-1]:null}},{key:"weekdayLong",get:function(){return this.isValid?fn.weekdays("long",{locale:this.locale})[this.weekday-1]:null}},{key:"offset",get:function(){return this.isValid?+this.o:NaN}},{key:"offsetNameShort",get:function(){return this.isValid?this.zone.offsetName(this.ts,{format:"short",locale:this.locale}):null}},{key:"offsetNameLong",get:function(){return this.isValid?this.zone.offsetName(this.ts,{format:"long",locale:this.locale}):null}},{key:"isOffsetFixed",get:function(){return this.isValid?this.zone.universal:null}},{key:"isInDST",get:function(){return!this.isOffsetFixed&&(this.offset>this.set({month:1}).offset||this.offset>this.set({month:5}).offset)}},{key:"isInLeapYear",get:function(){return re(this.year)}},{key:"daysInMonth",get:function(){return oe(this.year,this.month)}},{key:"daysInYear",get:function(){return this.isValid?ie(this.year):NaN}},{key:"weeksInWeekYear",get:function(){return this.isValid?ue(this.weekYear):NaN}}],[{key:"DATE_SHORT",get:function(){return b}},{key:"DATE_MED",get:function(){return S}},{key:"DATE_MED_WITH_WEEKDAY",get:function(){return O}},{key:"DATE_FULL",get:function(){return T}},{key:"DATE_HUGE",get:function(){return M}},{key:"TIME_SIMPLE",get:function(){return N}},{key:"TIME_WITH_SECONDS",get:function(){return E}},{key:"TIME_WITH_SHORT_OFFSET",get:function(){return D}},{key:"TIME_WITH_LONG_OFFSET",get:function(){return I}},{key:"TIME_24_SIMPLE",get:function(){return V}},{key:"TIME_24_WITH_SECONDS",get:function(){return L}},{key:"TIME_24_WITH_SHORT_OFFSET",get:function(){return x}},{key:"TIME_24_WITH_LONG_OFFSET",get:function(){return F}},{key:"DATETIME_SHORT",get:function(){return C}},{key:"DATETIME_SHORT_WITH_SECONDS",get:function(){return Z}},{key:"DATETIME_MED",get:function(){return j}},{key:"DATETIME_MED_WITH_SECONDS",get:function(){return A}},{key:"DATETIME_MED_WITH_WEEKDAY",get:function(){return z}},{key:"DATETIME_FULL",get:function(){return _}},{key:"DATETIME_FULL_WITH_SECONDS",get:function(){return q}},{key:"DATETIME_HUGE",get:function(){return H}},{key:"DATETIME_HUGE_WITH_SECONDS",get:function(){return U}}]),e}();function cr(e){if(sr.isDateTime(e))return e;if(e&&e.valueOf&&P(e.valueOf()))return sr.fromJSDate(e);if(e&&"object"==typeof e)return sr.fromObject(e);throw new v("Unknown datetime argument: "+e+", of type "+typeof e)}return e.DateTime=sr,e.Duration=an,e.FixedOffsetZone=Re,e.IANAZone=He,e.Info=fn,e.Interval=ln,e.InvalidZone=Pe,e.LocalZone=je,e.Settings=Ke,e.VERSION="1.26.0",e.Zone=Ce,e}({});
===== END FILE: label_studio/core/static_build/js/luxon.min.512874b4b4a4.js =====


===== FILE: label_studio/core/static_build/js/sw-fallback.js =====
self.addEventListener("fetch", () => {
  // Fallback service worker that does nothing.
  // This is here to make sure if the application cannot work properly with the standard service worker
  // we can shut it down and fallback to this one and still have a working application.
});

===== END FILE: label_studio/core/static_build/js/sw-fallback.js =====


===== FILE: label_studio/core/static_build/js/vue.js =====
/*!
 * Vue.js v2.6.10
 * (c) 2014-2019 Evan You
 * Released under the MIT License.
 */
!function(e,t){"object"==typeof exports&&"undefined"!=typeof module?module.exports=t():"function"==typeof define&&define.amd?define(t):(e=e||self).Vue=t()}(this,function(){"use strict";var e=Object.freeze({});function t(e){return null==e}function n(e){return null!=e}function r(e){return!0===e}function i(e){return"string"==typeof e||"number"==typeof e||"symbol"==typeof e||"boolean"==typeof e}function o(e){return null!==e&&"object"==typeof e}var a=Object.prototype.toString;function s(e){return"[object Object]"===a.call(e)}function c(e){var t=parseFloat(String(e));return t>=0&&Math.floor(t)===t&&isFinite(e)}function u(e){return n(e)&&"function"==typeof e.then&&"function"==typeof e.catch}function l(e){return null==e?"":Array.isArray(e)||s(e)&&e.toString===a?JSON.stringify(e,null,2):String(e)}function f(e){var t=parseFloat(e);return isNaN(t)?e:t}function p(e,t){for(var n=Object.create(null),r=e.split(","),i=0;i<r.length;i++)n[r[i]]=!0;return t?function(e){return n[e.toLowerCase()]}:function(e){return n[e]}}var d=p("slot,component",!0),v=p("key,ref,slot,slot-scope,is");function h(e,t){if(e.length){var n=e.indexOf(t);if(n>-1)return e.splice(n,1)}}var m=Object.prototype.hasOwnProperty;function y(e,t){return m.call(e,t)}function g(e){var t=Object.create(null);return function(n){return t[n]||(t[n]=e(n))}}var _=/-(\w)/g,b=g(function(e){return e.replace(_,function(e,t){return t?t.toUpperCase():""})}),$=g(function(e){return e.charAt(0).toUpperCase()+e.slice(1)}),w=/\B([A-Z])/g,C=g(function(e){return e.replace(w,"-$1").toLowerCase()});var x=Function.prototype.bind?function(e,t){return e.bind(t)}:function(e,t){function n(n){var r=arguments.length;return r?r>1?e.apply(t,arguments):e.call(t,n):e.call(t)}return n._length=e.length,n};function k(e,t){t=t||0;for(var n=e.length-t,r=new Array(n);n--;)r[n]=e[n+t];return r}function A(e,t){for(var n in t)e[n]=t[n];return e}function O(e){for(var t={},n=0;n<e.length;n++)e[n]&&A(t,e[n]);return t}function S(e,t,n){}var T=function(e,t,n){return!1},E=function(e){return e};function N(e,t){if(e===t)return!0;var n=o(e),r=o(t);if(!n||!r)return!n&&!r&&String(e)===String(t);try{var i=Array.isArray(e),a=Array.isArray(t);if(i&&a)return e.length===t.length&&e.every(function(e,n){return N(e,t[n])});if(e instanceof Date&&t instanceof Date)return e.getTime()===t.getTime();if(i||a)return!1;var s=Object.keys(e),c=Object.keys(t);return s.length===c.length&&s.every(function(n){return N(e[n],t[n])})}catch(e){return!1}}function j(e,t){for(var n=0;n<e.length;n++)if(N(e[n],t))return n;return-1}function D(e){var t=!1;return function(){t||(t=!0,e.apply(this,arguments))}}var L="data-server-rendered",M=["component","directive","filter"],I=["beforeCreate","created","beforeMount","mounted","beforeUpdate","updated","beforeDestroy","destroyed","activated","deactivated","errorCaptured","serverPrefetch"],F={optionMergeStrategies:Object.create(null),silent:!1,productionTip:!1,devtools:!1,performance:!1,errorHandler:null,warnHandler:null,ignoredElements:[],keyCodes:Object.create(null),isReservedTag:T,isReservedAttr:T,isUnknownElement:T,getTagNamespace:S,parsePlatformTagName:E,mustUseProp:T,async:!0,_lifecycleHooks:I},P=/a-zA-Z\u00B7\u00C0-\u00D6\u00D8-\u00F6\u00F8-\u037D\u037F-\u1FFF\u200C-\u200D\u203F-\u2040\u2070-\u218F\u2C00-\u2FEF\u3001-\uD7FF\uF900-\uFDCF\uFDF0-\uFFFD/;function R(e,t,n,r){Object.defineProperty(e,t,{value:n,enumerable:!!r,writable:!0,configurable:!0})}var H=new RegExp("[^"+P.source+".$_\\d]");var B,U="__proto__"in{},z="undefined"!=typeof window,V="undefined"!=typeof WXEnvironment&&!!WXEnvironment.platform,K=V&&WXEnvironment.platform.toLowerCase(),J=z&&window.navigator.userAgent.toLowerCase(),q=J&&/msie|trident/.test(J),W=J&&J.indexOf("msie 9.0")>0,Z=J&&J.indexOf("edge/")>0,G=(J&&J.indexOf("android"),J&&/iphone|ipad|ipod|ios/.test(J)||"ios"===K),X=(J&&/chrome\/\d+/.test(J),J&&/phantomjs/.test(J),J&&J.match(/firefox\/(\d+)/)),Y={}.watch,Q=!1;if(z)try{var ee={};Object.defineProperty(ee,"passive",{get:function(){Q=!0}}),window.addEventListener("test-passive",null,ee)}catch(e){}var te=function(){return void 0===B&&(B=!z&&!V&&"undefined"!=typeof global&&(global.process&&"server"===global.process.env.VUE_ENV)),B},ne=z&&window.__VUE_DEVTOOLS_GLOBAL_HOOK__;function re(e){return"function"==typeof e&&/native code/.test(e.toString())}var ie,oe="undefined"!=typeof Symbol&&re(Symbol)&&"undefined"!=typeof Reflect&&re(Reflect.ownKeys);ie="undefined"!=typeof Set&&re(Set)?Set:function(){function e(){this.set=Object.create(null)}return e.prototype.has=function(e){return!0===this.set[e]},e.prototype.add=function(e){this.set[e]=!0},e.prototype.clear=function(){this.set=Object.create(null)},e}();var ae=S,se=0,ce=function(){this.id=se++,this.subs=[]};ce.prototype.addSub=function(e){this.subs.push(e)},ce.prototype.removeSub=function(e){h(this.subs,e)},ce.prototype.depend=function(){ce.target&&ce.target.addDep(this)},ce.prototype.notify=function(){for(var e=this.subs.slice(),t=0,n=e.length;t<n;t++)e[t].update()},ce.target=null;var ue=[];function le(e){ue.push(e),ce.target=e}function fe(){ue.pop(),ce.target=ue[ue.length-1]}var pe=function(e,t,n,r,i,o,a,s){this.tag=e,this.data=t,this.children=n,this.text=r,this.elm=i,this.ns=void 0,this.context=o,this.fnContext=void 0,this.fnOptions=void 0,this.fnScopeId=void 0,this.key=t&&t.key,this.componentOptions=a,this.componentInstance=void 0,this.parent=void 0,this.raw=!1,this.isStatic=!1,this.isRootInsert=!0,this.isComment=!1,this.isCloned=!1,this.isOnce=!1,this.asyncFactory=s,this.asyncMeta=void 0,this.isAsyncPlaceholder=!1},de={child:{configurable:!0}};de.child.get=function(){return this.componentInstance},Object.defineProperties(pe.prototype,de);var ve=function(e){void 0===e&&(e="");var t=new pe;return t.text=e,t.isComment=!0,t};function he(e){return new pe(void 0,void 0,void 0,String(e))}function me(e){var t=new pe(e.tag,e.data,e.children&&e.children.slice(),e.text,e.elm,e.context,e.componentOptions,e.asyncFactory);return t.ns=e.ns,t.isStatic=e.isStatic,t.key=e.key,t.isComment=e.isComment,t.fnContext=e.fnContext,t.fnOptions=e.fnOptions,t.fnScopeId=e.fnScopeId,t.asyncMeta=e.asyncMeta,t.isCloned=!0,t}var ye=Array.prototype,ge=Object.create(ye);["push","pop","shift","unshift","splice","sort","reverse"].forEach(function(e){var t=ye[e];R(ge,e,function(){for(var n=[],r=arguments.length;r--;)n[r]=arguments[r];var i,o=t.apply(this,n),a=this.__ob__;switch(e){case"push":case"unshift":i=n;break;case"splice":i=n.slice(2)}return i&&a.observeArray(i),a.dep.notify(),o})});var _e=Object.getOwnPropertyNames(ge),be=!0;function $e(e){be=e}var we=function(e){var t;this.value=e,this.dep=new ce,this.vmCount=0,R(e,"__ob__",this),Array.isArray(e)?(U?(t=ge,e.__proto__=t):function(e,t,n){for(var r=0,i=n.length;r<i;r++){var o=n[r];R(e,o,t[o])}}(e,ge,_e),this.observeArray(e)):this.walk(e)};function Ce(e,t){var n;if(o(e)&&!(e instanceof pe))return y(e,"__ob__")&&e.__ob__ instanceof we?n=e.__ob__:be&&!te()&&(Array.isArray(e)||s(e))&&Object.isExtensible(e)&&!e._isVue&&(n=new we(e)),t&&n&&n.vmCount++,n}function xe(e,t,n,r,i){var o=new ce,a=Object.getOwnPropertyDescriptor(e,t);if(!a||!1!==a.configurable){var s=a&&a.get,c=a&&a.set;s&&!c||2!==arguments.length||(n=e[t]);var u=!i&&Ce(n);Object.defineProperty(e,t,{enumerable:!0,configurable:!0,get:function(){var t=s?s.call(e):n;return ce.target&&(o.depend(),u&&(u.dep.depend(),Array.isArray(t)&&function e(t){for(var n=void 0,r=0,i=t.length;r<i;r++)(n=t[r])&&n.__ob__&&n.__ob__.dep.depend(),Array.isArray(n)&&e(n)}(t))),t},set:function(t){var r=s?s.call(e):n;t===r||t!=t&&r!=r||s&&!c||(c?c.call(e,t):n=t,u=!i&&Ce(t),o.notify())}})}}function ke(e,t,n){if(Array.isArray(e)&&c(t))return e.length=Math.max(e.length,t),e.splice(t,1,n),n;if(t in e&&!(t in Object.prototype))return e[t]=n,n;var r=e.__ob__;return e._isVue||r&&r.vmCount?n:r?(xe(r.value,t,n),r.dep.notify(),n):(e[t]=n,n)}function Ae(e,t){if(Array.isArray(e)&&c(t))e.splice(t,1);else{var n=e.__ob__;e._isVue||n&&n.vmCount||y(e,t)&&(delete e[t],n&&n.dep.notify())}}we.prototype.walk=function(e){for(var t=Object.keys(e),n=0;n<t.length;n++)xe(e,t[n])},we.prototype.observeArray=function(e){for(var t=0,n=e.length;t<n;t++)Ce(e[t])};var Oe=F.optionMergeStrategies;function Se(e,t){if(!t)return e;for(var n,r,i,o=oe?Reflect.ownKeys(t):Object.keys(t),a=0;a<o.length;a++)"__ob__"!==(n=o[a])&&(r=e[n],i=t[n],y(e,n)?r!==i&&s(r)&&s(i)&&Se(r,i):ke(e,n,i));return e}function Te(e,t,n){return n?function(){var r="function"==typeof t?t.call(n,n):t,i="function"==typeof e?e.call(n,n):e;return r?Se(r,i):i}:t?e?function(){return Se("function"==typeof t?t.call(this,this):t,"function"==typeof e?e.call(this,this):e)}:t:e}function Ee(e,t){var n=t?e?e.concat(t):Array.isArray(t)?t:[t]:e;return n?function(e){for(var t=[],n=0;n<e.length;n++)-1===t.indexOf(e[n])&&t.push(e[n]);return t}(n):n}function Ne(e,t,n,r){var i=Object.create(e||null);return t?A(i,t):i}Oe.data=function(e,t,n){return n?Te(e,t,n):t&&"function"!=typeof t?e:Te(e,t)},I.forEach(function(e){Oe[e]=Ee}),M.forEach(function(e){Oe[e+"s"]=Ne}),Oe.watch=function(e,t,n,r){if(e===Y&&(e=void 0),t===Y&&(t=void 0),!t)return Object.create(e||null);if(!e)return t;var i={};for(var o in A(i,e),t){var a=i[o],s=t[o];a&&!Array.isArray(a)&&(a=[a]),i[o]=a?a.concat(s):Array.isArray(s)?s:[s]}return i},Oe.props=Oe.methods=Oe.inject=Oe.computed=function(e,t,n,r){if(!e)return t;var i=Object.create(null);return A(i,e),t&&A(i,t),i},Oe.provide=Te;var je=function(e,t){return void 0===t?e:t};function De(e,t,n){if("function"==typeof t&&(t=t.options),function(e,t){var n=e.props;if(n){var r,i,o={};if(Array.isArray(n))for(r=n.length;r--;)"string"==typeof(i=n[r])&&(o[b(i)]={type:null});else if(s(n))for(var a in n)i=n[a],o[b(a)]=s(i)?i:{type:i};e.props=o}}(t),function(e,t){var n=e.inject;if(n){var r=e.inject={};if(Array.isArray(n))for(var i=0;i<n.length;i++)r[n[i]]={from:n[i]};else if(s(n))for(var o in n){var a=n[o];r[o]=s(a)?A({from:o},a):{from:a}}}}(t),function(e){var t=e.directives;if(t)for(var n in t){var r=t[n];"function"==typeof r&&(t[n]={bind:r,update:r})}}(t),!t._base&&(t.extends&&(e=De(e,t.extends,n)),t.mixins))for(var r=0,i=t.mixins.length;r<i;r++)e=De(e,t.mixins[r],n);var o,a={};for(o in e)c(o);for(o in t)y(e,o)||c(o);function c(r){var i=Oe[r]||je;a[r]=i(e[r],t[r],n,r)}return a}function Le(e,t,n,r){if("string"==typeof n){var i=e[t];if(y(i,n))return i[n];var o=b(n);if(y(i,o))return i[o];var a=$(o);return y(i,a)?i[a]:i[n]||i[o]||i[a]}}function Me(e,t,n,r){var i=t[e],o=!y(n,e),a=n[e],s=Pe(Boolean,i.type);if(s>-1)if(o&&!y(i,"default"))a=!1;else if(""===a||a===C(e)){var c=Pe(String,i.type);(c<0||s<c)&&(a=!0)}if(void 0===a){a=function(e,t,n){if(!y(t,"default"))return;var r=t.default;if(e&&e.$options.propsData&&void 0===e.$options.propsData[n]&&void 0!==e._props[n])return e._props[n];return"function"==typeof r&&"Function"!==Ie(t.type)?r.call(e):r}(r,i,e);var u=be;$e(!0),Ce(a),$e(u)}return a}function Ie(e){var t=e&&e.toString().match(/^\s*function (\w+)/);return t?t[1]:""}function Fe(e,t){return Ie(e)===Ie(t)}function Pe(e,t){if(!Array.isArray(t))return Fe(t,e)?0:-1;for(var n=0,r=t.length;n<r;n++)if(Fe(t[n],e))return n;return-1}function Re(e,t,n){le();try{if(t)for(var r=t;r=r.$parent;){var i=r.$options.errorCaptured;if(i)for(var o=0;o<i.length;o++)try{if(!1===i[o].call(r,e,t,n))return}catch(e){Be(e,r,"errorCaptured hook")}}Be(e,t,n)}finally{fe()}}function He(e,t,n,r,i){var o;try{(o=n?e.apply(t,n):e.call(t))&&!o._isVue&&u(o)&&!o._handled&&(o.catch(function(e){return Re(e,r,i+" (Promise/async)")}),o._handled=!0)}catch(e){Re(e,r,i)}return o}function Be(e,t,n){if(F.errorHandler)try{return F.errorHandler.call(null,e,t,n)}catch(t){t!==e&&Ue(t,null,"config.errorHandler")}Ue(e,t,n)}function Ue(e,t,n){if(!z&&!V||"undefined"==typeof console)throw e;console.error(e)}var ze,Ve=!1,Ke=[],Je=!1;function qe(){Je=!1;var e=Ke.slice(0);Ke.length=0;for(var t=0;t<e.length;t++)e[t]()}if("undefined"!=typeof Promise&&re(Promise)){var We=Promise.resolve();ze=function(){We.then(qe),G&&setTimeout(S)},Ve=!0}else if(q||"undefined"==typeof MutationObserver||!re(MutationObserver)&&"[object MutationObserverConstructor]"!==MutationObserver.toString())ze="undefined"!=typeof setImmediate&&re(setImmediate)?function(){setImmediate(qe)}:function(){setTimeout(qe,0)};else{var Ze=1,Ge=new MutationObserver(qe),Xe=document.createTextNode(String(Ze));Ge.observe(Xe,{characterData:!0}),ze=function(){Ze=(Ze+1)%2,Xe.data=String(Ze)},Ve=!0}function Ye(e,t){var n;if(Ke.push(function(){if(e)try{e.call(t)}catch(e){Re(e,t,"nextTick")}else n&&n(t)}),Je||(Je=!0,ze()),!e&&"undefined"!=typeof Promise)return new Promise(function(e){n=e})}var Qe=new ie;function et(e){!function e(t,n){var r,i;var a=Array.isArray(t);if(!a&&!o(t)||Object.isFrozen(t)||t instanceof pe)return;if(t.__ob__){var s=t.__ob__.dep.id;if(n.has(s))return;n.add(s)}if(a)for(r=t.length;r--;)e(t[r],n);else for(i=Object.keys(t),r=i.length;r--;)e(t[i[r]],n)}(e,Qe),Qe.clear()}var tt=g(function(e){var t="&"===e.charAt(0),n="~"===(e=t?e.slice(1):e).charAt(0),r="!"===(e=n?e.slice(1):e).charAt(0);return{name:e=r?e.slice(1):e,once:n,capture:r,passive:t}});function nt(e,t){function n(){var e=arguments,r=n.fns;if(!Array.isArray(r))return He(r,null,arguments,t,"v-on handler");for(var i=r.slice(),o=0;o<i.length;o++)He(i[o],null,e,t,"v-on handler")}return n.fns=e,n}function rt(e,n,i,o,a,s){var c,u,l,f;for(c in e)u=e[c],l=n[c],f=tt(c),t(u)||(t(l)?(t(u.fns)&&(u=e[c]=nt(u,s)),r(f.once)&&(u=e[c]=a(f.name,u,f.capture)),i(f.name,u,f.capture,f.passive,f.params)):u!==l&&(l.fns=u,e[c]=l));for(c in n)t(e[c])&&o((f=tt(c)).name,n[c],f.capture)}function it(e,i,o){var a;e instanceof pe&&(e=e.data.hook||(e.data.hook={}));var s=e[i];function c(){o.apply(this,arguments),h(a.fns,c)}t(s)?a=nt([c]):n(s.fns)&&r(s.merged)?(a=s).fns.push(c):a=nt([s,c]),a.merged=!0,e[i]=a}function ot(e,t,r,i,o){if(n(t)){if(y(t,r))return e[r]=t[r],o||delete t[r],!0;if(y(t,i))return e[r]=t[i],o||delete t[i],!0}return!1}function at(e){return i(e)?[he(e)]:Array.isArray(e)?function e(o,a){var s=[];var c,u,l,f;for(c=0;c<o.length;c++)t(u=o[c])||"boolean"==typeof u||(l=s.length-1,f=s[l],Array.isArray(u)?u.length>0&&(st((u=e(u,(a||"")+"_"+c))[0])&&st(f)&&(s[l]=he(f.text+u[0].text),u.shift()),s.push.apply(s,u)):i(u)?st(f)?s[l]=he(f.text+u):""!==u&&s.push(he(u)):st(u)&&st(f)?s[l]=he(f.text+u.text):(r(o._isVList)&&n(u.tag)&&t(u.key)&&n(a)&&(u.key="__vlist"+a+"_"+c+"__"),s.push(u)));return s}(e):void 0}function st(e){return n(e)&&n(e.text)&&!1===e.isComment}function ct(e,t){if(e){for(var n=Object.create(null),r=oe?Reflect.ownKeys(e):Object.keys(e),i=0;i<r.length;i++){var o=r[i];if("__ob__"!==o){for(var a=e[o].from,s=t;s;){if(s._provided&&y(s._provided,a)){n[o]=s._provided[a];break}s=s.$parent}if(!s&&"default"in e[o]){var c=e[o].default;n[o]="function"==typeof c?c.call(t):c}}}return n}}function ut(e,t){if(!e||!e.length)return{};for(var n={},r=0,i=e.length;r<i;r++){var o=e[r],a=o.data;if(a&&a.attrs&&a.attrs.slot&&delete a.attrs.slot,o.context!==t&&o.fnContext!==t||!a||null==a.slot)(n.default||(n.default=[])).push(o);else{var s=a.slot,c=n[s]||(n[s]=[]);"template"===o.tag?c.push.apply(c,o.children||[]):c.push(o)}}for(var u in n)n[u].every(lt)&&delete n[u];return n}function lt(e){return e.isComment&&!e.asyncFactory||" "===e.text}function ft(t,n,r){var i,o=Object.keys(n).length>0,a=t?!!t.$stable:!o,s=t&&t.$key;if(t){if(t._normalized)return t._normalized;if(a&&r&&r!==e&&s===r.$key&&!o&&!r.$hasNormal)return r;for(var c in i={},t)t[c]&&"$"!==c[0]&&(i[c]=pt(n,c,t[c]))}else i={};for(var u in n)u in i||(i[u]=dt(n,u));return t&&Object.isExtensible(t)&&(t._normalized=i),R(i,"$stable",a),R(i,"$key",s),R(i,"$hasNormal",o),i}function pt(e,t,n){var r=function(){var e=arguments.length?n.apply(null,arguments):n({});return(e=e&&"object"==typeof e&&!Array.isArray(e)?[e]:at(e))&&(0===e.length||1===e.length&&e[0].isComment)?void 0:e};return n.proxy&&Object.defineProperty(e,t,{get:r,enumerable:!0,configurable:!0}),r}function dt(e,t){return function(){return e[t]}}function vt(e,t){var r,i,a,s,c;if(Array.isArray(e)||"string"==typeof e)for(r=new Array(e.length),i=0,a=e.length;i<a;i++)r[i]=t(e[i],i);else if("number"==typeof e)for(r=new Array(e),i=0;i<e;i++)r[i]=t(i+1,i);else if(o(e))if(oe&&e[Symbol.iterator]){r=[];for(var u=e[Symbol.iterator](),l=u.next();!l.done;)r.push(t(l.value,r.length)),l=u.next()}else for(s=Object.keys(e),r=new Array(s.length),i=0,a=s.length;i<a;i++)c=s[i],r[i]=t(e[c],c,i);return n(r)||(r=[]),r._isVList=!0,r}function ht(e,t,n,r){var i,o=this.$scopedSlots[e];o?(n=n||{},r&&(n=A(A({},r),n)),i=o(n)||t):i=this.$slots[e]||t;var a=n&&n.slot;return a?this.$createElement("template",{slot:a},i):i}function mt(e){return Le(this.$options,"filters",e)||E}function yt(e,t){return Array.isArray(e)?-1===e.indexOf(t):e!==t}function gt(e,t,n,r,i){var o=F.keyCodes[t]||n;return i&&r&&!F.keyCodes[t]?yt(i,r):o?yt(o,e):r?C(r)!==t:void 0}function _t(e,t,n,r,i){if(n)if(o(n)){var a;Array.isArray(n)&&(n=O(n));var s=function(o){if("class"===o||"style"===o||v(o))a=e;else{var s=e.attrs&&e.attrs.type;a=r||F.mustUseProp(t,s,o)?e.domProps||(e.domProps={}):e.attrs||(e.attrs={})}var c=b(o),u=C(o);c in a||u in a||(a[o]=n[o],i&&((e.on||(e.on={}))["update:"+o]=function(e){n[o]=e}))};for(var c in n)s(c)}else;return e}function bt(e,t){var n=this._staticTrees||(this._staticTrees=[]),r=n[e];return r&&!t?r:(wt(r=n[e]=this.$options.staticRenderFns[e].call(this._renderProxy,null,this),"__static__"+e,!1),r)}function $t(e,t,n){return wt(e,"__once__"+t+(n?"_"+n:""),!0),e}function wt(e,t,n){if(Array.isArray(e))for(var r=0;r<e.length;r++)e[r]&&"string"!=typeof e[r]&&Ct(e[r],t+"_"+r,n);else Ct(e,t,n)}function Ct(e,t,n){e.isStatic=!0,e.key=t,e.isOnce=n}function xt(e,t){if(t)if(s(t)){var n=e.on=e.on?A({},e.on):{};for(var r in t){var i=n[r],o=t[r];n[r]=i?[].concat(i,o):o}}else;return e}function kt(e,t,n,r){t=t||{$stable:!n};for(var i=0;i<e.length;i++){var o=e[i];Array.isArray(o)?kt(o,t,n):o&&(o.proxy&&(o.fn.proxy=!0),t[o.key]=o.fn)}return r&&(t.$key=r),t}function At(e,t){for(var n=0;n<t.length;n+=2){var r=t[n];"string"==typeof r&&r&&(e[t[n]]=t[n+1])}return e}function Ot(e,t){return"string"==typeof e?t+e:e}function St(e){e._o=$t,e._n=f,e._s=l,e._l=vt,e._t=ht,e._q=N,e._i=j,e._m=bt,e._f=mt,e._k=gt,e._b=_t,e._v=he,e._e=ve,e._u=kt,e._g=xt,e._d=At,e._p=Ot}function Tt(t,n,i,o,a){var s,c=this,u=a.options;y(o,"_uid")?(s=Object.create(o))._original=o:(s=o,o=o._original);var l=r(u._compiled),f=!l;this.data=t,this.props=n,this.children=i,this.parent=o,this.listeners=t.on||e,this.injections=ct(u.inject,o),this.slots=function(){return c.$slots||ft(t.scopedSlots,c.$slots=ut(i,o)),c.$slots},Object.defineProperty(this,"scopedSlots",{enumerable:!0,get:function(){return ft(t.scopedSlots,this.slots())}}),l&&(this.$options=u,this.$slots=this.slots(),this.$scopedSlots=ft(t.scopedSlots,this.$slots)),u._scopeId?this._c=function(e,t,n,r){var i=Pt(s,e,t,n,r,f);return i&&!Array.isArray(i)&&(i.fnScopeId=u._scopeId,i.fnContext=o),i}:this._c=function(e,t,n,r){return Pt(s,e,t,n,r,f)}}function Et(e,t,n,r,i){var o=me(e);return o.fnContext=n,o.fnOptions=r,t.slot&&((o.data||(o.data={})).slot=t.slot),o}function Nt(e,t){for(var n in t)e[b(n)]=t[n]}St(Tt.prototype);var jt={init:function(e,t){if(e.componentInstance&&!e.componentInstance._isDestroyed&&e.data.keepAlive){var r=e;jt.prepatch(r,r)}else{(e.componentInstance=function(e,t){var r={_isComponent:!0,_parentVnode:e,parent:t},i=e.data.inlineTemplate;n(i)&&(r.render=i.render,r.staticRenderFns=i.staticRenderFns);return new e.componentOptions.Ctor(r)}(e,Wt)).$mount(t?e.elm:void 0,t)}},prepatch:function(t,n){var r=n.componentOptions;!function(t,n,r,i,o){var a=i.data.scopedSlots,s=t.$scopedSlots,c=!!(a&&!a.$stable||s!==e&&!s.$stable||a&&t.$scopedSlots.$key!==a.$key),u=!!(o||t.$options._renderChildren||c);t.$options._parentVnode=i,t.$vnode=i,t._vnode&&(t._vnode.parent=i);if(t.$options._renderChildren=o,t.$attrs=i.data.attrs||e,t.$listeners=r||e,n&&t.$options.props){$e(!1);for(var l=t._props,f=t.$options._propKeys||[],p=0;p<f.length;p++){var d=f[p],v=t.$options.props;l[d]=Me(d,v,n,t)}$e(!0),t.$options.propsData=n}r=r||e;var h=t.$options._parentListeners;t.$options._parentListeners=r,qt(t,r,h),u&&(t.$slots=ut(o,i.context),t.$forceUpdate())}(n.componentInstance=t.componentInstance,r.propsData,r.listeners,n,r.children)},insert:function(e){var t,n=e.context,r=e.componentInstance;r._isMounted||(r._isMounted=!0,Yt(r,"mounted")),e.data.keepAlive&&(n._isMounted?((t=r)._inactive=!1,en.push(t)):Xt(r,!0))},destroy:function(e){var t=e.componentInstance;t._isDestroyed||(e.data.keepAlive?function e(t,n){if(n&&(t._directInactive=!0,Gt(t)))return;if(!t._inactive){t._inactive=!0;for(var r=0;r<t.$children.length;r++)e(t.$children[r]);Yt(t,"deactivated")}}(t,!0):t.$destroy())}},Dt=Object.keys(jt);function Lt(i,a,s,c,l){if(!t(i)){var f=s.$options._base;if(o(i)&&(i=f.extend(i)),"function"==typeof i){var p;if(t(i.cid)&&void 0===(i=function(e,i){if(r(e.error)&&n(e.errorComp))return e.errorComp;if(n(e.resolved))return e.resolved;var a=Ht;a&&n(e.owners)&&-1===e.owners.indexOf(a)&&e.owners.push(a);if(r(e.loading)&&n(e.loadingComp))return e.loadingComp;if(a&&!n(e.owners)){var s=e.owners=[a],c=!0,l=null,f=null;a.$on("hook:destroyed",function(){return h(s,a)});var p=function(e){for(var t=0,n=s.length;t<n;t++)s[t].$forceUpdate();e&&(s.length=0,null!==l&&(clearTimeout(l),l=null),null!==f&&(clearTimeout(f),f=null))},d=D(function(t){e.resolved=Bt(t,i),c?s.length=0:p(!0)}),v=D(function(t){n(e.errorComp)&&(e.error=!0,p(!0))}),m=e(d,v);return o(m)&&(u(m)?t(e.resolved)&&m.then(d,v):u(m.component)&&(m.component.then(d,v),n(m.error)&&(e.errorComp=Bt(m.error,i)),n(m.loading)&&(e.loadingComp=Bt(m.loading,i),0===m.delay?e.loading=!0:l=setTimeout(function(){l=null,t(e.resolved)&&t(e.error)&&(e.loading=!0,p(!1))},m.delay||200)),n(m.timeout)&&(f=setTimeout(function(){f=null,t(e.resolved)&&v(null)},m.timeout)))),c=!1,e.loading?e.loadingComp:e.resolved}}(p=i,f)))return function(e,t,n,r,i){var o=ve();return o.asyncFactory=e,o.asyncMeta={data:t,context:n,children:r,tag:i},o}(p,a,s,c,l);a=a||{},$n(i),n(a.model)&&function(e,t){var r=e.model&&e.model.prop||"value",i=e.model&&e.model.event||"input";(t.attrs||(t.attrs={}))[r]=t.model.value;var o=t.on||(t.on={}),a=o[i],s=t.model.callback;n(a)?(Array.isArray(a)?-1===a.indexOf(s):a!==s)&&(o[i]=[s].concat(a)):o[i]=s}(i.options,a);var d=function(e,r,i){var o=r.options.props;if(!t(o)){var a={},s=e.attrs,c=e.props;if(n(s)||n(c))for(var u in o){var l=C(u);ot(a,c,u,l,!0)||ot(a,s,u,l,!1)}return a}}(a,i);if(r(i.options.functional))return function(t,r,i,o,a){var s=t.options,c={},u=s.props;if(n(u))for(var l in u)c[l]=Me(l,u,r||e);else n(i.attrs)&&Nt(c,i.attrs),n(i.props)&&Nt(c,i.props);var f=new Tt(i,c,a,o,t),p=s.render.call(null,f._c,f);if(p instanceof pe)return Et(p,i,f.parent,s);if(Array.isArray(p)){for(var d=at(p)||[],v=new Array(d.length),h=0;h<d.length;h++)v[h]=Et(d[h],i,f.parent,s);return v}}(i,d,a,s,c);var v=a.on;if(a.on=a.nativeOn,r(i.options.abstract)){var m=a.slot;a={},m&&(a.slot=m)}!function(e){for(var t=e.hook||(e.hook={}),n=0;n<Dt.length;n++){var r=Dt[n],i=t[r],o=jt[r];i===o||i&&i._merged||(t[r]=i?Mt(o,i):o)}}(a);var y=i.options.name||l;return new pe("vue-component-"+i.cid+(y?"-"+y:""),a,void 0,void 0,void 0,s,{Ctor:i,propsData:d,listeners:v,tag:l,children:c},p)}}}function Mt(e,t){var n=function(n,r){e(n,r),t(n,r)};return n._merged=!0,n}var It=1,Ft=2;function Pt(e,a,s,c,u,l){return(Array.isArray(s)||i(s))&&(u=c,c=s,s=void 0),r(l)&&(u=Ft),function(e,i,a,s,c){if(n(a)&&n(a.__ob__))return ve();n(a)&&n(a.is)&&(i=a.is);if(!i)return ve();Array.isArray(s)&&"function"==typeof s[0]&&((a=a||{}).scopedSlots={default:s[0]},s.length=0);c===Ft?s=at(s):c===It&&(s=function(e){for(var t=0;t<e.length;t++)if(Array.isArray(e[t]))return Array.prototype.concat.apply([],e);return e}(s));var u,l;if("string"==typeof i){var f;l=e.$vnode&&e.$vnode.ns||F.getTagNamespace(i),u=F.isReservedTag(i)?new pe(F.parsePlatformTagName(i),a,s,void 0,void 0,e):a&&a.pre||!n(f=Le(e.$options,"components",i))?new pe(i,a,s,void 0,void 0,e):Lt(f,a,e,s,i)}else u=Lt(i,a,e,s);return Array.isArray(u)?u:n(u)?(n(l)&&function e(i,o,a){i.ns=o;"foreignObject"===i.tag&&(o=void 0,a=!0);if(n(i.children))for(var s=0,c=i.children.length;s<c;s++){var u=i.children[s];n(u.tag)&&(t(u.ns)||r(a)&&"svg"!==u.tag)&&e(u,o,a)}}(u,l),n(a)&&function(e){o(e.style)&&et(e.style);o(e.class)&&et(e.class)}(a),u):ve()}(e,a,s,c,u)}var Rt,Ht=null;function Bt(e,t){return(e.__esModule||oe&&"Module"===e[Symbol.toStringTag])&&(e=e.default),o(e)?t.extend(e):e}function Ut(e){return e.isComment&&e.asyncFactory}function zt(e){if(Array.isArray(e))for(var t=0;t<e.length;t++){var r=e[t];if(n(r)&&(n(r.componentOptions)||Ut(r)))return r}}function Vt(e,t){Rt.$on(e,t)}function Kt(e,t){Rt.$off(e,t)}function Jt(e,t){var n=Rt;return function r(){null!==t.apply(null,arguments)&&n.$off(e,r)}}function qt(e,t,n){Rt=e,rt(t,n||{},Vt,Kt,Jt,e),Rt=void 0}var Wt=null;function Zt(e){var t=Wt;return Wt=e,function(){Wt=t}}function Gt(e){for(;e&&(e=e.$parent);)if(e._inactive)return!0;return!1}function Xt(e,t){if(t){if(e._directInactive=!1,Gt(e))return}else if(e._directInactive)return;if(e._inactive||null===e._inactive){e._inactive=!1;for(var n=0;n<e.$children.length;n++)Xt(e.$children[n]);Yt(e,"activated")}}function Yt(e,t){le();var n=e.$options[t],r=t+" hook";if(n)for(var i=0,o=n.length;i<o;i++)He(n[i],e,null,e,r);e._hasHookEvent&&e.$emit("hook:"+t),fe()}var Qt=[],en=[],tn={},nn=!1,rn=!1,on=0;var an=0,sn=Date.now;if(z&&!q){var cn=window.performance;cn&&"function"==typeof cn.now&&sn()>document.createEvent("Event").timeStamp&&(sn=function(){return cn.now()})}function un(){var e,t;for(an=sn(),rn=!0,Qt.sort(function(e,t){return e.id-t.id}),on=0;on<Qt.length;on++)(e=Qt[on]).before&&e.before(),t=e.id,tn[t]=null,e.run();var n=en.slice(),r=Qt.slice();on=Qt.length=en.length=0,tn={},nn=rn=!1,function(e){for(var t=0;t<e.length;t++)e[t]._inactive=!0,Xt(e[t],!0)}(n),function(e){var t=e.length;for(;t--;){var n=e[t],r=n.vm;r._watcher===n&&r._isMounted&&!r._isDestroyed&&Yt(r,"updated")}}(r),ne&&F.devtools&&ne.emit("flush")}var ln=0,fn=function(e,t,n,r,i){this.vm=e,i&&(e._watcher=this),e._watchers.push(this),r?(this.deep=!!r.deep,this.user=!!r.user,this.lazy=!!r.lazy,this.sync=!!r.sync,this.before=r.before):this.deep=this.user=this.lazy=this.sync=!1,this.cb=n,this.id=++ln,this.active=!0,this.dirty=this.lazy,this.deps=[],this.newDeps=[],this.depIds=new ie,this.newDepIds=new ie,this.expression="","function"==typeof t?this.getter=t:(this.getter=function(e){if(!H.test(e)){var t=e.split(".");return function(e){for(var n=0;n<t.length;n++){if(!e)return;e=e[t[n]]}return e}}}(t),this.getter||(this.getter=S)),this.value=this.lazy?void 0:this.get()};fn.prototype.get=function(){var e;le(this);var t=this.vm;try{e=this.getter.call(t,t)}catch(e){if(!this.user)throw e;Re(e,t,'getter for watcher "'+this.expression+'"')}finally{this.deep&&et(e),fe(),this.cleanupDeps()}return e},fn.prototype.addDep=function(e){var t=e.id;this.newDepIds.has(t)||(this.newDepIds.add(t),this.newDeps.push(e),this.depIds.has(t)||e.addSub(this))},fn.prototype.cleanupDeps=function(){for(var e=this.deps.length;e--;){var t=this.deps[e];this.newDepIds.has(t.id)||t.removeSub(this)}var n=this.depIds;this.depIds=this.newDepIds,this.newDepIds=n,this.newDepIds.clear(),n=this.deps,this.deps=this.newDeps,this.newDeps=n,this.newDeps.length=0},fn.prototype.update=function(){this.lazy?this.dirty=!0:this.sync?this.run():function(e){var t=e.id;if(null==tn[t]){if(tn[t]=!0,rn){for(var n=Qt.length-1;n>on&&Qt[n].id>e.id;)n--;Qt.splice(n+1,0,e)}else Qt.push(e);nn||(nn=!0,Ye(un))}}(this)},fn.prototype.run=function(){if(this.active){var e=this.get();if(e!==this.value||o(e)||this.deep){var t=this.value;if(this.value=e,this.user)try{this.cb.call(this.vm,e,t)}catch(e){Re(e,this.vm,'callback for watcher "'+this.expression+'"')}else this.cb.call(this.vm,e,t)}}},fn.prototype.evaluate=function(){this.value=this.get(),this.dirty=!1},fn.prototype.depend=function(){for(var e=this.deps.length;e--;)this.deps[e].depend()},fn.prototype.teardown=function(){if(this.active){this.vm._isBeingDestroyed||h(this.vm._watchers,this);for(var e=this.deps.length;e--;)this.deps[e].removeSub(this);this.active=!1}};var pn={enumerable:!0,configurable:!0,get:S,set:S};function dn(e,t,n){pn.get=function(){return this[t][n]},pn.set=function(e){this[t][n]=e},Object.defineProperty(e,n,pn)}function vn(e){e._watchers=[];var t=e.$options;t.props&&function(e,t){var n=e.$options.propsData||{},r=e._props={},i=e.$options._propKeys=[];e.$parent&&$e(!1);var o=function(o){i.push(o);var a=Me(o,t,n,e);xe(r,o,a),o in e||dn(e,"_props",o)};for(var a in t)o(a);$e(!0)}(e,t.props),t.methods&&function(e,t){e.$options.props;for(var n in t)e[n]="function"!=typeof t[n]?S:x(t[n],e)}(e,t.methods),t.data?function(e){var t=e.$options.data;s(t=e._data="function"==typeof t?function(e,t){le();try{return e.call(t,t)}catch(e){return Re(e,t,"data()"),{}}finally{fe()}}(t,e):t||{})||(t={});var n=Object.keys(t),r=e.$options.props,i=(e.$options.methods,n.length);for(;i--;){var o=n[i];r&&y(r,o)||(a=void 0,36!==(a=(o+"").charCodeAt(0))&&95!==a&&dn(e,"_data",o))}var a;Ce(t,!0)}(e):Ce(e._data={},!0),t.computed&&function(e,t){var n=e._computedWatchers=Object.create(null),r=te();for(var i in t){var o=t[i],a="function"==typeof o?o:o.get;r||(n[i]=new fn(e,a||S,S,hn)),i in e||mn(e,i,o)}}(e,t.computed),t.watch&&t.watch!==Y&&function(e,t){for(var n in t){var r=t[n];if(Array.isArray(r))for(var i=0;i<r.length;i++)_n(e,n,r[i]);else _n(e,n,r)}}(e,t.watch)}var hn={lazy:!0};function mn(e,t,n){var r=!te();"function"==typeof n?(pn.get=r?yn(t):gn(n),pn.set=S):(pn.get=n.get?r&&!1!==n.cache?yn(t):gn(n.get):S,pn.set=n.set||S),Object.defineProperty(e,t,pn)}function yn(e){return function(){var t=this._computedWatchers&&this._computedWatchers[e];if(t)return t.dirty&&t.evaluate(),ce.target&&t.depend(),t.value}}function gn(e){return function(){return e.call(this,this)}}function _n(e,t,n,r){return s(n)&&(r=n,n=n.handler),"string"==typeof n&&(n=e[n]),e.$watch(t,n,r)}var bn=0;function $n(e){var t=e.options;if(e.super){var n=$n(e.super);if(n!==e.superOptions){e.superOptions=n;var r=function(e){var t,n=e.options,r=e.sealedOptions;for(var i in n)n[i]!==r[i]&&(t||(t={}),t[i]=n[i]);return t}(e);r&&A(e.extendOptions,r),(t=e.options=De(n,e.extendOptions)).name&&(t.components[t.name]=e)}}return t}function wn(e){this._init(e)}function Cn(e){e.cid=0;var t=1;e.extend=function(e){e=e||{};var n=this,r=n.cid,i=e._Ctor||(e._Ctor={});if(i[r])return i[r];var o=e.name||n.options.name,a=function(e){this._init(e)};return(a.prototype=Object.create(n.prototype)).constructor=a,a.cid=t++,a.options=De(n.options,e),a.super=n,a.options.props&&function(e){var t=e.options.props;for(var n in t)dn(e.prototype,"_props",n)}(a),a.options.computed&&function(e){var t=e.options.computed;for(var n in t)mn(e.prototype,n,t[n])}(a),a.extend=n.extend,a.mixin=n.mixin,a.use=n.use,M.forEach(function(e){a[e]=n[e]}),o&&(a.options.components[o]=a),a.superOptions=n.options,a.extendOptions=e,a.sealedOptions=A({},a.options),i[r]=a,a}}function xn(e){return e&&(e.Ctor.options.name||e.tag)}function kn(e,t){return Array.isArray(e)?e.indexOf(t)>-1:"string"==typeof e?e.split(",").indexOf(t)>-1:(n=e,"[object RegExp]"===a.call(n)&&e.test(t));var n}function An(e,t){var n=e.cache,r=e.keys,i=e._vnode;for(var o in n){var a=n[o];if(a){var s=xn(a.componentOptions);s&&!t(s)&&On(n,o,r,i)}}}function On(e,t,n,r){var i=e[t];!i||r&&i.tag===r.tag||i.componentInstance.$destroy(),e[t]=null,h(n,t)}!function(t){t.prototype._init=function(t){var n=this;n._uid=bn++,n._isVue=!0,t&&t._isComponent?function(e,t){var n=e.$options=Object.create(e.constructor.options),r=t._parentVnode;n.parent=t.parent,n._parentVnode=r;var i=r.componentOptions;n.propsData=i.propsData,n._parentListeners=i.listeners,n._renderChildren=i.children,n._componentTag=i.tag,t.render&&(n.render=t.render,n.staticRenderFns=t.staticRenderFns)}(n,t):n.$options=De($n(n.constructor),t||{},n),n._renderProxy=n,n._self=n,function(e){var t=e.$options,n=t.parent;if(n&&!t.abstract){for(;n.$options.abstract&&n.$parent;)n=n.$parent;n.$children.push(e)}e.$parent=n,e.$root=n?n.$root:e,e.$children=[],e.$refs={},e._watcher=null,e._inactive=null,e._directInactive=!1,e._isMounted=!1,e._isDestroyed=!1,e._isBeingDestroyed=!1}(n),function(e){e._events=Object.create(null),e._hasHookEvent=!1;var t=e.$options._parentListeners;t&&qt(e,t)}(n),function(t){t._vnode=null,t._staticTrees=null;var n=t.$options,r=t.$vnode=n._parentVnode,i=r&&r.context;t.$slots=ut(n._renderChildren,i),t.$scopedSlots=e,t._c=function(e,n,r,i){return Pt(t,e,n,r,i,!1)},t.$createElement=function(e,n,r,i){return Pt(t,e,n,r,i,!0)};var o=r&&r.data;xe(t,"$attrs",o&&o.attrs||e,null,!0),xe(t,"$listeners",n._parentListeners||e,null,!0)}(n),Yt(n,"beforeCreate"),function(e){var t=ct(e.$options.inject,e);t&&($e(!1),Object.keys(t).forEach(function(n){xe(e,n,t[n])}),$e(!0))}(n),vn(n),function(e){var t=e.$options.provide;t&&(e._provided="function"==typeof t?t.call(e):t)}(n),Yt(n,"created"),n.$options.el&&n.$mount(n.$options.el)}}(wn),function(e){var t={get:function(){return this._data}},n={get:function(){return this._props}};Object.defineProperty(e.prototype,"$data",t),Object.defineProperty(e.prototype,"$props",n),e.prototype.$set=ke,e.prototype.$delete=Ae,e.prototype.$watch=function(e,t,n){if(s(t))return _n(this,e,t,n);(n=n||{}).user=!0;var r=new fn(this,e,t,n);if(n.immediate)try{t.call(this,r.value)}catch(e){Re(e,this,'callback for immediate watcher "'+r.expression+'"')}return function(){r.teardown()}}}(wn),function(e){var t=/^hook:/;e.prototype.$on=function(e,n){var r=this;if(Array.isArray(e))for(var i=0,o=e.length;i<o;i++)r.$on(e[i],n);else(r._events[e]||(r._events[e]=[])).push(n),t.test(e)&&(r._hasHookEvent=!0);return r},e.prototype.$once=function(e,t){var n=this;function r(){n.$off(e,r),t.apply(n,arguments)}return r.fn=t,n.$on(e,r),n},e.prototype.$off=function(e,t){var n=this;if(!arguments.length)return n._events=Object.create(null),n;if(Array.isArray(e)){for(var r=0,i=e.length;r<i;r++)n.$off(e[r],t);return n}var o,a=n._events[e];if(!a)return n;if(!t)return n._events[e]=null,n;for(var s=a.length;s--;)if((o=a[s])===t||o.fn===t){a.splice(s,1);break}return n},e.prototype.$emit=function(e){var t=this._events[e];if(t){t=t.length>1?k(t):t;for(var n=k(arguments,1),r='event handler for "'+e+'"',i=0,o=t.length;i<o;i++)He(t[i],this,n,this,r)}return this}}(wn),function(e){e.prototype._update=function(e,t){var n=this,r=n.$el,i=n._vnode,o=Zt(n);n._vnode=e,n.$el=i?n.__patch__(i,e):n.__patch__(n.$el,e,t,!1),o(),r&&(r.__vue__=null),n.$el&&(n.$el.__vue__=n),n.$vnode&&n.$parent&&n.$vnode===n.$parent._vnode&&(n.$parent.$el=n.$el)},e.prototype.$forceUpdate=function(){this._watcher&&this._watcher.update()},e.prototype.$destroy=function(){var e=this;if(!e._isBeingDestroyed){Yt(e,"beforeDestroy"),e._isBeingDestroyed=!0;var t=e.$parent;!t||t._isBeingDestroyed||e.$options.abstract||h(t.$children,e),e._watcher&&e._watcher.teardown();for(var n=e._watchers.length;n--;)e._watchers[n].teardown();e._data.__ob__&&e._data.__ob__.vmCount--,e._isDestroyed=!0,e.__patch__(e._vnode,null),Yt(e,"destroyed"),e.$off(),e.$el&&(e.$el.__vue__=null),e.$vnode&&(e.$vnode.parent=null)}}}(wn),function(e){St(e.prototype),e.prototype.$nextTick=function(e){return Ye(e,this)},e.prototype._render=function(){var e,t=this,n=t.$options,r=n.render,i=n._parentVnode;i&&(t.$scopedSlots=ft(i.data.scopedSlots,t.$slots,t.$scopedSlots)),t.$vnode=i;try{Ht=t,e=r.call(t._renderProxy,t.$createElement)}catch(n){Re(n,t,"render"),e=t._vnode}finally{Ht=null}return Array.isArray(e)&&1===e.length&&(e=e[0]),e instanceof pe||(e=ve()),e.parent=i,e}}(wn);var Sn=[String,RegExp,Array],Tn={KeepAlive:{name:"keep-alive",abstract:!0,props:{include:Sn,exclude:Sn,max:[String,Number]},created:function(){this.cache=Object.create(null),this.keys=[]},destroyed:function(){for(var e in this.cache)On(this.cache,e,this.keys)},mounted:function(){var e=this;this.$watch("include",function(t){An(e,function(e){return kn(t,e)})}),this.$watch("exclude",function(t){An(e,function(e){return!kn(t,e)})})},render:function(){var e=this.$slots.default,t=zt(e),n=t&&t.componentOptions;if(n){var r=xn(n),i=this.include,o=this.exclude;if(i&&(!r||!kn(i,r))||o&&r&&kn(o,r))return t;var a=this.cache,s=this.keys,c=null==t.key?n.Ctor.cid+(n.tag?"::"+n.tag:""):t.key;a[c]?(t.componentInstance=a[c].componentInstance,h(s,c),s.push(c)):(a[c]=t,s.push(c),this.max&&s.length>parseInt(this.max)&&On(a,s[0],s,this._vnode)),t.data.keepAlive=!0}return t||e&&e[0]}}};!function(e){var t={get:function(){return F}};Object.defineProperty(e,"config",t),e.util={warn:ae,extend:A,mergeOptions:De,defineReactive:xe},e.set=ke,e.delete=Ae,e.nextTick=Ye,e.observable=function(e){return Ce(e),e},e.options=Object.create(null),M.forEach(function(t){e.options[t+"s"]=Object.create(null)}),e.options._base=e,A(e.options.components,Tn),function(e){e.use=function(e){var t=this._installedPlugins||(this._installedPlugins=[]);if(t.indexOf(e)>-1)return this;var n=k(arguments,1);return n.unshift(this),"function"==typeof e.install?e.install.apply(e,n):"function"==typeof e&&e.apply(null,n),t.push(e),this}}(e),function(e){e.mixin=function(e){return this.options=De(this.options,e),this}}(e),Cn(e),function(e){M.forEach(function(t){e[t]=function(e,n){return n?("component"===t&&s(n)&&(n.name=n.name||e,n=this.options._base.extend(n)),"directive"===t&&"function"==typeof n&&(n={bind:n,update:n}),this.options[t+"s"][e]=n,n):this.options[t+"s"][e]}})}(e)}(wn),Object.defineProperty(wn.prototype,"$isServer",{get:te}),Object.defineProperty(wn.prototype,"$ssrContext",{get:function(){return this.$vnode&&this.$vnode.ssrContext}}),Object.defineProperty(wn,"FunctionalRenderContext",{value:Tt}),wn.version="2.6.10";var En=p("style,class"),Nn=p("input,textarea,option,select,progress"),jn=function(e,t,n){return"value"===n&&Nn(e)&&"button"!==t||"selected"===n&&"option"===e||"checked"===n&&"input"===e||"muted"===n&&"video"===e},Dn=p("contenteditable,draggable,spellcheck"),Ln=p("events,caret,typing,plaintext-only"),Mn=function(e,t){return Hn(t)||"false"===t?"false":"contenteditable"===e&&Ln(t)?t:"true"},In=p("allowfullscreen,async,autofocus,autoplay,checked,compact,controls,declare,default,defaultchecked,defaultmuted,defaultselected,defer,disabled,enabled,formnovalidate,hidden,indeterminate,inert,ismap,itemscope,loop,multiple,muted,nohref,noresize,noshade,novalidate,nowrap,open,pauseonexit,readonly,required,reversed,scoped,seamless,selected,sortable,translate,truespeed,typemustmatch,visible"),Fn="http://www.w3.org/1999/xlink",Pn=function(e){return":"===e.charAt(5)&&"xlink"===e.slice(0,5)},Rn=function(e){return Pn(e)?e.slice(6,e.length):""},Hn=function(e){return null==e||!1===e};function Bn(e){for(var t=e.data,r=e,i=e;n(i.componentInstance);)(i=i.componentInstance._vnode)&&i.data&&(t=Un(i.data,t));for(;n(r=r.parent);)r&&r.data&&(t=Un(t,r.data));return function(e,t){if(n(e)||n(t))return zn(e,Vn(t));return""}(t.staticClass,t.class)}function Un(e,t){return{staticClass:zn(e.staticClass,t.staticClass),class:n(e.class)?[e.class,t.class]:t.class}}function zn(e,t){return e?t?e+" "+t:e:t||""}function Vn(e){return Array.isArray(e)?function(e){for(var t,r="",i=0,o=e.length;i<o;i++)n(t=Vn(e[i]))&&""!==t&&(r&&(r+=" "),r+=t);return r}(e):o(e)?function(e){var t="";for(var n in e)e[n]&&(t&&(t+=" "),t+=n);return t}(e):"string"==typeof e?e:""}var Kn={svg:"http://www.w3.org/2000/svg",math:"http://www.w3.org/1998/Math/MathML"},Jn=p("html,body,base,head,link,meta,style,title,address,article,aside,footer,header,h1,h2,h3,h4,h5,h6,hgroup,nav,section,div,dd,dl,dt,figcaption,figure,picture,hr,img,li,main,ol,p,pre,ul,a,b,abbr,bdi,bdo,br,cite,code,data,dfn,em,i,kbd,mark,q,rp,rt,rtc,ruby,s,samp,small,span,strong,sub,sup,time,u,var,wbr,area,audio,map,track,video,embed,object,param,source,canvas,script,noscript,del,ins,caption,col,colgroup,table,thead,tbody,td,th,tr,button,datalist,fieldset,form,input,label,legend,meter,optgroup,option,output,progress,select,textarea,details,dialog,menu,menuitem,summary,content,element,shadow,template,blockquote,iframe,tfoot"),qn=p("svg,animate,circle,clippath,cursor,defs,desc,ellipse,filter,font-face,foreignObject,g,glyph,image,line,marker,mask,missing-glyph,path,pattern,polygon,polyline,rect,switch,symbol,text,textpath,tspan,use,view",!0),Wn=function(e){return Jn(e)||qn(e)};function Zn(e){return qn(e)?"svg":"math"===e?"math":void 0}var Gn=Object.create(null);var Xn=p("text,number,password,search,email,tel,url");function Yn(e){if("string"==typeof e){var t=document.querySelector(e);return t||document.createElement("div")}return e}var Qn=Object.freeze({createElement:function(e,t){var n=document.createElement(e);return"select"!==e?n:(t.data&&t.data.attrs&&void 0!==t.data.attrs.multiple&&n.setAttribute("multiple","multiple"),n)},createElementNS:function(e,t){return document.createElementNS(Kn[e],t)},createTextNode:function(e){return document.createTextNode(e)},createComment:function(e){return document.createComment(e)},insertBefore:function(e,t,n){e.insertBefore(t,n)},removeChild:function(e,t){e.removeChild(t)},appendChild:function(e,t){e.appendChild(t)},parentNode:function(e){return e.parentNode},nextSibling:function(e){return e.nextSibling},tagName:function(e){return e.tagName},setTextContent:function(e,t){e.textContent=t},setStyleScope:function(e,t){e.setAttribute(t,"")}}),er={create:function(e,t){tr(t)},update:function(e,t){e.data.ref!==t.data.ref&&(tr(e,!0),tr(t))},destroy:function(e){tr(e,!0)}};function tr(e,t){var r=e.data.ref;if(n(r)){var i=e.context,o=e.componentInstance||e.elm,a=i.$refs;t?Array.isArray(a[r])?h(a[r],o):a[r]===o&&(a[r]=void 0):e.data.refInFor?Array.isArray(a[r])?a[r].indexOf(o)<0&&a[r].push(o):a[r]=[o]:a[r]=o}}var nr=new pe("",{},[]),rr=["create","activate","update","remove","destroy"];function ir(e,i){return e.key===i.key&&(e.tag===i.tag&&e.isComment===i.isComment&&n(e.data)===n(i.data)&&function(e,t){if("input"!==e.tag)return!0;var r,i=n(r=e.data)&&n(r=r.attrs)&&r.type,o=n(r=t.data)&&n(r=r.attrs)&&r.type;return i===o||Xn(i)&&Xn(o)}(e,i)||r(e.isAsyncPlaceholder)&&e.asyncFactory===i.asyncFactory&&t(i.asyncFactory.error))}function or(e,t,r){var i,o,a={};for(i=t;i<=r;++i)n(o=e[i].key)&&(a[o]=i);return a}var ar={create:sr,update:sr,destroy:function(e){sr(e,nr)}};function sr(e,t){(e.data.directives||t.data.directives)&&function(e,t){var n,r,i,o=e===nr,a=t===nr,s=ur(e.data.directives,e.context),c=ur(t.data.directives,t.context),u=[],l=[];for(n in c)r=s[n],i=c[n],r?(i.oldValue=r.value,i.oldArg=r.arg,fr(i,"update",t,e),i.def&&i.def.componentUpdated&&l.push(i)):(fr(i,"bind",t,e),i.def&&i.def.inserted&&u.push(i));if(u.length){var f=function(){for(var n=0;n<u.length;n++)fr(u[n],"inserted",t,e)};o?it(t,"insert",f):f()}l.length&&it(t,"postpatch",function(){for(var n=0;n<l.length;n++)fr(l[n],"componentUpdated",t,e)});if(!o)for(n in s)c[n]||fr(s[n],"unbind",e,e,a)}(e,t)}var cr=Object.create(null);function ur(e,t){var n,r,i=Object.create(null);if(!e)return i;for(n=0;n<e.length;n++)(r=e[n]).modifiers||(r.modifiers=cr),i[lr(r)]=r,r.def=Le(t.$options,"directives",r.name);return i}function lr(e){return e.rawName||e.name+"."+Object.keys(e.modifiers||{}).join(".")}function fr(e,t,n,r,i){var o=e.def&&e.def[t];if(o)try{o(n.elm,e,n,r,i)}catch(r){Re(r,n.context,"directive "+e.name+" "+t+" hook")}}var pr=[er,ar];function dr(e,r){var i=r.componentOptions;if(!(n(i)&&!1===i.Ctor.options.inheritAttrs||t(e.data.attrs)&&t(r.data.attrs))){var o,a,s=r.elm,c=e.data.attrs||{},u=r.data.attrs||{};for(o in n(u.__ob__)&&(u=r.data.attrs=A({},u)),u)a=u[o],c[o]!==a&&vr(s,o,a);for(o in(q||Z)&&u.value!==c.value&&vr(s,"value",u.value),c)t(u[o])&&(Pn(o)?s.removeAttributeNS(Fn,Rn(o)):Dn(o)||s.removeAttribute(o))}}function vr(e,t,n){e.tagName.indexOf("-")>-1?hr(e,t,n):In(t)?Hn(n)?e.removeAttribute(t):(n="allowfullscreen"===t&&"EMBED"===e.tagName?"true":t,e.setAttribute(t,n)):Dn(t)?e.setAttribute(t,Mn(t,n)):Pn(t)?Hn(n)?e.removeAttributeNS(Fn,Rn(t)):e.setAttributeNS(Fn,t,n):hr(e,t,n)}function hr(e,t,n){if(Hn(n))e.removeAttribute(t);else{if(q&&!W&&"TEXTAREA"===e.tagName&&"placeholder"===t&&""!==n&&!e.__ieph){var r=function(t){t.stopImmediatePropagation(),e.removeEventListener("input",r)};e.addEventListener("input",r),e.__ieph=!0}e.setAttribute(t,n)}}var mr={create:dr,update:dr};function yr(e,r){var i=r.elm,o=r.data,a=e.data;if(!(t(o.staticClass)&&t(o.class)&&(t(a)||t(a.staticClass)&&t(a.class)))){var s=Bn(r),c=i._transitionClasses;n(c)&&(s=zn(s,Vn(c))),s!==i._prevClass&&(i.setAttribute("class",s),i._prevClass=s)}}var gr,_r,br,$r,wr,Cr,xr={create:yr,update:yr},kr=/[\w).+\-_$\]]/;function Ar(e){var t,n,r,i,o,a=!1,s=!1,c=!1,u=!1,l=0,f=0,p=0,d=0;for(r=0;r<e.length;r++)if(n=t,t=e.charCodeAt(r),a)39===t&&92!==n&&(a=!1);else if(s)34===t&&92!==n&&(s=!1);else if(c)96===t&&92!==n&&(c=!1);else if(u)47===t&&92!==n&&(u=!1);else if(124!==t||124===e.charCodeAt(r+1)||124===e.charCodeAt(r-1)||l||f||p){switch(t){case 34:s=!0;break;case 39:a=!0;break;case 96:c=!0;break;case 40:p++;break;case 41:p--;break;case 91:f++;break;case 93:f--;break;case 123:l++;break;case 125:l--}if(47===t){for(var v=r-1,h=void 0;v>=0&&" "===(h=e.charAt(v));v--);h&&kr.test(h)||(u=!0)}}else void 0===i?(d=r+1,i=e.slice(0,r).trim()):m();function m(){(o||(o=[])).push(e.slice(d,r).trim()),d=r+1}if(void 0===i?i=e.slice(0,r).trim():0!==d&&m(),o)for(r=0;r<o.length;r++)i=Or(i,o[r]);return i}function Or(e,t){var n=t.indexOf("(");if(n<0)return'_f("'+t+'")('+e+")";var r=t.slice(0,n),i=t.slice(n+1);return'_f("'+r+'")('+e+(")"!==i?","+i:i)}function Sr(e,t){console.error("[Vue compiler]: "+e)}function Tr(e,t){return e?e.map(function(e){return e[t]}).filter(function(e){return e}):[]}function Er(e,t,n,r,i){(e.props||(e.props=[])).push(Rr({name:t,value:n,dynamic:i},r)),e.plain=!1}function Nr(e,t,n,r,i){(i?e.dynamicAttrs||(e.dynamicAttrs=[]):e.attrs||(e.attrs=[])).push(Rr({name:t,value:n,dynamic:i},r)),e.plain=!1}function jr(e,t,n,r){e.attrsMap[t]=n,e.attrsList.push(Rr({name:t,value:n},r))}function Dr(e,t,n,r,i,o,a,s){(e.directives||(e.directives=[])).push(Rr({name:t,rawName:n,value:r,arg:i,isDynamicArg:o,modifiers:a},s)),e.plain=!1}function Lr(e,t,n){return n?"_p("+t+',"'+e+'")':e+t}function Mr(t,n,r,i,o,a,s,c){var u;(i=i||e).right?c?n="("+n+")==='click'?'contextmenu':("+n+")":"click"===n&&(n="contextmenu",delete i.right):i.middle&&(c?n="("+n+")==='click'?'mouseup':("+n+")":"click"===n&&(n="mouseup")),i.capture&&(delete i.capture,n=Lr("!",n,c)),i.once&&(delete i.once,n=Lr("~",n,c)),i.passive&&(delete i.passive,n=Lr("&",n,c)),i.native?(delete i.native,u=t.nativeEvents||(t.nativeEvents={})):u=t.events||(t.events={});var l=Rr({value:r.trim(),dynamic:c},s);i!==e&&(l.modifiers=i);var f=u[n];Array.isArray(f)?o?f.unshift(l):f.push(l):u[n]=f?o?[l,f]:[f,l]:l,t.plain=!1}function Ir(e,t,n){var r=Fr(e,":"+t)||Fr(e,"v-bind:"+t);if(null!=r)return Ar(r);if(!1!==n){var i=Fr(e,t);if(null!=i)return JSON.stringify(i)}}function Fr(e,t,n){var r;if(null!=(r=e.attrsMap[t]))for(var i=e.attrsList,o=0,a=i.length;o<a;o++)if(i[o].name===t){i.splice(o,1);break}return n&&delete e.attrsMap[t],r}function Pr(e,t){for(var n=e.attrsList,r=0,i=n.length;r<i;r++){var o=n[r];if(t.test(o.name))return n.splice(r,1),o}}function Rr(e,t){return t&&(null!=t.start&&(e.start=t.start),null!=t.end&&(e.end=t.end)),e}function Hr(e,t,n){var r=n||{},i=r.number,o="$$v";r.trim&&(o="(typeof $$v === 'string'? $$v.trim(): $$v)"),i&&(o="_n("+o+")");var a=Br(t,o);e.model={value:"("+t+")",expression:JSON.stringify(t),callback:"function ($$v) {"+a+"}"}}function Br(e,t){var n=function(e){if(e=e.trim(),gr=e.length,e.indexOf("[")<0||e.lastIndexOf("]")<gr-1)return($r=e.lastIndexOf("."))>-1?{exp:e.slice(0,$r),key:'"'+e.slice($r+1)+'"'}:{exp:e,key:null};_r=e,$r=wr=Cr=0;for(;!zr();)Vr(br=Ur())?Jr(br):91===br&&Kr(br);return{exp:e.slice(0,wr),key:e.slice(wr+1,Cr)}}(e);return null===n.key?e+"="+t:"$set("+n.exp+", "+n.key+", "+t+")"}function Ur(){return _r.charCodeAt(++$r)}function zr(){return $r>=gr}function Vr(e){return 34===e||39===e}function Kr(e){var t=1;for(wr=$r;!zr();)if(Vr(e=Ur()))Jr(e);else if(91===e&&t++,93===e&&t--,0===t){Cr=$r;break}}function Jr(e){for(var t=e;!zr()&&(e=Ur())!==t;);}var qr,Wr="__r",Zr="__c";function Gr(e,t,n){var r=qr;return function i(){null!==t.apply(null,arguments)&&Qr(e,i,n,r)}}var Xr=Ve&&!(X&&Number(X[1])<=53);function Yr(e,t,n,r){if(Xr){var i=an,o=t;t=o._wrapper=function(e){if(e.target===e.currentTarget||e.timeStamp>=i||e.timeStamp<=0||e.target.ownerDocument!==document)return o.apply(this,arguments)}}qr.addEventListener(e,t,Q?{capture:n,passive:r}:n)}function Qr(e,t,n,r){(r||qr).removeEventListener(e,t._wrapper||t,n)}function ei(e,r){if(!t(e.data.on)||!t(r.data.on)){var i=r.data.on||{},o=e.data.on||{};qr=r.elm,function(e){if(n(e[Wr])){var t=q?"change":"input";e[t]=[].concat(e[Wr],e[t]||[]),delete e[Wr]}n(e[Zr])&&(e.change=[].concat(e[Zr],e.change||[]),delete e[Zr])}(i),rt(i,o,Yr,Qr,Gr,r.context),qr=void 0}}var ti,ni={create:ei,update:ei};function ri(e,r){if(!t(e.data.domProps)||!t(r.data.domProps)){var i,o,a=r.elm,s=e.data.domProps||{},c=r.data.domProps||{};for(i in n(c.__ob__)&&(c=r.data.domProps=A({},c)),s)i in c||(a[i]="");for(i in c){if(o=c[i],"textContent"===i||"innerHTML"===i){if(r.children&&(r.children.length=0),o===s[i])continue;1===a.childNodes.length&&a.removeChild(a.childNodes[0])}if("value"===i&&"PROGRESS"!==a.tagName){a._value=o;var u=t(o)?"":String(o);ii(a,u)&&(a.value=u)}else if("innerHTML"===i&&qn(a.tagName)&&t(a.innerHTML)){(ti=ti||document.createElement("div")).innerHTML="<svg>"+o+"</svg>";for(var l=ti.firstChild;a.firstChild;)a.removeChild(a.firstChild);for(;l.firstChild;)a.appendChild(l.firstChild)}else if(o!==s[i])try{a[i]=o}catch(e){}}}}function ii(e,t){return!e.composing&&("OPTION"===e.tagName||function(e,t){var n=!0;try{n=document.activeElement!==e}catch(e){}return n&&e.value!==t}(e,t)||function(e,t){var r=e.value,i=e._vModifiers;if(n(i)){if(i.number)return f(r)!==f(t);if(i.trim)return r.trim()!==t.trim()}return r!==t}(e,t))}var oi={create:ri,update:ri},ai=g(function(e){var t={},n=/:(.+)/;return e.split(/;(?![^(]*\))/g).forEach(function(e){if(e){var r=e.split(n);r.length>1&&(t[r[0].trim()]=r[1].trim())}}),t});function si(e){var t=ci(e.style);return e.staticStyle?A(e.staticStyle,t):t}function ci(e){return Array.isArray(e)?O(e):"string"==typeof e?ai(e):e}var ui,li=/^--/,fi=/\s*!important$/,pi=function(e,t,n){if(li.test(t))e.style.setProperty(t,n);else if(fi.test(n))e.style.setProperty(C(t),n.replace(fi,""),"important");else{var r=vi(t);if(Array.isArray(n))for(var i=0,o=n.length;i<o;i++)e.style[r]=n[i];else e.style[r]=n}},di=["Webkit","Moz","ms"],vi=g(function(e){if(ui=ui||document.createElement("div").style,"filter"!==(e=b(e))&&e in ui)return e;for(var t=e.charAt(0).toUpperCase()+e.slice(1),n=0;n<di.length;n++){var r=di[n]+t;if(r in ui)return r}});function hi(e,r){var i=r.data,o=e.data;if(!(t(i.staticStyle)&&t(i.style)&&t(o.staticStyle)&&t(o.style))){var a,s,c=r.elm,u=o.staticStyle,l=o.normalizedStyle||o.style||{},f=u||l,p=ci(r.data.style)||{};r.data.normalizedStyle=n(p.__ob__)?A({},p):p;var d=function(e,t){var n,r={};if(t)for(var i=e;i.componentInstance;)(i=i.componentInstance._vnode)&&i.data&&(n=si(i.data))&&A(r,n);(n=si(e.data))&&A(r,n);for(var o=e;o=o.parent;)o.data&&(n=si(o.data))&&A(r,n);return r}(r,!0);for(s in f)t(d[s])&&pi(c,s,"");for(s in d)(a=d[s])!==f[s]&&pi(c,s,null==a?"":a)}}var mi={create:hi,update:hi},yi=/\s+/;function gi(e,t){if(t&&(t=t.trim()))if(e.classList)t.indexOf(" ")>-1?t.split(yi).forEach(function(t){return e.classList.add(t)}):e.classList.add(t);else{var n=" "+(e.getAttribute("class")||"")+" ";n.indexOf(" "+t+" ")<0&&e.setAttribute("class",(n+t).trim())}}function _i(e,t){if(t&&(t=t.trim()))if(e.classList)t.indexOf(" ")>-1?t.split(yi).forEach(function(t){return e.classList.remove(t)}):e.classList.remove(t),e.classList.length||e.removeAttribute("class");else{for(var n=" "+(e.getAttribute("class")||"")+" ",r=" "+t+" ";n.indexOf(r)>=0;)n=n.replace(r," ");(n=n.trim())?e.setAttribute("class",n):e.removeAttribute("class")}}function bi(e){if(e){if("object"==typeof e){var t={};return!1!==e.css&&A(t,$i(e.name||"v")),A(t,e),t}return"string"==typeof e?$i(e):void 0}}var $i=g(function(e){return{enterClass:e+"-enter",enterToClass:e+"-enter-to",enterActiveClass:e+"-enter-active",leaveClass:e+"-leave",leaveToClass:e+"-leave-to",leaveActiveClass:e+"-leave-active"}}),wi=z&&!W,Ci="transition",xi="animation",ki="transition",Ai="transitionend",Oi="animation",Si="animationend";wi&&(void 0===window.ontransitionend&&void 0!==window.onwebkittransitionend&&(ki="WebkitTransition",Ai="webkitTransitionEnd"),void 0===window.onanimationend&&void 0!==window.onwebkitanimationend&&(Oi="WebkitAnimation",Si="webkitAnimationEnd"));var Ti=z?window.requestAnimationFrame?window.requestAnimationFrame.bind(window):setTimeout:function(e){return e()};function Ei(e){Ti(function(){Ti(e)})}function Ni(e,t){var n=e._transitionClasses||(e._transitionClasses=[]);n.indexOf(t)<0&&(n.push(t),gi(e,t))}function ji(e,t){e._transitionClasses&&h(e._transitionClasses,t),_i(e,t)}function Di(e,t,n){var r=Mi(e,t),i=r.type,o=r.timeout,a=r.propCount;if(!i)return n();var s=i===Ci?Ai:Si,c=0,u=function(){e.removeEventListener(s,l),n()},l=function(t){t.target===e&&++c>=a&&u()};setTimeout(function(){c<a&&u()},o+1),e.addEventListener(s,l)}var Li=/\b(transform|all)(,|$)/;function Mi(e,t){var n,r=window.getComputedStyle(e),i=(r[ki+"Delay"]||"").split(", "),o=(r[ki+"Duration"]||"").split(", "),a=Ii(i,o),s=(r[Oi+"Delay"]||"").split(", "),c=(r[Oi+"Duration"]||"").split(", "),u=Ii(s,c),l=0,f=0;return t===Ci?a>0&&(n=Ci,l=a,f=o.length):t===xi?u>0&&(n=xi,l=u,f=c.length):f=(n=(l=Math.max(a,u))>0?a>u?Ci:xi:null)?n===Ci?o.length:c.length:0,{type:n,timeout:l,propCount:f,hasTransform:n===Ci&&Li.test(r[ki+"Property"])}}function Ii(e,t){for(;e.length<t.length;)e=e.concat(e);return Math.max.apply(null,t.map(function(t,n){return Fi(t)+Fi(e[n])}))}function Fi(e){return 1e3*Number(e.slice(0,-1).replace(",","."))}function Pi(e,r){var i=e.elm;n(i._leaveCb)&&(i._leaveCb.cancelled=!0,i._leaveCb());var a=bi(e.data.transition);if(!t(a)&&!n(i._enterCb)&&1===i.nodeType){for(var s=a.css,c=a.type,u=a.enterClass,l=a.enterToClass,p=a.enterActiveClass,d=a.appearClass,v=a.appearToClass,h=a.appearActiveClass,m=a.beforeEnter,y=a.enter,g=a.afterEnter,_=a.enterCancelled,b=a.beforeAppear,$=a.appear,w=a.afterAppear,C=a.appearCancelled,x=a.duration,k=Wt,A=Wt.$vnode;A&&A.parent;)k=A.context,A=A.parent;var O=!k._isMounted||!e.isRootInsert;if(!O||$||""===$){var S=O&&d?d:u,T=O&&h?h:p,E=O&&v?v:l,N=O&&b||m,j=O&&"function"==typeof $?$:y,L=O&&w||g,M=O&&C||_,I=f(o(x)?x.enter:x),F=!1!==s&&!W,P=Bi(j),R=i._enterCb=D(function(){F&&(ji(i,E),ji(i,T)),R.cancelled?(F&&ji(i,S),M&&M(i)):L&&L(i),i._enterCb=null});e.data.show||it(e,"insert",function(){var t=i.parentNode,n=t&&t._pending&&t._pending[e.key];n&&n.tag===e.tag&&n.elm._leaveCb&&n.elm._leaveCb(),j&&j(i,R)}),N&&N(i),F&&(Ni(i,S),Ni(i,T),Ei(function(){ji(i,S),R.cancelled||(Ni(i,E),P||(Hi(I)?setTimeout(R,I):Di(i,c,R)))})),e.data.show&&(r&&r(),j&&j(i,R)),F||P||R()}}}function Ri(e,r){var i=e.elm;n(i._enterCb)&&(i._enterCb.cancelled=!0,i._enterCb());var a=bi(e.data.transition);if(t(a)||1!==i.nodeType)return r();if(!n(i._leaveCb)){var s=a.css,c=a.type,u=a.leaveClass,l=a.leaveToClass,p=a.leaveActiveClass,d=a.beforeLeave,v=a.leave,h=a.afterLeave,m=a.leaveCancelled,y=a.delayLeave,g=a.duration,_=!1!==s&&!W,b=Bi(v),$=f(o(g)?g.leave:g),w=i._leaveCb=D(function(){i.parentNode&&i.parentNode._pending&&(i.parentNode._pending[e.key]=null),_&&(ji(i,l),ji(i,p)),w.cancelled?(_&&ji(i,u),m&&m(i)):(r(),h&&h(i)),i._leaveCb=null});y?y(C):C()}function C(){w.cancelled||(!e.data.show&&i.parentNode&&((i.parentNode._pending||(i.parentNode._pending={}))[e.key]=e),d&&d(i),_&&(Ni(i,u),Ni(i,p),Ei(function(){ji(i,u),w.cancelled||(Ni(i,l),b||(Hi($)?setTimeout(w,$):Di(i,c,w)))})),v&&v(i,w),_||b||w())}}function Hi(e){return"number"==typeof e&&!isNaN(e)}function Bi(e){if(t(e))return!1;var r=e.fns;return n(r)?Bi(Array.isArray(r)?r[0]:r):(e._length||e.length)>1}function Ui(e,t){!0!==t.data.show&&Pi(t)}var zi=function(e){var o,a,s={},c=e.modules,u=e.nodeOps;for(o=0;o<rr.length;++o)for(s[rr[o]]=[],a=0;a<c.length;++a)n(c[a][rr[o]])&&s[rr[o]].push(c[a][rr[o]]);function l(e){var t=u.parentNode(e);n(t)&&u.removeChild(t,e)}function f(e,t,i,o,a,c,l){if(n(e.elm)&&n(c)&&(e=c[l]=me(e)),e.isRootInsert=!a,!function(e,t,i,o){var a=e.data;if(n(a)){var c=n(e.componentInstance)&&a.keepAlive;if(n(a=a.hook)&&n(a=a.init)&&a(e,!1),n(e.componentInstance))return d(e,t),v(i,e.elm,o),r(c)&&function(e,t,r,i){for(var o,a=e;a.componentInstance;)if(a=a.componentInstance._vnode,n(o=a.data)&&n(o=o.transition)){for(o=0;o<s.activate.length;++o)s.activate[o](nr,a);t.push(a);break}v(r,e.elm,i)}(e,t,i,o),!0}}(e,t,i,o)){var f=e.data,p=e.children,m=e.tag;n(m)?(e.elm=e.ns?u.createElementNS(e.ns,m):u.createElement(m,e),g(e),h(e,p,t),n(f)&&y(e,t),v(i,e.elm,o)):r(e.isComment)?(e.elm=u.createComment(e.text),v(i,e.elm,o)):(e.elm=u.createTextNode(e.text),v(i,e.elm,o))}}function d(e,t){n(e.data.pendingInsert)&&(t.push.apply(t,e.data.pendingInsert),e.data.pendingInsert=null),e.elm=e.componentInstance.$el,m(e)?(y(e,t),g(e)):(tr(e),t.push(e))}function v(e,t,r){n(e)&&(n(r)?u.parentNode(r)===e&&u.insertBefore(e,t,r):u.appendChild(e,t))}function h(e,t,n){if(Array.isArray(t))for(var r=0;r<t.length;++r)f(t[r],n,e.elm,null,!0,t,r);else i(e.text)&&u.appendChild(e.elm,u.createTextNode(String(e.text)))}function m(e){for(;e.componentInstance;)e=e.componentInstance._vnode;return n(e.tag)}function y(e,t){for(var r=0;r<s.create.length;++r)s.create[r](nr,e);n(o=e.data.hook)&&(n(o.create)&&o.create(nr,e),n(o.insert)&&t.push(e))}function g(e){var t;if(n(t=e.fnScopeId))u.setStyleScope(e.elm,t);else for(var r=e;r;)n(t=r.context)&&n(t=t.$options._scopeId)&&u.setStyleScope(e.elm,t),r=r.parent;n(t=Wt)&&t!==e.context&&t!==e.fnContext&&n(t=t.$options._scopeId)&&u.setStyleScope(e.elm,t)}function _(e,t,n,r,i,o){for(;r<=i;++r)f(n[r],o,e,t,!1,n,r)}function b(e){var t,r,i=e.data;if(n(i))for(n(t=i.hook)&&n(t=t.destroy)&&t(e),t=0;t<s.destroy.length;++t)s.destroy[t](e);if(n(t=e.children))for(r=0;r<e.children.length;++r)b(e.children[r])}function $(e,t,r,i){for(;r<=i;++r){var o=t[r];n(o)&&(n(o.tag)?(w(o),b(o)):l(o.elm))}}function w(e,t){if(n(t)||n(e.data)){var r,i=s.remove.length+1;for(n(t)?t.listeners+=i:t=function(e,t){function n(){0==--n.listeners&&l(e)}return n.listeners=t,n}(e.elm,i),n(r=e.componentInstance)&&n(r=r._vnode)&&n(r.data)&&w(r,t),r=0;r<s.remove.length;++r)s.remove[r](e,t);n(r=e.data.hook)&&n(r=r.remove)?r(e,t):t()}else l(e.elm)}function C(e,t,r,i){for(var o=r;o<i;o++){var a=t[o];if(n(a)&&ir(e,a))return o}}function x(e,i,o,a,c,l){if(e!==i){n(i.elm)&&n(a)&&(i=a[c]=me(i));var p=i.elm=e.elm;if(r(e.isAsyncPlaceholder))n(i.asyncFactory.resolved)?O(e.elm,i,o):i.isAsyncPlaceholder=!0;else if(r(i.isStatic)&&r(e.isStatic)&&i.key===e.key&&(r(i.isCloned)||r(i.isOnce)))i.componentInstance=e.componentInstance;else{var d,v=i.data;n(v)&&n(d=v.hook)&&n(d=d.prepatch)&&d(e,i);var h=e.children,y=i.children;if(n(v)&&m(i)){for(d=0;d<s.update.length;++d)s.update[d](e,i);n(d=v.hook)&&n(d=d.update)&&d(e,i)}t(i.text)?n(h)&&n(y)?h!==y&&function(e,r,i,o,a){for(var s,c,l,p=0,d=0,v=r.length-1,h=r[0],m=r[v],y=i.length-1,g=i[0],b=i[y],w=!a;p<=v&&d<=y;)t(h)?h=r[++p]:t(m)?m=r[--v]:ir(h,g)?(x(h,g,o,i,d),h=r[++p],g=i[++d]):ir(m,b)?(x(m,b,o,i,y),m=r[--v],b=i[--y]):ir(h,b)?(x(h,b,o,i,y),w&&u.insertBefore(e,h.elm,u.nextSibling(m.elm)),h=r[++p],b=i[--y]):ir(m,g)?(x(m,g,o,i,d),w&&u.insertBefore(e,m.elm,h.elm),m=r[--v],g=i[++d]):(t(s)&&(s=or(r,p,v)),t(c=n(g.key)?s[g.key]:C(g,r,p,v))?f(g,o,e,h.elm,!1,i,d):ir(l=r[c],g)?(x(l,g,o,i,d),r[c]=void 0,w&&u.insertBefore(e,l.elm,h.elm)):f(g,o,e,h.elm,!1,i,d),g=i[++d]);p>v?_(e,t(i[y+1])?null:i[y+1].elm,i,d,y,o):d>y&&$(0,r,p,v)}(p,h,y,o,l):n(y)?(n(e.text)&&u.setTextContent(p,""),_(p,null,y,0,y.length-1,o)):n(h)?$(0,h,0,h.length-1):n(e.text)&&u.setTextContent(p,""):e.text!==i.text&&u.setTextContent(p,i.text),n(v)&&n(d=v.hook)&&n(d=d.postpatch)&&d(e,i)}}}function k(e,t,i){if(r(i)&&n(e.parent))e.parent.data.pendingInsert=t;else for(var o=0;o<t.length;++o)t[o].data.hook.insert(t[o])}var A=p("attrs,class,staticClass,staticStyle,key");function O(e,t,i,o){var a,s=t.tag,c=t.data,u=t.children;if(o=o||c&&c.pre,t.elm=e,r(t.isComment)&&n(t.asyncFactory))return t.isAsyncPlaceholder=!0,!0;if(n(c)&&(n(a=c.hook)&&n(a=a.init)&&a(t,!0),n(a=t.componentInstance)))return d(t,i),!0;if(n(s)){if(n(u))if(e.hasChildNodes())if(n(a=c)&&n(a=a.domProps)&&n(a=a.innerHTML)){if(a!==e.innerHTML)return!1}else{for(var l=!0,f=e.firstChild,p=0;p<u.length;p++){if(!f||!O(f,u[p],i,o)){l=!1;break}f=f.nextSibling}if(!l||f)return!1}else h(t,u,i);if(n(c)){var v=!1;for(var m in c)if(!A(m)){v=!0,y(t,i);break}!v&&c.class&&et(c.class)}}else e.data!==t.text&&(e.data=t.text);return!0}return function(e,i,o,a){if(!t(i)){var c,l=!1,p=[];if(t(e))l=!0,f(i,p);else{var d=n(e.nodeType);if(!d&&ir(e,i))x(e,i,p,null,null,a);else{if(d){if(1===e.nodeType&&e.hasAttribute(L)&&(e.removeAttribute(L),o=!0),r(o)&&O(e,i,p))return k(i,p,!0),e;c=e,e=new pe(u.tagName(c).toLowerCase(),{},[],void 0,c)}var v=e.elm,h=u.parentNode(v);if(f(i,p,v._leaveCb?null:h,u.nextSibling(v)),n(i.parent))for(var y=i.parent,g=m(i);y;){for(var _=0;_<s.destroy.length;++_)s.destroy[_](y);if(y.elm=i.elm,g){for(var w=0;w<s.create.length;++w)s.create[w](nr,y);var C=y.data.hook.insert;if(C.merged)for(var A=1;A<C.fns.length;A++)C.fns[A]()}else tr(y);y=y.parent}n(h)?$(0,[e],0,0):n(e.tag)&&b(e)}}return k(i,p,l),i.elm}n(e)&&b(e)}}({nodeOps:Qn,modules:[mr,xr,ni,oi,mi,z?{create:Ui,activate:Ui,remove:function(e,t){!0!==e.data.show?Ri(e,t):t()}}:{}].concat(pr)});W&&document.addEventListener("selectionchange",function(){var e=document.activeElement;e&&e.vmodel&&Xi(e,"input")});var Vi={inserted:function(e,t,n,r){"select"===n.tag?(r.elm&&!r.elm._vOptions?it(n,"postpatch",function(){Vi.componentUpdated(e,t,n)}):Ki(e,t,n.context),e._vOptions=[].map.call(e.options,Wi)):("textarea"===n.tag||Xn(e.type))&&(e._vModifiers=t.modifiers,t.modifiers.lazy||(e.addEventListener("compositionstart",Zi),e.addEventListener("compositionend",Gi),e.addEventListener("change",Gi),W&&(e.vmodel=!0)))},componentUpdated:function(e,t,n){if("select"===n.tag){Ki(e,t,n.context);var r=e._vOptions,i=e._vOptions=[].map.call(e.options,Wi);if(i.some(function(e,t){return!N(e,r[t])}))(e.multiple?t.value.some(function(e){return qi(e,i)}):t.value!==t.oldValue&&qi(t.value,i))&&Xi(e,"change")}}};function Ki(e,t,n){Ji(e,t,n),(q||Z)&&setTimeout(function(){Ji(e,t,n)},0)}function Ji(e,t,n){var r=t.value,i=e.multiple;if(!i||Array.isArray(r)){for(var o,a,s=0,c=e.options.length;s<c;s++)if(a=e.options[s],i)o=j(r,Wi(a))>-1,a.selected!==o&&(a.selected=o);else if(N(Wi(a),r))return void(e.selectedIndex!==s&&(e.selectedIndex=s));i||(e.selectedIndex=-1)}}function qi(e,t){return t.every(function(t){return!N(t,e)})}function Wi(e){return"_value"in e?e._value:e.value}function Zi(e){e.target.composing=!0}function Gi(e){e.target.composing&&(e.target.composing=!1,Xi(e.target,"input"))}function Xi(e,t){var n=document.createEvent("HTMLEvents");n.initEvent(t,!0,!0),e.dispatchEvent(n)}function Yi(e){return!e.componentInstance||e.data&&e.data.transition?e:Yi(e.componentInstance._vnode)}var Qi={model:Vi,show:{bind:function(e,t,n){var r=t.value,i=(n=Yi(n)).data&&n.data.transition,o=e.__vOriginalDisplay="none"===e.style.display?"":e.style.display;r&&i?(n.data.show=!0,Pi(n,function(){e.style.display=o})):e.style.display=r?o:"none"},update:function(e,t,n){var r=t.value;!r!=!t.oldValue&&((n=Yi(n)).data&&n.data.transition?(n.data.show=!0,r?Pi(n,function(){e.style.display=e.__vOriginalDisplay}):Ri(n,function(){e.style.display="none"})):e.style.display=r?e.__vOriginalDisplay:"none")},unbind:function(e,t,n,r,i){i||(e.style.display=e.__vOriginalDisplay)}}},eo={name:String,appear:Boolean,css:Boolean,mode:String,type:String,enterClass:String,leaveClass:String,enterToClass:String,leaveToClass:String,enterActiveClass:String,leaveActiveClass:String,appearClass:String,appearActiveClass:String,appearToClass:String,duration:[Number,String,Object]};function to(e){var t=e&&e.componentOptions;return t&&t.Ctor.options.abstract?to(zt(t.children)):e}function no(e){var t={},n=e.$options;for(var r in n.propsData)t[r]=e[r];var i=n._parentListeners;for(var o in i)t[b(o)]=i[o];return t}function ro(e,t){if(/\d-keep-alive$/.test(t.tag))return e("keep-alive",{props:t.componentOptions.propsData})}var io=function(e){return e.tag||Ut(e)},oo=function(e){return"show"===e.name},ao={name:"transition",props:eo,abstract:!0,render:function(e){var t=this,n=this.$slots.default;if(n&&(n=n.filter(io)).length){var r=this.mode,o=n[0];if(function(e){for(;e=e.parent;)if(e.data.transition)return!0}(this.$vnode))return o;var a=to(o);if(!a)return o;if(this._leaving)return ro(e,o);var s="__transition-"+this._uid+"-";a.key=null==a.key?a.isComment?s+"comment":s+a.tag:i(a.key)?0===String(a.key).indexOf(s)?a.key:s+a.key:a.key;var c=(a.data||(a.data={})).transition=no(this),u=this._vnode,l=to(u);if(a.data.directives&&a.data.directives.some(oo)&&(a.data.show=!0),l&&l.data&&!function(e,t){return t.key===e.key&&t.tag===e.tag}(a,l)&&!Ut(l)&&(!l.componentInstance||!l.componentInstance._vnode.isComment)){var f=l.data.transition=A({},c);if("out-in"===r)return this._leaving=!0,it(f,"afterLeave",function(){t._leaving=!1,t.$forceUpdate()}),ro(e,o);if("in-out"===r){if(Ut(a))return u;var p,d=function(){p()};it(c,"afterEnter",d),it(c,"enterCancelled",d),it(f,"delayLeave",function(e){p=e})}}return o}}},so=A({tag:String,moveClass:String},eo);function co(e){e.elm._moveCb&&e.elm._moveCb(),e.elm._enterCb&&e.elm._enterCb()}function uo(e){e.data.newPos=e.elm.getBoundingClientRect()}function lo(e){var t=e.data.pos,n=e.data.newPos,r=t.left-n.left,i=t.top-n.top;if(r||i){e.data.moved=!0;var o=e.elm.style;o.transform=o.WebkitTransform="translate("+r+"px,"+i+"px)",o.transitionDuration="0s"}}delete so.mode;var fo={Transition:ao,TransitionGroup:{props:so,beforeMount:function(){var e=this,t=this._update;this._update=function(n,r){var i=Zt(e);e.__patch__(e._vnode,e.kept,!1,!0),e._vnode=e.kept,i(),t.call(e,n,r)}},render:function(e){for(var t=this.tag||this.$vnode.data.tag||"span",n=Object.create(null),r=this.prevChildren=this.children,i=this.$slots.default||[],o=this.children=[],a=no(this),s=0;s<i.length;s++){var c=i[s];c.tag&&null!=c.key&&0!==String(c.key).indexOf("__vlist")&&(o.push(c),n[c.key]=c,(c.data||(c.data={})).transition=a)}if(r){for(var u=[],l=[],f=0;f<r.length;f++){var p=r[f];p.data.transition=a,p.data.pos=p.elm.getBoundingClientRect(),n[p.key]?u.push(p):l.push(p)}this.kept=e(t,null,u),this.removed=l}return e(t,null,o)},updated:function(){var e=this.prevChildren,t=this.moveClass||(this.name||"v")+"-move";e.length&&this.hasMove(e[0].elm,t)&&(e.forEach(co),e.forEach(uo),e.forEach(lo),this._reflow=document.body.offsetHeight,e.forEach(function(e){if(e.data.moved){var n=e.elm,r=n.style;Ni(n,t),r.transform=r.WebkitTransform=r.transitionDuration="",n.addEventListener(Ai,n._moveCb=function e(r){r&&r.target!==n||r&&!/transform$/.test(r.propertyName)||(n.removeEventListener(Ai,e),n._moveCb=null,ji(n,t))})}}))},methods:{hasMove:function(e,t){if(!wi)return!1;if(this._hasMove)return this._hasMove;var n=e.cloneNode();e._transitionClasses&&e._transitionClasses.forEach(function(e){_i(n,e)}),gi(n,t),n.style.display="none",this.$el.appendChild(n);var r=Mi(n);return this.$el.removeChild(n),this._hasMove=r.hasTransform}}}};wn.config.mustUseProp=jn,wn.config.isReservedTag=Wn,wn.config.isReservedAttr=En,wn.config.getTagNamespace=Zn,wn.config.isUnknownElement=function(e){if(!z)return!0;if(Wn(e))return!1;if(e=e.toLowerCase(),null!=Gn[e])return Gn[e];var t=document.createElement(e);return e.indexOf("-")>-1?Gn[e]=t.constructor===window.HTMLUnknownElement||t.constructor===window.HTMLElement:Gn[e]=/HTMLUnknownElement/.test(t.toString())},A(wn.options.directives,Qi),A(wn.options.components,fo),wn.prototype.__patch__=z?zi:S,wn.prototype.$mount=function(e,t){return function(e,t,n){var r;return e.$el=t,e.$options.render||(e.$options.render=ve),Yt(e,"beforeMount"),r=function(){e._update(e._render(),n)},new fn(e,r,S,{before:function(){e._isMounted&&!e._isDestroyed&&Yt(e,"beforeUpdate")}},!0),n=!1,null==e.$vnode&&(e._isMounted=!0,Yt(e,"mounted")),e}(this,e=e&&z?Yn(e):void 0,t)},z&&setTimeout(function(){F.devtools&&ne&&ne.emit("init",wn)},0);var po=/\{\{((?:.|\r?\n)+?)\}\}/g,vo=/[-.*+?^${}()|[\]\/\\]/g,ho=g(function(e){var t=e[0].replace(vo,"\\$&"),n=e[1].replace(vo,"\\$&");return new RegExp(t+"((?:.|\\n)+?)"+n,"g")});var mo={staticKeys:["staticClass"],transformNode:function(e,t){t.warn;var n=Fr(e,"class");n&&(e.staticClass=JSON.stringify(n));var r=Ir(e,"class",!1);r&&(e.classBinding=r)},genData:function(e){var t="";return e.staticClass&&(t+="staticClass:"+e.staticClass+","),e.classBinding&&(t+="class:"+e.classBinding+","),t}};var yo,go={staticKeys:["staticStyle"],transformNode:function(e,t){t.warn;var n=Fr(e,"style");n&&(e.staticStyle=JSON.stringify(ai(n)));var r=Ir(e,"style",!1);r&&(e.styleBinding=r)},genData:function(e){var t="";return e.staticStyle&&(t+="staticStyle:"+e.staticStyle+","),e.styleBinding&&(t+="style:("+e.styleBinding+"),"),t}},_o=function(e){return(yo=yo||document.createElement("div")).innerHTML=e,yo.textContent},bo=p("area,base,br,col,embed,frame,hr,img,input,isindex,keygen,link,meta,param,source,track,wbr"),$o=p("colgroup,dd,dt,li,options,p,td,tfoot,th,thead,tr,source"),wo=p("address,article,aside,base,blockquote,body,caption,col,colgroup,dd,details,dialog,div,dl,dt,fieldset,figcaption,figure,footer,form,h1,h2,h3,h4,h5,h6,head,header,hgroup,hr,html,legend,li,menuitem,meta,optgroup,option,param,rp,rt,source,style,summary,tbody,td,tfoot,th,thead,title,tr,track"),Co=/^\s*([^\s"'<>\/=]+)(?:\s*(=)\s*(?:"([^"]*)"+|'([^']*)'+|([^\s"'=<>`]+)))?/,xo=/^\s*((?:v-[\w-]+:|@|:|#)\[[^=]+\][^\s"'<>\/=]*)(?:\s*(=)\s*(?:"([^"]*)"+|'([^']*)'+|([^\s"'=<>`]+)))?/,ko="[a-zA-Z_][\\-\\.0-9_a-zA-Z"+P.source+"]*",Ao="((?:"+ko+"\\:)?"+ko+")",Oo=new RegExp("^<"+Ao),So=/^\s*(\/?)>/,To=new RegExp("^<\\/"+Ao+"[^>]*>"),Eo=/^<!DOCTYPE [^>]+>/i,No=/^<!\--/,jo=/^<!\[/,Do=p("script,style,textarea",!0),Lo={},Mo={"&lt;":"<","&gt;":">","&quot;":'"',"&amp;":"&","&#10;":"\n","&#9;":"\t","&#39;":"'"},Io=/&(?:lt|gt|quot|amp|#39);/g,Fo=/&(?:lt|gt|quot|amp|#39|#10|#9);/g,Po=p("pre,textarea",!0),Ro=function(e,t){return e&&Po(e)&&"\n"===t[0]};function Ho(e,t){var n=t?Fo:Io;return e.replace(n,function(e){return Mo[e]})}var Bo,Uo,zo,Vo,Ko,Jo,qo,Wo,Zo=/^@|^v-on:/,Go=/^v-|^@|^:/,Xo=/([\s\S]*?)\s+(?:in|of)\s+([\s\S]*)/,Yo=/,([^,\}\]]*)(?:,([^,\}\]]*))?$/,Qo=/^\(|\)$/g,ea=/^\[.*\]$/,ta=/:(.*)$/,na=/^:|^\.|^v-bind:/,ra=/\.[^.\]]+(?=[^\]]*$)/g,ia=/^v-slot(:|$)|^#/,oa=/[\r\n]/,aa=/\s+/g,sa=g(_o),ca="_empty_";function ua(e,t,n){return{type:1,tag:e,attrsList:t,attrsMap:ma(t),rawAttrsMap:{},parent:n,children:[]}}function la(e,t){Bo=t.warn||Sr,Jo=t.isPreTag||T,qo=t.mustUseProp||T,Wo=t.getTagNamespace||T;t.isReservedTag;zo=Tr(t.modules,"transformNode"),Vo=Tr(t.modules,"preTransformNode"),Ko=Tr(t.modules,"postTransformNode"),Uo=t.delimiters;var n,r,i=[],o=!1!==t.preserveWhitespace,a=t.whitespace,s=!1,c=!1;function u(e){if(l(e),s||e.processed||(e=fa(e,t)),i.length||e===n||n.if&&(e.elseif||e.else)&&da(n,{exp:e.elseif,block:e}),r&&!e.forbidden)if(e.elseif||e.else)a=e,(u=function(e){var t=e.length;for(;t--;){if(1===e[t].type)return e[t];e.pop()}}(r.children))&&u.if&&da(u,{exp:a.elseif,block:a});else{if(e.slotScope){var o=e.slotTarget||'"default"';(r.scopedSlots||(r.scopedSlots={}))[o]=e}r.children.push(e),e.parent=r}var a,u;e.children=e.children.filter(function(e){return!e.slotScope}),l(e),e.pre&&(s=!1),Jo(e.tag)&&(c=!1);for(var f=0;f<Ko.length;f++)Ko[f](e,t)}function l(e){if(!c)for(var t;(t=e.children[e.children.length-1])&&3===t.type&&" "===t.text;)e.children.pop()}return function(e,t){for(var n,r,i=[],o=t.expectHTML,a=t.isUnaryTag||T,s=t.canBeLeftOpenTag||T,c=0;e;){if(n=e,r&&Do(r)){var u=0,l=r.toLowerCase(),f=Lo[l]||(Lo[l]=new RegExp("([\\s\\S]*?)(</"+l+"[^>]*>)","i")),p=e.replace(f,function(e,n,r){return u=r.length,Do(l)||"noscript"===l||(n=n.replace(/<!\--([\s\S]*?)-->/g,"$1").replace(/<!\[CDATA\[([\s\S]*?)]]>/g,"$1")),Ro(l,n)&&(n=n.slice(1)),t.chars&&t.chars(n),""});c+=e.length-p.length,e=p,A(l,c-u,c)}else{var d=e.indexOf("<");if(0===d){if(No.test(e)){var v=e.indexOf("--\x3e");if(v>=0){t.shouldKeepComment&&t.comment(e.substring(4,v),c,c+v+3),C(v+3);continue}}if(jo.test(e)){var h=e.indexOf("]>");if(h>=0){C(h+2);continue}}var m=e.match(Eo);if(m){C(m[0].length);continue}var y=e.match(To);if(y){var g=c;C(y[0].length),A(y[1],g,c);continue}var _=x();if(_){k(_),Ro(_.tagName,e)&&C(1);continue}}var b=void 0,$=void 0,w=void 0;if(d>=0){for($=e.slice(d);!(To.test($)||Oo.test($)||No.test($)||jo.test($)||(w=$.indexOf("<",1))<0);)d+=w,$=e.slice(d);b=e.substring(0,d)}d<0&&(b=e),b&&C(b.length),t.chars&&b&&t.chars(b,c-b.length,c)}if(e===n){t.chars&&t.chars(e);break}}function C(t){c+=t,e=e.substring(t)}function x(){var t=e.match(Oo);if(t){var n,r,i={tagName:t[1],attrs:[],start:c};for(C(t[0].length);!(n=e.match(So))&&(r=e.match(xo)||e.match(Co));)r.start=c,C(r[0].length),r.end=c,i.attrs.push(r);if(n)return i.unarySlash=n[1],C(n[0].length),i.end=c,i}}function k(e){var n=e.tagName,c=e.unarySlash;o&&("p"===r&&wo(n)&&A(r),s(n)&&r===n&&A(n));for(var u=a(n)||!!c,l=e.attrs.length,f=new Array(l),p=0;p<l;p++){var d=e.attrs[p],v=d[3]||d[4]||d[5]||"",h="a"===n&&"href"===d[1]?t.shouldDecodeNewlinesForHref:t.shouldDecodeNewlines;f[p]={name:d[1],value:Ho(v,h)}}u||(i.push({tag:n,lowerCasedTag:n.toLowerCase(),attrs:f,start:e.start,end:e.end}),r=n),t.start&&t.start(n,f,u,e.start,e.end)}function A(e,n,o){var a,s;if(null==n&&(n=c),null==o&&(o=c),e)for(s=e.toLowerCase(),a=i.length-1;a>=0&&i[a].lowerCasedTag!==s;a--);else a=0;if(a>=0){for(var u=i.length-1;u>=a;u--)t.end&&t.end(i[u].tag,n,o);i.length=a,r=a&&i[a-1].tag}else"br"===s?t.start&&t.start(e,[],!0,n,o):"p"===s&&(t.start&&t.start(e,[],!1,n,o),t.end&&t.end(e,n,o))}A()}(e,{warn:Bo,expectHTML:t.expectHTML,isUnaryTag:t.isUnaryTag,canBeLeftOpenTag:t.canBeLeftOpenTag,shouldDecodeNewlines:t.shouldDecodeNewlines,shouldDecodeNewlinesForHref:t.shouldDecodeNewlinesForHref,shouldKeepComment:t.comments,outputSourceRange:t.outputSourceRange,start:function(e,o,a,l,f){var p=r&&r.ns||Wo(e);q&&"svg"===p&&(o=function(e){for(var t=[],n=0;n<e.length;n++){var r=e[n];ya.test(r.name)||(r.name=r.name.replace(ga,""),t.push(r))}return t}(o));var d,v=ua(e,o,r);p&&(v.ns=p),"style"!==(d=v).tag&&("script"!==d.tag||d.attrsMap.type&&"text/javascript"!==d.attrsMap.type)||te()||(v.forbidden=!0);for(var h=0;h<Vo.length;h++)v=Vo[h](v,t)||v;s||(!function(e){null!=Fr(e,"v-pre")&&(e.pre=!0)}(v),v.pre&&(s=!0)),Jo(v.tag)&&(c=!0),s?function(e){var t=e.attrsList,n=t.length;if(n)for(var r=e.attrs=new Array(n),i=0;i<n;i++)r[i]={name:t[i].name,value:JSON.stringify(t[i].value)},null!=t[i].start&&(r[i].start=t[i].start,r[i].end=t[i].end);else e.pre||(e.plain=!0)}(v):v.processed||(pa(v),function(e){var t=Fr(e,"v-if");if(t)e.if=t,da(e,{exp:t,block:e});else{null!=Fr(e,"v-else")&&(e.else=!0);var n=Fr(e,"v-else-if");n&&(e.elseif=n)}}(v),function(e){null!=Fr(e,"v-once")&&(e.once=!0)}(v)),n||(n=v),a?u(v):(r=v,i.push(v))},end:function(e,t,n){var o=i[i.length-1];i.length-=1,r=i[i.length-1],u(o)},chars:function(e,t,n){if(r&&(!q||"textarea"!==r.tag||r.attrsMap.placeholder!==e)){var i,u,l,f=r.children;if(e=c||e.trim()?"script"===(i=r).tag||"style"===i.tag?e:sa(e):f.length?a?"condense"===a&&oa.test(e)?"":" ":o?" ":"":"")c||"condense"!==a||(e=e.replace(aa," ")),!s&&" "!==e&&(u=function(e,t){var n=t?ho(t):po;if(n.test(e)){for(var r,i,o,a=[],s=[],c=n.lastIndex=0;r=n.exec(e);){(i=r.index)>c&&(s.push(o=e.slice(c,i)),a.push(JSON.stringify(o)));var u=Ar(r[1].trim());a.push("_s("+u+")"),s.push({"@binding":u}),c=i+r[0].length}return c<e.length&&(s.push(o=e.slice(c)),a.push(JSON.stringify(o))),{expression:a.join("+"),tokens:s}}}(e,Uo))?l={type:2,expression:u.expression,tokens:u.tokens,text:e}:" "===e&&f.length&&" "===f[f.length-1].text||(l={type:3,text:e}),l&&f.push(l)}},comment:function(e,t,n){if(r){var i={type:3,text:e,isComment:!0};r.children.push(i)}}}),n}function fa(e,t){var n,r;(r=Ir(n=e,"key"))&&(n.key=r),e.plain=!e.key&&!e.scopedSlots&&!e.attrsList.length,function(e){var t=Ir(e,"ref");t&&(e.ref=t,e.refInFor=function(e){var t=e;for(;t;){if(void 0!==t.for)return!0;t=t.parent}return!1}(e))}(e),function(e){var t;"template"===e.tag?(t=Fr(e,"scope"),e.slotScope=t||Fr(e,"slot-scope")):(t=Fr(e,"slot-scope"))&&(e.slotScope=t);var n=Ir(e,"slot");n&&(e.slotTarget='""'===n?'"default"':n,e.slotTargetDynamic=!(!e.attrsMap[":slot"]&&!e.attrsMap["v-bind:slot"]),"template"===e.tag||e.slotScope||Nr(e,"slot",n,function(e,t){return e.rawAttrsMap[":"+t]||e.rawAttrsMap["v-bind:"+t]||e.rawAttrsMap[t]}(e,"slot")));if("template"===e.tag){var r=Pr(e,ia);if(r){var i=va(r),o=i.name,a=i.dynamic;e.slotTarget=o,e.slotTargetDynamic=a,e.slotScope=r.value||ca}}else{var s=Pr(e,ia);if(s){var c=e.scopedSlots||(e.scopedSlots={}),u=va(s),l=u.name,f=u.dynamic,p=c[l]=ua("template",[],e);p.slotTarget=l,p.slotTargetDynamic=f,p.children=e.children.filter(function(e){if(!e.slotScope)return e.parent=p,!0}),p.slotScope=s.value||ca,e.children=[],e.plain=!1}}}(e),function(e){"slot"===e.tag&&(e.slotName=Ir(e,"name"))}(e),function(e){var t;(t=Ir(e,"is"))&&(e.component=t);null!=Fr(e,"inline-template")&&(e.inlineTemplate=!0)}(e);for(var i=0;i<zo.length;i++)e=zo[i](e,t)||e;return function(e){var t,n,r,i,o,a,s,c,u=e.attrsList;for(t=0,n=u.length;t<n;t++)if(r=i=u[t].name,o=u[t].value,Go.test(r))if(e.hasBindings=!0,(a=ha(r.replace(Go,"")))&&(r=r.replace(ra,"")),na.test(r))r=r.replace(na,""),o=Ar(o),(c=ea.test(r))&&(r=r.slice(1,-1)),a&&(a.prop&&!c&&"innerHtml"===(r=b(r))&&(r="innerHTML"),a.camel&&!c&&(r=b(r)),a.sync&&(s=Br(o,"$event"),c?Mr(e,'"update:"+('+r+")",s,null,!1,0,u[t],!0):(Mr(e,"update:"+b(r),s,null,!1,0,u[t]),C(r)!==b(r)&&Mr(e,"update:"+C(r),s,null,!1,0,u[t])))),a&&a.prop||!e.component&&qo(e.tag,e.attrsMap.type,r)?Er(e,r,o,u[t],c):Nr(e,r,o,u[t],c);else if(Zo.test(r))r=r.replace(Zo,""),(c=ea.test(r))&&(r=r.slice(1,-1)),Mr(e,r,o,a,!1,0,u[t],c);else{var l=(r=r.replace(Go,"")).match(ta),f=l&&l[1];c=!1,f&&(r=r.slice(0,-(f.length+1)),ea.test(f)&&(f=f.slice(1,-1),c=!0)),Dr(e,r,i,o,f,c,a,u[t])}else Nr(e,r,JSON.stringify(o),u[t]),!e.component&&"muted"===r&&qo(e.tag,e.attrsMap.type,r)&&Er(e,r,"true",u[t])}(e),e}function pa(e){var t;if(t=Fr(e,"v-for")){var n=function(e){var t=e.match(Xo);if(!t)return;var n={};n.for=t[2].trim();var r=t[1].trim().replace(Qo,""),i=r.match(Yo);i?(n.alias=r.replace(Yo,"").trim(),n.iterator1=i[1].trim(),i[2]&&(n.iterator2=i[2].trim())):n.alias=r;return n}(t);n&&A(e,n)}}function da(e,t){e.ifConditions||(e.ifConditions=[]),e.ifConditions.push(t)}function va(e){var t=e.name.replace(ia,"");return t||"#"!==e.name[0]&&(t="default"),ea.test(t)?{name:t.slice(1,-1),dynamic:!0}:{name:'"'+t+'"',dynamic:!1}}function ha(e){var t=e.match(ra);if(t){var n={};return t.forEach(function(e){n[e.slice(1)]=!0}),n}}function ma(e){for(var t={},n=0,r=e.length;n<r;n++)t[e[n].name]=e[n].value;return t}var ya=/^xmlns:NS\d+/,ga=/^NS\d+:/;function _a(e){return ua(e.tag,e.attrsList.slice(),e.parent)}var ba=[mo,go,{preTransformNode:function(e,t){if("input"===e.tag){var n,r=e.attrsMap;if(!r["v-model"])return;if((r[":type"]||r["v-bind:type"])&&(n=Ir(e,"type")),r.type||n||!r["v-bind"]||(n="("+r["v-bind"]+").type"),n){var i=Fr(e,"v-if",!0),o=i?"&&("+i+")":"",a=null!=Fr(e,"v-else",!0),s=Fr(e,"v-else-if",!0),c=_a(e);pa(c),jr(c,"type","checkbox"),fa(c,t),c.processed=!0,c.if="("+n+")==='checkbox'"+o,da(c,{exp:c.if,block:c});var u=_a(e);Fr(u,"v-for",!0),jr(u,"type","radio"),fa(u,t),da(c,{exp:"("+n+")==='radio'"+o,block:u});var l=_a(e);return Fr(l,"v-for",!0),jr(l,":type",n),fa(l,t),da(c,{exp:i,block:l}),a?c.else=!0:s&&(c.elseif=s),c}}}}];var $a,wa,Ca={expectHTML:!0,modules:ba,directives:{model:function(e,t,n){var r=t.value,i=t.modifiers,o=e.tag,a=e.attrsMap.type;if(e.component)return Hr(e,r,i),!1;if("select"===o)!function(e,t,n){var r='var $$selectedVal = Array.prototype.filter.call($event.target.options,function(o){return o.selected}).map(function(o){var val = "_value" in o ? o._value : o.value;return '+(n&&n.number?"_n(val)":"val")+"});";r=r+" "+Br(t,"$event.target.multiple ? $$selectedVal : $$selectedVal[0]"),Mr(e,"change",r,null,!0)}(e,r,i);else if("input"===o&&"checkbox"===a)!function(e,t,n){var r=n&&n.number,i=Ir(e,"value")||"null",o=Ir(e,"true-value")||"true",a=Ir(e,"false-value")||"false";Er(e,"checked","Array.isArray("+t+")?_i("+t+","+i+")>-1"+("true"===o?":("+t+")":":_q("+t+","+o+")")),Mr(e,"change","var $$a="+t+",$$el=$event.target,$$c=$$el.checked?("+o+"):("+a+");if(Array.isArray($$a)){var $$v="+(r?"_n("+i+")":i)+",$$i=_i($$a,$$v);if($$el.checked){$$i<0&&("+Br(t,"$$a.concat([$$v])")+")}else{$$i>-1&&("+Br(t,"$$a.slice(0,$$i).concat($$a.slice($$i+1))")+")}}else{"+Br(t,"$$c")+"}",null,!0)}(e,r,i);else if("input"===o&&"radio"===a)!function(e,t,n){var r=n&&n.number,i=Ir(e,"value")||"null";Er(e,"checked","_q("+t+","+(i=r?"_n("+i+")":i)+")"),Mr(e,"change",Br(t,i),null,!0)}(e,r,i);else if("input"===o||"textarea"===o)!function(e,t,n){var r=e.attrsMap.type,i=n||{},o=i.lazy,a=i.number,s=i.trim,c=!o&&"range"!==r,u=o?"change":"range"===r?Wr:"input",l="$event.target.value";s&&(l="$event.target.value.trim()"),a&&(l="_n("+l+")");var f=Br(t,l);c&&(f="if($event.target.composing)return;"+f),Er(e,"value","("+t+")"),Mr(e,u,f,null,!0),(s||a)&&Mr(e,"blur","$forceUpdate()")}(e,r,i);else if(!F.isReservedTag(o))return Hr(e,r,i),!1;return!0},text:function(e,t){t.value&&Er(e,"textContent","_s("+t.value+")",t)},html:function(e,t){t.value&&Er(e,"innerHTML","_s("+t.value+")",t)}},isPreTag:function(e){return"pre"===e},isUnaryTag:bo,mustUseProp:jn,canBeLeftOpenTag:$o,isReservedTag:Wn,getTagNamespace:Zn,staticKeys:function(e){return e.reduce(function(e,t){return e.concat(t.staticKeys||[])},[]).join(",")}(ba)},xa=g(function(e){return p("type,tag,attrsList,attrsMap,plain,parent,children,attrs,start,end,rawAttrsMap"+(e?","+e:""))});function ka(e,t){e&&($a=xa(t.staticKeys||""),wa=t.isReservedTag||T,function e(t){t.static=function(e){if(2===e.type)return!1;if(3===e.type)return!0;return!(!e.pre&&(e.hasBindings||e.if||e.for||d(e.tag)||!wa(e.tag)||function(e){for(;e.parent;){if("template"!==(e=e.parent).tag)return!1;if(e.for)return!0}return!1}(e)||!Object.keys(e).every($a)))}(t);if(1===t.type){if(!wa(t.tag)&&"slot"!==t.tag&&null==t.attrsMap["inline-template"])return;for(var n=0,r=t.children.length;n<r;n++){var i=t.children[n];e(i),i.static||(t.static=!1)}if(t.ifConditions)for(var o=1,a=t.ifConditions.length;o<a;o++){var s=t.ifConditions[o].block;e(s),s.static||(t.static=!1)}}}(e),function e(t,n){if(1===t.type){if((t.static||t.once)&&(t.staticInFor=n),t.static&&t.children.length&&(1!==t.children.length||3!==t.children[0].type))return void(t.staticRoot=!0);if(t.staticRoot=!1,t.children)for(var r=0,i=t.children.length;r<i;r++)e(t.children[r],n||!!t.for);if(t.ifConditions)for(var o=1,a=t.ifConditions.length;o<a;o++)e(t.ifConditions[o].block,n)}}(e,!1))}var Aa=/^([\w$_]+|\([^)]*?\))\s*=>|^function\s*(?:[\w$]+)?\s*\(/,Oa=/\([^)]*?\);*$/,Sa=/^[A-Za-z_$][\w$]*(?:\.[A-Za-z_$][\w$]*|\['[^']*?']|\["[^"]*?"]|\[\d+]|\[[A-Za-z_$][\w$]*])*$/,Ta={esc:27,tab:9,enter:13,space:32,up:38,left:37,right:39,down:40,delete:[8,46]},Ea={esc:["Esc","Escape"],tab:"Tab",enter:"Enter",space:[" ","Spacebar"],up:["Up","ArrowUp"],left:["Left","ArrowLeft"],right:["Right","ArrowRight"],down:["Down","ArrowDown"],delete:["Backspace","Delete","Del"]},Na=function(e){return"if("+e+")return null;"},ja={stop:"$event.stopPropagation();",prevent:"$event.preventDefault();",self:Na("$event.target !== $event.currentTarget"),ctrl:Na("!$event.ctrlKey"),shift:Na("!$event.shiftKey"),alt:Na("!$event.altKey"),meta:Na("!$event.metaKey"),left:Na("'button' in $event && $event.button !== 0"),middle:Na("'button' in $event && $event.button !== 1"),right:Na("'button' in $event && $event.button !== 2")};function Da(e,t){var n=t?"nativeOn:":"on:",r="",i="";for(var o in e){var a=La(e[o]);e[o]&&e[o].dynamic?i+=o+","+a+",":r+='"'+o+'":'+a+","}return r="{"+r.slice(0,-1)+"}",i?n+"_d("+r+",["+i.slice(0,-1)+"])":n+r}function La(e){if(!e)return"function(){}";if(Array.isArray(e))return"["+e.map(function(e){return La(e)}).join(",")+"]";var t=Sa.test(e.value),n=Aa.test(e.value),r=Sa.test(e.value.replace(Oa,""));if(e.modifiers){var i="",o="",a=[];for(var s in e.modifiers)if(ja[s])o+=ja[s],Ta[s]&&a.push(s);else if("exact"===s){var c=e.modifiers;o+=Na(["ctrl","shift","alt","meta"].filter(function(e){return!c[e]}).map(function(e){return"$event."+e+"Key"}).join("||"))}else a.push(s);return a.length&&(i+=function(e){return"if(!$event.type.indexOf('key')&&"+e.map(Ma).join("&&")+")return null;"}(a)),o&&(i+=o),"function($event){"+i+(t?"return "+e.value+"($event)":n?"return ("+e.value+")($event)":r?"return "+e.value:e.value)+"}"}return t||n?e.value:"function($event){"+(r?"return "+e.value:e.value)+"}"}function Ma(e){var t=parseInt(e,10);if(t)return"$event.keyCode!=="+t;var n=Ta[e],r=Ea[e];return"_k($event.keyCode,"+JSON.stringify(e)+","+JSON.stringify(n)+",$event.key,"+JSON.stringify(r)+")"}var Ia={on:function(e,t){e.wrapListeners=function(e){return"_g("+e+","+t.value+")"}},bind:function(e,t){e.wrapData=function(n){return"_b("+n+",'"+e.tag+"',"+t.value+","+(t.modifiers&&t.modifiers.prop?"true":"false")+(t.modifiers&&t.modifiers.sync?",true":"")+")"}},cloak:S},Fa=function(e){this.options=e,this.warn=e.warn||Sr,this.transforms=Tr(e.modules,"transformCode"),this.dataGenFns=Tr(e.modules,"genData"),this.directives=A(A({},Ia),e.directives);var t=e.isReservedTag||T;this.maybeComponent=function(e){return!!e.component||!t(e.tag)},this.onceId=0,this.staticRenderFns=[],this.pre=!1};function Pa(e,t){var n=new Fa(t);return{render:"with(this){return "+(e?Ra(e,n):'_c("div")')+"}",staticRenderFns:n.staticRenderFns}}function Ra(e,t){if(e.parent&&(e.pre=e.pre||e.parent.pre),e.staticRoot&&!e.staticProcessed)return Ha(e,t);if(e.once&&!e.onceProcessed)return Ba(e,t);if(e.for&&!e.forProcessed)return za(e,t);if(e.if&&!e.ifProcessed)return Ua(e,t);if("template"!==e.tag||e.slotTarget||t.pre){if("slot"===e.tag)return function(e,t){var n=e.slotName||'"default"',r=qa(e,t),i="_t("+n+(r?","+r:""),o=e.attrs||e.dynamicAttrs?Ga((e.attrs||[]).concat(e.dynamicAttrs||[]).map(function(e){return{name:b(e.name),value:e.value,dynamic:e.dynamic}})):null,a=e.attrsMap["v-bind"];!o&&!a||r||(i+=",null");o&&(i+=","+o);a&&(i+=(o?"":",null")+","+a);return i+")"}(e,t);var n;if(e.component)n=function(e,t,n){var r=t.inlineTemplate?null:qa(t,n,!0);return"_c("+e+","+Va(t,n)+(r?","+r:"")+")"}(e.component,e,t);else{var r;(!e.plain||e.pre&&t.maybeComponent(e))&&(r=Va(e,t));var i=e.inlineTemplate?null:qa(e,t,!0);n="_c('"+e.tag+"'"+(r?","+r:"")+(i?","+i:"")+")"}for(var o=0;o<t.transforms.length;o++)n=t.transforms[o](e,n);return n}return qa(e,t)||"void 0"}function Ha(e,t){e.staticProcessed=!0;var n=t.pre;return e.pre&&(t.pre=e.pre),t.staticRenderFns.push("with(this){return "+Ra(e,t)+"}"),t.pre=n,"_m("+(t.staticRenderFns.length-1)+(e.staticInFor?",true":"")+")"}function Ba(e,t){if(e.onceProcessed=!0,e.if&&!e.ifProcessed)return Ua(e,t);if(e.staticInFor){for(var n="",r=e.parent;r;){if(r.for){n=r.key;break}r=r.parent}return n?"_o("+Ra(e,t)+","+t.onceId+++","+n+")":Ra(e,t)}return Ha(e,t)}function Ua(e,t,n,r){return e.ifProcessed=!0,function e(t,n,r,i){if(!t.length)return i||"_e()";var o=t.shift();return o.exp?"("+o.exp+")?"+a(o.block)+":"+e(t,n,r,i):""+a(o.block);function a(e){return r?r(e,n):e.once?Ba(e,n):Ra(e,n)}}(e.ifConditions.slice(),t,n,r)}function za(e,t,n,r){var i=e.for,o=e.alias,a=e.iterator1?","+e.iterator1:"",s=e.iterator2?","+e.iterator2:"";return e.forProcessed=!0,(r||"_l")+"(("+i+"),function("+o+a+s+"){return "+(n||Ra)(e,t)+"})"}function Va(e,t){var n="{",r=function(e,t){var n=e.directives;if(!n)return;var r,i,o,a,s="directives:[",c=!1;for(r=0,i=n.length;r<i;r++){o=n[r],a=!0;var u=t.directives[o.name];u&&(a=!!u(e,o,t.warn)),a&&(c=!0,s+='{name:"'+o.name+'",rawName:"'+o.rawName+'"'+(o.value?",value:("+o.value+"),expression:"+JSON.stringify(o.value):"")+(o.arg?",arg:"+(o.isDynamicArg?o.arg:'"'+o.arg+'"'):"")+(o.modifiers?",modifiers:"+JSON.stringify(o.modifiers):"")+"},")}if(c)return s.slice(0,-1)+"]"}(e,t);r&&(n+=r+","),e.key&&(n+="key:"+e.key+","),e.ref&&(n+="ref:"+e.ref+","),e.refInFor&&(n+="refInFor:true,"),e.pre&&(n+="pre:true,"),e.component&&(n+='tag:"'+e.tag+'",');for(var i=0;i<t.dataGenFns.length;i++)n+=t.dataGenFns[i](e);if(e.attrs&&(n+="attrs:"+Ga(e.attrs)+","),e.props&&(n+="domProps:"+Ga(e.props)+","),e.events&&(n+=Da(e.events,!1)+","),e.nativeEvents&&(n+=Da(e.nativeEvents,!0)+","),e.slotTarget&&!e.slotScope&&(n+="slot:"+e.slotTarget+","),e.scopedSlots&&(n+=function(e,t,n){var r=e.for||Object.keys(t).some(function(e){var n=t[e];return n.slotTargetDynamic||n.if||n.for||Ka(n)}),i=!!e.if;if(!r)for(var o=e.parent;o;){if(o.slotScope&&o.slotScope!==ca||o.for){r=!0;break}o.if&&(i=!0),o=o.parent}var a=Object.keys(t).map(function(e){return Ja(t[e],n)}).join(",");return"scopedSlots:_u(["+a+"]"+(r?",null,true":"")+(!r&&i?",null,false,"+function(e){var t=5381,n=e.length;for(;n;)t=33*t^e.charCodeAt(--n);return t>>>0}(a):"")+")"}(e,e.scopedSlots,t)+","),e.model&&(n+="model:{value:"+e.model.value+",callback:"+e.model.callback+",expression:"+e.model.expression+"},"),e.inlineTemplate){var o=function(e,t){var n=e.children[0];if(n&&1===n.type){var r=Pa(n,t.options);return"inlineTemplate:{render:function(){"+r.render+"},staticRenderFns:["+r.staticRenderFns.map(function(e){return"function(){"+e+"}"}).join(",")+"]}"}}(e,t);o&&(n+=o+",")}return n=n.replace(/,$/,"")+"}",e.dynamicAttrs&&(n="_b("+n+',"'+e.tag+'",'+Ga(e.dynamicAttrs)+")"),e.wrapData&&(n=e.wrapData(n)),e.wrapListeners&&(n=e.wrapListeners(n)),n}function Ka(e){return 1===e.type&&("slot"===e.tag||e.children.some(Ka))}function Ja(e,t){var n=e.attrsMap["slot-scope"];if(e.if&&!e.ifProcessed&&!n)return Ua(e,t,Ja,"null");if(e.for&&!e.forProcessed)return za(e,t,Ja);var r=e.slotScope===ca?"":String(e.slotScope),i="function("+r+"){return "+("template"===e.tag?e.if&&n?"("+e.if+")?"+(qa(e,t)||"undefined")+":undefined":qa(e,t)||"undefined":Ra(e,t))+"}",o=r?"":",proxy:true";return"{key:"+(e.slotTarget||'"default"')+",fn:"+i+o+"}"}function qa(e,t,n,r,i){var o=e.children;if(o.length){var a=o[0];if(1===o.length&&a.for&&"template"!==a.tag&&"slot"!==a.tag){var s=n?t.maybeComponent(a)?",1":",0":"";return""+(r||Ra)(a,t)+s}var c=n?function(e,t){for(var n=0,r=0;r<e.length;r++){var i=e[r];if(1===i.type){if(Wa(i)||i.ifConditions&&i.ifConditions.some(function(e){return Wa(e.block)})){n=2;break}(t(i)||i.ifConditions&&i.ifConditions.some(function(e){return t(e.block)}))&&(n=1)}}return n}(o,t.maybeComponent):0,u=i||Za;return"["+o.map(function(e){return u(e,t)}).join(",")+"]"+(c?","+c:"")}}function Wa(e){return void 0!==e.for||"template"===e.tag||"slot"===e.tag}function Za(e,t){return 1===e.type?Ra(e,t):3===e.type&&e.isComment?(r=e,"_e("+JSON.stringify(r.text)+")"):"_v("+(2===(n=e).type?n.expression:Xa(JSON.stringify(n.text)))+")";var n,r}function Ga(e){for(var t="",n="",r=0;r<e.length;r++){var i=e[r],o=Xa(i.value);i.dynamic?n+=i.name+","+o+",":t+='"'+i.name+'":'+o+","}return t="{"+t.slice(0,-1)+"}",n?"_d("+t+",["+n.slice(0,-1)+"])":t}function Xa(e){return e.replace(/\u2028/g,"\\u2028").replace(/\u2029/g,"\\u2029")}new RegExp("\\b"+"do,if,for,let,new,try,var,case,else,with,await,break,catch,class,const,super,throw,while,yield,delete,export,import,return,switch,default,extends,finally,continue,debugger,function,arguments".split(",").join("\\b|\\b")+"\\b");function Ya(e,t){try{return new Function(e)}catch(n){return t.push({err:n,code:e}),S}}function Qa(e){var t=Object.create(null);return function(n,r,i){(r=A({},r)).warn;delete r.warn;var o=r.delimiters?String(r.delimiters)+n:n;if(t[o])return t[o];var a=e(n,r),s={},c=[];return s.render=Ya(a.render,c),s.staticRenderFns=a.staticRenderFns.map(function(e){return Ya(e,c)}),t[o]=s}}var es,ts,ns=(es=function(e,t){var n=la(e.trim(),t);!1!==t.optimize&&ka(n,t);var r=Pa(n,t);return{ast:n,render:r.render,staticRenderFns:r.staticRenderFns}},function(e){function t(t,n){var r=Object.create(e),i=[],o=[];if(n)for(var a in n.modules&&(r.modules=(e.modules||[]).concat(n.modules)),n.directives&&(r.directives=A(Object.create(e.directives||null),n.directives)),n)"modules"!==a&&"directives"!==a&&(r[a]=n[a]);r.warn=function(e,t,n){(n?o:i).push(e)};var s=es(t.trim(),r);return s.errors=i,s.tips=o,s}return{compile:t,compileToFunctions:Qa(t)}})(Ca),rs=(ns.compile,ns.compileToFunctions);function is(e){return(ts=ts||document.createElement("div")).innerHTML=e?'<a href="\n"/>':'<div a="\n"/>',ts.innerHTML.indexOf("&#10;")>0}var os=!!z&&is(!1),as=!!z&&is(!0),ss=g(function(e){var t=Yn(e);return t&&t.innerHTML}),cs=wn.prototype.$mount;return wn.prototype.$mount=function(e,t){if((e=e&&Yn(e))===document.body||e===document.documentElement)return this;var n=this.$options;if(!n.render){var r=n.template;if(r)if("string"==typeof r)"#"===r.charAt(0)&&(r=ss(r));else{if(!r.nodeType)return this;r=r.innerHTML}else e&&(r=function(e){if(e.outerHTML)return e.outerHTML;var t=document.createElement("div");return t.appendChild(e.cloneNode(!0)),t.innerHTML}(e));if(r){var i=rs(r,{outputSourceRange:!1,shouldDecodeNewlines:os,shouldDecodeNewlinesForHref:as,delimiters:n.delimiters,comments:n.comments},this),o=i.render,a=i.staticRenderFns;n.render=o,n.staticRenderFns=a}}return cs.call(this,e,t)},wn.compile=rs,wn});
===== END FILE: label_studio/core/static_build/js/vue.js =====


===== FILE: label_studio/core/static_build/js/sw.js =====
const CACHE_NAME = "ls-cache-v1";
const CACHE_EXPIRATION_HEADER = "x-cache-expiration";
const CACHE_EXPIRATION_DEFAULT = 50 * 1000; // 50 seconds
const CACHE_CLEANUP_INTERVAL = 60 * 60 * 1000; // 1 hour

function parseCacheHeaders(cachedResponse) {
  const expirationTimestamp = parseInt(
    cachedResponse.headers.get(CACHE_EXPIRATION_HEADER)
  );

  return {
    expirationTimestamp: isNaN(expirationTimestamp) ? 0 : expirationTimestamp,
  };
}

function removeExpiredItems() {
  caches.open(CACHE_NAME).then((cache) => {
    cache.keys().then((requests) => {
      requests.forEach((request) => {
        cache.match(request).then((response) => {
          const { expirationTimestamp } = parseCacheHeaders(response);
          if (expirationTimestamp && Date.now() > expirationTimestamp) {
            cache.delete(request);
          }
        });
      });
    });
  });
}

// Cleanup expired items every hour in case the user never refreshes the page
// This is to avoid the cache growing indefinitely, though the data is not large it is just a precaution
function startCleanupTimer() {
  if (!self.cleanupTimer) {
    removeExpiredItems(); // Perform cleanup immediately
    self.cleanupTimer = setInterval(removeExpiredItems, CACHE_CLEANUP_INTERVAL);
  }
}

async function handlePresignedUrl(event) {
  // For now just catch presign requests and cache them
  // to void constantly requesting the same presign URL
  // even when it is not expired.
  // This is so the server can just naively proxy the presign request
  // and the performance is not degraded.
  const requestsPathToCache = /\/presign\/|\/resolve\//;

  // Check if the request URL doesn't match the specified path part
  // or if it is not a request to the same origin we will just fetch it
  if (
    !event.request.url.startsWith(self.location.origin) ||
    !requestsPathToCache.test(event.request.url) ||
    // This is to avoid an error trying to load a direct presign URL in a new tab
    !event.request.referrer ||
    // Easier to leave this uncached as if we were to handle this caching
    // it would be more complex and not really worth the effort as it is not the most repeated
    // request and it is not a big deal if it is not cached.
    // If this was to be cached it forces a full resource request instead of a chunked ranged one.
    // This also avoids caching the data directly when resolving uri -> data, which is not the goal of this service worker
    event.request.headers.get("range")
  ) {
    // For other requests, just allow the network to handle it
    return false;
  }

  event.respondWith(
    // Cache first approach, look for the cached response and check if it's still valid
    caches
      .match(event.request)
      .then(async (cachedResponse) => {
        if (cachedResponse) {
          // Check if the expiration timestamp has passed
          const { expirationTimestamp } = parseCacheHeaders(cachedResponse);

          const valid =
            !expirationTimestamp || expirationTimestamp > Date.now();
          const url = cachedResponse.headers.get("Location");

          if (valid && url) {
            // If the cached response is a redirect, fetch the redirect URL
            return fetch(url);
          }
        }

        // If there's no valid cached response, fetch redirect from the network and cache the response
        // fetch the actual request to return to the user immediately
        return fetch(event.request.url).then((response) => {
          if (response.redirected) {
            // Get the Cache-Control header value if provided
            const cacheControl = response.headers.get("Cache-Control");
            // This will be the target URL if the response is a redirect
            const url = response.url;

            // Extract the max-age value from the Cache-Control header
            // If there's no max-age, use the default value
            const maxAgeMatch =
              cacheControl && cacheControl.match(/max-age=(\d+)/);

            let maxAge = CACHE_EXPIRATION_DEFAULT;

            if (maxAgeMatch) {
              const _age = parseInt(maxAgeMatch[1]);
              if (!isNaN(_age)) {
                maxAge = (_age - 10) * 1000; // Leave 10s of margin so there is no possible overlap
              }
            }

            // Calculate the expiration timestamp based on the max-age value
            const expirationTimestamp = Date.now() + maxAge;

            const headers = new Headers(response.headers);
            headers.append("Location", url);
            headers.append(CACHE_EXPIRATION_HEADER, expirationTimestamp);

            // Create a redirect response with the expiration timestamp header
            const cachedResponse = new Response(null, {
              status: 303,
              statusText: "See Other",
              headers: headers,
            });

            // Store the new Response object in the cache
            caches.open(CACHE_NAME).then(async (cache) => {
              try {
                await cache.put(event.request, cachedResponse);
              } catch (error) {
                if (error.name !== "QuotaExceededError") {
                  // Ignore QuotaExceededError errors, they are expected
                  console.error("Cache put failed:", error);
                }
              }
            });
          }

          return response;
        });
      })
      .catch((error) => {
        console.error("Fetch failed:", error);
        throw error;
      })
  );

  // response was handled by the serviceworker.
  // this is for later so we can create a middleware style pipeline to attempt to match and handle
  // the request in order of priority
  return true;
}

self.addEventListener("install", (event) => {
  event.waitUntil(
    caches.open(CACHE_NAME).then(() => {
      console.log("Opened cache:", CACHE_NAME);
    })
  );
});

self.addEventListener("activate", (event) => {
  event.waitUntil(clients.claim());
});

self.addEventListener("fetch", async (event) => {
  await handlePresignedUrl(event);
});

self.addEventListener("message", (event) => {
  if (event.data && event.data.type === "awaken") {
    startCleanupTimer();
  }
});

startCleanupTimer();

===== END FILE: label_studio/core/static_build/js/sw.js =====
