

===== FILE: label_studio/core/static_build/images/heidi-403.0d4dfd4e91ce.svg =====
<svg width="812" height="338" viewBox="0 0 812 338" fill="none" xmlns="http://www.w3.org/2000/svg">
<path d="M216.597 323.235V269.275H85.8774V213.035L177.837 57.2355H265.237V225.955H309.317V269.275H265.237V323.235H216.597ZM132.237 225.955H216.597V88.3955H209.757L132.237 219.875V225.955ZM440.699 328.555C409.286 328.555 384.079 319.942 365.079 302.715C346.079 285.235 336.579 258.889 336.579 223.675V156.795C336.579 122.595 346.079 96.6288 365.079 78.8955C384.079 60.9088 409.286 51.9155 440.699 51.9155C472.366 51.9155 497.573 60.9088 516.319 78.8955C535.319 96.6288 544.819 122.595 544.819 156.795V223.675C544.819 258.889 535.319 285.235 516.319 302.715C497.573 319.942 472.366 328.555 440.699 328.555ZM440.699 285.235C459.699 285.235 473.633 280.042 482.499 269.655C491.619 259.269 496.179 244.449 496.179 225.195V154.515C496.179 135.009 491.113 120.315 480.979 110.435C471.099 100.302 457.673 95.2355 440.699 95.2355C423.219 95.2355 409.539 100.429 399.659 110.815C390.033 121.202 385.219 135.769 385.219 154.515V225.195C385.219 245.209 389.779 260.282 398.899 270.415C408.273 280.295 422.206 285.235 440.699 285.235ZM679.506 328.555C659.492 328.555 641.759 325.009 626.306 317.915C610.852 310.822 598.692 300.689 589.826 287.515C581.212 274.089 576.906 258.255 576.906 240.015V233.175H625.546V238.495C625.546 252.682 630.486 264.082 640.366 272.695C650.246 281.055 663.292 285.235 679.506 285.235C695.972 285.235 708.639 281.309 717.506 273.455C726.626 265.602 731.186 255.722 731.186 243.815V240.015C731.186 231.909 729.159 225.322 725.106 220.255C721.052 215.189 715.606 211.515 708.766 209.235C701.926 206.702 694.199 205.435 685.586 205.435H632.386V152.235L718.266 106.635V100.555H583.746V57.2355H772.226V121.835L692.046 164.395V170.475H706.106C718.012 170.475 729.539 172.882 740.686 177.695C752.086 182.509 761.459 189.982 768.806 200.115C776.152 209.995 779.826 222.915 779.826 238.875V243.435C779.826 260.662 775.646 275.735 767.286 288.655C758.926 301.322 747.146 311.202 731.946 318.295C716.999 325.135 699.519 328.555 679.506 328.555Z" fill="black"/>
<path d="M794.972 40.2966C796.282 39.7168 797.603 40.1645 798.847 40.9081C801.754 42.652 803.859 45.4753 804.703 48.7652C805.551 52.0353 805.689 55.4498 805.108 58.7782C804.622 61.5612 803.557 64.2107 801.983 66.5544C800.932 68.2276 799.712 69.7987 798.504 71.3724C797.389 72.8287 796.104 74.146 794.677 75.2964C792.417 77.1089 789.825 78.4447 787.259 79.7792C785.306 80.8179 783.255 81.7533 781.176 82.5961C779.267 83.3688 777.417 84.2878 775.567 85.1898C775.379 85.3164 775.151 85.3698 774.926 85.34C774.701 85.3102 774.494 85.1992 774.345 85.0278C773.998 84.6489 774.421 84.3499 774.56 84.0164C774.698 83.6829 780.5 76.5662 781.399 75.6007C782.523 74.3802 783.38 72.9712 784.509 71.7716C786.053 70.0662 787.25 68.0759 788.035 65.9118C789.2 62.8866 789.109 59.6303 789.437 56.4585C789.653 54.3557 789.364 52.223 789.814 50.1285C790.212 48.2517 790.681 46.3907 791.023 44.5059C791.218 43.5022 791.692 42.5743 792.391 41.8295C793.09 41.0846 793.985 40.5532 794.972 40.2966ZM790.444 56.3083C790.439 58.525 789.947 60.7185 789.767 62.9232C789.46 66.7158 787.316 69.6239 785.042 72.4978C784.584 73.0823 784.168 73.7007 783.738 74.3113C782.472 76.0987 780.73 77.4782 779.36 79.1806C778.776 79.8795 778.421 80.7706 777.646 81.3674C777.335 81.6053 776.877 82.0567 777.21 82.5113C777.476 82.8718 777.904 82.4112 778.305 82.4721L782.902 80.4342C785.734 79.1947 788.501 77.811 791.193 76.2885C793.102 75.1694 794.844 73.7843 796.365 72.1746C797.384 71.043 798.329 69.8465 799.194 68.5926C800.823 66.5154 802.186 64.242 803.252 61.8252C804.145 59.5994 804.551 57.2076 804.444 54.8112C804.438 52.8085 804.174 50.8151 803.659 48.8801C803.23 47.2853 802.471 45.7985 801.433 44.5155C800.396 43.2324 799.101 42.1816 797.633 41.4308C796.086 40.6239 794.044 41.2138 792.81 42.927C791.986 44.0674 791.888 45.3711 791.513 46.6273C790.648 49.794 790.478 53.0432 790.44 56.3148L790.444 56.3083Z" fill="#262522"/>
<path d="M766.797 89.5437C766.303 88.841 766.592 88.3318 766.99 87.862C767.273 87.5314 767.56 87.2165 767.816 86.865C768.95 85.3263 769.572 83.527 770.726 81.9831C772.09 80.2186 773.211 78.2788 774.06 76.2155C774.782 74.3746 775.254 72.5019 775.785 70.6253C776.719 67.3584 777.711 64.1268 777.809 60.6741C777.991 57.3017 777.685 53.9209 776.901 50.6364C775.905 46.846 774.129 43.3433 772.812 39.6656C771.617 36.3233 769.743 33.2272 768.147 30.073C766.86 27.5234 765.334 25.0774 764.82 22.1696C764.475 20.6219 764.528 19.0115 764.975 17.49C765.477 15.942 765.88 14.4407 767.365 13.341C768.522 12.5 769.84 12.4666 771.084 12.0691C772.189 11.7834 773.353 11.8297 774.432 12.2021C776.032 12.7041 777.477 13.6126 778.624 14.8393C781.349 17.4863 783.51 20.4891 784.371 24.291C784.8 26.1893 784.971 28.1352 785.522 30.009C785.908 31.5211 786.118 33.0727 786.15 34.6331C786.327 37.7684 786.436 40.9204 785.867 44.0747C785.512 46.0181 785.592 48.0199 785.262 49.9739C784.916 52.0203 784.847 54.0922 784.175 56.1144C783.352 58.6005 783.051 61.2287 781.887 63.6332C781.076 65.3134 780.354 67.0435 779.634 68.7617C778.084 72.6183 776.145 76.3062 773.848 79.7684C772.192 82.1899 770.648 84.7109 768.853 87.0174C768.189 87.8634 767.805 88.9279 766.797 89.5437ZM777.366 70.809C779.042 67.3468 780.62 63.848 781.991 60.2456C782.381 59.2073 782.471 58.0717 782.8 57.0097C784.188 52.5168 784.167 47.8419 784.9 43.2679C785.347 40.4706 785.054 37.6911 785.107 34.9085C785.04 33.5934 784.89 32.2839 784.659 30.9876C784.39 28.5342 783.643 26.1775 783.122 23.7756C782.484 20.8545 780.705 18.6153 778.755 16.4905C778.146 15.7609 777.465 15.0948 776.723 14.5024C775.117 13.3041 773.106 12.7832 771.122 13.0511C769.997 13.1596 768.912 13.5256 767.95 14.1209C766.517 15.0303 766.377 16.4996 765.951 17.8626C765.582 19.164 765.541 20.5367 765.832 21.8577C766.299 24.5111 767.755 26.7417 768.866 29.1137C770.347 32.2741 772.161 35.3022 773.404 38.5494C774.648 41.7967 776.161 45.0654 777.294 48.4232C778.479 51.8153 779.033 55.3966 778.929 58.9893C778.802 62.3442 778.57 65.7249 777.313 68.9833C776.947 69.9161 776.974 70.9671 776.516 72.0223C777.234 71.7723 777.173 71.2114 777.366 70.809Z" fill="#262522"/>
<path d="M760.99 88.2427C760.817 88.0089 762.962 83.8763 763.104 83.3759C763.697 81.4122 764.176 79.4156 764.799 77.4611C765.544 75.1104 765.384 72.6468 765.884 70.2851C766.298 68.0022 766.268 65.6607 765.795 63.3894C765.481 61.5565 764.748 59.7723 764.317 57.9574C763.863 56.3667 763.215 54.8384 762.387 53.4072C761.153 51.0272 759.304 49.11 757.471 47.1888C756.574 46.2604 755.577 45.4342 754.499 44.7252C751.64 42.8122 748.908 40.715 746.32 38.4471C743.132 35.7972 740.443 32.5967 738.38 28.9969C736.864 26.2328 735.809 23.4372 735.912 20.3157C735.999 17.558 736.237 14.6962 739.437 13.4258C740.945 12.819 742.584 12.1851 744.172 12.6217C746.192 13.1534 748.136 13.9424 749.956 14.9693C751.838 16.0586 753.524 17.4069 755.334 18.586C758.278 20.4741 760.836 22.907 762.871 25.7546C765.566 29.5555 768.36 33.3096 769.881 37.8172C770.723 40.311 771.969 42.6716 772.564 45.4204C773.3 47.8189 773.31 50.4804 773.582 53.1046C773.854 55.5435 773.801 58.0078 773.424 60.4327C773.078 62.5457 771.773 70.3522 771.201 72.0617C770.283 74.9867 769.118 77.8276 767.716 80.5531C767.322 81.2112 766.838 81.8105 766.278 82.3336C765.187 83.4903 763.993 84.562 763.216 86.0011C762.833 86.7109 761.311 88.6673 760.99 88.2427ZM764.712 82.1461C766.339 81.1054 766.943 79.4103 767.728 77.8251C768.514 76.24 768.951 74.6749 769.658 73.1313C770.295 71.546 770.668 69.8668 770.763 68.1605C771.037 66.1962 771.428 64.2499 771.932 62.3317C772.615 59.5516 772.8 56.672 772.479 53.8271C772.245 52.0296 772.351 50.1978 772.086 48.3859C771.801 46.493 771.341 44.6306 770.713 42.8225C770.115 41.0712 769.313 39.3871 768.664 37.6539C767.976 35.9462 767.147 34.2994 766.184 32.7308C764.641 30.0442 762.899 27.4772 760.974 25.0513C759.536 23.2466 757.842 21.6629 755.947 20.3504C754.211 19.1585 752.626 17.7739 750.778 16.7094C748.524 15.4133 746.29 14.018 743.686 13.7173C741.473 13.4579 739.128 13.8736 737.761 15.9021C736.95 17.0894 736.887 18.628 736.833 20.087C736.754 23.1694 737.637 26.1995 739.359 28.754C740.798 31.0276 742.231 33.2751 744.18 35.1508C746.763 37.7528 749.58 40.1092 752.597 42.1897C756.569 44.7726 759.995 48.1159 762.676 52.0283C763.723 53.4875 764.463 55.1449 764.851 56.8998C765.244 58.8515 766.059 60.6764 766.466 62.5916C766.944 65.209 767.036 67.8827 766.739 70.527C766.428 74.304 765.475 77.9412 764.553 81.5928C764.534 81.6911 764.539 81.7924 764.566 81.8886C764.594 81.9847 764.644 82.073 764.712 82.1461Z" fill="#262522"/>
<path d="M792.827 42.9283C794.06 41.2099 796.125 40.6253 797.65 41.4321C799.118 42.1829 800.413 43.2337 801.45 44.5168C802.488 45.7998 803.247 47.2866 803.676 48.8814C804.191 50.8164 804.455 52.8099 804.461 54.8125C804.568 57.2089 804.162 59.6007 803.269 61.8265C802.206 64.2443 800.844 66.5191 799.217 68.5978C798.352 69.8518 797.407 71.0483 796.389 72.1799C794.867 73.7895 793.126 75.1746 791.216 76.2937C788.525 77.8162 785.757 79.1999 782.925 80.4394L778.329 82.4773C777.906 82.4216 777.473 82.8835 777.234 82.5165C776.897 82.0463 777.363 81.6092 777.669 81.3726C778.445 80.7759 778.805 79.9056 779.384 79.1859C780.754 77.4834 782.491 76.1052 783.762 74.3165C784.167 73.7176 784.602 73.0888 785.066 72.5031C787.336 69.6356 789.484 66.721 789.791 62.9284C789.969 60.7185 790.442 58.5185 790.467 56.3135C790.504 53.0366 790.676 49.7927 791.583 46.6209C791.913 45.3816 792.015 44.0713 792.827 42.9283Z" fill="#FF8267"/>
<path d="M766.807 70.4878C767.104 67.8434 767.011 65.1698 766.533 62.5524C766.123 60.6215 765.307 58.7914 764.919 56.8606C764.531 55.1057 763.791 53.4483 762.744 51.9891C760.063 48.0767 756.637 44.7333 752.664 42.1505C749.648 40.0699 746.831 37.7136 744.248 35.1116C742.294 33.2372 740.856 30.9688 739.426 28.7148C737.704 26.1603 736.821 23.1302 736.901 20.0478C736.955 18.5888 737.032 17.0411 737.829 15.8628C739.196 13.8344 741.541 13.4186 743.754 13.6781C746.358 13.9788 748.592 15.374 750.845 16.6702C752.694 17.7347 754.283 19.1401 756.014 20.3112C757.91 21.6237 759.604 23.2074 761.042 25.012C762.967 27.4379 764.709 30.005 766.252 32.6916C767.214 34.2602 768.044 35.907 768.732 37.6147C769.386 39.3466 770.183 41.0319 770.781 42.7833C771.409 44.5914 771.868 46.4537 772.154 48.3467C772.418 50.1533 772.312 51.9852 772.547 53.7878C772.868 56.6328 772.682 59.5124 771.999 62.2925C771.496 64.2107 771.105 66.157 770.83 68.1213C770.736 69.8276 770.362 71.5068 769.726 73.0921C769.003 74.6396 768.547 76.2646 767.796 77.7859C767.044 79.3072 766.398 81.0739 764.78 82.1069C764.722 82.0247 764.685 81.9299 764.671 81.8303C764.657 81.7307 764.666 81.6293 764.699 81.5342C765.542 77.8967 766.496 74.2647 766.807 70.4878Z" fill="#FFC27B"/>
<path d="M778.929 59.0107C779.033 55.418 778.479 51.8367 777.294 48.4446C776.16 45.0815 774.661 41.8976 773.404 38.5708C772.146 35.2441 770.352 32.2942 768.865 29.1351C767.729 26.7696 766.296 24.5443 765.832 21.8791C765.541 20.5581 765.582 19.1854 765.95 17.884C766.376 16.521 766.5 15.0282 767.949 14.1422C768.911 13.547 769.997 13.181 771.122 13.0725C773.106 12.8046 775.116 13.3255 776.723 14.5238C777.465 15.1162 778.146 15.7823 778.755 16.5119C780.704 18.6367 782.485 20.8811 783.122 23.797C783.643 26.1989 784.39 28.5556 784.658 31.009C784.89 32.3053 785.04 33.6148 785.107 34.9299C785.053 37.7125 785.369 40.4698 784.899 43.2893C784.166 47.8633 784.188 52.5381 782.799 57.0311C782.47 58.0931 782.382 59.2339 781.99 60.267C780.628 63.8564 779.04 67.363 777.366 70.8304C777.172 71.2328 777.223 71.7963 776.517 72.0711C776.975 71.0159 776.953 69.9636 777.314 69.032C778.575 65.7672 778.786 62.3916 778.929 59.0107Z" fill="#DD7DFF"/>
<path d="M33.0513 303.562C31.8736 304.379 31.5639 305.742 31.5454 307.194C31.5078 310.591 32.8077 313.866 35.163 316.308C37.4997 318.742 40.3301 320.645 43.4631 321.889C46.0831 322.928 48.8919 323.403 51.7073 323.283C53.6791 323.26 55.6525 323.038 57.6219 322.828C59.4428 322.636 61.2344 322.227 62.9584 321.608C65.6806 320.624 68.1717 319.106 70.6475 317.611C72.5517 316.484 74.4191 315.22 76.2226 313.884C77.8773 312.656 79.6259 311.555 81.3594 310.446C81.5656 310.351 81.7303 310.184 81.8226 309.976C81.9149 309.768 81.9284 309.533 81.8608 309.316C81.7204 308.821 81.2449 309.027 80.8889 308.971C80.5329 308.915 71.4501 310.153 70.1589 310.418C68.5337 310.74 66.8881 310.736 65.2779 311.074C63.0212 311.502 60.7032 311.485 58.4532 311.024C55.2725 310.439 52.552 308.658 49.6844 307.28C47.7839 306.365 46.122 305.003 44.1063 304.293C42.3024 303.652 40.4753 303.08 38.6946 302.387C37.7393 302.029 36.7024 301.949 35.7038 302.157C34.7052 302.365 33.7857 302.852 33.0513 303.562ZM49.0301 308.062C50.9174 309.217 53.0391 309.943 55.0071 310.942C58.3917 312.663 61.9847 312.35 65.6167 311.909C66.3529 311.823 67.0964 311.791 67.8399 311.743C70.0212 311.595 72.1048 310.827 74.2682 310.546C75.1678 310.412 76.1108 310.575 77.0234 310.224C77.3884 310.082 78.0114 309.927 78.2237 310.45C78.3912 310.865 77.776 310.99 77.6177 311.365L73.4824 314.229C70.9479 316.002 68.3248 317.644 65.6234 319.149C63.6737 320.196 61.5858 320.96 59.4221 321.419C57.9275 321.699 56.4164 321.881 54.8983 321.964C52.2807 322.271 49.6352 322.248 47.0235 321.896C44.6647 321.495 42.4191 320.592 40.4381 319.247C38.7389 318.195 37.1821 316.927 35.8062 315.476C34.6752 314.274 33.8077 312.849 33.2597 311.291C32.7116 309.733 32.4952 308.077 32.6242 306.43C32.7472 304.686 34.3163 303.248 36.4181 303.089C37.818 302.981 38.9776 303.579 40.2416 303.915C43.3856 304.831 46.2368 306.384 49.0377 308.062L49.0301 308.062Z" fill="#262522"/>
<path d="M89.6461 305.225C89.307 304.436 88.7232 304.416 88.1158 304.511C87.6868 304.58 87.2691 304.66 86.8366 304.695C84.9357 304.86 83.0809 304.451 81.1647 304.631C78.952 304.874 76.7168 304.818 74.5191 304.465C72.5765 304.12 70.738 303.544 68.8651 303.017C65.5996 302.107 62.3336 301.266 59.3472 299.545C56.3856 297.937 53.6716 295.908 51.2893 293.52C48.588 290.687 46.5389 287.338 44.1008 284.29C41.8844 281.521 40.2325 278.3 38.3857 275.286C36.8909 272.853 35.6096 270.27 33.4061 268.311C32.2711 267.206 30.8743 266.41 29.3473 265.996C27.769 265.616 26.2821 265.176 24.5707 265.87C23.2509 266.42 22.5335 267.528 21.5451 268.384C20.7247 269.179 20.1553 270.199 19.9079 271.315C19.4978 272.946 19.515 274.656 19.9581 276.278C20.7836 279.991 22.2065 283.408 24.9882 286.132C26.3772 287.492 27.9421 288.655 29.247 290.106C30.3309 291.226 31.5398 292.217 32.8498 293.059C35.4224 294.85 38.0447 296.591 41.0239 297.754C42.8613 298.467 44.5214 299.581 46.3548 300.321C48.2752 301.095 50.0724 302.12 52.1429 302.603C54.6865 303.199 57.0783 304.315 59.7305 304.578C61.5833 304.763 63.4315 305.05 65.2684 305.333C69.3573 306.024 73.5059 306.295 77.6499 306.142C80.5744 305.992 83.5244 305.99 86.4237 305.662C87.4901 305.536 88.5956 305.765 89.6461 305.225ZM68.1945 304.465C64.3753 304.087 60.5758 303.607 56.7969 302.895C55.7103 302.686 54.698 302.169 53.6232 301.895C49.078 300.732 45.1151 298.27 40.8436 296.505C38.2316 295.426 36.0224 293.721 33.6289 292.312C32.5462 291.567 31.5113 290.755 30.5303 289.879C28.5851 288.367 26.9724 286.496 25.203 284.795C23.0534 282.722 22.08 280.031 21.2931 277.253C20.9912 276.351 20.7809 275.421 20.6654 274.477C20.4866 272.477 21.0948 270.486 22.36 268.93C23.0405 268.025 23.919 267.289 24.9279 266.778C26.4502 266.028 27.7724 266.677 29.1538 267.025C30.4528 267.391 31.641 268.073 32.6122 269.012C34.6236 270.799 35.7583 273.21 37.1942 275.399C39.1062 278.318 40.7322 281.451 42.8426 284.212C44.9529 286.973 46.9401 289.976 49.2024 292.699C51.4665 295.486 54.2211 297.832 57.3295 299.621C60.2482 301.266 63.2433 302.835 66.6701 303.465C67.6546 303.639 68.5338 304.212 69.6702 304.373C69.0826 304.855 68.6378 304.51 68.1945 304.465Z" fill="#262522"/>
<path d="M91.5759 299.581C91.468 299.31 86.8332 298.984 86.3337 298.844C84.3545 298.323 82.4065 297.69 80.4195 297.2C78.0314 296.608 76.021 295.183 73.752 294.376C71.5949 293.536 69.6201 292.286 67.9365 290.695C66.5427 289.468 65.4092 287.908 64.092 286.591C62.9769 285.371 62.0166 284.018 61.2327 282.562C59.8545 280.263 59.1913 277.681 58.5166 275.109C58.1966 273.857 58.0154 272.573 57.9764 271.28C57.8449 267.836 57.4905 264.404 56.9156 261.006C56.3296 256.896 55.0147 252.924 53.0332 249.279C51.4763 246.537 49.6511 244.174 46.944 242.63C44.5541 241.263 41.9967 239.971 39.2436 242.042C37.9396 243.013 36.5439 244.083 36.0846 245.669C35.4805 247.674 35.135 249.747 35.0565 251.84C34.9985 254.018 35.2631 256.165 35.319 258.329C35.3851 261.832 36.116 265.29 37.4725 268.519C39.2946 272.81 41.0253 277.161 44.0617 280.818C45.7415 282.841 47.097 285.14 49.1224 287.086C50.7767 288.969 53.0337 290.37 55.1223 291.974C57.0536 293.481 59.1762 294.724 61.4345 295.67C63.4115 296.479 70.7301 299.445 72.4827 299.849C75.4488 300.594 78.4731 301.083 81.5226 301.31C82.2881 301.318 83.0508 301.217 83.7885 301.011C85.3417 300.684 86.877 300.224 88.5068 300.312C89.3103 300.356 91.7694 300.077 91.5759 299.581ZM84.4476 299.575C82.7122 300.422 80.9556 300.052 79.1975 299.894C77.4393 299.737 75.8804 299.292 74.1984 299.09C72.5179 298.805 70.8953 298.246 69.3953 297.435C67.5818 296.643 65.7232 295.959 63.8291 295.387C61.1087 294.517 58.564 293.17 56.3133 291.409C54.9075 290.269 53.2949 289.402 51.8932 288.228C50.4334 286.994 49.0905 285.628 47.8817 284.146C46.7055 282.719 45.6934 281.153 44.5592 279.692C43.4672 278.211 42.501 276.641 41.6709 274.998C40.1937 272.274 38.9221 269.444 37.8665 266.53C37.0842 264.357 36.6234 262.081 36.4988 259.774C36.3932 257.667 36.0447 255.589 36.1062 253.452C36.1825 250.848 36.1642 248.209 37.2702 245.826C38.2068 243.798 39.7861 242.011 42.225 241.904C43.6588 241.83 44.9992 242.582 46.2679 243.298C48.9297 244.842 51.0439 247.181 52.315 249.988C53.4952 252.408 54.6565 254.808 55.232 257.454C56.0937 261.022 56.6238 264.663 56.8154 268.329C56.934 273.075 57.9853 277.751 59.9092 282.089C60.6024 283.747 61.6245 285.246 62.9135 286.495C64.3669 287.851 65.4921 289.502 66.9077 290.851C68.8829 292.628 71.1075 294.104 73.5105 295.233C76.8838 296.942 80.474 298.029 84.0602 299.15C84.1536 299.185 84.2374 299.242 84.3047 299.316C84.372 299.39 84.421 299.479 84.4476 299.575Z" fill="#262522"/>
<path d="M36.4104 303.104C34.3049 303.26 32.728 304.72 32.6165 306.445C32.4875 308.092 32.704 309.748 33.252 311.306C33.8001 312.864 34.6675 314.29 35.7985 315.491C37.1744 316.942 38.7312 318.21 40.4304 319.262C42.4114 320.607 44.657 321.51 47.0158 321.911C49.6272 322.266 52.2727 322.291 54.8906 321.987C56.4087 321.903 57.9198 321.721 59.4144 321.442C61.5781 320.983 63.666 320.219 65.6156 319.171C68.3171 317.667 70.9402 316.025 73.4746 314.251L77.61 311.388C77.7836 310.998 78.4026 310.869 78.216 310.472C77.9924 309.938 77.3769 310.109 77.0157 310.247C76.103 310.598 75.1752 310.45 74.2605 310.569C72.0971 310.85 70.0173 311.614 67.8322 311.766C67.1115 311.798 66.349 311.842 65.609 311.932C61.9846 312.373 58.3839 312.685 54.9994 310.965C53.0276 309.962 50.9098 309.217 49.0224 308.085C46.2177 306.403 43.3703 304.854 40.1995 303.972C38.9737 303.605 37.8065 303.007 36.4104 303.104Z" fill="#DD7DFF"/>
<path d="M73.442 295.271C71.039 294.142 68.8144 292.665 66.8392 290.888C65.4123 289.528 64.2834 287.873 62.8449 286.532C61.556 285.283 60.5338 283.784 59.8406 282.126C57.9168 277.788 56.8655 273.112 56.7469 268.366C56.5553 264.7 56.0252 261.06 55.1635 257.492C54.5918 254.841 53.4154 252.426 52.2465 250.026C50.9754 247.218 48.8612 244.879 46.1994 243.335C44.9307 242.619 43.575 241.875 42.1564 241.941C39.7176 242.049 38.1382 243.836 37.2017 245.863C36.0957 248.247 36.114 250.886 36.0376 253.49C35.9762 255.626 36.3397 257.72 36.4303 259.812C36.5549 262.118 37.0156 264.394 37.798 266.567C38.8535 269.481 40.1252 272.312 41.6023 275.035C42.4325 276.678 43.3987 278.249 44.4907 279.729C45.6211 281.194 46.637 282.756 47.8132 284.183C49.022 285.665 50.3649 287.032 51.8247 288.266C53.2226 289.435 54.8352 290.303 56.2448 291.446C58.4955 293.208 61.0402 294.555 63.7606 295.424C65.6546 295.997 67.5132 296.68 69.3267 297.473C70.8268 298.284 72.4493 298.843 74.1299 299.127C75.8233 299.318 77.4428 299.779 79.1289 299.932C80.8151 300.085 82.6551 300.455 84.379 299.612C84.3393 299.52 84.2783 299.438 84.201 299.374C84.1237 299.31 84.0323 299.266 83.9344 299.244C80.4017 298.063 76.8153 296.979 73.442 295.271Z" fill="#FF8267"/>
<path d="M57.3477 299.632C54.2393 297.843 51.4847 295.497 49.2207 292.71C46.9546 289.983 45.0315 287.037 42.8608 284.223C40.6902 281.409 39.1207 278.333 37.2125 275.41C35.7957 273.202 34.6533 270.814 32.6305 269.023C31.6593 268.085 30.471 267.402 29.1721 267.036C27.7907 266.688 26.4573 266.013 24.9462 266.789C23.9373 267.3 23.0588 268.036 22.3783 268.941C21.113 270.498 20.5049 272.488 20.6837 274.488C20.7992 275.432 21.0095 276.362 21.3114 277.264C22.0983 280.042 23.0754 282.737 25.2212 284.806C26.9907 286.507 28.6033 288.378 30.5486 289.89C31.5295 290.766 32.5645 291.578 33.6472 292.323C36.0406 293.732 38.2195 295.444 40.8619 296.516C45.1333 298.281 49.0963 300.744 53.6414 301.906C54.7162 302.18 55.7323 302.701 56.8152 302.906C60.5789 303.618 64.3898 304.094 68.2128 304.476C68.6561 304.521 69.1086 304.859 69.7111 304.399C68.5748 304.239 67.6917 303.67 66.711 303.491C63.2766 302.862 60.2968 301.277 57.3477 299.632Z" fill="#FFC27B"/>
<path d="M469.607 197.954C470.103 198.261 471.153 197.868 471.077 198.911C471.077 199.562 470.428 199.265 470.075 199.361C469.435 199.361 468.729 199.198 468.595 198.605C468.462 198.012 469.225 197.696 469.607 197.954Z" fill="#ACAEBF"/>
<path d="M425.07 269.955C424.039 269.496 422.951 269.094 421.939 268.558C421.185 268.156 420.44 268.089 420.03 268.941C419.619 269.792 420.192 270.146 420.879 270.453C421.88 270.756 422.795 271.29 423.552 272.013C424.582 273.162 425.9 274.015 427.37 274.481C428.965 275.077 430.598 275.566 432.257 275.946C432.748 276.009 433.209 276.218 433.582 276.545C433.954 276.872 434.221 277.303 434.347 277.783C434.023 277.806 433.698 277.761 433.393 277.649C431.484 277.094 430.863 277.429 430.835 279.352C430.835 280.711 429.957 280.549 429.222 280.309C428.076 279.974 427.408 280.108 427.418 281.41C427.418 282.903 426.673 283.017 425.375 282.721C423.871 282.462 422.338 282.417 420.822 282.587C420.116 282.587 419.791 283.687 419.008 283.257C416.794 282.041 414.283 282.529 411.974 282.348C408.802 281.985 405.669 281.345 402.61 280.434C399.804 279.62 397.042 278.662 394.334 277.563C388.807 275.515 384.55 271.898 380.684 267.85C378.556 265.62 376.485 263.323 374.346 261.075C371.535 258.23 369.198 254.951 367.426 251.362C364.811 245.792 364.038 239.783 363.446 233.754C363.245 231.735 363.112 229.725 362.969 227.706C362.692 223.744 361.89 219.811 362.711 215.83C362.768 215.543 362.711 215.275 363.102 215.122C364.353 214.615 364.668 214.069 363.894 213.16C362.997 212.108 363.293 210.969 363.054 209.849C362.787 208.586 363.799 207.83 363.866 206.73C364.104 202.739 366.004 199.17 366.987 195.371C367.044 195.17 367.254 194.863 367.407 194.844C368.858 194.72 368.6 194.624 369.173 193.361C369.87 191.839 369.173 190.213 369.946 188.787C371.341 186.19 372.936 183.707 374.719 181.361C377.334 177.906 379.864 174.404 383.166 171.533C384.445 170.423 385.925 169.543 387.318 168.547C387.391 168.653 387.442 168.772 387.468 168.898C387.494 169.023 387.495 169.153 387.47 169.279C387.445 169.405 387.395 169.524 387.323 169.63C387.251 169.737 387.159 169.827 387.051 169.897C386.297 170.547 385.972 171.523 386.717 172.069C387.461 172.614 387.92 171.504 388.473 171.112C388.559 171.045 388.578 170.892 388.655 170.806C389.2 170.071 389.895 169.461 390.693 169.016C391.491 168.57 392.374 168.3 393.284 168.222C394.773 168.136 395.012 167.389 394.372 166.308C394.009 165.705 394.095 165.514 394.659 165.236C395.368 164.889 396.059 164.506 396.73 164.088C397.121 163.839 397.532 163.581 397.913 163.925C398.295 164.27 397.789 164.576 397.656 164.882C397.388 165.523 397.493 166.337 398.095 166.232C399.956 165.925 402.314 165.514 403.058 163.944C404.318 161.294 406.523 161.542 408.642 161.255C409.215 161.179 410.036 160.825 410.475 161.648C410.624 161.926 410.828 162.17 411.076 162.365C411.324 162.56 411.609 162.702 411.914 162.781C412.219 162.86 412.537 162.875 412.847 162.825C413.158 162.775 413.456 162.661 413.72 162.49C415.982 161.132 418.617 160.532 421.242 160.777C422.788 160.968 425.06 159.418 425.585 162.394C425.585 162.519 426.024 162.7 426.205 162.653C427.561 162.289 429.604 163.763 430.205 161.275C430.255 161.122 430.363 160.995 430.506 160.921C430.649 160.848 430.815 160.834 430.968 160.882C432.076 161.447 433.298 161.083 434.443 161.332C437.784 162.059 441.125 162.672 444.475 163.437C447.525 163.972 450.463 165.024 453.161 166.547C452.94 166.719 452.704 166.87 452.455 166.997C451.911 167.208 450.899 166.796 451.109 167.954C451.281 168.911 452.006 168.509 452.617 168.633C453.957 168.782 455.231 169.295 456.301 170.117C456.578 170.375 456.845 170.988 457.332 170.586C457.819 170.184 457.332 169.83 457.199 169.428C457.065 169.026 456.473 168.729 456.922 168.318C457.37 167.906 457.714 168.318 458.105 168.49C460.711 169.763 463.336 171.007 465.952 172.318C466.162 172.423 466.419 172.643 466.438 172.844C466.792 175.409 469.302 176.088 470.839 177.629C471.125 177.916 471.956 178.031 472.089 177.418C472.414 175.983 473.254 176.787 473.721 177.083C474.905 177.839 475.907 178.863 477.1 179.591C482.694 182.92 487.16 187.858 489.92 193.763C490.111 194.099 490.205 194.482 490.192 194.869C490.178 195.257 490.058 195.632 489.843 195.954C488.889 197.495 489.729 198.739 491.58 198.624C492.182 198.624 492.678 198.471 492.993 199.017C493.96 200.656 494.708 202.416 495.217 204.251C494.559 203.466 494.139 203.227 493.575 203.677C493.012 204.127 493.337 204.385 493.575 204.787C493.814 205.189 493.938 205.801 494.148 206.299C494.711 207.696 495.589 209.39 494.998 210.596C494.215 212.222 494.539 213.725 494.415 215.285C494.31 216.557 494.473 217.859 494.349 219.112C494.282 219.763 493.766 220.462 494.826 220.634C495.694 220.778 495.78 219.955 495.866 219.419C496.352 218.111 496.376 216.675 495.933 215.352C495.303 213.849 496.754 212.615 496.697 211.093C496.639 209.572 495.962 207.983 495.904 205.878C497.766 209.62 498.148 213.218 499.121 216.653C499.264 217.17 499.121 217.371 498.692 217.333C497.737 217.266 497.737 217.878 497.737 218.51C497.737 219.467 497.737 220.423 497.737 221.447C497.737 222.471 497.833 223.361 499.217 222.577C499.856 222.203 499.866 222.931 499.875 222.988C500.226 224.203 500.378 225.466 500.324 226.73C499.579 230.883 500.486 235.113 499.627 239.247C499.083 241.897 499.236 244.625 498.539 247.275C497.518 251.209 496.305 255.084 495.112 258.969C495.038 259.456 494.825 259.91 494.498 260.278C494.171 260.645 493.744 260.908 493.27 261.036C493.198 259.825 493.278 258.61 493.509 257.419C493.832 256.238 493.741 254.981 493.251 253.859C493.079 253.438 492.965 252.979 492.44 253.055C491.915 253.132 492.125 253.639 492.115 253.955C492.155 255.529 492.04 257.103 491.771 258.654C491.561 259.611 491.361 261.036 491.867 261.524C493.26 262.759 491.924 263.572 491.771 264.548C491.765 264.656 491.729 264.76 491.667 264.849C491.606 264.937 491.522 265.008 491.424 265.052C491.325 265.096 491.217 265.113 491.11 265.1C491.003 265.087 490.902 265.045 490.817 264.979C488.707 263.668 486.407 262.692 484.24 261.496C480.203 259.266 476.413 256.615 472.471 254.223C468.796 251.993 464.978 249.984 461.351 247.677C458.41 245.792 455.574 243.748 452.856 241.553C451.815 240.72 449.992 240.07 450.412 238.251C450.897 236.255 450.897 234.171 450.412 232.175C450.336 231.888 450.173 231.371 450.603 231.218C450.803 231.151 451.137 231.534 451.481 231.754C451.542 230.099 451.191 228.454 450.46 226.969C448.98 223.4 449.419 219.658 449.601 215.935C449.706 213.715 450.66 211.821 451.452 209.811C452.693 206.653 455.557 205.131 457.991 203.198C460.024 201.472 462.643 200.597 465.303 200.758C469.273 200.903 473.172 201.864 476.757 203.581C480.059 205.227 482.933 207.17 484.45 210.663C484.756 211.361 484.908 212.299 485.739 212.797C486.111 213.017 486.388 213.428 486.875 213.246C487.361 213.065 487.266 212.5 487.199 212.146C486.584 209.056 484.816 206.317 482.255 204.49C480 202.704 477.456 201.318 474.733 200.395C474.287 200.299 473.89 200.047 473.613 199.684C473.337 199.321 473.199 198.87 473.225 198.414C473.158 197.017 471.364 195.878 469.407 196.088C468.309 196.213 466.372 195.706 466.543 197.935C466.543 198.72 465.952 198.605 465.493 198.576C463.91 198.416 462.311 198.596 460.803 199.106C459.295 199.616 457.913 200.444 456.75 201.533C454.936 203.227 452.588 204.289 451.157 206.462C449.248 209.409 447.548 212.414 447.463 216.031C447.259 218.582 447.31 221.146 447.615 223.687C448.19 226.106 449.036 228.453 450.135 230.682C448.398 229.242 446.359 228.214 444.169 227.677C443.303 227.441 442.38 227.519 441.565 227.897C440.75 228.275 440.094 228.929 439.712 229.744C439.017 231.304 438.88 233.057 439.325 234.707C439.77 236.356 440.77 237.801 442.155 238.797C442.324 238.959 442.531 239.075 442.758 239.134C442.984 239.193 443.222 239.193 443.448 239.133C443.674 239.074 443.881 238.957 444.049 238.794C444.217 238.631 444.341 238.428 444.408 238.204C444.67 237.465 444.784 236.681 444.742 235.897C444.742 235.572 444.589 235.122 445.105 234.988C445.62 234.854 445.907 235.151 446.193 235.515C446.899 236.471 446.508 237.333 446.193 238.261C445.821 239.467 446.938 241.917 447.978 241.792C449.018 241.668 449.4 242.251 449.887 242.749C450.126 243.027 450.212 243.4 450.689 243.323C451.987 243.122 452.789 243.878 453.81 244.519C455.185 245.4 456.378 246.51 457.771 247.333C461.122 249.323 464.615 251.113 467.794 253.323C471.612 255.993 475.764 258.166 479.678 260.692C482.064 262.233 484.584 263.563 487.046 265.027C487.371 265.218 488.268 270.376 488.001 270.587C487.637 270.809 487.261 271.01 486.875 271.19C485.92 271.783 484.737 272.013 483.687 272.501C478.99 274.682 479.993 275.18 478.914 270.213C478.637 268.931 479.057 267.343 477.644 266.386C477.358 266.194 477.444 265.429 476.766 265.84C476.575 265.946 476.431 266.12 476.362 266.327C476.293 266.535 476.305 266.76 476.394 266.96C477.148 269.008 477.196 271.19 477.644 273.285C477.874 274.367 477.644 274.635 476.633 274.864C472.986 275.649 469.388 276.615 465.732 277.352C464.225 277.683 462.676 277.774 461.141 277.62C457.542 277.142 453.915 277.084 450.317 276.395C445.21 275.438 440.141 274.357 435.121 273.056C431.688 272.31 428.326 271.273 425.07 269.955ZM497.288 237.256C497.915 234.899 498.236 232.471 498.243 230.031C498.243 229.505 498.195 229.074 497.556 228.959C496.916 228.845 496.84 229.266 496.706 229.744C496.162 231.725 496.286 233.763 496 235.773C495.876 236.462 496.487 236.787 497.288 237.256ZM460.444 234.385C461.026 234.28 460.95 233.677 460.778 233.055C460.294 231.459 459.974 229.817 459.824 228.156C459.824 227.524 459.49 226.596 458.802 226.634C457.934 226.634 458.525 227.591 458.373 228.127C458.347 228.308 458.347 228.491 458.373 228.672C458.249 230.318 458.936 231.83 459.146 233.457C459.21 233.744 459.378 233.998 459.618 234.167C459.858 234.337 460.153 234.411 460.444 234.376V234.385ZM453.571 214.481C452.98 214.356 452.846 215.045 452.808 215.304C452.497 217.386 452.621 219.511 453.171 221.543C453.209 221.693 453.302 221.823 453.431 221.908C453.559 221.993 453.715 222.026 453.867 222.002C454.306 221.926 454.173 221.534 454.173 221.275C454.173 220.318 454.173 219.361 454.173 218.404C454.173 217.447 454.173 216.49 454.173 215.533C454.205 215.423 454.215 215.307 454.202 215.193C454.189 215.078 454.153 214.968 454.097 214.867C454.041 214.766 453.966 214.678 453.876 214.607C453.786 214.536 453.682 214.483 453.571 214.452V214.481ZM455.939 232.137C455.108 232.137 455.356 233.17 455.328 233.811C455.328 234.175 455.328 234.548 455.328 235.199C454.746 236.806 456.053 238.271 456.597 239.897C456.632 240.069 456.706 240.23 456.813 240.367C456.921 240.505 457.059 240.615 457.217 240.689C457.374 240.764 457.547 240.8 457.721 240.796C457.896 240.791 458.066 240.746 458.22 240.663C458.926 240.271 458.726 239.706 458.392 239.103C457.472 237.484 456.939 235.672 456.836 233.811C456.817 233.074 456.76 232.108 455.939 232.137ZM460.425 206.509C459.747 206.088 459.604 206.921 459.308 207.313C458.296 208.663 456.836 209.773 456.807 211.658C456.807 212.27 456.702 213.103 457.447 213.179C458.191 213.256 458.22 212.443 458.335 211.868C458.547 210.806 459.068 209.83 459.833 209.065C460.129 208.768 460.568 208.548 460.568 208.108C460.568 207.667 460.702 206.682 460.425 206.509ZM461.294 215.237C459.528 215.916 458.707 219.352 460.024 221.16C460.635 219.112 461.523 217.323 461.294 215.237ZM480.279 236.146C479.974 236.031 479.324 236.012 479.248 236.146C478.655 237.476 477.956 238.756 477.158 239.974C477.158 240.692 477.387 240.979 477.749 241.103C477.917 241.187 478.111 241.203 478.289 241.145C478.468 241.088 478.617 240.963 478.704 240.797C479.555 239.652 480.174 238.352 480.527 236.969C480.556 236.692 480.441 236.213 480.279 236.146ZM480.145 224.663C479.898 224.605 479.638 224.641 479.414 224.763C479.191 224.884 479.02 225.084 478.933 225.323C478.379 227.103 477.072 228.73 477.778 231.294C479.104 229.541 480.035 227.52 480.508 225.371C480.575 225.141 480.575 224.778 480.136 224.691L480.145 224.663ZM476.862 253.543C477.948 253.034 478.887 252.257 479.592 251.285C479.677 251.177 479.739 251.053 479.772 250.919C479.806 250.785 479.81 250.646 479.784 250.511C479.759 250.375 479.705 250.247 479.625 250.135C479.546 250.022 479.443 249.928 479.324 249.859C479.103 249.799 478.867 249.821 478.66 249.921C478.453 250.021 478.289 250.193 478.198 250.405C478.047 250.706 477.825 250.965 477.55 251.158C477.275 251.352 476.957 251.475 476.623 251.515C476.351 251.583 476.106 251.734 475.922 251.946C475.738 252.158 475.623 252.422 475.592 252.701C475.735 253.438 476.222 253.859 476.862 253.543ZM473.855 220.05C471.096 222.854 470.762 225.352 472.996 226.95C472.433 224.567 474.466 222.663 473.903 220.089L473.855 220.05ZM472.901 245.706C472.901 245.342 472.595 245.017 472.328 245.208C471.373 245.869 471.45 246.883 471.44 247.888C473.091 247.821 473.044 246.807 472.986 245.744L472.901 245.706ZM471.784 241.754C472.738 241.754 472.452 240.797 472.547 240.184C472.767 238.711 473.082 237.256 473.263 235.782C473.311 235.39 473.588 234.739 472.872 234.567C472.156 234.395 472.261 235.113 472.061 235.524C471.278 236.998 471.488 238.672 471.02 239.907C471.135 240.854 470.934 241.792 471.87 241.792L471.784 241.754ZM468.72 236.969C469.674 237.046 469.607 236.089 469.512 235.476C469.331 234.309 470.295 233.247 469.789 232.117C469.579 231.639 469.474 230.768 468.634 230.94C467.975 231.074 467.937 231.754 468.042 232.29C468.233 233.352 467.603 234.28 467.641 235.419C467.593 235.603 467.586 235.795 467.621 235.982C467.655 236.169 467.731 236.346 467.843 236.5C467.954 236.654 468.099 236.781 468.265 236.872C468.432 236.963 468.616 237.016 468.806 237.027L468.72 236.969ZM466.925 224.136C467.126 224.691 467.25 225.553 467.88 225.505C468.51 225.457 468.443 224.634 468.367 224.117C468.195 223.055 468.892 222.127 468.758 221.084C468.758 220.806 468.882 220.443 468.491 220.299C468.415 220.277 468.337 220.271 468.259 220.279C468.181 220.288 468.106 220.313 468.037 220.351C467.969 220.389 467.909 220.441 467.861 220.502C467.812 220.564 467.777 220.635 467.756 220.711C467.383 221.591 466.591 222.337 466.887 223.266C466.881 223.58 466.923 223.892 467.011 224.194L466.925 224.136ZM466.486 247.725C466.447 245.992 466.085 244.281 465.417 242.682C465.381 242.534 465.289 242.406 465.161 242.324C465.033 242.242 464.879 242.213 464.73 242.242C464.434 242.242 464.358 242.443 464.272 242.692C463.995 243.869 465.293 247.074 466.572 247.783L466.486 247.725ZM464.396 237.007C464.625 237.266 464.902 237.601 465.35 237.275C465.799 236.95 465.885 236.806 465.637 236.376C465.234 235.639 465.031 234.809 465.05 233.969C465.068 233.129 465.307 232.309 465.742 231.591C465.933 231.189 465.952 230.519 465.379 230.328C464.806 230.137 464.51 230.692 464.348 231.103C463.869 232.111 463.59 233.203 463.527 234.318C463.842 235.199 463.756 236.261 464.453 237.065L464.396 237.007ZM469.436 205.859C468.939 205.026 468.071 205.648 467.527 205.983C464.73 207.62 464.167 209.495 465.341 212.682C465.44 213.026 465.455 213.389 465.385 213.74C465.316 214.092 465.163 214.421 464.94 214.701C464.148 215.974 463.031 217.275 463.728 218.988C463.984 219.019 464.244 218.959 464.46 218.817C464.677 218.675 464.837 218.461 464.911 218.213C465.53 216.922 466.231 215.672 467.011 214.471C467.45 213.6 468.29 212.892 466.811 211.945C465.713 211.246 466.811 208.27 468.577 207.524C469.674 207.17 469.894 206.548 469.522 205.916L469.436 205.859ZM471.612 211.141C471.182 210.94 470.934 211.141 470.581 211.524C469.741 212.557 469.627 213.84 469.159 214.816C469.159 215.333 469.111 215.773 469.522 215.926C470.085 216.184 470.4 215.629 470.476 215.361C470.826 214.275 471.352 213.253 472.032 212.337C472.471 211.935 472.213 211.438 471.698 211.199L471.612 211.141ZM474.094 207.457C473.139 207.514 473.32 208.337 473.292 209.055C473.158 209.62 473.55 210.175 474.094 210.06C474.638 209.945 474.8 209.103 474.8 208.509C474.8 207.916 474.724 207.476 474.17 207.505L474.094 207.457ZM478.866 210.864C478.618 210.108 478.045 210.567 477.673 210.682C476.203 211.122 475.058 211.916 474.81 213.227C474.81 214.012 474.657 214.624 475.239 214.835C475.821 215.045 476.06 214.414 476.356 214.088C476.957 213.438 477.043 212.376 478.379 212.366C479.134 212.414 479.124 211.524 478.933 210.921L478.866 210.864ZM480.852 215.859C479.897 216.213 479.897 217.639 479.143 218.529C478.841 218.833 478.641 219.224 478.571 219.648C478.501 220.071 478.564 220.506 478.752 220.892C478.799 220.978 478.868 221.05 478.952 221.1C479.036 221.15 479.131 221.176 479.229 221.176C479.327 221.176 479.422 221.15 479.506 221.1C479.59 221.05 479.659 220.978 479.706 220.892C480.866 219.697 481.658 218.192 481.988 216.557C482.093 216.155 481.911 215.801 480.918 215.916L480.852 215.859ZM475.716 182.873C475.504 182.813 475.278 182.83 475.076 182.919C474.874 183.008 474.709 183.164 474.609 183.361C474.545 183.469 474.506 183.589 474.494 183.713C474.482 183.838 474.498 183.964 474.54 184.081C474.582 184.199 474.649 184.306 474.737 184.395C474.825 184.484 474.931 184.552 475.048 184.595C476.107 185.054 476.972 185.87 477.492 186.902C477.635 187.179 478.103 187.476 477.721 187.859C477.597 187.957 477.444 188.011 477.287 188.011C477.129 188.011 476.976 187.957 476.852 187.859C476.184 187.428 475.592 187.571 475.315 188.251C475.039 188.93 475.63 189.409 476.165 189.705C478.074 190.796 479.764 189.801 479.773 187.619C479.773 186.385 476.957 183.093 475.716 182.873ZM492.277 249.084C492.974 249.524 493.232 248.998 493.518 248.5C494.473 246.807 494.644 244.912 495.189 243.515C495.189 242.433 495.294 241.601 494.329 241.601C493.365 241.601 493.843 242.481 493.671 242.969C493.117 244.539 492.64 246.137 492.029 247.687C491.8 248.261 491.695 248.72 492.277 249.084ZM492.01 231.955C492.716 231.955 492.802 231.438 492.965 230.854C493.275 229.38 493.393 227.871 493.318 226.366C493.318 225.802 493.318 225.151 492.592 225.122C491.867 225.093 492.048 225.916 491.972 226.251C491.638 227.706 491.972 229.256 491.361 230.548C491.58 231.151 491.094 231.926 492.01 231.955ZM489.586 212.911C490.168 213.629 489.69 215.4 491.218 215.036C492.525 214.73 491.447 213.581 491.466 212.797C491.412 211.781 491.269 210.772 491.036 209.782C491.035 209.706 491.017 209.631 490.984 209.563C490.95 209.495 490.902 209.435 490.843 209.387C490.784 209.339 490.715 209.306 490.641 209.288C490.567 209.27 490.49 209.269 490.416 209.285C490.295 209.282 490.178 209.326 490.089 209.408C490 209.49 489.946 209.604 489.939 209.725C489.805 210.548 489.662 211.371 489.566 211.955C489.471 212.538 489.471 212.758 489.595 212.911H489.586ZM488.106 236.644C488.726 235.61 488.249 234.5 488.45 233.448C488.249 232.491 488.736 231.4 488.144 230.433C487.991 230.184 487.972 229.792 487.562 229.878C487.352 229.878 487.027 230.165 487.027 230.309C487.027 232.433 486.579 234.548 486.884 236.672C486.932 237.007 486.884 237.428 487.409 237.476C487.934 237.524 487.915 236.969 488.106 236.644ZM486.197 255.974C486.23 256.128 486.317 256.264 486.441 256.361C486.564 256.457 486.718 256.506 486.875 256.5C487.428 256.433 487.323 255.898 487.228 255.639C486.588 253.984 487.027 252.28 486.875 250.615C486.827 250.098 487.247 249.285 486.187 249.256C484.966 249.256 485.491 250.146 485.395 250.701C485.359 251.211 485.359 251.723 485.395 252.232C485.032 253.438 485.834 254.644 486.235 255.974H486.197ZM484.622 228.586C484.746 227.725 484.507 226.739 483.667 226.672C483.085 226.672 482.713 227.629 482.713 228.443C482.825 229.528 482.718 230.625 482.398 231.668C482.319 231.929 482.345 232.211 482.469 232.454C482.594 232.697 482.808 232.881 483.066 232.969C483.338 232.988 483.606 232.897 483.812 232.718C484.018 232.538 484.144 232.285 484.164 232.012C484.164 230.959 484.899 230.041 484.603 229.141C484.612 228.955 484.631 228.77 484.66 228.586H484.622ZM485.634 241.601C484.679 241.601 484.679 242.51 484.632 243.218C484.471 244.463 484.123 245.676 483.601 246.816C483.4 247.429 483.353 248.127 484.04 248.405C484.727 248.682 485.061 248.012 485.29 247.572C485.9 246.289 486.315 244.921 486.521 243.515C486.493 242.596 486.77 241.61 485.682 241.601H485.634ZM487.361 218.816C487.075 220.098 486.827 221.39 486.56 222.644C486.493 223.103 486.779 223.457 486.913 223.849C487.046 224.242 486.961 224.596 487.505 224.605C488.049 224.615 487.982 224.213 488.087 223.868C488.555 222.328 488.497 220.672 489.156 219.16C489.376 218.653 489.032 218.203 488.459 218.06C488.337 218.024 488.208 218.016 488.082 218.036C487.956 218.056 487.836 218.104 487.731 218.176C487.626 218.249 487.538 218.344 487.474 218.454C487.411 218.565 487.372 218.688 487.361 218.816ZM486.302 201.055C487.601 202.895 488.57 204.948 489.166 207.122C489.213 207.332 489.452 207.505 489.662 207.763C490.349 207.227 490.845 206.615 490.616 205.926C490.115 203.896 489.159 202.008 487.82 200.404C487.693 200.225 487.501 200.102 487.286 200.061C487.071 200.02 486.848 200.064 486.665 200.184C486.407 200.404 486.016 200.663 486.302 201.055ZM487.094 194.691C487.944 194.691 487.591 193.734 487.696 193.131C487.6 190.911 485.968 189.304 484.832 187.571C484.517 187.093 484.145 187.466 484.03 187.801C483.958 188.06 483.949 188.333 484.003 188.596C484.058 188.859 484.175 189.105 484.345 189.313C485.128 190.567 486.187 191.744 486.187 193.332C486.149 194.079 486.512 194.758 487.094 194.729V194.691ZM485.605 197.782C485.834 195.868 483.228 191.447 481.787 190.969C481.443 190.854 481.062 190.777 480.833 191.246C480.603 191.715 480.212 192.107 480.775 192.519C482.703 193.916 483.61 196.107 485.605 197.82V197.782ZM473.101 192.71C474.59 193.772 475.783 195.141 477.711 195.667C479.181 196.069 479.945 197.466 480.518 198.816C480.718 199.294 480.871 199.773 481.472 199.572C481.59 199.529 481.696 199.461 481.786 199.373C481.875 199.285 481.945 199.18 481.99 199.063C482.035 198.946 482.055 198.821 482.048 198.696C482.041 198.57 482.007 198.448 481.949 198.337C481.148 196.93 480.775 195.189 478.895 194.509C477.014 193.83 475.545 192.481 473.97 191.294C473.473 190.961 472.956 190.657 472.423 190.385C472.301 190.582 472.221 190.802 472.189 191.032C472.157 191.261 472.174 191.495 472.238 191.718C472.302 191.941 472.411 192.148 472.56 192.325C472.709 192.503 472.893 192.647 473.101 192.749V192.71ZM473.836 271.898C474.005 271.913 474.175 271.895 474.336 271.843C474.497 271.792 474.646 271.708 474.775 271.597C474.903 271.486 475.008 271.351 475.083 271.199C475.157 271.046 475.201 270.881 475.21 270.711C475.306 269.199 475.21 267.687 475.21 266.175C475.213 265.992 475.15 265.814 475.032 265.673C474.915 265.533 474.751 265.439 474.571 265.41C474.141 265.323 473.941 265.687 473.75 266.003C472.796 267.477 473.884 269.247 472.996 270.558C472.977 271.362 473.139 271.869 473.836 271.936V271.898ZM466.668 271.209C466.82 271.792 467.383 271.572 467.775 271.553C469.254 271.477 471.469 269.209 471.507 267.725C471.507 267.218 471.507 266.654 470.81 266.491C470.113 266.328 469.77 266.663 469.627 267.314C469.321 268.663 467.947 269.113 467.097 270.003C466.909 270.143 466.767 270.337 466.691 270.558C466.614 270.78 466.606 271.02 466.668 271.247V271.209ZM434.596 222.165C433.775 219.534 434.281 216.864 434.252 214.213C434.252 213.792 434.252 213.361 434.252 212.94C434.252 212.519 434.109 211.897 433.527 211.878C432.944 211.859 432.753 212.366 432.753 212.902V217.017C432.633 218.78 432.759 220.551 433.126 222.28C433.288 222.816 433.536 223.17 434.08 223.132C434.624 223.093 434.701 222.538 434.596 222.203V222.165ZM446.403 183.973C445.258 185.249 444.093 186.509 442.91 187.753C442.744 187.885 442.627 188.069 442.577 188.275C442.527 188.481 442.546 188.698 442.633 188.892C442.728 189.074 442.948 189.198 443.119 189.361C443.7 189.121 444.243 188.799 444.733 188.404C445.687 187.323 446.642 186.241 447.596 185.217C447.94 184.873 448.551 184.26 447.883 183.638C447.214 183.016 446.852 183.524 446.403 184.012V183.973ZM447.358 180.146C447.212 179.979 447.014 179.868 446.797 179.831C446.579 179.795 446.356 179.835 446.164 179.945C445.164 180.478 444.207 181.089 443.301 181.772C443.1 181.925 442.747 182.299 443.015 182.729C443.132 182.914 443.303 183.059 443.503 183.146C443.704 183.233 443.926 183.258 444.141 183.217C445.573 182.988 446.317 181.782 447.358 181.007C447.51 180.911 447.482 180.366 447.338 180.155L447.358 180.146ZM445.363 195.045C444.75 195.173 444.19 195.483 443.758 195.936C443.325 196.389 443.039 196.962 442.938 197.581C442.934 197.759 442.97 197.936 443.043 198.098C443.33 198.586 443.998 198.883 444.255 198.481C444.952 197.39 446.813 197.524 447.004 196.146C447.119 195.15 445.869 195.476 445.363 195.045ZM444.99 192.461C445.63 192.184 446.145 191.868 445.849 191.131C445.487 190.174 444.704 190.863 444.294 190.997C441.77 191.97 439.547 193.594 437.851 195.706C437.652 195.884 437.523 196.126 437.484 196.39C437.446 196.654 437.501 196.923 437.641 197.151C437.684 197.246 437.754 197.328 437.842 197.385C437.93 197.443 438.032 197.474 438.137 197.476C438.785 197.217 439.368 196.818 439.846 196.308C441.231 194.637 442.986 193.313 444.971 192.442L444.99 192.461ZM378.966 228.577C379.195 228.95 379.339 229.314 379.692 229.39C380.465 229.486 380.646 229.007 380.465 228.625C379.701 227.036 379.348 225.199 377.773 224.089C377.468 223.869 377.019 223.39 376.532 223.955C376.045 224.519 376.532 224.912 376.78 225.055C377.993 225.936 378.222 227.409 378.947 228.586L378.966 228.577ZM378.279 233.428C379.043 235.027 379.654 236.749 381.343 237.716C381.492 237.782 381.649 237.827 381.811 237.85C382.431 237.763 382.422 237.495 382.173 237.094C381.333 235.716 380.532 234.318 379.682 232.95C379.463 232.586 379.014 232.72 378.661 232.749C378.578 232.743 378.495 232.761 378.422 232.799C378.348 232.837 378.287 232.896 378.244 232.967C378.202 233.038 378.18 233.12 378.181 233.203C378.182 233.286 378.206 233.368 378.25 233.438L378.279 233.428ZM377.239 220.864C377.554 221.495 378.25 221.725 378.899 222.041C379.568 221.983 379.491 221.419 379.253 221.151C377.802 219.514 377.515 217.4 376.742 215.486C376.647 215.195 376.454 214.946 376.197 214.782C375.939 214.618 375.633 214.549 375.33 214.586C374.69 214.73 374.719 215.543 374.938 215.993C375.625 217.648 376.408 219.237 377.21 220.873L377.239 220.864ZM376.38 206.605C377.095 208.825 377.334 211.285 379.854 212.998C379.52 210.299 378.289 208.213 377.63 205.945C377.603 205.871 377.559 205.805 377.503 205.751C377.446 205.696 377.378 205.656 377.304 205.632C377.229 205.608 377.15 205.601 377.073 205.612C376.995 205.623 376.922 205.652 376.857 205.696C376.504 205.916 376.227 206.232 376.351 206.615L376.38 206.605ZM378.594 201.82C378.785 202.337 378.718 203.036 379.444 202.969C380.169 202.902 380.179 202.251 380.064 201.399C379.339 199.753 380.226 198.05 380.77 196.289C380.913 195.82 381.209 195.189 380.331 194.997C380.197 194.964 380.057 194.96 379.92 194.986C379.784 195.012 379.655 195.067 379.543 195.148C379.43 195.229 379.336 195.334 379.268 195.455C379.2 195.576 379.159 195.71 379.148 195.849C378.718 197.782 377.811 199.696 378.546 201.792L378.594 201.82ZM379.883 216.175C379.75 216.862 379.767 217.57 379.932 218.25C380.097 218.93 380.405 219.567 380.837 220.117C380.98 220.328 381.181 220.663 381.553 220.49C381.699 220.434 381.82 220.326 381.892 220.187C381.964 220.048 381.983 219.887 381.944 219.734C381.543 218.414 381.505 216.95 379.844 216.108L379.883 216.175ZM381.524 207.61L383.166 211.553C383.309 211.897 383.519 212.242 383.949 212.184C384.378 212.127 384.321 211.696 384.245 211.466C383.615 209.332 383.357 207.036 381.496 205.332C380.78 206.165 381.2 206.844 381.496 207.543L381.524 207.61ZM384.245 216.529C384.107 216.697 383.982 216.877 383.872 217.065C384.338 217.73 384.756 218.427 385.123 219.151C385.753 220.644 386.936 221.84 387.395 223.438C387.547 223.964 388.158 224.634 388.826 224.29C389.495 223.945 388.76 223.333 388.588 222.959C387.881 221.304 387.041 219.715 386.297 218.079C385.988 217.481 385.559 216.953 385.037 216.529C384.995 216.459 384.936 216.401 384.867 216.358C384.798 216.316 384.72 216.29 384.639 216.284C384.558 216.277 384.477 216.29 384.401 216.321C384.326 216.352 384.26 216.4 384.207 216.462L384.245 216.529ZM390.659 226.098C390.636 226.526 390.718 226.953 390.898 227.342C391.944 229.054 393.194 230.631 394.62 232.041C394.964 232.385 395.403 232.596 395.766 232.242C396.129 231.888 395.642 231.62 395.432 231.361C394.191 229.814 393.178 228.097 392.425 226.261C392.331 225.97 392.158 225.711 391.925 225.513C391.692 225.316 391.409 225.187 391.108 225.141C390.382 225.055 390.735 225.735 390.621 226.069L390.659 226.098ZM393.38 236.376C392.616 235.936 392.253 236.682 391.671 237.065C391.9 237.361 392.005 237.601 392.196 237.716C393.524 238.451 394.78 239.309 395.947 240.28C396.224 240.539 396.482 240.443 396.749 240.213C397.016 239.983 396.825 239.668 396.692 239.448C395.859 238.146 394.709 237.079 393.351 236.347L393.38 236.376ZM386.383 239.055C386.144 238.797 385.887 238.481 385.428 238.787C385.241 238.894 385.102 239.068 385.036 239.273C384.971 239.479 384.985 239.702 385.075 239.897C385.161 240.258 385.342 240.589 385.6 240.854C387.853 242.376 389.418 244.682 391.833 246.031L392.234 245.658C390.268 243.432 388.305 241.221 386.345 239.027L386.383 239.055ZM386.86 232.117C387.496 232.869 388.192 233.566 388.941 234.204C389.275 234.548 389.695 234.778 390.077 234.471C390.459 234.165 390.316 233.687 389.953 233.381C388.349 232.003 387.576 230.06 386.354 228.424C386.039 227.993 385.677 227.467 384.989 227.668C384.684 227.735 384.655 227.974 384.665 228.385C385.304 229.524 385.972 230.864 386.831 232.089L386.86 232.117ZM386.163 208.538C386.001 210.127 386.698 211.409 387.118 212.663C387.328 213.246 387.662 213.935 388.416 213.62C389.017 213.361 388.712 212.73 388.559 212.194C388.206 210.998 387.891 209.782 387.605 208.557C387.452 207.811 387.605 206.691 386.536 206.835C385.467 206.978 386.326 208.031 386.135 208.509L386.163 208.538ZM389.027 218.031C390.401 218.739 390.764 220.309 392.225 221.457C391.967 219.438 391.585 217.868 389.972 216.873C389.571 216.634 389.113 216.423 388.846 216.873C388.664 217.179 388.54 217.754 389.046 218.002L389.027 218.031ZM391.595 212.079C391.747 212.787 391.184 214.567 392.692 214.222C394.048 213.916 392.94 212.414 392.778 211.715C392.349 209.887 392.511 207.734 390.315 206.031C390.201 208.404 391.184 210.184 391.585 212.05L391.595 212.079ZM393.332 218.414C393.226 218.462 393.132 218.532 393.055 218.619C392.978 218.706 392.92 218.808 392.884 218.919C392.848 219.029 392.835 219.146 392.847 219.262C392.858 219.377 392.893 219.49 392.95 219.591C393.418 220.682 397.446 225.333 398.486 225.83C397.293 222.577 395.804 220.194 393.322 218.385L393.332 218.414ZM396.31 216.787C397.427 218.356 397.503 220.529 399.469 221.677C399.289 219.769 398.657 217.932 397.627 216.318C397.607 216.218 397.566 216.124 397.507 216.042C397.448 215.959 397.371 215.891 397.283 215.84C397.195 215.79 397.097 215.76 396.996 215.751C396.895 215.742 396.793 215.755 396.698 215.789C396.602 215.823 396.515 215.877 396.442 215.948C396.37 216.019 396.313 216.104 396.276 216.199C396.239 216.294 396.223 216.395 396.229 216.497C396.235 216.598 396.262 216.697 396.31 216.787ZM397.083 187.237C398.038 187.371 397.618 186.519 397.828 186.107C398.419 184.988 399.04 183.887 399.679 182.806C400.013 182.241 400.328 181.648 399.593 181.236C398.858 180.825 398.725 181.533 398.448 181.983C397.665 183.237 396.835 184.461 396.024 185.696C396.253 186.423 396.243 187.103 397.074 187.208L397.083 187.237ZM395.174 196.088C395.069 196.883 395.269 197.045 395.67 197.265C396.272 197.562 396.386 197.198 396.625 196.825C397.579 195.332 398.104 193.562 399.488 192.299C399.823 191.993 399.67 191.495 399.278 191.179C399.204 191.097 399.114 191.031 399.012 190.986C398.911 190.941 398.802 190.918 398.691 190.918C398.581 190.918 398.471 190.941 398.37 190.986C398.269 191.031 398.179 191.097 398.104 191.179C396.9 192.652 395.922 194.297 395.203 196.06L395.174 196.088ZM399.126 197.84C398.699 199.094 398.112 200.287 397.379 201.39C397.198 201.648 396.978 201.849 397.007 202.127C396.999 202.324 397.058 202.518 397.174 202.678C397.29 202.838 397.457 202.953 397.646 203.007C397.816 203.074 398.004 203.08 398.178 203.024C398.352 202.969 398.501 202.854 398.601 202.701C399.383 201.246 400.558 199.964 400.701 198.222C400.748 197.639 400.701 197.074 400.042 196.873C399.212 196.557 399.317 197.361 399.154 197.811L399.126 197.84ZM398.572 207.036C398.209 206.318 397.828 206.242 397.341 206.414C396.606 206.672 397.236 207.122 397.341 207.371C398.429 209.553 398.639 212.088 400.204 214.069C400.405 214.328 400.328 214.902 400.815 214.72C401.493 214.72 401.273 214.433 401.149 214.165C400.128 211.868 399.765 209.313 398.591 207.007L398.572 207.036ZM400.93 218.184C400.811 218.222 400.703 218.287 400.613 218.373C400.523 218.46 400.453 218.565 400.41 218.682C400.367 218.799 400.351 218.925 400.363 219.049C400.376 219.173 400.416 219.293 400.481 219.4C401.833 221.802 403.477 224.027 405.378 226.022C405.661 226.244 405.985 226.407 406.332 226.5C406.848 226.548 407.134 226.414 407.287 226.127C407.44 225.84 407.115 225.591 406.905 225.419C404.671 223.61 403.688 220.931 402.018 218.72C401.741 218.28 401.55 217.878 400.958 218.156L400.93 218.184ZM401.273 226.117L407.716 232.022C407.936 232.223 408.194 232.538 408.49 232.261C408.615 232.134 408.686 231.962 408.686 231.782C408.686 231.603 408.615 231.431 408.49 231.304C407.716 230.347 406.771 229.591 405.979 228.644C404.825 227.456 403.591 226.35 402.285 225.333C402.117 225.202 401.917 225.118 401.706 225.087C401.496 225.057 401.281 225.082 401.082 225.16C400.977 225.16 400.901 225.409 400.806 225.562C400.977 225.725 401.121 225.936 401.302 226.089L401.273 226.117ZM401.121 232.184C401.121 232.615 401.121 232.682 401.121 232.739C401.216 233.304 404.939 236.778 405.54 236.778C405.783 236.804 406.027 236.75 406.237 236.625C406.428 236.452 406.237 236.204 406.113 236.003C405.158 234.797 404.204 233.553 403.125 232.395C402.96 232.141 402.717 231.948 402.433 231.844C402.149 231.74 401.839 231.732 401.55 231.821C401.4 231.911 401.265 232.024 401.149 232.156L401.121 232.184ZM407.506 218.462C406.686 216.289 406.552 213.907 405.397 211.83C405.216 211.505 404.843 210.988 404.385 211.218C404.07 211.371 403.956 211.907 403.803 212.175C404.519 214.385 404.862 216.596 406.065 218.51C406.2 218.712 406.388 218.873 406.609 218.975C406.83 219.076 407.074 219.114 407.315 219.084C407.43 219.045 407.592 218.605 407.525 218.433L407.506 218.462ZM403.307 208.108C403.812 208.404 404.261 207.954 404.566 207.591C404.872 207.227 405.206 207.055 405.273 206.567C405.502 204.921 405.798 203.285 405.998 201.639C405.998 201.246 406.285 200.615 405.445 200.49C404.49 200.624 404.242 201.447 404.185 202.203C404.07 203.753 404.061 205.275 403.097 206.653C402.95 206.88 402.896 207.154 402.946 207.419C402.996 207.685 403.145 207.921 403.364 208.079L403.307 208.108ZM404.089 196.548C404.471 196.835 404.633 196.481 404.843 196.308C406.514 194.883 406.962 192.854 407.506 190.902C407.688 190.27 407.125 189.849 406.628 189.667C406.456 189.6 405.779 190.136 405.76 190.414C405.6 192.101 404.964 193.707 403.927 195.045C403.846 195.189 403.797 195.349 403.784 195.514C403.784 196.021 403.831 196.27 404.108 196.519L404.089 196.548ZM407.268 183.342C409.244 182.634 410.475 181.007 411.945 179.686C412.241 179.418 412.088 178.892 411.429 178.835C410.475 178.748 406.476 181.705 406.409 182.662C406.504 183.093 406.571 183.571 407.296 183.313L407.268 183.342ZM408.327 199.342C408.399 199.366 408.474 199.375 408.549 199.369C408.624 199.363 408.697 199.342 408.764 199.307C408.83 199.272 408.89 199.224 408.938 199.166C408.986 199.108 409.021 199.041 409.043 198.969C409.73 197.055 411.105 195.485 411.974 193.658C412.098 193.39 412.088 193.074 411.659 192.701C409.893 194.318 408.232 195.973 407.917 198.509C407.907 198.787 407.802 199.246 408.356 199.323L408.327 199.342ZM411.668 217.227C411.324 216.06 410.227 214.969 411.582 213.667C411.935 213.333 411.773 212.356 411.649 211.754C411.294 210.36 411.036 208.944 410.876 207.514C410.886 207.27 410.815 207.029 410.676 206.829C410.536 206.628 410.335 206.479 410.103 206.404C409.769 206.318 409.473 206.404 409.454 206.825C409.339 208.663 409.778 210.567 408.566 212.079C409.415 214.825 409.864 217.486 411.62 219.639C411.811 219.868 411.993 220.337 412.47 220.041C412.947 219.744 412.47 219.514 412.47 219.246C412.47 218.452 411.869 217.916 411.668 217.227ZM412.374 225.17C411.735 225.476 412.565 226.491 412.814 227.16C413.062 227.83 413.253 228.261 413.472 228.806C413.606 229.141 413.73 229.505 414.245 229.4C414.379 229.383 414.508 229.339 414.623 229.269C414.739 229.199 414.838 229.105 414.915 228.994C414.991 228.883 415.044 228.756 415.068 228.623C415.093 228.491 415.089 228.354 415.057 228.223C414.892 227.654 414.651 227.11 414.341 226.605C413.863 225.83 413.348 224.711 412.374 225.17ZM416.002 204.222C416.326 203.265 416.068 202.557 415.295 202.366C414.341 202.146 414.408 203.036 414.293 203.725C414.121 204.768 413.806 205.792 413.577 206.672C413.739 207.045 413.911 207.265 413.911 207.486C413.911 208.232 414.169 209.055 414.866 209.017C415.82 208.959 415.448 207.964 415.419 207.39C415.399 206.305 415.597 205.228 416.002 204.222ZM413.482 195.61C413.6 195.685 413.733 195.736 413.872 195.758C414.011 195.781 414.153 195.775 414.289 195.741C414.426 195.707 414.554 195.646 414.666 195.561C414.779 195.476 414.872 195.369 414.942 195.246C415.811 193.82 416.307 192.27 417.806 191.112C418.455 190.615 418.55 188.758 419.056 187.562C419.371 186.806 418.751 186.978 418.321 186.902C418.178 186.902 417.872 186.902 417.844 187.026C417.319 188.624 415.257 189.217 415.057 191.026C415.068 191.593 414.935 192.154 414.671 192.656C414.408 193.158 414.021 193.585 413.549 193.897C413.409 193.987 413.293 194.109 413.21 194.253C413.128 194.398 413.081 194.56 413.074 194.726C413.068 194.893 413.102 195.058 413.172 195.209C413.243 195.359 413.349 195.49 413.482 195.591V195.61ZM416.212 216.366C416.18 216.572 416.18 216.782 416.212 216.988C416.134 217.808 416.229 218.636 416.491 219.417C416.752 220.199 417.174 220.916 417.729 221.524C418.063 221.907 418.512 222.309 418.989 221.955C419.467 221.601 419.19 221.093 418.789 220.739C417.739 219.782 417.691 218.529 417.71 217.256C417.71 217.017 417.71 216.778 417.71 216.529C417.71 215.706 417.577 214.49 416.756 214.49C415.591 214.519 416.46 215.754 416.212 216.366ZM430.615 195.112C430.959 195.801 431.493 195.706 432.181 195.371C433.729 194.493 435.117 193.357 436.285 192.012C436.374 191.947 436.446 191.862 436.496 191.764C436.546 191.666 436.572 191.557 436.572 191.447C436.572 191.337 436.546 191.229 436.496 191.13C436.446 191.032 436.374 190.947 436.285 190.883C434.624 189.926 435.779 189.342 436.438 188.576C437.158 187.913 437.976 187.364 438.862 186.949C439.145 186.761 439.362 186.49 439.483 186.173C439.605 185.855 439.624 185.508 439.54 185.179C439.54 184.825 439.359 184.605 438.71 184.729C437.846 185.117 437.05 185.64 436.352 186.28C435.541 187.237 434.538 188.021 433.737 188.988C433.173 189.677 432.61 190.299 433.288 191.15C433.765 191.753 433.288 192.002 432.944 192.356C432.407 192.86 431.774 193.251 431.083 193.505C430.934 193.569 430.801 193.666 430.694 193.788C430.586 193.911 430.508 194.055 430.463 194.212C430.418 194.368 430.409 194.533 430.435 194.694C430.461 194.854 430.523 195.007 430.615 195.141V195.112ZM431.064 203.265C431.799 203.486 431.942 202.758 432.162 202.308C432.593 201.304 433.246 200.411 434.071 199.696C434.596 199.265 434.901 198.739 434.309 198.146C433.717 197.552 433.154 198.146 432.868 198.404C431.789 199.361 430.443 200.184 430.482 202.079C430.463 202.452 430.434 203.112 431.045 203.294L431.064 203.265ZM430.844 191.131C431.045 190.538 430.844 190.031 429.68 190.174C428.602 190.763 427.729 191.668 427.179 192.768C426.902 193.438 427.647 193.993 428.305 193.725C428.883 193.502 429.407 193.159 429.843 192.718C430.278 192.278 430.617 191.75 430.835 191.17L430.844 191.131ZM429.107 186.213C429.441 185.705 429.594 185.093 429.107 184.739C428.62 184.385 428.219 184.873 427.828 185.198C426.358 186.442 425.308 188.069 423.561 189.074C423.208 189.265 423.113 189.897 422.922 190.289C423.17 191.016 423.485 191.581 424.239 190.94C426.089 189.623 427.739 188.044 429.136 186.251L429.107 186.213ZM422.989 211.888C423.035 211.587 423.004 211.28 422.899 210.996C422.794 210.711 422.618 210.458 422.387 210.261C422.139 210.069 422.206 209.447 421.652 209.687C421.565 209.713 421.483 209.758 421.414 209.817C421.344 209.877 421.288 209.951 421.249 210.034C421.209 210.117 421.187 210.207 421.184 210.299C421.182 210.39 421.198 210.482 421.232 210.567C421.449 212.525 421.662 214.484 421.872 216.443C421.939 217.055 422.521 217.304 422.826 217.715C422.939 217.869 423.104 217.977 423.29 218.019C423.475 218.061 423.67 218.035 423.838 217.945C424.182 217.725 424.105 217.333 423.915 216.988C423.168 215.411 422.845 213.666 422.979 211.926L422.989 211.888ZM424.363 229.648C423.294 228.452 423.046 226.854 422.139 225.581C422.043 225.385 421.883 225.227 421.685 225.135C421.487 225.043 421.263 225.021 421.051 225.074C420.45 225.256 420.803 225.792 420.602 226.443C421.452 227.648 422.387 229.017 423.38 230.347C423.504 230.425 423.644 230.473 423.79 230.488C423.936 230.503 424.083 230.484 424.22 230.433C424.286 230.396 424.344 230.345 424.388 230.283C424.433 230.221 424.463 230.15 424.476 230.075C424.49 230 424.487 229.923 424.467 229.849C424.448 229.775 424.412 229.707 424.363 229.648ZM422.893 195.533C423.275 194.997 424.344 194.289 423.17 193.619C422.368 193.179 421.719 193.782 421.261 194.528C420.306 196.222 418.817 197.648 418.273 199.6C418.145 199.948 418.068 200.312 418.044 200.682C418.026 201.091 418.143 201.495 418.378 201.83C418.502 202.069 418.378 202.509 418.741 202.557C419.104 202.605 419.371 202.012 419.381 201.83C419.457 199.141 421.5 197.514 422.912 195.533H422.893ZM417.013 177.476C417.328 178.375 417.968 177.992 418.512 177.715C419.842 176.912 421.283 176.309 422.788 175.925C422.905 175.905 423.016 175.861 423.115 175.797C423.214 175.732 423.299 175.648 423.365 175.55C423.431 175.451 423.476 175.341 423.499 175.225C423.521 175.108 423.519 174.989 423.495 174.873C423.409 174.413 422.855 174.385 422.091 174.452C420.539 174.802 419.022 175.292 417.557 175.916C417.282 176.054 417.072 176.295 416.974 176.587C416.876 176.879 416.897 177.199 417.033 177.476H417.013ZM419.19 182.701C418.617 183.055 418.741 183.658 418.942 184.203C418.958 184.28 418.995 184.35 419.049 184.408C419.102 184.465 419.17 184.507 419.245 184.53C419.319 184.552 419.399 184.554 419.475 184.535C419.551 184.517 419.62 184.478 419.677 184.423C421.5 182.988 423.915 182.969 425.91 181.945C426.186 181.811 426.969 181.811 426.578 181.15C426.461 180.902 426.28 180.69 426.053 180.537C425.826 180.384 425.562 180.295 425.289 180.28C423.476 181.351 421.127 181.504 419.209 182.71L419.19 182.701ZM426.94 183.849C427.618 184.538 427.895 183.629 428.286 183.351C429.355 182.681 430.195 181.61 431.522 181.351C431.789 181.303 432.219 181.036 432.219 180.863C432.219 179.198 433.383 179.141 434.624 178.949C435.207 178.844 436.304 178.758 436.066 177.696C435.865 176.815 435.006 177.045 434.157 177.007C433.278 177.16 432.047 177.093 431.99 178.672C431.99 179.351 431.408 179.409 430.863 179.629C429.471 180.266 428.214 181.166 427.16 182.28C426.654 182.748 426.482 183.37 426.959 183.83L426.94 183.849ZM435.197 183.198C435.27 183.35 435.378 183.482 435.511 183.585C435.645 183.687 435.8 183.757 435.965 183.788C436.13 183.82 436.3 183.813 436.462 183.767C436.623 183.721 436.772 183.637 436.896 183.524C438.519 182.375 440.265 181.351 441.115 179.38C441.497 178.49 441.115 178.346 440.666 178.088C439.912 178.088 439.769 178.576 439.435 178.911C438.481 179.868 437.86 181.198 436.218 181.466C436.033 181.503 435.857 181.578 435.703 181.688C435.549 181.798 435.42 181.94 435.325 182.104C435.23 182.268 435.171 182.451 435.153 182.639C435.134 182.828 435.155 183.019 435.216 183.198H435.197ZM437.602 231.802C437.12 230.629 437.096 229.317 437.536 228.127C437.707 227.725 437.364 227.428 437.001 227.294C436.638 227.16 436.295 227.361 436.047 227.792C435.56 228.558 435.951 229.342 435.817 229.706C435.732 230.495 435.732 231.29 435.817 232.079C435.942 232.558 436.39 233.141 437.02 233.036C437.142 232.996 437.254 232.932 437.35 232.848C437.447 232.764 437.525 232.662 437.581 232.546C437.637 232.431 437.67 232.306 437.677 232.178C437.684 232.05 437.665 231.922 437.621 231.802H437.602ZM436.886 205.763C436.946 205.523 436.916 205.27 436.804 205.05C436.692 204.831 436.504 204.659 436.276 204.567C435.77 204.395 435.445 204.864 435.254 205.189C434.736 206.053 434.283 206.955 433.899 207.887C433.798 208.116 433.79 208.376 433.878 208.61C433.965 208.844 434.141 209.035 434.367 209.141C434.566 209.218 434.785 209.226 434.989 209.164C435.193 209.101 435.371 208.972 435.493 208.797C436.208 207.919 436.694 206.876 436.906 205.763H436.886ZM429.069 233.515C430.634 235.017 431.646 237.055 433.651 238.405C433.842 237.591 433.975 237.218 433.374 236.634C432.257 235.565 431.395 234.256 430.854 232.806C430.822 232.656 430.757 232.514 430.665 232.391C430.572 232.268 430.455 232.167 430.319 232.094C430.184 232.021 430.035 231.979 429.881 231.97C429.728 231.96 429.575 231.985 429.432 232.041C428.592 232.299 428.84 233.294 429.136 233.534L429.069 233.515ZM430.911 227.639C429.298 225.342 428.897 222.452 427.093 219.84C426.473 222.749 428.449 226.711 430.93 227.658L430.911 227.639ZM426.578 212.73H427.055C427.79 210.519 427.494 208.251 427.313 206.031C427.265 205.759 427.127 205.511 426.921 205.329C426.714 205.146 426.452 205.039 426.177 205.026C425.805 205.026 425.556 205.39 425.604 205.782C425.938 208.108 426.272 210.433 426.597 212.758L426.578 212.73ZM425.566 201.811C426.291 201.868 426.225 201.131 426.425 200.634C426.667 199.639 427.164 198.726 427.866 197.983C427.993 197.895 428.097 197.779 428.172 197.644C428.247 197.509 428.29 197.359 428.299 197.205C428.307 197.051 428.28 196.897 428.22 196.755C428.16 196.613 428.068 196.486 427.952 196.385C427.341 195.839 426.788 196.452 426.463 196.863C425.681 197.769 425.125 198.848 424.84 200.012C424.86 201.055 424.755 201.773 425.575 201.84L425.566 201.811ZM418.254 245.543C418.522 245.716 418.951 246.041 419.037 245.878C419.896 244.232 421.07 245.687 422.063 245.562C422.511 245.505 423.017 245.515 423.199 245.074C423.934 243.505 425.06 242.079 425.012 240.223C425.117 236.481 422.149 232.768 418.693 232.328C416.861 232.098 415.19 232.328 413.921 233.782C413.145 234.548 412.641 235.547 412.484 236.627C412.327 237.706 412.527 238.808 413.052 239.763C414.234 242.139 416.039 244.147 418.273 245.572L418.254 245.543ZM414.016 246.5C414.131 246.606 414.36 246.606 414.579 246.663C414.799 246.72 414.961 246.51 414.999 246.395C415.062 246.227 415.069 246.043 415.02 245.87C414.97 245.698 414.865 245.546 414.723 245.438C412.448 243.516 409.896 241.951 407.153 240.797C406.829 240.673 406.495 240.405 406.199 240.854C405.903 241.304 406.199 241.582 406.485 241.763C409.091 243.208 411.802 244.5 414.026 246.529L414.016 246.5ZM402.056 255.17C403.421 256.194 405.139 255.381 406.266 256.223C406.886 256.108 407.43 256.357 407.516 255.697C407.583 255.189 407.564 254.787 406.838 254.673C405.406 254.453 403.975 254.07 402.581 253.84C402.295 253.84 401.722 253.218 401.56 253.984C401.488 254.214 401.499 254.461 401.592 254.684C401.684 254.906 401.852 255.088 402.066 255.199L402.056 255.17ZM401.426 244.156C402.801 245.457 404.223 246.711 405.693 247.907C406.275 248.386 406.59 247.754 406.361 247.39C405.235 245.639 404.127 243.83 402.085 242.893L401.732 242.711C401.054 243.113 400.911 243.687 401.455 244.185L401.426 244.156ZM400.949 251.39C401.312 250.998 400.997 250.701 400.787 250.433C399.793 249.379 398.548 248.595 397.169 248.156C396.3 247.783 395.976 248.711 396.329 249.208C397.29 250.453 398.631 251.347 400.147 251.754C400.299 251.767 400.452 251.744 400.593 251.686C400.735 251.627 400.86 251.536 400.958 251.419L400.949 251.39ZM387.767 253.515C390.63 254.874 392.826 257.343 395.709 258.663C396.109 258.855 396.663 259.534 397.131 258.74C397.598 257.945 396.654 258.108 396.329 257.878C394.057 256.252 391.738 254.692 389.514 253.008C388.978 252.728 388.426 252.479 387.862 252.261C387.5 252.031 387.309 252.261 387.251 252.615C387.214 252.809 387.247 253.009 387.343 253.18C387.439 253.352 387.593 253.484 387.776 253.553L387.767 253.515ZM381.983 247.448C382.937 248.194 383.892 249.256 385.285 249.189C385.677 249.189 386.24 249.429 386.412 248.874C386.583 248.319 386.23 248.022 385.762 247.725C384.264 246.768 382.813 245.811 381.333 244.854C380.608 244.385 380.245 243.39 378.756 243.429C379.393 245.083 380.523 246.5 381.992 247.486L381.983 247.448ZM373.392 242.414C374.9 245.094 376.208 247.917 378.785 249.859C379.014 250.031 379.386 249.984 379.739 249.61C377.9 247.578 376.364 245.289 375.177 242.816C374.906 242.407 374.511 242.095 374.05 241.926C373.774 241.821 373.134 241.936 373.43 242.452L373.392 242.414ZM370.395 242.519C370.515 242.7 370.693 242.835 370.899 242.901C371.105 242.967 371.328 242.961 371.531 242.883C371.931 242.692 371.712 242.242 371.817 241.821C371.33 240.711 371.091 239.4 369.812 238.692C369.737 238.637 369.649 238.602 369.557 238.59C369.464 238.578 369.371 238.589 369.284 238.622C369.197 238.656 369.119 238.71 369.058 238.78C368.997 238.851 368.955 238.935 368.934 239.027C369.01 240.342 369.539 241.591 370.433 242.558L370.395 242.519ZM367.426 220.921C367.016 220.557 366.577 219.964 366.023 220.318C365.469 220.672 366.023 221.208 366.271 221.687C367.304 224.096 368.461 226.45 369.736 228.739C369.805 228.867 369.84 229.01 369.84 229.156C369.84 229.301 369.805 229.444 369.736 229.572C367.961 231.371 370.414 232.529 370.452 234.05C370.867 234.215 371.299 234.33 371.741 234.395C371.979 234.395 371.741 233.84 371.741 233.668C371.445 232.954 371.218 232.214 371.063 231.457C370.929 228.089 369.297 225.208 368.085 222.175C367.978 221.725 367.766 221.309 367.464 220.959L367.426 220.921ZM369.956 208.643C369.679 207.179 369.44 205.706 369.077 204.261C369.001 203.964 368.648 203.466 368.123 203.581C367.837 203.648 367.646 203.954 367.722 204.395C368.467 206.72 368.438 209.256 368.944 211.706C369.108 213.187 369.428 214.646 369.898 216.06C370.156 216.653 370.442 217.122 371.072 216.883C371.702 216.644 371.292 216.117 371.139 215.677C370.356 213.409 370.395 210.978 369.956 208.643ZM371.741 202.538C370.891 204.624 371.13 206.557 371.063 208.481C371.063 209.145 371.273 209.792 371.664 210.328C371.741 210.415 371.834 210.486 371.94 210.535C372.045 210.585 372.159 210.612 372.275 210.615C372.628 210.615 372.561 210.28 372.571 210.06C372.488 208.075 372.609 206.087 372.934 204.127C373.125 203.332 372.361 203.036 371.721 202.538H371.741ZM372.447 218.921C372.056 219.036 371.75 219.294 371.903 219.677C372.691 221.142 373.358 222.668 373.898 224.242C373.917 224.318 373.96 224.386 374.02 224.437C374.081 224.487 374.155 224.517 374.234 224.523C374.312 224.528 374.39 224.508 374.457 224.466C374.523 224.425 374.575 224.363 374.604 224.29C375.31 223.084 374.232 222.136 374.05 221.065C373.94 220.615 373.739 220.194 373.46 219.825C373.181 219.456 372.83 219.149 372.428 218.921H372.447ZM374.49 192.796C374.124 194.037 373.994 195.336 374.108 196.624C374.108 197.792 374.108 198.643 374.108 199.495C374.108 199.84 374.251 200.069 374.652 200.069C374.728 200.078 374.805 200.068 374.877 200.042C374.948 200.015 375.013 199.973 375.066 199.917C375.118 199.862 375.158 199.795 375.18 199.721C375.203 199.648 375.208 199.571 375.196 199.495C375.255 197.205 375.449 194.92 375.778 192.653C375.786 192.575 375.776 192.497 375.75 192.423C375.723 192.35 375.68 192.283 375.624 192.229C375.568 192.174 375.5 192.134 375.426 192.109C375.352 192.085 375.273 192.078 375.196 192.088C375.009 192.101 374.834 192.181 374.701 192.313C374.568 192.444 374.486 192.619 374.47 192.806L374.49 192.796ZM379.787 178.088C379.226 178.36 378.71 178.718 378.26 179.15C376.989 180.062 375.997 181.311 375.396 182.758C375.1 183.447 375.11 183.954 375.788 184.26C375.919 184.313 376.06 184.338 376.201 184.334C376.342 184.33 376.481 184.297 376.609 184.237C376.737 184.177 376.851 184.091 376.945 183.985C377.038 183.879 377.109 183.754 377.153 183.619C377.705 182.022 378.651 180.59 379.902 179.457C379.986 179.36 380.049 179.248 380.089 179.126C380.129 179.004 380.144 178.876 380.133 178.748C380.122 178.62 380.086 178.496 380.027 178.383C379.967 178.27 379.886 178.169 379.787 178.088ZM383.195 184.787C383.091 184.714 382.974 184.663 382.85 184.636C382.727 184.61 382.599 184.608 382.475 184.631C382.35 184.654 382.232 184.702 382.126 184.771C382.02 184.841 381.929 184.931 381.858 185.036C380.78 187.064 379.329 188.93 378.995 191.275C378.945 191.488 378.977 191.711 379.082 191.902C379.188 192.093 379.361 192.238 379.568 192.308C380.198 192.5 380.303 191.782 380.341 191.524C380.656 189.371 382.374 187.916 383.138 185.993C383.319 185.543 383.768 185.122 383.204 184.787H383.195ZM384.063 197.227C383.662 198.404 382.966 199.524 383.109 201.007C383.031 201.321 383.031 201.65 383.109 201.964C383.376 202.519 383.414 203.457 384.273 203.371C385.132 203.285 384.98 202.481 384.932 201.897C384.87 200.511 385.115 199.129 385.648 197.849C385.782 197.476 385.963 196.816 385.371 196.567C385.112 196.487 384.831 196.512 384.589 196.635C384.347 196.758 384.162 196.97 384.073 197.227H384.063ZM385.638 190.27C386.511 189.729 387.182 188.916 387.547 187.954C387.824 187.437 387.299 187.246 386.793 187.284C386.287 187.323 384.502 189.198 384.722 189.658C384.846 189.887 384.789 190.662 385.648 190.241L385.638 190.27ZM390.258 175.39C389.867 175.064 389.218 175.035 389.056 175.246C387.738 176.921 386.268 178.528 385.772 180.308C385.686 181.409 386.202 181.925 386.727 182.05C387.423 182.213 387.49 181.543 387.624 180.978C388.11 179.31 388.965 177.773 390.125 176.48C390.316 176.222 390.793 175.791 390.268 175.361L390.258 175.39ZM392.244 185.179C392.07 185.162 391.894 185.183 391.73 185.241C391.565 185.299 391.414 185.392 391.289 185.514C390.077 187.495 388.97 189.533 388.951 191.954C391.155 190.481 391.719 188.127 392.511 185.945C392.578 185.677 392.606 185.208 392.253 185.16L392.244 185.179ZM392.759 194.624C392.521 194.793 392.3 194.985 392.1 195.198C391.217 196.59 390.479 198.068 389.896 199.61C389.848 199.727 389.826 199.853 389.831 199.979C389.837 200.105 389.869 200.228 389.926 200.341C389.983 200.453 390.063 200.552 390.162 200.631C390.26 200.71 390.375 200.766 390.497 200.796C390.955 200.969 391.165 200.615 391.451 200.299C392.75 199.055 392.606 197.227 393.542 195.84C393.885 195.38 393.532 194.758 392.769 194.595L392.759 194.624ZM393.399 204.194C392.587 204.251 392.998 204.921 392.845 205.399C393.208 206.414 393.542 207.505 394 208.538C394.63 209.964 394.649 211.572 395.489 212.921C395.728 213.294 395.909 213.782 396.444 213.591C396.978 213.399 396.73 212.931 396.634 212.634C395.919 210.117 395.145 207.61 394.429 205.093C394.248 204.49 393.99 204.108 393.408 204.155L393.399 204.194ZM394.792 177.399C394.401 177.897 393.981 178.691 394.649 179.179C395.174 179.552 395.966 179.055 396.272 178.643C397.348 177.001 398.776 175.622 400.453 174.605C400.523 174.575 400.585 174.528 400.634 174.469C400.682 174.409 400.716 174.339 400.732 174.264C400.748 174.189 400.745 174.111 400.725 174.037C400.705 173.963 400.667 173.896 400.615 173.839C400.367 173.514 400.052 173.38 399.383 173.447C399.045 173.513 398.722 173.639 398.429 173.82C397.068 174.825 395.84 175.999 394.773 177.313L394.792 177.399ZM409.635 164.308C409.31 163.944 408.871 164.193 408.509 164.499C406.027 166.662 402.953 167.638 399.851 168.538C399.326 168.691 398.83 168.844 399.002 169.495C399.126 169.935 399.546 170.126 400.099 169.763C403.211 168.48 406.848 168.078 409.52 165.619C409.621 165.546 409.705 165.452 409.767 165.343C409.828 165.235 409.865 165.114 409.876 164.99C409.887 164.865 409.871 164.74 409.83 164.623C409.788 164.505 409.722 164.398 409.635 164.308ZM411.057 168.921C410.809 168.576 410.504 167.964 409.902 168.327C408.136 169.495 406.409 170.71 404.691 171.945C404.538 172.05 404.566 172.394 404.509 172.624C404.738 173.715 405.464 173.456 406.036 173.102C407.621 172.145 409.158 171.035 410.685 169.964C411 169.724 411.334 169.303 411.057 168.921ZM413.119 173.189C413.058 173.042 412.967 172.91 412.85 172.802C412.734 172.695 412.595 172.614 412.444 172.566C412.293 172.518 412.134 172.503 411.977 172.523C411.819 172.543 411.669 172.597 411.534 172.681C410.739 172.989 410.002 173.432 409.358 173.992C407.75 175.439 406.364 177.116 405.244 178.969C405.018 179.285 404.91 179.671 404.939 180.059C405.015 180.347 404.691 180.902 405.378 181.016C405.661 181.05 405.947 180.982 406.185 180.825C406.422 180.667 406.597 180.43 406.676 180.155C407.239 178.241 408.757 177.131 410.074 175.83C410.625 175.163 411.369 174.685 412.203 174.461C412.976 174.26 413.367 173.878 413.119 173.179V173.189ZM409.778 187.122C409.473 187.399 409.062 187.638 409.072 188.213C409.072 188.5 409.282 188.605 409.559 188.787C409.733 188.909 409.946 188.963 410.157 188.938C410.368 188.913 410.563 188.812 410.704 188.653C412.174 186.806 414.274 185.648 415.954 184.031C416.555 183.457 416.966 182.748 416.336 182.117C415.706 181.485 415.162 182.213 414.684 182.643C413.043 184.165 411.401 185.629 409.778 187.122ZM418.884 170.002C418.092 171.026 417.3 172.021 415.906 172.193C415.257 172.27 415.057 172.48 415.076 173.083C415.095 173.686 415.563 173.648 416.03 173.686C418.77 173.964 420.641 172.193 420.135 169.772C421.576 169.294 422.912 170.251 424.335 170.04C425.06 169.935 425.986 170.155 425.967 169.083C425.967 168.126 425.136 168.212 424.44 168.203C422.901 168.314 421.354 168.198 419.848 167.858C419.657 167.801 419.381 168.05 419.161 168.021C418.781 167.92 418.378 167.962 418.026 168.138C417.675 168.314 417.399 168.613 417.252 168.978C417.004 170.059 418.417 169.322 418.884 169.992V170.002ZM426.272 164.203C424.447 164.004 422.609 163.947 420.774 164.031C420.011 164.031 419.409 163.581 418.646 163.763C418.082 163.897 417.424 163.877 417.452 164.576C417.452 165.141 418.035 165.275 418.569 165.255C421.15 165.301 423.723 165.557 426.263 166.021C426.883 165.887 427.704 166.643 427.847 165.6C427.99 164.557 426.94 164.27 426.272 164.203ZM438.977 164.203C438.853 163.83 438.757 163.313 438.146 163.437C437.02 163.667 435.894 163.897 434.777 164.174C434.242 164.308 433.641 164.624 433.822 165.198C434.004 165.772 434.548 165.131 434.939 165.255C435.18 165.284 435.424 165.284 435.665 165.255C436.524 165.533 437.421 164.901 438.404 164.854C438.681 164.834 439.101 164.691 438.939 164.193L438.977 164.203ZM440.17 168.308C439.703 168.21 439.225 168.168 438.748 168.184C437.287 168.184 435.999 167.744 436.075 169.629C436.075 170.165 435.006 170.279 434.386 170.337C433.765 170.394 433.536 169.906 433.546 169.38C433.579 169.209 433.567 169.032 433.511 168.867C433.455 168.701 433.358 168.554 433.228 168.438C433.098 168.322 432.94 168.242 432.77 168.206C432.599 168.17 432.423 168.179 432.257 168.232C430.93 168.423 429.623 168.729 428.296 168.911C428.117 168.919 427.942 168.968 427.785 169.055C427.628 169.141 427.492 169.262 427.389 169.409C427.286 169.556 427.218 169.724 427.19 169.902C427.161 170.079 427.174 170.261 427.227 170.433C427.437 171.275 428.124 171.131 428.878 170.834C429.652 170.439 430.524 170.276 431.388 170.366C431.713 170.433 432.219 170.184 432.343 170.691C432.467 171.198 432.047 171.294 431.694 171.456L427.561 173.456C427.017 173.724 426.339 174.059 426.673 174.729C427.007 175.399 427.723 175.208 428.324 174.93C429.985 174.165 431.646 173.409 433.298 172.624C434.042 172.27 434.691 171.667 435.627 172.107C435.712 172.145 435.806 172.163 435.9 172.158C435.994 172.153 436.085 172.126 436.167 172.08C436.248 172.033 436.318 171.968 436.37 171.89C436.422 171.812 436.455 171.722 436.467 171.629C436.552 168.758 438.738 170.356 439.998 170.05C440.561 169.916 441.344 171.275 441.764 170.05C442.184 168.825 441.02 168.519 440.132 168.299L440.17 168.308ZM447.224 168.165C446.773 167.692 446.229 167.319 445.625 167.07C445.022 166.821 444.373 166.702 443.721 166.72C443.253 166.949 442.27 166.222 442.213 167.399C442.165 168.423 443.024 168.461 443.73 168.547C444.643 168.584 445.526 168.886 446.269 169.418C446.356 169.507 446.461 169.576 446.577 169.621C446.693 169.666 446.817 169.685 446.941 169.678C447.065 169.671 447.185 169.637 447.295 169.579C447.405 169.521 447.501 169.44 447.577 169.342C448.102 168.739 447.51 168.442 447.186 168.155L447.224 168.165ZM447.959 175.878C446.785 174.806 445.029 174.318 444.542 172.557C444.475 172.308 444.179 172.394 443.931 172.557C442.27 173.437 440.351 173.179 438.605 173.715C438.08 173.878 437.259 173.485 437.316 174.519C437.373 175.552 438.194 175.083 438.71 175.189C438.983 175.213 439.257 175.213 439.531 175.189C440.24 175.174 440.946 175.094 441.64 174.949C442.081 174.734 442.585 174.687 443.059 174.815C443.533 174.944 443.944 175.239 444.217 175.648C444.876 176.547 446.355 176.71 447.214 177.619C447.491 177.916 447.816 177.619 447.988 177.39C448.084 177.285 448.158 177.162 448.207 177.028C448.256 176.894 448.278 176.752 448.271 176.61C448.265 176.468 448.231 176.328 448.171 176.199C448.111 176.07 448.026 175.954 447.921 175.858L447.959 175.878ZM451.176 176.241C450.737 176.241 450.278 176.423 450.269 176.748C450.256 176.954 450.309 177.157 450.421 177.33C450.533 177.502 450.697 177.634 450.889 177.705C451.98 178.018 452.988 178.571 453.839 179.323C453.931 179.408 454.04 179.473 454.16 179.512C454.279 179.551 454.406 179.563 454.531 179.547C454.655 179.532 454.775 179.489 454.881 179.422C454.988 179.355 455.078 179.266 455.146 179.16C455.226 179.085 455.288 178.994 455.328 178.892C455.369 178.791 455.387 178.682 455.382 178.572C455.376 178.463 455.347 178.357 455.297 178.26C455.246 178.163 455.176 178.078 455.089 178.012C453.979 177.034 452.603 176.411 451.137 176.222L451.176 176.241ZM450.479 188.28C450.402 188.902 450.66 189.342 451.433 189.476C451.809 189.382 452.155 189.194 452.439 188.93C452.723 188.665 452.935 188.333 453.056 187.964C453.266 187.342 452.808 186.93 452.102 186.902C451.901 186.87 451.697 186.882 451.502 186.936C451.307 186.99 451.125 187.084 450.969 187.214C450.813 187.343 450.686 187.504 450.597 187.686C450.507 187.868 450.457 188.067 450.45 188.27L450.479 188.28ZM465.57 177.284C464.773 176.447 463.848 175.743 462.83 175.198C460.329 174.126 457.829 173.045 455.452 171.734C454.497 171.217 454.125 171.657 453.858 172.212C453.858 172.882 454.144 173.169 454.516 173.275C456.886 174.142 459.184 175.195 461.389 176.423C462.442 176.979 463.407 177.688 464.253 178.528C464.673 178.902 465.207 179.485 465.646 179.083C465.763 178.96 465.854 178.814 465.912 178.654C465.97 178.494 465.994 178.324 465.983 178.154C465.972 177.984 465.927 177.818 465.849 177.667C465.771 177.516 465.663 177.382 465.532 177.275L465.57 177.284ZM456.273 178.241C456.273 178.691 456.607 179.122 457.351 179.198C458.238 179.35 459.082 179.693 459.824 180.203C460.32 180.528 460.702 181.236 461.227 180.49C461.328 180.35 461.397 180.19 461.428 180.02C461.458 179.85 461.45 179.675 461.405 179.509C461.359 179.342 461.276 179.188 461.163 179.058C461.049 178.928 460.908 178.826 460.749 178.758C459.852 178.366 458.934 178.021 458 177.724C456.922 177.677 456.263 177.724 456.235 178.26L456.273 178.241ZM472.194 180.71C472.194 179.476 471.163 179.447 470.457 179.495C469.617 179.246 468.997 179.351 468.958 179.973C468.882 181.208 470.142 181.485 470.934 181.887C471.526 182.203 472.156 181.313 472.166 180.729L472.194 180.71ZM471.077 187.552C471.478 186.739 470.715 186.366 470.046 185.926C467.832 184.471 465.14 184.059 462.897 182.681C462.562 182.539 462.209 182.446 461.847 182.404C460.979 182.299 460.148 182.653 460.024 183.361C459.9 184.069 460.797 184.251 461.446 184.318C462.095 184.385 462.21 184.653 462.554 184.911C462.897 185.17 463.508 185.744 463.766 185.648C466.219 184.691 467.431 186.873 469.197 187.562C469.77 187.83 470.571 188.548 471.049 187.571L471.077 187.552ZM464.233 197.122C465.093 196.787 465.312 196.241 465.054 195.6C464.797 194.959 464.1 194.95 463.546 195.294C462.506 195.916 461.37 195.629 460.282 195.591C459.194 195.552 458.984 196.021 458.716 196.959C460.635 197.227 462.344 197.916 464.214 197.227L464.233 197.122ZM458.029 187.839C459.499 190.605 462.439 190.997 464.978 192.04C465.704 192.418 466.37 192.902 466.954 193.476C467.164 193.323 467.498 193.198 467.498 193.045C467.549 192.708 467.467 192.365 467.269 192.088C466.465 191.208 465.45 190.549 464.319 190.174C462.506 189.734 460.807 189.485 459.929 187.304C459.442 186.088 457.504 185.591 456.111 185.064C455.433 184.815 455.156 185.39 455.471 185.906C455.794 186.504 456.313 186.97 456.941 187.227C457.304 187.428 457.838 187.591 458 187.897L458.029 187.839ZM456.97 193.849C457.418 193.514 457.848 193.083 457.485 192.471C457.122 191.859 456.531 191.868 455.91 192.261C455.127 192.842 454.173 193.146 453.199 193.122C452.712 193.122 451.93 193.284 451.968 194.146C451.968 194.768 452.254 195.371 452.922 195.208C454.249 194.921 455.748 194.806 456.941 193.906L456.97 193.849ZM449.868 204.71C450.507 205.447 451.042 204.71 451.5 204.318C452.521 203.419 453.327 202.3 453.858 201.045C453.833 200.75 453.72 200.47 453.535 200.24C453.349 200.01 453.1 199.84 452.817 199.753C452.35 199.6 452.149 200.098 451.93 200.49C451.502 201.336 450.873 202.063 450.097 202.605C449.898 202.695 449.726 202.836 449.596 203.012C449.467 203.189 449.386 203.396 449.36 203.614C449.334 203.831 449.365 204.052 449.449 204.254C449.533 204.456 449.667 204.633 449.839 204.768L449.868 204.71ZM448.169 201.332C448.265 201.281 448.349 201.212 448.418 201.127C448.486 201.042 448.536 200.945 448.565 200.84C448.595 200.735 448.603 200.626 448.589 200.518C448.575 200.41 448.539 200.306 448.484 200.213C448.424 200.046 448.311 199.903 448.163 199.807C448.015 199.71 447.839 199.664 447.663 199.677C447.09 199.677 440.81 204.643 440.724 205.141C440.64 205.373 440.631 205.624 440.698 205.861C440.765 206.098 440.904 206.308 441.096 206.462C441.535 206.777 441.745 206.462 442.05 206.232C444.189 204.806 445.878 202.758 448.14 201.39L448.169 201.332ZM440.37 224.395C440.915 224.519 440.953 224.012 441.067 223.591C441.783 221.141 442.547 218.701 443.263 216.251C443.415 215.715 443.425 214.978 442.776 214.864C442.499 214.859 442.229 214.952 442.015 215.127C441.8 215.302 441.654 215.548 441.602 215.821C440.859 218.272 440.307 220.777 439.951 223.313C439.884 223.792 439.855 224.337 440.351 224.452L440.37 224.395ZM440.285 211.055C440.285 210.385 440.552 209.227 439.569 209.342C438.586 209.457 438.366 210.663 438.433 211.773C438.652 212.184 437.917 213.218 439.063 213.199C440.514 213.227 440.275 212.031 440.265 211.112L440.285 211.055ZM445.363 262.3C445.945 261.783 446.451 260.826 445.554 260.07C444.656 259.314 444.179 259.821 443.644 260.692C442.585 262.367 439.741 262.548 438.099 261.18C437.679 260.826 437.306 260.414 436.915 260.012C436.323 259.41 435.598 259.18 435.006 259.811C434.865 259.954 434.759 260.127 434.696 260.317C434.632 260.507 434.613 260.71 434.64 260.908C434.667 261.107 434.739 261.297 434.85 261.464C434.962 261.63 435.11 261.769 435.283 261.869C437.106 262.692 440.294 265.438 445.363 262.3Z" fill="#ACAEBF"/>
<path d="M447.977 240.529C445.705 240.261 446.583 242.903 447.977 244.003C438.374 240.491 426.023 243.525 421.909 253.927C420.525 257.41 418.673 265.238 421.336 268.587C423.818 271.716 432.208 273.372 435.912 273.697C445.39 274.587 455.184 279.209 465.187 277.774C469.698 277.137 474.162 276.204 478.55 274.979C481.28 274.204 490.004 273.066 490.644 269.879C491.207 267.238 488.324 266.223 486.826 264.845C485.327 263.467 484.459 261.783 482.702 260.606C479.285 258.309 475.2 256.654 471.554 254.558C464.166 250.29 457.293 245.046 449.6 241.161C449.017 241.295 449.514 241.515 449.285 241.84L447.977 240.529Z" fill="white"/>
<path d="M419.904 243.467C419.179 241.438 417.585 240.223 417.862 238.012C419.733 239.409 420.067 241.113 419.904 243.467Z" fill="#ACAEBF"/>
<path d="M422.873 309.372C419.587 308.698 416.407 307.577 413.423 306.042C413.287 306.002 413.163 305.93 413.062 305.83C412.96 305.731 412.885 305.608 412.843 305.473C412.8 305.338 412.792 305.194 412.818 305.054C412.844 304.915 412.905 304.784 412.994 304.673C413.542 303.789 413.742 302.731 413.557 301.707C413.452 300.645 413.977 300.386 414.874 300.645C416.254 300.933 417.667 301.036 419.074 300.951C419.573 300.977 420.073 300.977 420.573 300.951C423.293 300.664 424.391 301.956 424.849 304.97C424.84 306.051 424.722 307.128 424.496 308.185C424.438 309.324 423.751 309.525 422.873 309.372Z" fill="url(#paint0_linear_20_2952)"/>
<path d="M409.338 303.927C408.383 303.123 407.362 302.501 406.379 301.793C404.774 300.732 403.352 299.417 402.169 297.898C402.483 297.731 402.836 297.656 403.19 297.679C403.544 297.703 403.885 297.825 404.174 298.032C405.906 299.043 407.808 299.727 409.786 300.051C411.609 300.386 412.087 301.305 411.695 303.123C411.361 304.463 410.416 304.846 409.338 303.927Z" fill="url(#paint1_linear_20_2952)"/>
<path d="M434.977 310.147C432.486 309.99 429.988 309.961 427.493 310.061C425.432 310.271 425.67 309.228 426.071 308.147C426.777 306.674 426.929 304.996 426.501 303.42C425.785 301.209 425.775 300.96 428.018 300.759C430.09 300.568 432.447 299.4 434.299 301.343C436.151 303.286 437.277 305.276 437.306 306.702C437.22 310.482 437.602 310.147 434.977 310.147Z" fill="url(#paint2_linear_20_2952)"/>
<path d="M449.504 306.788C449.838 307.745 449.638 308.358 448.693 308.578C446.201 309.152 443.786 310.071 441.152 310.138C440.388 309.917 439.014 310.74 439.138 308.932C439.256 307.398 439.036 305.856 438.495 304.416C437.954 302.976 437.105 301.672 436.007 300.597C435.692 300.271 435.053 299.535 435.587 299.219C437.286 298.262 439.109 297.429 440.894 296.578C441.009 296.52 441.257 296.645 441.391 296.75C444.913 299.468 448.034 302.492 449.504 306.788Z" fill="url(#paint3_linear_20_2952)"/>
<path d="M476.555 277.611C476.555 277.343 476.851 277.142 477.185 277.075C480.611 276.196 483.984 275.116 487.284 273.84C487.437 277.199 485.842 279.697 483.886 282.061C483.189 282.903 482.721 282.357 482.234 281.898C480.79 280.368 479.053 279.144 477.128 278.3C476.986 278.236 476.861 278.141 476.762 278.021C476.663 277.902 476.592 277.762 476.555 277.611Z" fill="url(#paint4_linear_20_2952)"/>
<path d="M444.855 297.152C442.87 295.238 443.042 295.333 444.359 293.046C445.409 291.219 446.191 289.821 448.654 291.362C449.885 292.128 451.804 292.778 452.071 293.831C452.587 295.946 454.41 296.415 455.622 297.659C457.35 299.372 458.972 301.113 459.44 303.515C459.335 303.956 459.564 304.367 459.03 304.683C456.987 305.869 455.03 307.171 452.615 307.669C451.852 307.831 451.737 307.391 451.661 307.066C450.449 303.027 447.843 299.975 444.855 297.152Z" fill="url(#paint5_linear_20_2952)"/>
<path d="M466.217 281.104C465.807 281.008 465.177 280.912 465.129 280.29C465.072 279.506 465.836 279.486 466.284 279.333C468.193 278.807 470.198 278.951 471.944 278.204C472.899 278.128 477.204 280.185 478.712 281.372C482.53 284.396 482.53 284.721 479.132 288.156C477.624 289.668 477.414 289.63 476.135 288.003C473.558 284.75 470.494 282.109 466.217 281.104Z" fill="url(#paint6_linear_20_2952)"/>
<path d="M458.238 294.424C459.039 293.965 460.681 293.735 460.624 292.109C460.624 291.535 459.975 290.281 461.636 290.673C462.476 290.874 463.125 289.468 464.117 290.357C465.75 291.831 467.506 293.228 468.079 295.458C468.121 295.753 468.274 296.021 468.506 296.208C468.738 296.394 469.033 296.485 469.329 296.463C470.007 296.463 470.064 295.726 469.988 295.161C469.706 293.85 468.989 292.673 467.955 291.822C464.499 288.396 460.213 286.08 456.119 283.554C455.05 283.004 454.061 282.312 453.179 281.496C453.062 281.332 452.981 281.145 452.941 280.947C452.901 280.749 452.904 280.545 452.948 280.348C452.992 280.151 453.077 279.966 453.197 279.804C453.318 279.643 453.471 279.508 453.646 279.41C454.496 278.951 456.882 279.41 457.235 280.061C457.589 280.711 457.722 281.831 459.278 281.314C461.884 282.271 465.005 282.013 467.802 283.439C470.599 284.865 472.345 287.008 474.541 288.845C475.238 289.429 476.822 290.587 475.619 291.85C474.579 292.941 473.624 294.118 472.536 295.171C469.673 298.042 466.179 300.042 462.991 302.444C462.352 302.922 461.464 303.037 461.216 302.358C460.423 300.204 458.81 298.626 457.579 296.788C456.978 295.898 456.873 295.19 458.238 294.424Z" fill="url(#paint7_linear_20_2952)"/>
<path d="M442.308 289.582C440.093 289.113 437.879 288.683 435.693 288.109C430.061 286.625 424.172 287.018 418.511 285.649C413.3 284.396 407.888 284.061 402.657 282.673C397.248 281.363 392.106 279.123 387.461 276.051C383.643 273.439 380.044 270.721 377.219 266.931C374.651 263.496 371.263 260.673 368.733 257.113C366.685 254.074 365.079 250.758 363.961 247.266C362.701 243.677 362.529 239.869 361.975 236.137C361.164 230.682 361.135 225.189 360.486 219.744C360.486 217.065 361.03 214.452 361.269 211.811C361.637 206.425 362.831 201.128 364.81 196.108C366.194 192.796 367.11 189.294 369.163 186.261C369.43 185.859 369.516 185.351 370.203 185.543C370.451 185.61 370.05 186.643 370.776 185.906C371.119 185.562 371.291 184.95 370.871 184.806C369.917 184.394 370.509 183.849 370.747 183.533C371.864 182.26 372.656 180.749 373.668 179.428C375.577 177.055 377.486 174.643 379.395 172.394C380.53 170.97 381.856 169.711 383.337 168.653C386.635 166.643 390.045 164.825 393.551 163.208C395.554 162.177 397.686 161.417 399.889 160.949C404.098 160.174 408.212 159.035 412.603 158.863C416.994 158.691 421.594 158.7 426.081 158.653C430.825 158.726 435.546 159.342 440.15 160.49C441.935 160.892 443.816 160.978 445.562 161.447C450.079 162.853 454.482 164.599 458.735 166.672C463.927 169.064 469.158 171.399 473.845 174.701C478.302 177.839 483.085 180.586 486.569 184.892C487.924 186.567 489.747 187.973 490.749 189.811C494.014 195.792 497.135 201.84 499.101 208.414C500.851 214.53 501.929 220.819 502.318 227.17C502.49 229.438 501.86 231.629 501.879 233.869C501.879 234.711 501.64 239.61 501.516 241.333C501.436 243.792 501.117 246.238 500.562 248.634C498.987 254.271 497.756 260.003 495.264 265.371C495.007 265.926 494.539 266.596 495.656 267.285C495.908 267.455 496.105 267.696 496.221 267.978C496.338 268.259 496.369 268.569 496.311 268.868C496.253 269.167 496.108 269.443 495.895 269.66C495.682 269.877 495.409 270.026 495.112 270.089C492.296 270.903 489.174 271.438 489.929 275.506C489.934 275.628 489.908 275.75 489.852 275.86C488.334 279.888 485.805 283.41 483.276 286.798C480.746 290.185 477.224 293.161 474.16 296.367C472.086 298.5 469.762 300.373 467.24 301.946C464.281 303.793 461.446 305.831 458.315 307.439C455.144 308.984 451.828 310.212 448.416 311.104C445.951 311.889 443.363 312.213 440.78 312.061C438.664 311.963 436.544 312.002 434.433 312.176C430.92 312.291 427.465 311.774 423.933 311.774C422.706 311.803 421.484 311.612 420.325 311.209C415.027 309.2 409.883 306.97 405.368 303.554C404.165 302.782 403.005 301.945 401.893 301.046C400.137 299.372 398.839 297.286 396.891 295.735C396.185 295.171 395.383 294.07 395.937 293.219C396.491 292.367 397.684 292.922 398.4 293.41C400.175 294.645 402.342 294.97 404.232 295.956C405.425 296.578 406.704 297.525 408.05 297.554C410.512 297.611 412.822 298.396 415.285 298.511C419.475 298.645 423.608 299.113 427.847 298.511C432.566 297.907 437.058 296.127 440.914 293.333C441.675 292.663 442.32 291.87 442.823 290.989C443.51 290.156 443.214 289.774 442.308 289.582ZM483.877 282.108C485.786 279.745 487.428 277.257 487.275 273.888C483.975 275.164 480.603 276.244 477.176 277.123C476.852 277.199 476.518 277.391 476.546 277.659C476.583 277.807 476.653 277.945 476.751 278.062C476.848 278.18 476.971 278.274 477.109 278.338C479.035 279.182 480.771 280.406 482.216 281.936C482.722 282.396 483.19 282.941 483.877 282.108ZM479.104 288.185C482.55 284.74 482.531 284.424 478.684 281.4C477.176 280.214 472.843 278.156 471.917 278.233C470.17 278.979 468.099 278.836 466.256 279.362C465.817 279.486 465.044 279.515 465.101 280.319C465.149 280.941 465.779 281.037 466.19 281.132C470.466 282.137 473.52 284.778 476.107 288.07C477.415 289.659 477.625 289.697 479.133 288.137L479.104 288.185ZM462.982 302.491C466.18 300.08 469.664 298.042 472.528 295.219C473.616 294.156 474.58 292.979 475.611 291.898C476.813 290.635 475.229 289.477 474.532 288.893C472.337 287.056 470.504 284.845 467.793 283.486C465.082 282.128 461.875 282.3 459.269 281.362C457.713 281.879 457.608 280.788 457.227 280.108C456.845 279.429 454.487 278.989 453.638 279.458C453.462 279.556 453.309 279.691 453.189 279.852C453.068 280.014 452.983 280.199 452.939 280.396C452.895 280.593 452.893 280.797 452.932 280.995C452.972 281.192 453.053 281.38 453.17 281.544C454.052 282.36 455.042 283.052 456.11 283.601C460.205 286.147 464.491 288.443 467.946 291.869C468.98 292.721 469.697 293.898 469.979 295.209C470.055 295.774 469.979 296.463 469.32 296.511C469.024 296.533 468.73 296.442 468.498 296.255C468.266 296.069 468.113 295.801 468.07 295.506C467.507 293.295 465.741 291.888 464.109 290.405C463.154 289.515 462.477 290.922 461.627 290.721C459.966 290.329 460.596 291.582 460.615 292.156C460.672 293.783 459.031 294.013 458.229 294.472C456.864 295.247 456.969 295.955 457.57 296.855C458.792 298.702 460.434 300.281 461.207 302.424C461.455 303.046 462.343 302.941 462.982 302.491ZM452.664 307.659C455.069 307.161 457.026 305.86 459.078 304.673C459.613 304.358 459.384 303.956 459.489 303.506C458.983 301.104 457.36 299.362 455.671 297.649C454.459 296.453 452.635 295.975 452.12 293.822C451.862 292.759 449.934 292.118 448.703 291.353C446.24 289.812 445.457 291.209 444.407 293.037C443.09 295.314 442.918 295.267 444.904 297.142C447.891 299.965 450.497 303.018 451.719 307.008C451.776 307.353 451.891 307.783 452.655 307.621L452.664 307.659ZM450.268 279.037C449.533 278.51 448.779 278.022 447.844 278.616L447.567 278.788C447.825 279.238 448.111 279.381 448.426 279.343C449.085 279.257 449.447 280.702 450.268 279.678C450.411 279.448 450.507 279.18 450.259 279.008L450.268 279.037ZM409.806 300.09C407.828 299.765 405.926 299.081 404.194 298.07C403.905 297.863 403.564 297.741 403.21 297.718C402.856 297.694 402.503 297.77 402.189 297.936C403.372 299.455 404.794 300.77 406.399 301.831C407.353 302.539 408.422 303.161 409.358 303.965C410.293 304.769 411.381 304.501 411.687 303.161C412.087 301.305 411.62 300.386 409.797 300.051L409.806 300.09ZM424.868 304.999C424.439 301.984 423.313 300.692 420.592 300.979C420.093 301.006 419.593 301.006 419.094 300.979C417.686 301.065 416.274 300.962 414.894 300.673C413.996 300.415 413.471 300.673 413.576 301.735C413.762 302.76 413.561 303.817 413.013 304.702C412.924 304.812 412.864 304.943 412.838 305.083C412.811 305.222 412.82 305.366 412.862 305.502C412.905 305.637 412.98 305.76 413.081 305.859C413.183 305.958 413.307 306.031 413.443 306.07C416.427 307.606 419.606 308.727 422.893 309.401C423.771 309.563 424.458 309.401 424.525 308.214C424.746 307.147 424.858 306.06 424.859 304.97L424.868 304.999ZM428.018 300.798C425.775 300.999 425.785 301.247 426.501 303.458C426.929 305.034 426.777 306.713 426.071 308.185C425.67 309.219 425.441 310.262 427.493 310.099C429.988 310 432.485 310.028 434.977 310.185C437.602 310.185 437.22 310.559 437.287 306.788C437.287 305.362 436.027 303.257 434.28 301.429C432.533 299.601 430.09 300.578 428.009 300.769L428.018 300.798ZM441.382 296.778C441.248 296.673 440.99 296.549 440.885 296.606C439.1 297.448 437.277 298.243 435.578 299.247C435.044 299.563 435.693 300.3 435.998 300.625C437.096 301.701 437.945 303.005 438.486 304.445C439.027 305.885 439.247 307.426 439.129 308.96C439.005 310.769 440.379 309.917 441.143 310.166C443.778 310.099 446.192 309.209 448.684 308.606C449.638 308.386 449.829 307.793 449.495 306.817C448.035 302.491 444.913 299.468 441.391 296.75L441.382 296.778ZM450.354 276.491C453.953 277.171 457.589 277.228 461.178 277.716C462.713 277.869 464.263 277.779 465.77 277.448C469.425 276.711 473.024 275.754 476.67 274.96C477.711 274.74 477.911 274.462 477.682 273.381C477.233 271.276 477.186 269.104 476.432 267.056C476.342 266.856 476.331 266.63 476.4 266.423C476.469 266.216 476.613 266.042 476.804 265.936C477.482 265.515 477.396 266.29 477.682 266.481C479.095 267.438 478.637 269.008 478.952 270.309C480.03 275.276 479.018 274.778 483.724 272.596C484.774 272.108 485.92 271.879 486.912 271.285C487.299 271.106 487.675 270.905 488.039 270.683C488.315 270.472 487.418 265.314 487.084 265.123C484.631 263.678 482.101 262.328 479.715 260.788C475.802 258.261 471.659 256.089 467.831 253.419C464.653 251.199 461.15 249.419 457.809 247.429C456.415 246.596 455.222 245.515 453.848 244.615C452.836 243.965 452.025 243.218 450.726 243.419C450.249 243.496 450.163 243.122 449.925 242.845C449.466 242.299 449.113 241.716 448.016 241.888C446.918 242.06 445.858 239.572 446.231 238.357C446.517 237.4 446.899 236.529 446.231 235.61C445.954 235.247 445.648 234.95 445.142 235.084C444.637 235.218 444.808 235.658 444.78 235.993C444.822 236.776 444.708 237.56 444.446 238.299C444.378 238.524 444.255 238.727 444.087 238.89C443.918 239.053 443.711 239.17 443.485 239.229C443.259 239.289 443.022 239.289 442.795 239.23C442.569 239.171 442.362 239.055 442.193 238.893C440.808 237.897 439.808 236.452 439.363 234.803C438.917 233.153 439.054 231.4 439.749 229.84C440.131 229.025 440.787 228.371 441.603 227.993C442.418 227.614 443.34 227.537 444.207 227.773C446.396 228.31 448.436 229.337 450.173 230.778C449.073 228.548 448.228 226.202 447.653 223.782C447.347 221.242 447.296 218.677 447.5 216.127C447.586 212.519 449.247 209.514 451.194 206.557C452.626 204.385 455.012 203.323 456.788 201.629C457.95 200.54 459.332 199.712 460.84 199.202C462.348 198.692 463.948 198.511 465.531 198.672C465.999 198.672 466.629 198.816 466.581 198.031C466.457 195.801 468.395 196.308 469.445 196.184C471.354 195.974 473.186 197.141 473.263 198.509C473.237 198.966 473.374 199.416 473.651 199.78C473.928 200.143 474.325 200.395 474.771 200.49C477.493 201.414 480.037 202.8 482.292 204.586C484.853 206.413 486.622 209.151 487.237 212.242C487.304 212.596 487.475 213.132 486.912 213.342C486.349 213.553 486.139 213.112 485.776 212.892C484.946 212.404 484.822 211.457 484.488 210.758C482.961 207.256 480.087 205.323 476.794 203.677C473.209 201.959 469.311 200.999 465.34 200.854C462.68 200.693 460.061 201.567 458.028 203.294C455.594 205.208 452.74 206.749 451.49 209.907C450.698 211.916 449.753 213.811 449.638 216.031C449.457 219.754 449.018 223.495 450.497 227.065C451.229 228.55 451.58 230.194 451.519 231.85C451.175 231.629 450.841 231.247 450.64 231.314C450.211 231.448 450.373 231.964 450.45 232.271C450.934 234.267 450.934 236.351 450.45 238.347C450.058 240.165 451.853 240.807 452.893 241.649C455.612 243.844 458.448 245.888 461.388 247.773C465.016 250.079 468.834 252.089 472.509 254.319C476.451 256.711 480.24 259.362 484.278 261.592C486.445 262.788 488.745 263.764 490.854 265.075C490.939 265.141 491.041 265.183 491.148 265.196C491.255 265.209 491.363 265.192 491.461 265.148C491.559 265.104 491.644 265.033 491.705 264.945C491.766 264.856 491.802 264.752 491.809 264.644C491.962 263.687 493.298 262.855 491.904 261.62C491.398 261.17 491.599 259.706 491.809 258.749C492.077 257.198 492.192 255.624 492.153 254.051C492.153 253.725 491.962 253.218 492.477 253.151C492.993 253.084 493.107 253.544 493.288 253.955C493.778 255.077 493.869 256.334 493.546 257.515C493.316 258.706 493.236 259.921 493.308 261.132C493.782 261.004 494.208 260.74 494.535 260.373C494.862 260.006 495.076 259.552 495.15 259.065C496.343 255.18 497.555 251.314 498.576 247.371C499.264 244.72 499.111 241.993 499.665 239.342C500.524 235.208 499.617 230.988 500.361 226.826C500.415 225.562 500.264 224.298 499.913 223.084C499.913 223.026 499.913 222.309 499.254 222.672C497.87 223.476 497.746 222.596 497.775 221.543C497.803 220.491 497.775 219.629 497.775 218.605C497.775 217.974 497.708 217.361 498.729 217.428C499.197 217.428 499.302 217.256 499.159 216.749C498.204 213.313 497.803 209.715 495.942 205.974C495.999 208.069 496.667 209.591 496.734 211.189C496.801 212.787 495.35 213.935 495.971 215.447C496.413 216.771 496.39 218.206 495.904 219.514C495.77 220.05 495.722 220.864 494.863 220.73C493.794 220.558 494.319 219.859 494.386 219.208C494.51 217.936 494.386 216.644 494.453 215.38C494.577 213.83 494.252 212.318 495.035 210.691C495.617 209.486 494.749 207.821 494.186 206.395C493.985 205.897 493.861 205.361 493.613 204.883C493.365 204.404 493.174 204.146 493.613 203.773C494.052 203.399 494.567 203.562 495.255 204.347C494.745 202.512 493.998 200.752 493.031 199.112C492.725 198.567 492.219 198.682 491.618 198.72C489.766 198.835 488.964 197.591 489.881 196.05C490.095 195.728 490.216 195.352 490.229 194.965C490.243 194.578 490.149 194.195 489.957 193.859C487.197 187.953 482.731 183.016 477.138 179.686C475.945 178.959 474.933 177.935 473.759 177.179C473.291 176.882 472.451 176.079 472.127 177.514C471.984 178.126 471.172 178.002 470.876 177.725C469.349 176.203 466.829 175.533 466.476 172.94C466.476 172.748 466.19 172.519 465.989 172.414C463.383 171.141 460.758 169.897 458.143 168.586C457.742 168.394 457.341 168.05 456.959 168.413C456.578 168.777 457.122 169.169 457.236 169.524C457.351 169.878 457.752 170.356 457.37 170.681C456.988 171.007 456.625 170.471 456.339 170.213C455.269 169.391 453.995 168.878 452.655 168.729C452.044 168.605 451.318 168.968 451.146 168.05C450.936 166.882 451.948 167.294 452.492 167.093C452.741 166.966 452.978 166.815 453.199 166.643C450.5 165.12 447.563 164.068 444.512 163.533C441.181 162.767 437.831 162.155 434.48 161.428C433.335 161.179 432.123 161.543 431.006 160.978C430.853 160.93 430.687 160.944 430.544 161.017C430.401 161.091 430.293 161.217 430.242 161.37C429.641 163.858 427.598 162.385 426.243 162.748C426.062 162.748 425.642 162.614 425.623 162.49C425.126 159.514 422.826 161.064 421.279 160.873C418.699 160.622 416.106 161.187 413.863 162.49C413.598 162.661 413.301 162.775 412.99 162.825C412.679 162.875 412.361 162.86 412.056 162.781C411.751 162.702 411.466 162.56 411.219 162.365C410.971 162.17 410.766 161.926 410.617 161.648C410.169 160.825 409.358 161.179 408.785 161.255C406.666 161.543 404.451 161.255 403.201 163.945C402.456 165.514 400.099 165.935 398.237 166.232C397.626 166.327 397.521 165.514 397.798 164.882C397.922 164.586 398.428 164.279 398.056 163.925C397.684 163.571 397.264 163.839 396.872 164.088C396.202 164.506 395.511 164.889 394.801 165.236C394.238 165.514 394.142 165.696 394.515 166.308C395.154 167.37 394.916 168.117 393.427 168.222C392.516 168.3 391.633 168.57 390.835 169.016C390.037 169.461 389.342 170.071 388.797 170.806C388.721 170.902 388.702 171.045 388.616 171.112C388.062 171.552 387.575 172.643 386.859 172.069C386.144 171.495 386.44 170.547 387.194 169.897C387.301 169.827 387.394 169.737 387.466 169.63C387.538 169.524 387.588 169.405 387.613 169.279C387.637 169.153 387.637 169.023 387.611 168.898C387.585 168.772 387.534 168.653 387.461 168.547C386.058 169.504 384.597 170.461 383.309 171.533C380.006 174.404 377.477 177.906 374.861 181.361C373.079 183.707 371.483 186.19 370.089 188.787C369.325 190.213 370.012 191.849 369.315 193.361C368.743 194.624 369 194.72 367.55 194.844C367.387 194.844 367.177 195.17 367.13 195.371C366.175 199.198 364.266 202.749 364.008 206.73C363.941 207.83 362.93 208.586 363.197 209.849C363.436 210.959 363.14 212.108 364.037 213.16C364.81 214.069 364.495 214.615 363.245 215.122C362.853 215.285 362.911 215.553 362.853 215.83C362.042 219.811 362.853 223.744 363.111 227.706C363.254 229.725 363.388 231.744 363.588 233.754C364.18 239.783 364.953 245.802 367.569 251.362C369.341 254.951 371.677 258.23 374.489 261.075C376.617 263.314 378.698 265.62 380.827 267.85C384.645 271.898 388.95 275.506 394.477 277.563C397.184 278.662 399.946 279.62 402.752 280.434C405.812 281.345 408.945 281.985 412.116 282.348C414.436 282.53 416.889 282.032 419.151 283.257C419.934 283.687 420.258 282.625 420.964 282.587C422.481 282.417 424.014 282.462 425.518 282.721C426.816 283.018 427.57 282.903 427.56 281.41C427.56 280.108 428.219 279.974 429.364 280.309C430.09 280.52 430.958 280.692 430.977 279.352C430.977 277.439 431.579 277.094 433.535 277.649C433.841 277.761 434.166 277.806 434.49 277.783C434.363 277.303 434.097 276.872 433.724 276.545C433.352 276.218 432.891 276.009 432.4 275.946C430.74 275.566 429.108 275.077 427.512 274.482C426.043 274.015 424.725 273.162 423.694 272.013C422.937 271.29 422.022 270.756 421.022 270.453C420.334 270.147 419.81 269.687 420.172 268.941C420.535 268.194 421.318 268.156 422.081 268.558C423.093 269.094 424.181 269.515 425.212 269.955C428.485 271.299 431.867 272.359 435.32 273.123C440.198 274.424 445.267 275.496 450.373 276.462L450.354 276.491ZM468.576 198.624C468.7 199.208 469.406 199.371 470.055 199.38C470.418 199.294 471.01 199.591 471.058 198.931C471.134 197.897 470.103 198.28 469.588 197.974C469.072 197.667 468.48 198.088 468.595 198.605L468.576 198.624Z" fill="#262522"/>
<path d="M413.958 233.811C415.208 232.357 416.879 232.118 418.73 232.357C422.148 232.787 425.164 236.51 425.049 240.252C425.049 242.108 423.971 243.543 423.236 245.103C423.035 245.534 422.558 245.524 422.1 245.591C421.145 245.725 419.933 244.271 419.074 245.907C418.988 246.079 418.549 245.744 418.291 245.572C416.084 244.159 414.296 242.176 413.118 239.83C412.58 238.874 412.37 237.766 412.522 236.678C412.674 235.591 413.178 234.583 413.958 233.811ZM419.904 243.457C420.067 241.103 419.733 239.4 417.862 238.003C417.595 240.223 419.179 241.429 419.904 243.467V243.457Z" fill="#262522"/>
<path d="M439.94 170.069C438.68 170.366 436.504 168.787 436.409 171.648C436.397 171.741 436.364 171.831 436.312 171.909C436.26 171.988 436.19 172.053 436.109 172.099C436.027 172.146 435.936 172.172 435.842 172.177C435.748 172.182 435.655 172.164 435.569 172.126C434.614 171.705 433.984 172.289 433.24 172.643C431.588 173.428 429.927 174.184 428.267 174.949C427.665 175.227 426.94 175.399 426.615 174.748C426.291 174.098 426.959 173.791 427.503 173.476L431.636 171.476C431.98 171.313 432.362 171.122 432.285 170.71C432.209 170.299 431.684 170.452 431.331 170.385C430.466 170.295 429.594 170.458 428.82 170.854C428.066 171.141 427.379 171.294 427.169 170.452C427.109 170.278 427.091 170.092 427.116 169.91C427.14 169.727 427.207 169.553 427.311 169.402C427.415 169.25 427.553 169.125 427.714 169.036C427.875 168.948 428.055 168.898 428.238 168.892C429.565 168.7 430.872 168.394 432.199 168.212C432.365 168.159 432.542 168.151 432.712 168.187C432.882 168.223 433.04 168.303 433.17 168.419C433.3 168.535 433.397 168.682 433.453 168.847C433.509 169.013 433.521 169.19 433.488 169.361C433.488 169.925 433.755 170.404 434.328 170.318C434.901 170.232 436.036 170.145 436.017 169.61C435.941 167.696 437.22 168.212 438.69 168.165C439.167 168.149 439.645 168.191 440.112 168.289C441 168.528 442.021 168.94 441.678 170.05C441.334 171.16 440.513 169.935 439.94 170.069Z" fill="#262522"/>
<path d="M431.044 193.553C431.748 193.316 432.398 192.939 432.953 192.443C433.258 192.088 433.773 191.84 433.296 191.237C432.619 190.376 433.182 189.763 433.745 189.074C434.547 188.117 435.549 187.342 436.36 186.366C437.045 185.72 437.828 185.187 438.68 184.787C439.329 184.663 439.462 184.883 439.51 185.237C439.595 185.566 439.575 185.913 439.453 186.23C439.332 186.548 439.115 186.819 438.832 187.007C437.946 187.422 437.128 187.97 436.408 188.634C435.749 189.39 434.594 190.012 436.255 190.94C436.344 191.005 436.416 191.09 436.466 191.188C436.516 191.286 436.542 191.395 436.542 191.505C436.542 191.615 436.516 191.723 436.466 191.821C436.416 191.92 436.344 192.004 436.255 192.069C435.087 193.415 433.699 194.55 432.151 195.428C431.464 195.763 430.939 195.859 430.585 195.17C430.496 195.037 430.437 194.886 430.412 194.728C430.387 194.57 430.396 194.409 430.44 194.255C430.484 194.101 430.56 193.958 430.665 193.837C430.769 193.716 430.898 193.619 431.044 193.553Z" fill="#262522"/>
<path d="M468.604 207.61C466.81 208.347 465.741 211.323 466.838 212.031C468.317 212.988 467.478 213.687 467.039 214.558C466.259 215.758 465.557 217.008 464.939 218.299C464.864 218.548 464.705 218.761 464.488 218.903C464.272 219.045 464.012 219.106 463.755 219.074C463.097 217.361 464.185 216.06 464.968 214.787C465.191 214.507 465.343 214.178 465.413 213.827C465.483 213.475 465.468 213.112 465.368 212.768C464.194 209.562 464.758 207.677 467.554 206.069C468.136 205.735 469.005 205.113 469.463 205.945C469.892 206.548 469.673 207.17 468.604 207.61Z" fill="#262522"/>
<path d="M434.928 259.831C435.558 259.19 436.274 259.429 436.837 260.032C437.229 260.434 437.601 260.845 438.021 261.199C439.663 262.577 442.507 262.386 443.567 260.711C444.12 259.84 444.588 259.333 445.476 260.089C446.364 260.845 445.867 261.802 445.285 262.319C440.245 265.439 437.057 262.692 435.158 261.888C434.988 261.784 434.844 261.642 434.737 261.474C434.63 261.305 434.563 261.114 434.541 260.916C434.519 260.717 434.542 260.516 434.609 260.328C434.677 260.14 434.786 259.97 434.928 259.831Z" fill="#262522"/>
<path d="M419.131 167.992C419.351 167.992 419.627 167.772 419.818 167.83C421.324 168.169 422.871 168.285 424.41 168.174C425.106 168.174 425.927 168.117 425.937 169.055C425.937 170.136 424.982 169.916 424.305 170.012C422.873 170.232 421.536 169.275 420.105 169.744C420.601 172.174 418.74 173.945 416 173.658C415.571 173.658 415.113 173.715 415.046 173.055C414.979 172.394 415.218 172.241 415.876 172.165C417.27 171.992 418.072 170.997 418.854 169.973C418.387 169.303 416.945 170.04 417.193 168.959C417.339 168.586 417.619 168.28 417.977 168.102C418.335 167.923 418.746 167.884 419.131 167.992Z" fill="#262522"/>
<path d="M412.47 220.012C411.993 220.309 411.811 219.85 411.62 219.61C409.864 217.448 409.416 214.826 408.566 212.05C409.788 210.538 409.339 208.625 409.454 206.797C409.454 206.395 409.778 206.29 410.103 206.376C410.335 206.451 410.536 206.6 410.676 206.8C410.815 207.001 410.886 207.242 410.876 207.486C411.036 208.915 411.294 210.332 411.649 211.725C411.773 212.366 411.926 213.342 411.582 213.639C410.217 214.95 411.324 216.031 411.668 217.199C411.868 217.888 412.47 218.424 412.47 219.189C412.479 219.486 412.909 219.763 412.47 220.012Z" fill="#262522"/>
<path d="M464.224 178.519C463.378 177.679 462.413 176.969 461.36 176.414C459.155 175.185 456.857 174.133 454.488 173.265C454.125 173.16 453.867 172.873 453.829 172.203C454.096 171.638 454.488 171.246 455.423 171.725C457.8 173.036 460.301 174.117 462.801 175.189C463.82 175.733 464.744 176.438 465.541 177.275C465.668 177.385 465.772 177.52 465.846 177.672C465.919 177.824 465.96 177.989 465.968 178.158C465.975 178.326 465.947 178.495 465.887 178.652C465.827 178.81 465.735 178.953 465.617 179.074C465.15 179.495 464.634 178.892 464.224 178.519Z" fill="#262522"/>
<path d="M447.185 177.581C446.336 176.624 444.847 176.509 444.188 175.61C443.915 175.201 443.503 174.905 443.03 174.777C442.556 174.649 442.052 174.696 441.611 174.911C440.916 175.056 440.21 175.136 439.501 175.15C439.228 175.175 438.953 175.175 438.68 175.15C438.165 175.045 437.344 175.524 437.287 174.48C437.229 173.437 438.05 173.839 438.575 173.677C440.322 173.141 442.241 173.39 443.902 172.519C444.15 172.385 444.446 172.308 444.512 172.519C444.999 174.28 446.756 174.777 447.93 175.839C448.121 176.041 448.228 176.308 448.228 176.586C448.228 176.864 448.121 177.131 447.93 177.332C447.777 177.591 447.452 177.878 447.185 177.581Z" fill="#262522"/>
<path d="M455.433 185.954C455.137 185.438 455.433 184.854 456.072 185.112C457.504 185.639 459.442 186.136 459.89 187.352C460.768 189.533 462.458 189.782 464.281 190.222C465.411 190.597 466.427 191.256 467.231 192.136C467.429 192.413 467.511 192.757 467.46 193.093C467.46 193.237 467.116 193.371 466.916 193.524C466.331 192.95 465.665 192.466 464.94 192.088C462.401 191.045 459.461 190.643 457.991 187.887C457.829 187.581 457.284 187.419 456.893 187.265C456.271 187.009 455.755 186.547 455.433 185.954Z" fill="#262522"/>
<path d="M463.726 185.629C463.459 185.734 462.905 185.179 462.514 184.892C462.123 184.605 461.913 184.318 461.407 184.299C460.901 184.28 459.851 184.155 459.985 183.342C460.118 182.528 460.939 182.27 461.808 182.385C462.169 182.427 462.523 182.52 462.858 182.662C465.101 184.04 467.793 184.452 470.007 185.906C470.675 186.347 471.439 186.71 471.038 187.533C470.561 188.49 469.749 187.792 469.129 187.533C467.392 186.854 466.179 184.71 463.726 185.629Z" fill="#262522"/>
<path d="M473.998 191.371C475.564 192.557 477.005 193.935 478.923 194.586C480.842 195.237 481.176 196.959 481.978 198.414C482.036 198.525 482.069 198.647 482.076 198.772C482.083 198.897 482.063 199.023 482.018 199.139C481.973 199.256 481.904 199.362 481.814 199.45C481.725 199.538 481.618 199.605 481.501 199.648C480.861 199.888 480.708 199.371 480.546 198.892C479.973 197.543 479.21 196.146 477.74 195.744C475.831 195.218 474.619 193.83 473.13 192.787C472.935 192.681 472.764 192.538 472.627 192.364C472.489 192.191 472.387 191.992 472.327 191.779C472.268 191.566 472.252 191.343 472.279 191.123C472.307 190.903 472.379 190.691 472.49 190.5C473.009 190.761 473.513 191.052 473.998 191.371Z" fill="#262522"/>
<path d="M371.1 231.486C371.255 232.243 371.482 232.983 371.778 233.697C371.778 233.878 372.045 234.472 371.778 234.424C371.336 234.359 370.904 234.244 370.489 234.079C370.489 232.558 367.989 231.4 369.773 229.601C369.842 229.473 369.878 229.33 369.878 229.185C369.878 229.039 369.842 228.896 369.773 228.768C368.498 226.479 367.342 224.125 366.309 221.716C366.07 221.237 365.431 220.759 366.061 220.347C366.691 219.936 367.015 220.586 367.464 220.95C367.783 221.303 368.009 221.731 368.122 222.194C369.334 225.237 370.966 228.118 371.1 231.486Z" fill="#262522"/>
<path d="M476.164 189.705C475.639 189.399 475.038 188.949 475.314 188.251C475.591 187.552 476.183 187.428 476.851 187.859C476.974 187.957 477.127 188.011 477.285 188.011C477.443 188.011 477.596 187.957 477.72 187.859C478.101 187.495 477.634 187.198 477.49 186.902C476.97 185.87 476.106 185.054 475.047 184.595C474.93 184.552 474.824 184.484 474.736 184.395C474.648 184.306 474.581 184.199 474.539 184.081C474.497 183.964 474.481 183.838 474.493 183.713C474.505 183.589 474.544 183.469 474.608 183.361C474.708 183.164 474.873 183.008 475.075 182.919C475.277 182.83 475.503 182.813 475.715 182.873C476.956 183.083 479.771 186.375 479.771 187.61C479.724 189.801 478.073 190.796 476.164 189.705Z" fill="#262522"/>
<path d="M412.192 174.433C411.358 174.657 410.615 175.135 410.064 175.801C408.737 177.103 407.201 178.222 406.666 180.127C406.587 180.401 406.413 180.638 406.175 180.796C405.937 180.954 405.651 181.022 405.368 180.988C404.681 180.902 405.015 180.337 404.929 180.031C404.901 179.643 405.009 179.257 405.234 178.94C406.354 177.087 407.74 175.411 409.348 173.964C409.992 173.404 410.728 172.96 411.524 172.653C411.658 172.568 411.809 172.514 411.966 172.494C412.123 172.474 412.283 172.489 412.434 172.537C412.585 172.586 412.723 172.666 412.84 172.774C412.956 172.882 413.048 173.013 413.108 173.16C413.366 173.878 412.975 174.261 412.192 174.433Z" fill="#262522"/>
<path d="M430.862 179.61C431.406 179.38 431.96 179.323 431.988 178.653C432.046 177.074 433.277 177.141 434.155 176.988C435.024 176.988 435.883 176.796 436.064 177.677C436.303 178.739 435.215 178.825 434.623 178.93C433.392 179.16 432.198 179.217 432.218 180.844C432.218 181.007 431.778 181.275 431.521 181.332C430.175 181.6 429.364 182.662 428.285 183.332C427.846 183.61 427.617 184.519 426.939 183.83C426.462 183.342 426.634 182.72 427.14 182.232C428.201 181.127 429.465 180.237 430.862 179.61Z" fill="#262522"/>
<path d="M371.091 216.892C370.461 217.132 370.137 216.663 369.917 216.069C369.447 214.656 369.127 213.196 368.963 211.715C368.457 209.266 368.486 206.73 367.741 204.404C367.665 203.964 367.856 203.658 368.142 203.591C368.648 203.476 369.001 203.974 369.096 204.27C369.45 205.715 369.688 207.141 369.975 208.653C370.423 210.988 370.394 213.438 371.196 215.687C371.311 216.127 371.778 216.634 371.091 216.892Z" fill="#262522"/>
<path d="M415.076 191.007C415.276 189.189 417.338 188.605 417.863 187.007C417.863 186.921 418.197 186.921 418.34 186.883C418.769 186.959 419.39 186.787 419.075 187.543C418.569 188.739 418.473 190.596 417.824 191.093C416.316 192.251 415.82 193.801 414.961 195.227C414.878 195.329 414.774 195.412 414.657 195.471C414.54 195.531 414.412 195.566 414.281 195.573C414.15 195.581 414.018 195.562 413.895 195.516C413.772 195.471 413.659 195.4 413.565 195.309C413.47 195.218 413.395 195.108 413.344 194.987C413.294 194.865 413.269 194.735 413.271 194.603C413.273 194.471 413.302 194.342 413.356 194.222C413.411 194.102 413.489 193.995 413.587 193.907C414.06 193.59 414.445 193.157 414.706 192.65C414.966 192.143 415.094 191.577 415.076 191.007Z" fill="#262522"/>
<path d="M439.836 196.27C439.359 196.78 438.775 197.179 438.128 197.438C438.023 197.436 437.92 197.405 437.833 197.347C437.745 197.29 437.675 197.208 437.631 197.113C437.492 196.885 437.437 196.616 437.475 196.352C437.513 196.088 437.643 195.846 437.841 195.668C439.537 193.556 441.76 191.932 444.284 190.959C444.685 190.825 445.467 190.156 445.839 191.093C446.126 191.83 445.62 192.146 444.98 192.423C442.99 193.286 441.229 194.604 439.836 196.27Z" fill="#262522"/>
<path d="M441.067 206.519C440.875 206.366 440.736 206.156 440.669 205.919C440.602 205.682 440.611 205.43 440.694 205.199C440.78 204.701 447.07 199.763 447.633 199.734C447.809 199.722 447.985 199.767 448.133 199.864C448.281 199.961 448.394 200.104 448.454 200.27C448.509 200.364 448.545 200.468 448.559 200.576C448.573 200.684 448.565 200.793 448.535 200.898C448.506 201.002 448.456 201.1 448.387 201.185C448.319 201.269 448.235 201.339 448.139 201.39C445.877 202.758 444.188 204.816 442.012 206.29C441.716 206.491 441.544 206.797 441.067 206.519Z" fill="#262522"/>
<path d="M418.789 202.577C418.388 202.519 418.551 202.088 418.426 201.849C418.191 201.514 418.074 201.11 418.092 200.701C418.116 200.331 418.193 199.967 418.322 199.62C418.866 197.706 420.326 196.242 421.309 194.548C421.748 193.801 422.397 193.198 423.218 193.639C424.392 194.289 423.323 194.998 422.941 195.553C421.538 197.533 419.486 199.151 419.448 201.868C419.419 202.012 419.295 202.644 418.789 202.577Z" fill="#262522"/>
<path d="M416.325 182.155C416.955 182.749 416.545 183.457 415.943 184.069C414.264 185.686 412.126 186.835 410.694 188.691C410.553 188.85 410.358 188.952 410.147 188.976C409.936 189.001 409.723 188.947 409.549 188.825C409.272 188.634 409.033 188.538 409.062 188.251C409.062 187.677 409.463 187.438 409.768 187.16C411.4 185.677 413.042 184.203 414.674 182.72C415.161 182.251 415.772 181.591 416.325 182.155Z" fill="#262522"/>
<path d="M402.075 218.711C403.754 220.902 404.728 223.582 406.961 225.409C407.171 225.572 407.524 225.754 407.343 226.118C407.162 226.481 406.913 226.539 406.389 226.491C406.042 226.397 405.717 226.234 405.434 226.012C403.534 224.017 401.889 221.793 400.538 219.39C400.473 219.284 400.432 219.164 400.42 219.04C400.408 218.916 400.424 218.79 400.467 218.673C400.51 218.556 400.58 218.45 400.67 218.364C400.76 218.278 400.868 218.213 400.987 218.175C401.55 217.878 401.741 218.28 402.075 218.711Z" fill="#262522"/>
<path d="M433.126 222.318C432.759 220.59 432.633 218.818 432.753 217.055V212.94C432.753 212.414 432.916 211.897 433.527 211.916C434.137 211.936 434.271 212.452 434.252 212.979C434.233 213.505 434.252 213.83 434.252 214.251C434.252 216.902 433.775 219.572 434.595 222.204C434.7 222.539 434.805 223.161 434.128 223.161C433.45 223.161 433.288 222.854 433.126 222.318Z" fill="#262522"/>
<path d="M426.272 166.002C423.732 165.538 421.159 165.282 418.578 165.236C418.034 165.236 417.48 165.122 417.461 164.557C417.461 163.849 418.091 163.878 418.654 163.744C419.428 163.562 420.019 164.059 420.783 164.012C422.617 163.928 424.455 163.985 426.281 164.184C426.987 164.26 428.009 164.49 427.866 165.571C427.722 166.653 426.863 165.878 426.272 166.002Z" fill="#262522"/>
<path d="M458.382 239.103C458.707 239.735 458.917 240.271 458.211 240.663C458.057 240.746 457.886 240.791 457.712 240.796C457.538 240.8 457.365 240.764 457.207 240.689C457.05 240.615 456.911 240.505 456.804 240.367C456.696 240.23 456.622 240.069 456.588 239.897C456.044 238.271 454.736 236.807 455.319 235.199C455.319 234.539 455.319 234.175 455.319 233.811C455.319 233.17 455.099 232.165 455.93 232.137C456.76 232.108 456.808 233.094 456.827 233.811C456.93 235.672 457.462 237.484 458.382 239.103Z" fill="#262522"/>
<path d="M400.099 169.725C399.545 170.088 399.144 169.897 399.001 169.457C398.829 168.844 399.335 168.691 399.851 168.5C402.953 167.591 406.026 166.586 408.508 164.461C408.871 164.146 409.31 163.906 409.634 164.27C409.716 164.36 409.777 164.466 409.815 164.581C409.853 164.696 409.867 164.818 409.855 164.939C409.843 165.059 409.807 165.176 409.747 165.282C409.688 165.388 409.607 165.48 409.51 165.552C406.838 168.04 403.21 168.442 400.099 169.725Z" fill="#262522"/>
<path d="M424.258 190.978C423.504 191.619 423.189 191.045 422.941 190.328C423.142 189.935 423.237 189.313 423.581 189.112C425.327 188.155 426.377 186.471 427.847 185.237C428.238 184.911 428.677 184.433 429.126 184.777C429.574 185.122 429.441 185.734 429.126 186.251C427.741 188.055 426.101 189.648 424.258 190.978Z" fill="#262522"/>
<path d="M381.352 244.874C382.831 245.831 384.282 246.787 385.78 247.744C386.248 248.041 386.611 248.347 386.429 248.893C386.248 249.438 385.695 249.189 385.303 249.209C383.862 249.285 382.917 248.252 382.001 247.467C380.542 246.483 379.419 245.073 378.785 243.429C380.273 243.409 380.627 244.395 381.352 244.874Z" fill="#262522"/>
<path d="M441.543 215.869C441.595 215.596 441.741 215.35 441.956 215.175C442.171 215 442.44 214.907 442.717 214.912C443.366 215.026 443.357 215.763 443.204 216.299C442.498 218.749 441.725 221.189 441.009 223.639C440.885 224.05 440.847 224.596 440.312 224.443C439.778 224.29 439.844 223.792 439.892 223.361C440.248 220.825 440.8 218.32 441.543 215.869Z" fill="#262522"/>
<path d="M439.453 178.921C439.787 178.576 439.931 178.098 440.685 178.098C441.104 178.356 441.515 178.49 441.133 179.39C440.284 181.37 438.537 182.385 436.915 183.533C436.791 183.647 436.642 183.73 436.48 183.776C436.319 183.822 436.149 183.83 435.984 183.798C435.819 183.766 435.663 183.697 435.53 183.594C435.397 183.492 435.289 183.359 435.216 183.208C435.155 183.027 435.134 182.835 435.154 182.645C435.174 182.455 435.235 182.272 435.331 182.108C435.428 181.943 435.559 181.802 435.716 181.693C435.872 181.584 436.05 181.51 436.237 181.476C437.879 181.198 438.499 179.878 439.453 178.921Z" fill="#262522"/>
<path d="M400.624 173.744C400.676 173.8 400.714 173.868 400.734 173.942C400.754 174.016 400.757 174.094 400.741 174.169C400.725 174.244 400.691 174.314 400.643 174.373C400.594 174.432 400.532 174.479 400.461 174.509C398.785 175.526 397.357 176.906 396.281 178.548C395.976 178.969 395.184 179.504 394.659 179.083C393.991 178.595 394.411 177.811 394.802 177.303C395.865 175.955 397.097 174.749 398.467 173.715C398.76 173.534 399.083 173.408 399.421 173.342C400.061 173.303 400.376 173.418 400.624 173.744Z" fill="#262522"/>
<path d="M497.527 228.95C498.166 229.084 498.214 229.505 498.214 230.022C498.207 232.461 497.886 234.889 497.26 237.247C496.458 236.778 495.838 236.452 495.933 235.754C496.219 233.754 496.086 231.706 496.639 229.725C496.811 229.256 496.821 228.806 497.527 228.95Z" fill="#262522"/>
<path d="M486.665 200.213C486.848 200.093 487.071 200.049 487.286 200.09C487.501 200.131 487.692 200.254 487.82 200.433C489.158 202.036 490.115 203.925 490.616 205.955C490.807 206.644 490.301 207.256 489.662 207.792C489.452 207.534 489.213 207.361 489.165 207.151C488.569 204.977 487.6 202.924 486.302 201.084C486.016 200.663 486.407 200.404 486.665 200.213Z" fill="#262522"/>
<path d="M426.597 181.141C426.988 181.811 426.205 181.801 425.929 181.935C423.934 182.959 421.519 182.978 419.696 184.414C419.64 184.468 419.571 184.507 419.495 184.526C419.419 184.544 419.339 184.542 419.264 184.52C419.189 184.498 419.122 184.455 419.069 184.398C419.015 184.341 418.978 184.27 418.961 184.194C418.761 183.677 418.646 183.055 419.21 182.691C421.118 181.495 423.466 181.332 425.308 180.26C425.582 180.277 425.847 180.367 426.074 180.522C426.301 180.677 426.481 180.891 426.597 181.141Z" fill="#262522"/>
<path d="M406.084 218.481C404.891 216.567 404.548 214.357 403.822 212.146C403.975 211.878 404.089 211.352 404.404 211.189C404.863 210.95 405.235 211.467 405.416 211.801C406.561 213.869 406.695 216.261 407.525 218.433C407.592 218.605 407.43 219.046 407.334 219.055C407.093 219.085 406.849 219.048 406.628 218.946C406.407 218.845 406.219 218.684 406.084 218.481Z" fill="#262522"/>
<path d="M387.871 252.3C388.435 252.517 388.986 252.767 389.522 253.046C391.746 254.73 394.066 256.29 396.337 257.917C396.662 258.147 397.511 258.07 397.139 258.778C396.767 259.486 396.127 258.893 395.717 258.702C392.853 257.333 390.667 254.874 387.775 253.553C387.601 253.484 387.454 253.357 387.361 253.194C387.267 253.03 387.232 252.84 387.26 252.654C387.317 252.29 387.508 252.07 387.871 252.3Z" fill="#262522"/>
<path d="M396.605 212.538C396.701 212.864 396.796 213.38 396.414 213.495C396.032 213.61 395.727 213.199 395.46 212.825C394.62 211.476 394.601 209.868 393.971 208.443C393.513 207.409 393.188 206.318 392.816 205.304C392.969 204.825 392.558 204.155 393.37 204.098C393.961 204.098 394.209 204.433 394.324 204.978C395.116 207.543 395.889 210.05 396.605 212.538Z" fill="#262522"/>
<path d="M480.851 192.557C480.288 192.146 480.717 191.706 480.908 191.285C481.099 190.863 481.49 190.892 481.863 191.007C483.256 191.486 485.862 195.868 485.68 197.82C483.609 196.108 482.702 193.916 480.851 192.557Z" fill="#262522"/>
<path d="M387.643 180.959C387.519 181.533 387.442 182.194 386.746 182.031C386.192 181.907 385.686 181.39 385.791 180.289C386.288 178.519 387.757 176.911 389.074 175.227C389.237 175.016 389.895 175.045 390.277 175.371C390.659 175.696 390.325 176.232 390.153 176.452C388.989 177.746 388.131 179.287 387.643 180.959Z" fill="#262522"/>
<path d="M406.227 240.845C406.523 240.395 406.867 240.663 407.182 240.788C409.925 241.942 412.477 243.507 414.751 245.429C414.894 245.537 414.998 245.689 415.048 245.861C415.098 246.034 415.091 246.218 415.028 246.386C415.028 246.51 414.742 246.568 414.608 246.654C414.474 246.74 414.169 246.606 414.045 246.491C411.821 244.462 409.11 243.17 406.514 241.706C406.18 241.572 405.922 241.247 406.227 240.845Z" fill="#262522"/>
<path d="M410.694 169.954C409.167 171.035 407.63 172.098 406.046 173.093C405.492 173.447 404.748 173.696 404.519 172.614C404.576 172.385 404.519 172.05 404.7 171.935C406.418 170.701 408.145 169.485 409.911 168.318C410.503 167.925 410.865 168.567 411.066 168.911C411.266 169.256 410.999 169.724 410.694 169.954Z" fill="#262522"/>
<path d="M404.212 202.165C404.27 201.457 404.489 200.586 405.472 200.452C406.312 200.586 406.064 201.208 406.026 201.601C405.825 203.247 405.52 204.883 405.3 206.529C405.234 207.017 404.881 207.247 404.594 207.553C404.308 207.859 403.84 208.366 403.334 208.07C403.116 207.901 402.972 207.653 402.935 207.379C402.897 207.105 402.969 206.827 403.134 206.605C404.088 205.237 404.098 203.725 404.212 202.165Z" fill="#262522"/>
<path d="M493.679 242.95C493.851 242.472 493.25 241.543 494.338 241.582C495.426 241.62 495.197 242.443 495.197 243.496C494.653 244.883 494.452 246.788 493.526 248.481C493.25 248.979 492.982 249.505 492.286 249.065C491.589 248.625 491.809 248.242 492.038 247.649C492.639 246.118 493.087 244.52 493.679 242.95Z" fill="#262522"/>
<path d="M423.867 217.974C423.699 218.064 423.504 218.09 423.318 218.048C423.132 218.006 422.968 217.898 422.855 217.744C422.502 217.333 421.9 217.093 421.9 216.471C421.684 214.513 421.471 212.554 421.261 210.596C421.227 210.511 421.21 210.419 421.213 210.327C421.216 210.236 421.238 210.145 421.277 210.062C421.317 209.98 421.373 209.906 421.443 209.846C421.512 209.786 421.593 209.742 421.681 209.715C422.235 209.466 422.168 210.088 422.416 210.289C422.646 210.487 422.822 210.74 422.928 211.024C423.033 211.309 423.064 211.616 423.017 211.916C422.888 213.661 423.217 215.41 423.972 216.988C424.134 217.323 424.21 217.763 423.867 217.974Z" fill="#262522"/>
<path d="M385.59 240.797C385.332 240.532 385.151 240.201 385.066 239.84C384.975 239.644 384.961 239.422 385.026 239.216C385.092 239.011 385.232 238.837 385.419 238.73C385.848 238.424 386.115 238.73 386.373 238.998C388.333 241.186 390.286 243.378 392.233 245.572L391.832 245.945C389.399 244.663 387.843 242.319 385.59 240.797Z" fill="#262522"/>
<path d="M469.617 267.343C469.76 266.692 470.161 266.386 470.801 266.52C471.44 266.654 471.545 267.247 471.497 267.754C471.497 269.247 469.245 271.515 467.766 271.582C467.384 271.582 466.811 271.821 466.658 271.238C466.602 271.016 466.612 270.783 466.686 270.567C466.761 270.351 466.897 270.161 467.078 270.022C467.937 269.142 469.312 268.702 469.617 267.343Z" fill="#262522"/>
<path d="M401.063 225.103C401.261 225.025 401.476 225 401.686 225.03C401.897 225.06 402.097 225.145 402.265 225.275C403.571 226.293 404.805 227.399 405.959 228.586C406.741 229.543 407.686 230.309 408.469 231.247C408.595 231.374 408.665 231.546 408.665 231.725C408.665 231.904 408.595 232.076 408.469 232.204C408.173 232.481 407.915 232.204 407.696 231.964L401.253 226.06C401.072 225.897 400.929 225.706 400.728 225.476C400.881 225.352 400.948 225.132 401.063 225.103Z" fill="#262522"/>
<path d="M375.301 214.605C375.604 214.568 375.91 214.637 376.168 214.801C376.425 214.965 376.618 215.214 376.713 215.505C377.486 217.419 377.763 219.524 379.223 221.17C379.462 221.438 379.538 222.003 378.87 222.06C378.231 221.744 377.534 221.515 377.21 220.883C376.408 219.275 375.625 217.658 374.909 216.012C374.728 215.515 374.661 214.739 375.301 214.605Z" fill="#262522"/>
<path d="M385.017 216.452C385.539 216.877 385.968 217.404 386.277 218.002C387.022 219.639 387.862 221.237 388.568 222.883C388.73 223.285 389.599 223.84 388.806 224.213C388.014 224.586 387.528 223.897 387.375 223.361C386.917 221.763 385.743 220.567 385.103 219.074C384.736 218.35 384.318 217.653 383.853 216.988C383.963 216.8 384.088 216.621 384.225 216.452C384.274 216.394 384.334 216.347 384.403 216.315C384.471 216.283 384.546 216.266 384.621 216.266C384.697 216.266 384.772 216.283 384.84 216.315C384.909 216.347 384.969 216.394 385.017 216.452Z" fill="#262522"/>
<path d="M485.327 247.553C485.089 247.993 484.716 248.653 484.077 248.395C483.437 248.137 483.437 247.438 483.638 246.807C484.161 245.666 484.508 244.453 484.669 243.208C484.669 242.5 484.716 241.582 485.671 241.591C486.625 241.601 486.482 242.548 486.549 243.505C486.345 244.908 485.933 246.272 485.327 247.553Z" fill="#262522"/>
<path d="M380.293 194.969C381.18 195.16 380.875 195.792 380.732 196.261C380.197 198.021 379.3 199.725 380.025 201.371C380.149 202.222 380.083 202.873 379.405 202.94C378.727 203.007 378.737 202.309 378.556 201.792C377.802 199.696 378.718 197.782 379.1 195.821C379.11 195.681 379.152 195.545 379.22 195.423C379.289 195.302 379.384 195.196 379.498 195.115C379.611 195.034 379.742 194.979 379.879 194.953C380.016 194.928 380.158 194.933 380.293 194.969Z" fill="#262522"/>
<path d="M380.321 191.486C380.321 191.744 380.168 192.443 379.548 192.27C379.341 192.2 379.168 192.055 379.063 191.864C378.957 191.673 378.926 191.45 378.975 191.237C379.328 188.892 380.779 187.026 381.838 184.997C381.909 184.892 382 184.803 382.106 184.733C382.212 184.664 382.33 184.616 382.454 184.593C382.579 184.57 382.706 184.572 382.83 184.598C382.954 184.625 383.071 184.676 383.174 184.749C383.738 185.093 383.27 185.514 383.089 185.964C382.363 187.916 380.636 189.371 380.321 191.486Z" fill="#262522"/>
<path d="M447.653 185.237C446.623 186.261 445.697 187.342 444.79 188.423C444.301 188.818 443.758 189.14 443.177 189.38C443.005 189.218 442.786 189.093 442.69 188.911C442.604 188.718 442.585 188.501 442.635 188.295C442.685 188.088 442.802 187.905 442.967 187.773C444.151 186.529 445.315 185.269 446.46 183.993C446.909 183.495 447.415 183.103 447.987 183.639C448.56 184.175 447.997 184.892 447.653 185.237Z" fill="#262522"/>
<path d="M417.577 175.916C419.041 175.292 420.558 174.802 422.11 174.452C422.874 174.385 423.427 174.452 423.513 174.873C423.538 174.989 423.539 175.108 423.517 175.225C423.495 175.341 423.449 175.452 423.383 175.55C423.318 175.648 423.232 175.732 423.133 175.797C423.034 175.861 422.923 175.905 422.807 175.926C421.302 176.309 419.861 176.912 418.531 177.715C418.025 177.993 417.348 178.385 417.033 177.476C416.966 177.338 416.928 177.188 416.919 177.034C416.91 176.881 416.932 176.728 416.982 176.583C417.033 176.438 417.111 176.304 417.213 176.19C417.315 176.076 417.439 175.983 417.577 175.916Z" fill="#262522"/>
<path d="M458.343 228.117C458.496 227.601 457.904 226.672 458.773 226.625C459.46 226.625 459.727 227.515 459.794 228.146C459.945 229.808 460.264 231.449 460.748 233.046C460.92 233.668 460.997 234.28 460.414 234.376C460.111 234.421 459.803 234.346 459.554 234.168C459.305 233.989 459.134 233.721 459.078 233.419C458.868 231.821 458.181 230.309 458.305 228.634C458.294 228.461 458.307 228.287 458.343 228.117Z" fill="#262522"/>
<path d="M384.96 227.639C385.647 227.476 386.001 227.974 386.325 228.395C387.547 230.031 388.32 231.974 389.923 233.352C390.286 233.668 390.458 234.118 390.047 234.443C389.637 234.768 389.246 234.519 388.911 234.175C388.162 233.538 387.466 232.84 386.831 232.089C385.972 230.864 385.313 229.524 384.636 228.347C384.617 227.945 384.655 227.706 384.96 227.639Z" fill="#262522"/>
<path d="M399.296 191.141C399.687 191.457 399.84 191.954 399.506 192.261C398.122 193.524 397.597 195.294 396.643 196.787C396.404 197.151 396.29 197.524 395.688 197.227C395.287 197.036 395.097 196.844 395.192 196.05C395.919 194.279 396.906 192.628 398.122 191.151C398.196 191.068 398.286 191.001 398.386 190.956C398.487 190.91 398.596 190.886 398.707 190.885C398.817 190.884 398.927 190.906 399.028 190.95C399.13 190.995 399.221 191.06 399.296 191.141Z" fill="#262522"/>
<path d="M377.19 183.61C377.146 183.745 377.075 183.869 376.982 183.975C376.888 184.082 376.774 184.168 376.646 184.228C376.518 184.288 376.379 184.321 376.238 184.325C376.097 184.329 375.956 184.304 375.825 184.251C375.138 183.945 375.138 183.437 375.434 182.748C376.034 181.302 377.025 180.052 378.297 179.141C378.747 178.709 379.262 178.35 379.824 178.079C379.927 178.157 380.013 178.256 380.077 178.368C380.14 178.481 380.181 178.606 380.195 178.735C380.209 178.864 380.197 178.994 380.16 179.118C380.122 179.242 380.06 179.357 379.977 179.457C378.713 180.583 377.754 182.012 377.19 183.61Z" fill="#262522"/>
<path d="M385.418 196.49C386.01 196.739 385.819 197.447 385.695 197.773C385.162 199.052 384.917 200.435 384.979 201.82C385.027 202.404 385.122 203.218 384.321 203.294C383.519 203.371 383.414 202.442 383.156 201.887C383.079 201.573 383.079 201.245 383.156 200.931C383.004 199.447 383.71 198.328 384.111 197.151C384.2 196.891 384.387 196.678 384.631 196.554C384.875 196.431 385.158 196.408 385.418 196.49Z" fill="#262522"/>
<path d="M391.078 225.113C391.38 225.158 391.663 225.287 391.895 225.485C392.128 225.682 392.301 225.941 392.395 226.232C393.148 228.068 394.161 229.786 395.402 231.333C395.612 231.591 396.117 231.84 395.736 232.213C395.354 232.586 394.934 232.347 394.59 232.012C393.165 230.603 391.915 229.025 390.868 227.314C390.688 226.925 390.606 226.498 390.63 226.07C390.735 225.735 390.381 225.055 391.078 225.113Z" fill="#262522"/>
<path d="M374.06 241.955C374.52 242.124 374.915 242.435 375.186 242.845C376.373 245.318 377.909 247.606 379.748 249.639C379.424 250.012 379.052 250.06 378.794 249.888C376.217 247.974 374.909 245.103 373.401 242.443C373.134 241.936 373.774 241.821 374.06 241.955Z" fill="#262522"/>
<path d="M473.768 266.041C473.959 265.726 474.159 265.362 474.589 265.448C474.769 265.478 474.933 265.571 475.05 265.712C475.168 265.852 475.231 266.03 475.228 266.214C475.228 267.726 475.295 269.238 475.228 270.75C475.219 270.919 475.175 271.085 475.1 271.237C475.026 271.389 474.921 271.525 474.793 271.636C474.664 271.746 474.515 271.83 474.354 271.882C474.193 271.933 474.023 271.952 473.854 271.936C473.157 271.936 472.986 271.362 473.033 270.606C473.911 269.285 472.861 267.515 473.768 266.041Z" fill="#262522"/>
<path d="M403.946 195.017C404.984 193.679 405.619 192.072 405.779 190.385C405.779 190.107 406.466 189.572 406.647 189.639C407.144 189.83 407.707 190.251 407.525 190.873C406.972 192.787 406.571 194.844 404.863 196.28C404.662 196.452 404.49 196.806 404.109 196.519C403.727 196.232 403.784 196.021 403.803 195.485C403.816 195.321 403.865 195.161 403.946 195.017Z" fill="#262522"/>
<path d="M450.077 202.653C450.852 202.111 451.482 201.384 451.909 200.538C452.119 200.146 452.329 199.648 452.797 199.801C453.079 199.888 453.329 200.058 453.514 200.288C453.7 200.518 453.812 200.798 453.837 201.093C453.306 202.348 452.501 203.466 451.48 204.366C451.022 204.749 450.525 205.495 449.848 204.758C449.687 204.624 449.563 204.452 449.485 204.258C449.407 204.063 449.378 203.853 449.4 203.644C449.423 203.436 449.497 203.237 449.615 203.064C449.733 202.891 449.891 202.75 450.077 202.653Z" fill="#262522"/>
<path d="M391.499 200.27C391.165 200.586 390.955 200.94 390.545 200.768C390.423 200.737 390.308 200.681 390.21 200.602C390.111 200.524 390.031 200.425 389.974 200.312C389.917 200.2 389.885 200.076 389.879 199.95C389.874 199.824 389.896 199.698 389.944 199.581C390.527 198.039 391.265 196.561 392.148 195.17C392.348 194.957 392.568 194.764 392.807 194.596C393.57 194.758 393.923 195.371 393.628 195.811C392.664 197.227 392.797 199.036 391.499 200.27Z" fill="#262522"/>
<path d="M372.562 210.069C372.562 210.29 372.619 210.625 372.266 210.625C372.15 210.622 372.035 210.595 371.93 210.545C371.825 210.496 371.731 210.425 371.655 210.337C371.264 209.801 371.053 209.155 371.054 208.491C371.12 206.577 370.882 204.663 371.731 202.548C372.361 203.046 373.125 203.342 372.934 204.136C372.606 206.096 372.482 208.084 372.562 210.069Z" fill="#262522"/>
<path d="M388.932 191.926C388.932 189.505 390.048 187.466 391.27 185.485C391.395 185.363 391.546 185.27 391.711 185.213C391.875 185.155 392.051 185.134 392.225 185.151C392.578 185.151 392.549 185.677 392.463 185.916C391.7 188.127 391.137 190.452 388.932 191.926Z" fill="#262522"/>
<path d="M398.476 225.802C397.436 225.352 393.399 220.653 392.941 219.562C392.884 219.461 392.849 219.349 392.837 219.233C392.826 219.117 392.839 219.001 392.875 218.89C392.91 218.779 392.969 218.678 393.046 218.591C393.123 218.504 393.217 218.434 393.322 218.385C395.804 220.194 397.293 222.577 398.476 225.802Z" fill="#262522"/>
<path d="M400.767 198.184C400.624 199.926 399.45 201.208 398.667 202.663C398.568 202.816 398.418 202.931 398.245 202.986C398.071 203.042 397.883 203.036 397.713 202.969C397.523 202.915 397.357 202.799 397.241 202.64C397.125 202.48 397.066 202.286 397.073 202.089C397.073 201.811 397.264 201.6 397.446 201.352C398.179 200.249 398.766 199.056 399.192 197.801C399.355 197.352 399.259 196.557 400.147 196.844C400.767 197.036 400.815 197.6 400.767 198.184Z" fill="#262522"/>
<path d="M486.893 236.673C486.588 234.548 487.065 232.433 487.036 230.309C487.036 230.165 487.361 229.926 487.571 229.878C487.981 229.783 488 230.184 488.153 230.433C488.745 231.39 488.258 232.452 488.458 233.448C488.258 234.51 488.735 235.61 488.115 236.644C487.914 236.969 488.115 237.534 487.418 237.476C486.721 237.419 486.941 237.017 486.893 236.673Z" fill="#262522"/>
<path d="M483.991 187.84C484.106 187.514 484.478 187.131 484.793 187.61C485.967 189.39 487.608 190.959 487.656 193.17C487.541 193.82 487.895 194.701 487.055 194.73C486.482 194.73 486.1 194.079 486.1 193.361C486.1 191.773 485.041 190.596 484.258 189.342C484.098 189.131 483.991 188.884 483.944 188.623C483.898 188.362 483.914 188.093 483.991 187.84Z" fill="#262522"/>
<path d="M416.803 214.519C417.586 214.519 417.691 215.734 417.757 216.557C417.757 216.797 417.757 217.046 417.757 217.285C417.757 218.557 417.757 219.802 418.836 220.768C419.227 221.132 419.542 221.61 419.036 221.983C418.53 222.357 418.082 221.936 417.776 221.553C417.221 220.945 416.799 220.227 416.538 219.446C416.277 218.665 416.182 217.837 416.259 217.017C416.228 216.811 416.228 216.601 416.259 216.395C416.459 215.754 415.591 214.519 416.803 214.519Z" fill="#262522"/>
<path d="M414.875 209.017C414.178 209.017 413.92 208.232 413.92 207.486C413.92 207.266 413.749 207.045 413.586 206.672C413.806 205.782 414.13 204.758 414.302 203.725C414.417 203.045 414.379 202.146 415.304 202.366C416.077 202.548 416.335 203.275 416.011 204.222C415.606 205.228 415.408 206.306 415.428 207.39C415.457 207.964 415.772 208.959 414.875 209.017Z" fill="#262522"/>
<path d="M459.832 209.065C459.067 209.83 458.546 210.806 458.334 211.868C458.219 212.443 458.133 213.256 457.446 213.179C456.759 213.103 456.826 212.222 456.807 211.658C456.807 209.744 458.286 208.672 459.307 207.313C459.603 206.921 459.746 206.088 460.424 206.509C460.701 206.682 460.567 207.524 460.567 208.069C460.567 208.615 460.128 208.768 459.832 209.065Z" fill="#262522"/>
<path d="M400.881 214.739C400.394 214.921 400.471 214.347 400.27 214.089C398.705 212.108 398.495 209.562 397.407 207.39C397.264 207.103 396.634 206.644 397.407 206.433C397.894 206.261 398.276 206.337 398.638 207.055C399.803 209.361 400.165 211.916 401.253 214.232C401.339 214.452 401.549 214.73 400.881 214.739Z" fill="#262522"/>
<path d="M460.263 195.648C461.341 195.648 462.486 195.974 463.527 195.352C464.109 195.007 464.786 195.026 465.035 195.658C465.283 196.289 465.035 196.844 464.214 197.179C462.305 197.916 460.606 197.265 458.697 197.017C458.965 196.079 459.279 195.61 460.263 195.648Z" fill="#262522"/>
<path d="M430.93 227.658C428.439 226.701 426.473 222.749 427.113 219.859C428.916 222.481 429.317 225.371 430.93 227.658Z" fill="#262522"/>
<path d="M432.877 198.414C433.172 198.156 433.726 197.553 434.318 198.155C434.909 198.758 434.604 199.275 434.079 199.706C433.254 200.421 432.601 201.314 432.17 202.318C431.951 202.787 431.808 203.514 431.073 203.275C430.338 203.036 430.471 202.433 430.5 202.069C430.452 200.194 431.798 199.361 432.877 198.414Z" fill="#262522"/>
<path d="M451.949 194.203C451.949 193.342 452.693 193.151 453.18 193.179C454.154 193.203 455.108 192.9 455.891 192.318C456.511 191.926 457.065 191.859 457.465 192.528C457.866 193.198 457.399 193.572 456.95 193.906C455.757 194.806 454.259 194.921 452.865 195.275C452.226 195.428 451.93 194.825 451.949 194.203Z" fill="#262522"/>
<path d="M386.573 206.797C387.613 206.653 387.527 207.754 387.642 208.519C387.89 209.744 388.205 210.959 388.596 212.156C388.749 212.682 389.064 213.313 388.453 213.581C387.699 213.916 387.365 213.218 387.155 212.624C386.707 211.333 386.01 210.089 386.201 208.5C386.325 208.031 385.647 206.921 386.573 206.797Z" fill="#262522"/>
<path d="M411.457 178.816C412.116 178.883 412.268 179.399 411.973 179.667C410.503 180.988 409.272 182.615 407.296 183.323C406.571 183.581 406.513 183.093 406.437 182.653C406.504 181.725 410.522 178.72 411.457 178.816Z" fill="#262522"/>
<path d="M488.43 218.098C489.002 218.223 489.384 218.682 489.126 219.199C488.468 220.711 488.535 222.366 488.058 223.907C487.953 224.252 488.058 224.653 487.475 224.644C486.893 224.634 486.998 224.232 486.884 223.888C486.769 223.543 486.464 223.141 486.53 222.682C486.798 221.4 487.046 220.108 487.332 218.854C487.343 218.727 487.381 218.603 487.445 218.493C487.509 218.382 487.597 218.287 487.702 218.215C487.807 218.143 487.927 218.095 488.053 218.074C488.179 218.054 488.307 218.062 488.43 218.098Z" fill="#262522"/>
<path d="M392.767 211.687C392.93 212.385 394.037 213.888 392.682 214.194C391.174 214.529 391.727 212.759 391.584 212.05C391.183 210.136 390.21 208.404 390.305 206.002C392.5 207.706 392.338 209.859 392.767 211.687Z" fill="#262522"/>
<path d="M484.221 231.984C484.201 232.256 484.075 232.51 483.869 232.689C483.663 232.869 483.395 232.959 483.123 232.941C482.865 232.853 482.651 232.668 482.527 232.425C482.402 232.183 482.376 231.901 482.455 231.639C482.775 230.596 482.882 229.5 482.77 228.414C482.77 227.639 483.123 226.606 483.724 226.644C484.564 226.701 484.793 227.677 484.679 228.558C484.67 228.74 484.67 228.922 484.679 229.103C484.956 230.012 484.183 230.931 484.221 231.984Z" fill="#262522"/>
<path d="M465.406 230.395C465.979 230.586 465.96 231.256 465.769 231.658C465.334 232.376 465.095 233.196 465.077 234.036C465.058 234.876 465.261 235.706 465.664 236.443C465.902 236.873 465.664 237.122 465.377 237.342C465.091 237.562 464.671 237.342 464.423 237.074C463.698 236.271 463.784 235.161 463.526 234.395C463.589 233.28 463.868 232.188 464.347 231.18C464.576 230.72 464.891 230.213 465.406 230.395Z" fill="#262522"/>
<path d="M376.837 205.715C376.901 205.671 376.975 205.642 377.053 205.631C377.13 205.62 377.209 205.627 377.284 205.651C377.358 205.675 377.426 205.715 377.483 205.77C377.539 205.824 377.583 205.89 377.61 205.964C378.268 208.222 379.519 210.318 379.833 213.017C377.323 211.304 377.066 208.844 376.359 206.624C376.226 206.232 376.503 205.916 376.837 205.715Z" fill="#262522"/>
<path d="M426.196 205.026C426.471 205.04 426.733 205.146 426.94 205.329C427.146 205.512 427.284 205.759 427.332 206.031C427.504 208.289 427.809 210.557 427.074 212.73H426.597C426.272 210.404 425.938 208.079 425.643 205.754C425.576 205.39 425.824 204.988 426.196 205.026Z" fill="#262522"/>
<path d="M429.461 232.041C429.604 231.985 429.757 231.961 429.91 231.97C430.064 231.979 430.213 232.021 430.348 232.094C430.483 232.167 430.601 232.268 430.694 232.391C430.786 232.514 430.85 232.656 430.883 232.807C431.424 234.257 432.285 235.565 433.402 236.634C434.004 237.218 433.87 237.591 433.679 238.405C431.675 237.046 430.663 235.017 429.098 233.515C428.84 233.295 428.592 232.299 429.461 232.041Z" fill="#262522"/>
<path d="M468.128 232.347C468.032 231.802 468.071 231.122 468.72 230.998C469.559 230.826 469.674 231.697 469.874 232.175C470.371 233.304 469.416 234.376 469.598 235.534C469.693 236.156 469.769 237.103 468.805 237.027C468.63 237.003 468.461 236.943 468.309 236.851C468.158 236.758 468.028 236.635 467.926 236.489C467.825 236.344 467.755 236.178 467.72 236.004C467.686 235.83 467.688 235.65 467.727 235.477C467.689 234.338 468.271 233.4 468.128 232.347Z" fill="#262522"/>
<path d="M399.544 181.198C400.279 181.61 399.964 182.203 399.63 182.768C398.991 183.859 398.361 184.959 397.779 186.069C397.559 186.481 398.017 187.332 397.034 187.198C396.204 187.093 396.213 186.414 395.975 185.639C396.786 184.404 397.616 183.179 398.399 181.926C398.723 181.495 398.838 180.777 399.544 181.198Z" fill="#262522"/>
<path d="M454.181 221.266C454.181 221.534 454.305 221.916 453.875 221.993C453.723 222.017 453.567 221.983 453.439 221.898C453.31 221.813 453.217 221.683 453.179 221.534C452.629 219.501 452.506 217.377 452.816 215.294C452.816 215.036 452.978 214.337 453.58 214.471C453.781 214.529 453.954 214.658 454.068 214.834C454.182 215.01 454.229 215.221 454.2 215.428C454.2 216.385 454.2 217.342 454.2 218.299C454.2 219.256 454.2 220.299 454.181 221.266Z" fill="#262522"/>
<path d="M472.958 234.615C473.673 234.787 473.397 235.438 473.349 235.831C473.167 237.304 472.853 238.768 472.633 240.233C472.538 240.855 472.814 241.802 471.869 241.802C470.925 241.802 471.154 240.845 471.096 239.888C471.574 238.654 471.354 237.017 472.137 235.505C472.337 235.151 472.156 234.424 472.958 234.615Z" fill="#262522"/>
<path d="M411.686 192.672C412.116 193.065 412.125 193.38 412.001 193.629C411.133 195.457 409.758 197.017 409.071 198.94C409.049 199.012 409.013 199.079 408.965 199.138C408.918 199.196 408.858 199.243 408.792 199.278C408.725 199.313 408.652 199.334 408.577 199.34C408.502 199.346 408.427 199.337 408.355 199.313C407.811 199.237 407.907 198.777 407.945 198.462C408.25 195.945 409.911 194.289 411.686 192.672Z" fill="#262522"/>
<path d="M485.451 250.701C485.546 250.146 485.012 249.218 486.243 249.256C487.312 249.256 486.883 250.098 486.93 250.615C487.093 252.29 486.644 253.993 487.283 255.639C487.379 255.898 487.484 256.424 486.93 256.5C486.774 256.506 486.62 256.457 486.496 256.361C486.372 256.264 486.286 256.128 486.253 255.974C485.852 254.673 485.05 253.438 485.432 252.232C485.402 251.722 485.409 251.211 485.451 250.701Z" fill="#262522"/>
<path d="M426.481 196.892C426.806 196.49 427.359 195.868 427.97 196.414C428.086 196.515 428.178 196.642 428.238 196.784C428.298 196.926 428.325 197.08 428.316 197.234C428.308 197.388 428.265 197.538 428.19 197.673C428.115 197.808 428.01 197.924 427.884 198.012C427.182 198.755 426.685 199.668 426.443 200.663C426.242 201.151 426.3 201.897 425.584 201.84C424.868 201.782 424.868 201.007 424.859 200.041C425.143 198.877 425.699 197.798 426.481 196.892Z" fill="#262522"/>
<path d="M401.741 242.749L402.094 242.931C404.137 243.888 405.244 245.668 406.37 247.429C406.599 247.783 406.294 248.386 405.702 247.945C404.232 246.749 402.839 245.496 401.436 244.194C400.911 243.687 401.054 243.113 401.741 242.749Z" fill="#262522"/>
<path d="M375.767 192.653C375.439 194.92 375.244 197.205 375.185 199.495C375.197 199.571 375.192 199.648 375.169 199.722C375.147 199.795 375.108 199.862 375.055 199.917C375.002 199.973 374.938 200.016 374.866 200.042C374.794 200.068 374.717 200.078 374.641 200.069C374.24 200.069 374.097 199.83 374.097 199.495C374.097 198.644 374.097 197.782 374.097 196.624C373.983 195.336 374.113 194.037 374.479 192.797C374.494 192.613 374.573 192.44 374.702 192.309C374.831 192.178 375.002 192.096 375.185 192.079C375.263 192.068 375.343 192.075 375.418 192.1C375.493 192.125 375.561 192.167 375.617 192.222C375.673 192.278 375.716 192.345 375.742 192.42C375.768 192.495 375.777 192.574 375.767 192.653Z" fill="#262522"/>
<path d="M401.617 231.792C401.906 231.704 402.216 231.712 402.5 231.815C402.784 231.919 403.027 232.112 403.191 232.366C404.232 233.524 405.177 234.768 406.179 235.974C406.341 236.175 406.484 236.424 406.303 236.596C406.093 236.721 405.849 236.775 405.606 236.749C405.052 236.749 401.283 233.275 401.187 232.711C401.187 232.653 401.187 232.586 401.187 232.156C401.31 232.012 401.455 231.889 401.617 231.792Z" fill="#262522"/>
<path d="M491.971 226.251C492.047 225.926 491.914 225.093 492.591 225.122C493.269 225.151 493.317 225.801 493.317 226.366C493.392 227.871 493.274 229.38 492.964 230.854C492.811 231.438 492.716 231.983 492.009 231.955C491.055 231.955 491.58 231.151 491.36 230.548C491.942 229.256 491.647 227.715 491.971 226.251Z" fill="#262522"/>
<path d="M477.815 231.323C477.109 228.749 478.416 227.132 478.97 225.352C479.057 225.112 479.228 224.913 479.451 224.791C479.674 224.67 479.934 224.634 480.182 224.692C480.621 224.778 480.612 225.141 480.545 225.4C480.072 227.549 479.141 229.569 477.815 231.323Z" fill="#262522"/>
<path d="M478.771 220.95C478.583 220.564 478.52 220.129 478.59 219.706C478.66 219.282 478.86 218.891 479.162 218.586C479.878 217.696 479.897 216.261 480.871 215.917C481.825 215.802 482.045 216.156 481.978 216.644C481.648 218.278 480.856 219.783 479.697 220.979C479.646 221.056 479.575 221.12 479.493 221.163C479.411 221.205 479.319 221.226 479.226 221.224C479.133 221.221 479.042 221.194 478.963 221.146C478.883 221.098 478.817 221.031 478.771 220.95Z" fill="#262522"/>
<path d="M446.24 169.399C445.497 168.867 444.614 168.565 443.702 168.528C442.995 168.452 442.127 168.414 442.184 167.38C442.241 166.203 443.224 166.94 443.692 166.701C444.344 166.683 444.993 166.802 445.596 167.051C446.199 167.3 446.744 167.673 447.195 168.146C447.51 168.442 448.149 168.739 447.557 169.313C447.482 169.414 447.386 169.497 447.276 169.557C447.166 169.617 447.044 169.652 446.919 169.66C446.793 169.668 446.668 169.649 446.551 169.604C446.434 169.559 446.328 169.489 446.24 169.399Z" fill="#262522"/>
<path d="M402.59 253.869C404.022 254.099 405.454 254.472 406.847 254.702C407.573 254.816 407.592 255.209 407.525 255.725C407.439 256.386 406.895 256.137 406.275 256.252C405.148 255.41 403.411 256.252 402.066 255.199C401.86 255.088 401.699 254.91 401.608 254.694C401.518 254.478 401.504 254.237 401.569 254.013C401.741 253.247 402.304 253.831 402.59 253.869Z" fill="#262522"/>
<path d="M478.435 212.424C477.099 212.424 477.003 213.495 476.412 214.146C476.116 214.471 475.868 215.103 475.295 214.893C474.722 214.682 474.913 214.07 474.866 213.285C475.123 211.974 476.269 211.18 477.729 210.739C478.111 210.625 478.683 210.165 478.922 210.921C479.122 211.524 479.132 212.414 478.435 212.424Z" fill="#262522"/>
<path d="M489.948 209.725C489.956 209.604 490.009 209.49 490.098 209.408C490.187 209.326 490.305 209.282 490.425 209.285C490.5 209.269 490.577 209.27 490.65 209.288C490.724 209.306 490.793 209.34 490.852 209.387C490.912 209.435 490.96 209.495 490.993 209.563C491.027 209.631 491.045 209.706 491.046 209.782C491.278 210.772 491.422 211.781 491.475 212.797C491.475 213.581 492.535 214.711 491.227 215.036C489.7 215.39 490.168 213.62 489.595 212.912C489.471 212.758 489.595 212.443 489.595 211.955C489.595 211.467 489.815 210.548 489.948 209.725Z" fill="#262522"/>
<path d="M473.902 220.089C474.465 222.663 472.432 224.567 473.043 226.988C470.809 225.39 471.134 222.902 473.902 220.089Z" fill="#262522"/>
<path d="M396.347 249.247C395.994 248.749 396.347 247.821 397.187 248.194C398.566 248.634 399.811 249.417 400.804 250.472C401.014 250.74 401.329 251.036 400.967 251.429C400.871 251.551 400.747 251.648 400.606 251.711C400.464 251.774 400.31 251.802 400.155 251.792C398.643 251.383 397.305 250.489 396.347 249.247Z" fill="#262522"/>
<path d="M444.235 198.49C443.977 198.892 443.281 198.596 443.023 198.108C442.95 197.945 442.914 197.769 442.918 197.591C443.019 196.972 443.305 196.398 443.737 195.945C444.17 195.493 444.73 195.182 445.342 195.055C445.867 195.485 447.117 195.151 446.984 196.155C446.793 197.552 444.932 197.39 444.235 198.49Z" fill="#262522"/>
<path d="M455.117 179.179C455.049 179.287 454.958 179.378 454.851 179.446C454.743 179.514 454.622 179.557 454.497 179.572C454.371 179.588 454.243 179.575 454.122 179.536C454.002 179.496 453.892 179.43 453.8 179.342C452.949 178.59 451.941 178.037 450.851 177.725C450.658 177.653 450.494 177.521 450.382 177.349C450.271 177.177 450.217 176.973 450.23 176.768C450.23 176.442 450.688 176.232 451.137 176.26C452.591 176.462 453.953 177.092 455.05 178.069C455.131 178.135 455.197 178.217 455.244 178.31C455.292 178.403 455.32 178.505 455.326 178.609C455.332 178.714 455.317 178.818 455.281 178.916C455.245 179.014 455.189 179.104 455.117 179.179Z" fill="#262522"/>
<path d="M477.749 241.094C477.396 240.969 477.138 240.682 477.158 239.964C477.955 238.747 478.654 237.467 479.248 236.137C479.324 235.983 479.973 236.003 480.278 236.137C480.441 236.204 480.555 236.682 480.498 236.931C480.145 238.314 479.526 239.614 478.675 240.759C478.593 240.923 478.451 241.049 478.279 241.111C478.106 241.173 477.917 241.167 477.749 241.094Z" fill="#262522"/>
<path d="M437.058 233.017C436.428 233.17 435.98 232.586 435.856 232.06C435.77 231.271 435.77 230.476 435.856 229.687C435.989 229.314 435.598 228.529 436.085 227.773C436.362 227.333 436.581 227.094 437.039 227.275C437.497 227.457 437.745 227.706 437.574 228.108C437.134 229.298 437.158 230.61 437.64 231.783C437.684 231.902 437.704 232.029 437.698 232.156C437.693 232.283 437.662 232.407 437.608 232.522C437.553 232.637 437.477 232.74 437.383 232.825C437.288 232.91 437.178 232.975 437.058 233.017Z" fill="#262522"/>
<path d="M379.654 232.96C380.503 234.328 381.314 235.725 382.145 237.103C382.383 237.505 382.393 237.773 381.782 237.859C381.621 237.837 381.463 237.792 381.314 237.725C379.625 236.768 379.014 235.036 378.251 233.438C378.213 233.371 378.193 233.295 378.193 233.219C378.193 233.142 378.212 233.066 378.25 232.999C378.287 232.932 378.341 232.875 378.406 232.835C378.472 232.794 378.546 232.772 378.623 232.768C378.986 232.73 379.434 232.634 379.654 232.96Z" fill="#262522"/>
<path d="M376.751 225.055C376.532 224.902 376.093 224.424 376.503 223.955C376.913 223.486 377.457 223.878 377.744 224.089C379.309 225.199 379.653 227.036 380.435 228.625C380.617 229.007 380.435 229.486 379.662 229.39C379.309 229.314 379.166 228.959 378.937 228.577C378.221 227.409 377.992 225.936 376.751 225.055Z" fill="#262522"/>
<path d="M424.248 230.433C424.111 230.484 423.964 230.503 423.818 230.488C423.672 230.473 423.532 230.425 423.408 230.347C422.454 229.017 421.499 227.649 420.631 226.443C420.831 225.792 420.488 225.256 421.079 225.074C421.291 225.021 421.515 225.043 421.713 225.135C421.911 225.227 422.071 225.385 422.167 225.582C423.074 226.854 423.322 228.452 424.391 229.649C424.44 229.707 424.476 229.775 424.495 229.849C424.515 229.923 424.518 230 424.504 230.075C424.491 230.15 424.461 230.221 424.416 230.283C424.372 230.345 424.315 230.396 424.248 230.433Z" fill="#262522"/>
<path d="M384.206 211.39C384.273 211.629 384.33 212.06 383.91 212.108C383.49 212.156 383.271 211.83 383.128 211.476L381.486 207.534C381.2 206.835 380.78 206.156 381.486 205.246C383.318 206.959 383.586 209.256 384.206 211.39Z" fill="#262522"/>
<path d="M434.386 209.151C434.16 209.044 433.984 208.854 433.897 208.619C433.809 208.385 433.817 208.126 433.918 207.897C434.302 206.965 434.755 206.063 435.273 205.198C435.464 204.873 435.788 204.404 436.294 204.576C436.523 204.668 436.711 204.84 436.823 205.06C436.935 205.28 436.964 205.533 436.905 205.773C436.699 206.884 436.22 207.927 435.512 208.806C435.389 208.982 435.212 209.111 435.008 209.173C434.804 209.236 434.585 209.228 434.386 209.151Z" fill="#262522"/>
<path d="M396.681 240.175C396.404 240.395 396.156 240.5 395.879 240.242C394.712 239.271 393.456 238.412 392.128 237.677C391.937 237.563 391.842 237.323 391.603 237.027C392.186 236.644 392.558 235.897 393.312 236.338C394.653 237.067 395.788 238.124 396.614 239.409C396.786 239.63 397.091 239.869 396.681 240.175Z" fill="#262522"/>
<path d="M443.023 182.729C442.756 182.318 443.109 181.935 443.309 181.772C444.215 181.089 445.172 180.478 446.173 179.945C446.364 179.835 446.588 179.795 446.805 179.831C447.022 179.868 447.221 179.979 447.366 180.146C447.509 180.356 447.547 180.902 447.366 181.007C446.325 181.782 445.571 182.988 444.149 183.217C443.934 183.258 443.713 183.233 443.512 183.146C443.311 183.059 443.141 182.914 443.023 182.729Z" fill="#262522"/>
<path d="M457.962 177.763C458.895 178.059 459.813 178.404 460.711 178.796C460.869 178.864 461.01 178.967 461.124 179.097C461.237 179.227 461.32 179.381 461.366 179.547C461.411 179.713 461.419 179.888 461.389 180.058C461.358 180.228 461.289 180.389 461.188 180.528C460.663 181.265 460.233 180.528 459.785 180.241C459.043 179.731 458.2 179.388 457.313 179.236C456.568 179.141 456.215 178.71 456.234 178.28C456.254 177.849 456.922 177.677 457.962 177.763Z" fill="#262522"/>
<path d="M397.637 216.29C398.667 217.904 399.298 219.741 399.479 221.649C397.503 220.5 397.436 218.328 396.32 216.759C396.272 216.669 396.245 216.57 396.239 216.468C396.233 216.367 396.249 216.265 396.286 216.17C396.323 216.076 396.379 215.99 396.452 215.919C396.525 215.848 396.612 215.794 396.708 215.76C396.803 215.726 396.905 215.713 397.006 215.722C397.107 215.731 397.205 215.762 397.293 215.812C397.381 215.862 397.457 215.931 397.517 216.013C397.576 216.096 397.617 216.19 397.637 216.29Z" fill="#262522"/>
<path d="M428.305 193.792C427.646 194.069 426.902 193.524 427.179 192.835C427.729 191.735 428.601 190.83 429.679 190.242C430.825 190.06 431.044 190.557 430.844 191.198C430.629 191.787 430.291 192.323 429.854 192.77C429.416 193.217 428.888 193.566 428.305 193.792Z" fill="#262522"/>
<path d="M476.66 251.515C476.994 251.475 477.312 251.352 477.587 251.159C477.862 250.965 478.084 250.706 478.235 250.405C478.326 250.193 478.49 250.022 478.697 249.921C478.903 249.821 479.139 249.799 479.361 249.859C479.48 249.928 479.583 250.022 479.662 250.135C479.741 250.247 479.796 250.376 479.821 250.511C479.846 250.646 479.842 250.786 479.809 250.919C479.776 251.053 479.714 251.178 479.628 251.285C478.924 252.258 477.985 253.035 476.899 253.544C476.212 253.86 475.725 253.438 475.629 252.692C475.662 252.414 475.778 252.153 475.962 251.942C476.146 251.732 476.389 251.583 476.66 251.515Z" fill="#262522"/>
<path d="M461.292 215.237C461.531 217.323 460.652 219.122 460.023 221.16C458.725 219.352 459.526 215.916 461.292 215.237Z" fill="#262522"/>
<path d="M369.851 238.73C371.13 239.438 371.368 240.749 371.855 241.859C371.75 242.28 371.96 242.74 371.569 242.922C371.366 242.999 371.144 243.005 370.937 242.939C370.731 242.873 370.553 242.739 370.433 242.558C369.562 241.596 369.046 240.363 368.973 239.065C368.993 238.974 369.036 238.889 369.097 238.819C369.157 238.748 369.235 238.694 369.322 238.661C369.409 238.628 369.503 238.617 369.595 238.629C369.687 238.641 369.775 238.676 369.851 238.73Z" fill="#262522"/>
<path d="M470.571 215.409C470.485 215.668 470.17 216.232 469.617 215.974C469.206 215.782 469.254 215.381 469.254 214.864C469.76 213.907 469.827 212.605 470.676 211.572C471.02 211.151 471.277 210.998 471.707 211.189C472.136 211.38 472.48 211.936 472.136 212.395C471.454 213.307 470.925 214.326 470.571 215.409Z" fill="#262522"/>
<path d="M464.815 242.29C464.964 242.261 465.119 242.29 465.246 242.372C465.374 242.454 465.466 242.582 465.502 242.73C466.17 244.329 466.533 246.04 466.571 247.773C465.302 247.065 463.994 243.859 464.367 242.74C464.452 242.491 464.519 242.309 464.815 242.29Z" fill="#262522"/>
<path d="M414.34 226.615C414.65 227.119 414.891 227.663 415.055 228.232C415.087 228.364 415.091 228.5 415.067 228.633C415.042 228.766 414.99 228.892 414.914 229.003C414.837 229.115 414.738 229.208 414.622 229.278C414.507 229.348 414.378 229.393 414.244 229.409C413.738 229.505 413.605 229.151 413.471 228.816C413.252 228.271 413.013 227.725 412.813 227.17C412.612 226.615 411.734 225.486 412.374 225.18C413.347 224.711 413.862 225.83 414.34 226.615Z" fill="#262522"/>
<path d="M374.594 224.299C374.565 224.372 374.513 224.434 374.447 224.476C374.38 224.518 374.302 224.538 374.224 224.532C374.145 224.527 374.071 224.497 374.01 224.447C373.95 224.396 373.907 224.328 373.888 224.251C373.348 222.678 372.681 221.151 371.893 219.687C371.731 219.304 372.046 219.036 372.437 218.931C372.836 219.161 373.184 219.471 373.46 219.842C373.736 220.212 373.933 220.635 374.041 221.084C374.222 222.108 375.3 223.065 374.594 224.299Z" fill="#262522"/>
<path d="M467.859 220.768C467.88 220.692 467.916 220.622 467.964 220.56C468.013 220.498 468.073 220.447 468.141 220.408C468.21 220.37 468.285 220.346 468.363 220.337C468.44 220.328 468.519 220.335 468.594 220.357C468.976 220.491 468.823 220.864 468.862 221.141C469.005 222.184 468.298 223.113 468.47 224.175C468.556 224.692 468.623 225.524 467.984 225.562C467.344 225.601 467.201 224.749 467.029 224.194C466.987 223.902 466.987 223.606 467.029 223.314C466.695 222.395 467.487 221.639 467.859 220.768Z" fill="#262522"/>
<path d="M438.327 164.844C437.373 164.844 436.418 165.524 435.588 165.246C435.347 165.275 435.103 165.275 434.863 165.246C434.471 165.122 433.908 165.83 433.746 165.189C433.584 164.547 434.194 164.299 434.7 164.165C435.817 163.897 436.943 163.657 438.069 163.428C438.68 163.303 438.785 163.82 438.9 164.193C439.014 164.567 438.68 164.835 438.327 164.844Z" fill="#262522"/>
<path d="M390 216.845C391.613 217.801 391.995 219.419 392.252 221.428C390.792 220.28 390.429 218.711 389.055 218.002C388.578 217.754 388.702 217.179 388.874 216.864C389.103 216.366 389.561 216.596 390 216.845Z" fill="#262522"/>
<path d="M438.413 211.821C438.346 210.72 438.413 209.514 439.549 209.39C440.684 209.265 440.255 210.443 440.264 211.103C440.264 212.06 440.512 213.227 439.052 213.246C437.897 213.266 438.68 212.232 438.413 211.821Z" fill="#262522"/>
<path d="M470.895 181.916C470.103 181.533 468.843 181.256 468.919 180.002C468.919 179.39 469.587 179.275 470.417 179.524C471.133 179.466 472.174 179.524 472.155 180.739C472.155 181.313 471.525 182.203 470.895 181.916Z" fill="#262522"/>
<path d="M381.561 220.414C381.189 220.596 380.989 220.261 380.845 220.041C380.414 219.491 380.105 218.854 379.94 218.174C379.776 217.493 379.759 216.786 379.891 216.098C381.552 216.94 381.59 218.405 382 219.658C382.036 219.816 382.011 219.983 381.929 220.123C381.848 220.263 381.716 220.367 381.561 220.414Z" fill="#262522"/>
<path d="M386.802 187.256C387.308 187.256 387.833 187.409 387.556 187.926C387.191 188.887 386.52 189.701 385.647 190.242C384.788 190.672 384.846 189.887 384.693 189.639C384.512 189.141 386.182 187.275 386.802 187.256Z" fill="#262522"/>
<path d="M452.044 186.892C452.722 186.892 453.18 187.332 452.998 187.954C452.878 188.323 452.665 188.656 452.382 188.92C452.098 189.185 451.752 189.373 451.376 189.466C450.612 189.332 450.355 188.892 450.422 188.27C450.428 188.069 450.476 187.872 450.563 187.691C450.65 187.51 450.774 187.349 450.927 187.219C451.08 187.09 451.259 186.993 451.451 186.937C451.643 186.881 451.845 186.865 452.044 186.892Z" fill="#262522"/>
<path d="M474.178 210.117C473.634 210.232 473.224 209.677 473.377 209.112C473.377 208.395 473.224 207.572 474.178 207.514C474.722 207.514 474.894 208.041 474.894 208.577C474.894 209.112 474.856 209.974 474.178 210.117Z" fill="#262522"/>
<path d="M472.412 245.247C472.68 245.056 472.956 245.381 472.985 245.745C473.071 246.807 473.09 247.821 471.525 247.936C471.534 246.922 471.487 245.907 472.412 245.247Z" fill="#262522"/>
<defs>
<linearGradient id="paint0_linear_20_2952" x1="424.531" y1="300.552" x2="412.229" y2="307.011" gradientUnits="userSpaceOnUse">
<stop stop-color="#FF702C"/>
<stop offset="1" stop-color="#FFC1E6"/>
</linearGradient>
<linearGradient id="paint1_linear_20_2952" x1="411.568" y1="297.675" x2="401.931" y2="302.997" gradientUnits="userSpaceOnUse">
<stop stop-color="#FF702C"/>
<stop offset="1" stop-color="#FFC1E6"/>
</linearGradient>
<linearGradient id="paint2_linear_20_2952" x1="437.002" y1="300.237" x2="424.522" y2="305.832" gradientUnits="userSpaceOnUse">
<stop stop-color="#FF702C"/>
<stop offset="1" stop-color="#FFC1E6"/>
</linearGradient>
<linearGradient id="paint3_linear_20_2952" x1="449.278" y1="296.563" x2="433.317" y2="303.047" gradientUnits="userSpaceOnUse">
<stop stop-color="#FF702C"/>
<stop offset="1" stop-color="#FFC1E6"/>
</linearGradient>
<linearGradient id="paint4_linear_20_2952" x1="487.01" y1="273.84" x2="475.632" y2="279.293" gradientUnits="userSpaceOnUse">
<stop stop-color="#FF702C"/>
<stop offset="1" stop-color="#FFC1E6"/>
</linearGradient>
<linearGradient id="paint5_linear_20_2952" x1="459.016" y1="290.701" x2="440.54" y2="297.451" gradientUnits="userSpaceOnUse">
<stop stop-color="#FF702C"/>
<stop offset="1" stop-color="#FFC1E6"/>
</linearGradient>
<linearGradient id="paint6_linear_20_2952" x1="481.195" y1="278.202" x2="465.061" y2="287.509" gradientUnits="userSpaceOnUse">
<stop stop-color="#FF702C"/>
<stop offset="1" stop-color="#FFC1E6"/>
</linearGradient>
<linearGradient id="paint7_linear_20_2952" x1="475.446" y1="279.224" x2="449.077" y2="289.212" gradientUnits="userSpaceOnUse">
<stop stop-color="#FF702C"/>
<stop offset="1" stop-color="#FFC1E6"/>
</linearGradient>
</defs>
</svg>

===== END FILE: label_studio/core/static_build/images/heidi-403.0d4dfd4e91ce.svg =====


===== FILE: label_studio/core/static_build/images/label_studio_logo.svg =====
<svg width="367" height="93" viewBox="0 0 367 93" fill="none" xmlns="http://www.w3.org/2000/svg">
<g clip-path="url(#clip0_113_3173)">
<rect x="6.77368" y="10.3066" width="42.9008" height="40.6429" fill="#e0f2fe"/>
<path fill-rule="evenodd" clip-rule="evenodd" d="M16.0035 17.0884H0V1.13086H16.0035V17.0884ZM56.9022 17.0884H40.8987V1.13092H56.9022V17.0884ZM0 57.8691H16.0035V41.9116H0V57.8691ZM56.9022 57.8691H40.8987V41.9116H56.9022V57.8691ZM5.33369 17.0887H10.6682V41.9115H5.33369V17.0887ZM51.5671 17.0887H46.2326V41.9115H51.5671V17.0887ZM16.0039 6.45045H40.8982V11.7696H16.0039V6.45045ZM40.8982 47.23H16.0039V52.5491H40.8982V47.23Z" fill="#0a87ce"/>
</g>
<path d="M78.2449 11.1655V42.5495H96.1252V48.5274H72.0001V11.1655H78.2449Z" fill="#12110D"/>
<path d="M125.184 48.5274H119.206V44.8979C118.566 46.1077 117.463 47.104 115.897 47.8869C114.331 48.6697 112.659 49.0611 110.88 49.0611C108.567 49.0611 106.45 48.4562 104.528 47.2464C102.607 46.0366 101.095 44.3998 99.9915 42.336C98.8884 40.2722 98.3369 37.9771 98.3369 35.4507C98.3369 32.9599 98.8884 30.6826 99.9915 28.6188C101.095 26.555 102.607 24.9182 104.528 23.7084C106.45 22.4986 108.567 21.8937 110.88 21.8937C112.659 21.8937 114.331 22.2851 115.897 23.0679C117.463 23.8507 118.566 24.8471 119.206 26.0569V22.4274H125.184V48.5274ZM104.155 35.4507C104.155 36.9452 104.493 38.2973 105.169 39.5071C105.88 40.7169 106.841 41.6777 108.051 42.3893C109.296 43.0654 110.649 43.4034 112.107 43.4034C113.566 43.4034 114.954 43.0298 116.271 42.2826C117.587 41.5354 118.566 40.5746 119.206 39.4004V31.6078C118.601 30.4335 117.641 29.4728 116.324 28.7256C115.007 27.9428 113.602 27.5513 112.107 27.5513C110.613 27.5513 109.261 27.9072 108.051 28.6188C106.841 29.2949 105.88 30.2378 105.169 31.4477C104.493 32.6219 104.155 33.9562 104.155 35.4507Z" fill="#12110D"/>
<path d="M137.339 26.0569C137.979 24.8471 139.082 23.8507 140.648 23.0679C142.249 22.2851 143.922 21.8937 145.665 21.8937C147.978 21.8937 150.095 22.4986 152.017 23.7084C153.938 24.9182 155.45 26.555 156.553 28.6188C157.656 30.6826 158.208 32.9599 158.208 35.4507C158.208 37.9771 157.656 40.2722 156.553 42.336C155.45 44.3998 153.938 46.0366 152.017 47.2464C150.095 48.4562 147.978 49.0611 145.665 49.0611C143.922 49.0611 142.249 48.6697 140.648 47.8869C139.082 47.104 137.979 46.1077 137.339 44.8979V48.5274H131.414V11.1655H137.339V26.0569ZM137.339 39.4004C137.979 40.5746 138.958 41.5354 140.274 42.2826C141.591 43.0298 142.979 43.4034 144.437 43.4034C145.896 43.4034 147.231 43.0654 148.441 42.3893C149.686 41.6777 150.647 40.7169 151.323 39.5071C152.034 38.2973 152.39 36.9452 152.39 35.4507C152.39 33.9562 152.034 32.6219 151.323 31.4477C150.647 30.2378 149.704 29.2949 148.494 28.6188C147.284 27.9072 145.932 27.5513 144.437 27.5513C142.943 27.5513 141.537 27.9428 140.221 28.7256C138.904 29.4728 137.944 30.4335 137.339 31.6078V39.4004Z" fill="#12110D"/>
<path d="M174.857 49.0611C172.402 49.0611 170.143 48.474 168.079 47.2998C166.015 46.0899 164.378 44.4353 163.168 42.336C161.959 40.2366 161.354 37.9059 161.354 35.344C161.354 32.8532 161.941 30.5937 163.115 28.5655C164.325 26.5017 165.962 24.8826 168.025 23.7084C170.089 22.4986 172.349 21.8937 174.804 21.8937C177.117 21.8937 179.234 22.4452 181.156 23.5483C183.077 24.6514 184.589 26.1458 185.692 28.0317C186.795 29.9176 187.347 32.017 187.347 34.3299C187.347 34.9703 187.276 35.8243 187.133 36.8918H167.118C167.438 39.0624 168.292 40.7703 169.68 42.0157C171.103 43.2611 172.9 43.8838 175.071 43.8838C176.53 43.8838 177.882 43.5814 179.127 42.9765C180.408 42.336 181.333 41.5176 181.903 40.5212L186.6 43.4034C185.639 45.1826 184.109 46.5703 182.009 47.5666C179.946 48.5629 177.562 49.0611 174.857 49.0611ZM181.316 32.6219C181.102 30.9495 180.355 29.5796 179.074 28.5121C177.793 27.4446 176.281 26.9109 174.537 26.9109C172.651 26.9109 171.068 27.4268 169.787 28.4587C168.541 29.455 167.705 30.8427 167.278 32.6219H181.316Z" fill="#12110D"/>
<path d="M198.219 48.5274H192.294V11.1655H198.219V48.5274Z" fill="#12110D"/>
<path d="M228.655 10.6318C231.039 10.6318 233.423 11.1477 235.807 12.1796C238.226 13.1759 240.077 14.4391 241.358 15.9692L237.728 20.8262C236.483 19.5452 234.988 18.5311 233.245 17.7839C231.537 17.0367 229.847 16.663 228.174 16.663C226.466 16.663 225.061 17.0544 223.958 17.8373C222.89 18.6201 222.357 19.6342 222.357 20.8796C222.357 21.9471 222.695 22.8366 223.371 23.5483C224.082 24.2599 224.954 24.8293 225.986 25.2563C227.053 25.6477 228.512 26.1102 230.363 26.644C232.889 27.3556 234.935 28.0851 236.501 28.8323C238.102 29.544 239.454 30.6293 240.557 32.0881C241.696 33.5115 242.265 35.3973 242.265 37.7458C242.265 39.774 241.714 41.6599 240.61 43.4034C239.543 45.1114 237.995 46.4813 235.967 47.5132C233.939 48.5451 231.59 49.0611 228.922 49.0611C226.146 49.0611 223.406 48.4562 220.702 47.2464C217.998 46.0366 215.809 44.5065 214.137 42.6562L218.14 38.066C219.777 39.6317 221.449 40.8593 223.157 41.7488C224.865 42.6028 226.787 43.0298 228.922 43.0298C230.985 43.0298 232.658 42.5495 233.939 41.5887C235.22 40.628 235.86 39.3648 235.86 37.7992C235.86 36.7673 235.522 35.9311 234.846 35.2906C234.17 34.6145 233.316 34.0808 232.284 33.6894C231.252 33.298 229.829 32.8532 228.014 32.355C225.488 31.6789 223.424 31.0029 221.823 30.3268C220.257 29.6151 218.905 28.5477 217.766 27.1244C216.628 25.6655 216.058 23.744 216.058 21.36C216.058 19.3673 216.592 17.5526 217.66 15.9158C218.763 14.279 220.257 12.998 222.143 12.0729C224.064 11.1121 226.235 10.6318 228.655 10.6318Z" fill="#12110D"/>
<path d="M258.153 48.901C255.199 48.901 252.815 48.0114 251 46.2323C249.221 44.4175 248.332 41.9268 248.332 38.7599V28.0851H243.315V22.4274H248.332V15.4354H254.256V22.4274H261.088V28.0851H254.256V38.493C254.256 39.9875 254.701 41.1795 255.591 42.0691C256.516 42.9231 257.654 43.3501 259.007 43.3501C259.647 43.3501 260.323 43.2433 261.035 43.0298L261.355 48.2605C260.501 48.6875 259.434 48.901 258.153 48.901Z" fill="#12110D"/>
<path d="M284.153 45.058C283.37 46.2679 282.267 47.2464 280.844 47.9936C279.421 48.7053 277.891 49.0611 276.254 49.0611C272.98 49.0611 270.383 48.0114 268.461 45.912C266.54 43.7771 265.579 40.9127 265.579 37.3188V22.4274H271.504V36.3581C271.504 38.4574 272.055 40.112 273.158 41.3219C274.297 42.5317 275.809 43.1366 277.695 43.1366C279.012 43.1366 280.239 42.8163 281.378 42.1758C282.552 41.5354 283.477 40.6636 284.153 39.5605L284.207 22.4274H290.185V48.5274H284.153V45.058Z" fill="#12110D"/>
<path d="M315.971 31.6078C315.366 30.4335 314.405 29.4728 313.089 28.7256C311.772 27.9428 310.367 27.5513 308.872 27.5513C307.378 27.5513 306.026 27.9072 304.816 28.6188C303.606 29.2949 302.645 30.2378 301.934 31.4477C301.257 32.6219 300.919 33.9562 300.919 35.4507C300.919 36.9452 301.257 38.2973 301.934 39.5071C302.645 40.7169 303.606 41.6777 304.816 42.3893C306.061 43.0654 307.413 43.4034 308.872 43.4034C310.331 43.4034 311.719 43.0298 313.035 42.2826C314.352 41.5354 315.33 40.5746 315.971 39.4004V31.6078ZM295.102 35.4507C295.102 32.9599 295.653 30.6826 296.756 28.6188C297.859 26.555 299.372 24.9182 301.293 23.7084C303.214 22.4986 305.332 21.8937 307.645 21.8937C309.424 21.8937 311.096 22.2851 312.662 23.0679C314.227 23.8507 315.33 24.8471 315.971 26.0569V11.1655H321.895V48.5274H315.971V44.8979C315.33 46.1077 314.227 47.104 312.662 47.8869C311.096 48.6697 309.424 49.0611 307.645 49.0611C305.332 49.0611 303.214 48.4562 301.293 47.2464C299.372 46.0366 297.859 44.3998 296.756 42.336C295.653 40.2722 295.102 37.9771 295.102 35.4507Z" fill="#12110D"/>
<path d="M334.103 22.4274V48.5274H328.179V22.4274H334.103ZM331.168 10.3115C332.2 10.3115 333.089 10.6851 333.837 11.4324C334.619 12.1796 335.011 13.0692 335.011 14.1011C335.011 15.1686 334.619 16.0759 333.837 16.8232C333.089 17.5704 332.2 17.944 331.168 17.944C330.136 17.944 329.246 17.5704 328.499 16.8232C327.752 16.0759 327.378 15.1686 327.378 14.1011C327.378 13.0692 327.752 12.1796 328.499 11.4324C329.246 10.6851 330.136 10.3115 331.168 10.3115Z" fill="#12110D"/>
<path d="M352.598 21.8937C355.089 21.8937 357.366 22.4986 359.43 23.7084C361.494 24.8826 363.131 26.5194 364.341 28.6188C365.551 30.6826 366.155 32.9777 366.155 35.5041C366.155 38.0305 365.551 40.3255 364.341 42.3893C363.131 44.4531 361.494 46.0899 359.43 47.2998C357.366 48.474 355.089 49.0611 352.598 49.0611C350.072 49.0611 347.777 48.474 345.713 47.2998C343.649 46.0899 342.013 44.4531 340.803 42.3893C339.629 40.3255 339.041 38.0305 339.041 35.5041C339.041 32.9777 339.629 30.6826 340.803 28.6188C342.013 26.5194 343.649 24.8826 345.713 23.7084C347.813 22.4986 350.108 21.8937 352.598 21.8937ZM344.859 35.5041C344.859 36.963 345.197 38.2973 345.873 39.5071C346.549 40.6814 347.475 41.6243 348.649 42.336C349.859 43.012 351.175 43.3501 352.598 43.3501C354.022 43.3501 355.32 43.012 356.495 42.336C357.669 41.6243 358.594 40.6814 359.27 39.5071C359.946 38.2973 360.284 36.963 360.284 35.5041C360.284 34.0452 359.946 32.7108 359.27 31.501C358.594 30.2912 357.669 29.3483 356.495 28.6722C355.32 27.9605 354.022 27.6047 352.598 27.6047C351.175 27.6047 349.859 27.9605 348.649 28.6722C347.475 29.3483 346.549 30.2912 345.873 31.501C345.197 32.7108 344.859 34.0452 344.859 35.5041Z" fill="#12110D"/>
<path d="M94.4912 77.1419C94.0792 78.3806 93.3581 79.4842 92.3279 80.4527C91.3207 81.4212 90.096 82.1757 88.6538 82.7162C87.2345 83.2568 85.7122 83.527 84.0869 83.527C81.8206 83.527 79.7603 82.9977 77.9061 81.9392C76.0747 80.8581 74.6326 79.3941 73.5795 77.5473C72.5265 75.6779 72 73.6059 72 71.3311C72 69.0788 72.5265 67.0293 73.5795 65.1824C74.6326 63.3356 76.0747 61.8829 77.9061 60.8243C79.7603 59.7432 81.8206 59.2027 84.0869 59.2027C85.6435 59.2027 87.1201 59.4505 88.5165 59.9459C89.9129 60.4414 91.1032 61.1396 92.0876 62.0405C93.0948 62.9189 93.8159 63.9324 94.2509 65.0811L90.6454 66.8041C90.1189 65.6554 89.2719 64.7432 88.1044 64.0676C86.9369 63.3919 85.5977 63.0541 84.0869 63.0541C82.5531 63.0541 81.1796 63.4144 79.9664 64.1351C78.776 64.8333 77.8374 65.8131 77.1507 67.0743C76.4868 68.3356 76.1549 69.7545 76.1549 71.3311C76.1549 72.9077 76.4868 74.3378 77.1507 75.6216C77.8374 76.8829 78.776 77.8739 79.9664 78.5946C81.1796 79.3153 82.5531 79.6757 84.0869 79.6757C85.6893 79.6757 87.0972 79.3041 88.3104 78.5608C89.5466 77.795 90.3936 76.7815 90.8514 75.5203L94.4912 77.1419Z" fill="#12110D"/>
<path d="M105.23 66.3311C106.832 66.3311 108.297 66.714 109.625 67.4797C110.952 68.223 112.006 69.259 112.784 70.5878C113.562 71.8941 113.951 73.3468 113.951 74.9459C113.951 76.545 113.562 77.9977 112.784 79.3041C112.006 80.6104 110.952 81.6464 109.625 82.4122C108.297 83.1554 106.832 83.527 105.23 83.527C103.604 83.527 102.128 83.1554 100.8 82.4122C99.4722 81.6464 98.4192 80.6104 97.6409 79.3041C96.8855 77.9977 96.5078 76.545 96.5078 74.9459C96.5078 73.3468 96.8855 71.8941 97.6409 70.5878C98.4192 69.259 99.4722 68.223 100.8 67.4797C102.151 66.714 103.627 66.3311 105.23 66.3311ZM100.251 74.9459C100.251 75.8694 100.468 76.714 100.903 77.4797C101.338 78.223 101.933 78.8198 102.689 79.2703C103.467 79.6982 104.314 79.9122 105.23 79.9122C106.145 79.9122 106.981 79.6982 107.736 79.2703C108.492 78.8198 109.087 78.223 109.522 77.4797C109.957 76.714 110.174 75.8694 110.174 74.9459C110.174 74.0225 109.957 73.1779 109.522 72.4122C109.087 71.6464 108.492 71.0495 107.736 70.6216C106.981 70.1712 106.145 69.9459 105.23 69.9459C104.314 69.9459 103.467 70.1712 102.689 70.6216C101.933 71.0495 101.338 71.6464 100.903 72.4122C100.468 73.1779 100.251 74.0225 100.251 74.9459Z" fill="#12110D"/>
<path d="M132.225 83.1892H128.379V73.7973C128.379 72.5811 128.047 71.6126 127.383 70.8919C126.719 70.1712 125.85 69.8108 124.774 69.8108C123.95 69.8108 123.194 70.0248 122.507 70.4527C121.843 70.8581 121.34 71.3874 120.996 72.0405V83.1892H117.151V66.6689H120.996V68.7973C121.5 68.1216 122.175 67.5473 123.022 67.0743C123.892 66.5788 124.911 66.3311 126.078 66.3311C128.413 66.3311 130.096 67.2207 131.126 69C131.767 68.2342 132.557 67.6036 133.495 67.1081C134.457 66.5901 135.498 66.3311 136.62 66.3311C137.971 66.3311 139.161 66.6126 140.191 67.1757C141.221 67.7387 142.023 68.527 142.595 69.5405C143.19 70.5541 143.488 71.7365 143.488 73.0878V83.1892H139.608V73.7973C139.608 72.5586 139.276 71.5901 138.612 70.8919C137.971 70.1712 137.078 69.8108 135.933 69.8108C135.201 69.8108 134.48 70.0248 133.77 70.4527C133.06 70.8806 132.511 71.4212 132.122 72.0743L132.225 72.6486V83.1892Z" fill="#12110D"/>
<path d="M162.572 83.1892H158.726V73.7973C158.726 72.5811 158.394 71.6126 157.731 70.8919C157.067 70.1712 156.197 69.8108 155.121 69.8108C154.297 69.8108 153.541 70.0248 152.855 70.4527C152.191 70.8581 151.687 71.3874 151.344 72.0405V83.1892H147.498V66.6689H151.344V68.7973C151.847 68.1216 152.523 67.5473 153.37 67.0743C154.24 66.5788 155.258 66.3311 156.426 66.3311C158.761 66.3311 160.443 67.2207 161.473 69C162.114 68.2342 162.904 67.6036 163.843 67.1081C164.804 66.5901 165.846 66.3311 166.967 66.3311C168.318 66.3311 169.508 66.6126 170.539 67.1757C171.569 67.7387 172.37 68.527 172.942 69.5405C173.537 70.5541 173.835 71.7365 173.835 73.0878V83.1892H169.955V73.7973C169.955 72.5586 169.623 71.5901 168.959 70.8919C168.318 70.1712 167.425 69.8108 166.281 69.8108C165.548 69.8108 164.827 70.0248 164.117 70.4527C163.408 70.8806 162.858 71.4212 162.469 72.0743L162.572 72.6486V83.1892Z" fill="#12110D"/>
<path d="M189.795 80.9932C189.291 81.759 188.582 82.3784 187.666 82.8514C186.75 83.3018 185.766 83.527 184.713 83.527C182.607 83.527 180.936 82.8626 179.7 81.5338C178.463 80.1824 177.845 78.3694 177.845 76.0946V66.6689H181.657V75.4865C181.657 76.8153 182.012 77.8626 182.721 78.6284C183.454 79.3941 184.427 79.777 185.64 79.777C186.487 79.777 187.277 79.5743 188.009 79.1689C188.765 78.7635 189.36 78.2117 189.795 77.5135L189.829 66.6689H193.675V83.1892H189.795V80.9932Z" fill="#12110D"/>
<path d="M201.543 68.8649C202.069 68.0766 202.779 67.4572 203.672 67.0068C204.587 66.5563 205.572 66.3311 206.625 66.3311C208.731 66.3311 210.402 67.0068 211.638 68.3581C212.874 69.6869 213.492 71.4887 213.492 73.7635V83.1892H209.681V74.3716C209.681 73.0428 209.314 71.9955 208.582 71.2297C207.872 70.464 206.911 70.0811 205.697 70.0811C204.85 70.0811 204.061 70.2838 203.328 70.6892C202.596 71.0946 202 71.6464 201.543 72.3446V83.1892H197.697V66.6689H201.543V68.8649Z" fill="#12110D"/>
<path d="M221.36 66.6689V83.1892H217.548V66.6689H221.36ZM219.471 59C220.135 59 220.707 59.2365 221.188 59.7095C221.692 60.1824 221.944 60.7455 221.944 61.3986C221.944 62.0743 221.692 62.6486 221.188 63.1216C220.707 63.5946 220.135 63.8311 219.471 63.8311C218.807 63.8311 218.235 63.5946 217.754 63.1216C217.274 62.6486 217.033 62.0743 217.033 61.3986C217.033 60.7455 217.274 60.1824 217.754 59.7095C218.235 59.2365 218.807 59 219.471 59Z" fill="#12110D"/>
<path d="M233.293 83.4257C231.393 83.4257 229.859 82.8626 228.691 81.7365C227.547 80.5878 226.975 79.0113 226.975 77.0068V70.25H223.747V66.6689H226.975V62.2432H230.786V66.6689H235.181V70.25H230.786V76.8378C230.786 77.7838 231.072 78.5383 231.644 79.1014C232.24 79.6419 232.972 79.9122 233.842 79.9122C234.254 79.9122 234.689 79.8446 235.147 79.7095L235.353 83.0203C234.804 83.2905 234.117 83.4257 233.293 83.4257Z" fill="#12110D"/>
<path d="M243.453 82.3108L236.792 66.6689H240.912L245.411 77.9189L249.909 66.6689H254.029L244.552 89H240.432L243.453 82.3108Z" fill="#12110D"/>
<path d="M278.378 59.5405V63.3243H268.214V68.8986H277.279V72.6824H268.214V79.4054H278.378V83.1892H264.197V59.5405H278.378Z" fill="#12110D"/>
<path d="M293.862 72.4797C293.473 71.7365 292.855 71.1284 292.008 70.6554C291.161 70.1599 290.257 69.9122 289.295 69.9122C288.334 69.9122 287.464 70.1374 286.685 70.5878C285.907 71.0158 285.289 71.6126 284.831 72.3784C284.396 73.1216 284.179 73.9662 284.179 74.9122C284.179 75.8581 284.396 76.714 284.831 77.4797C285.289 78.2455 285.907 78.8536 286.685 79.3041C287.487 79.732 288.357 79.9459 289.295 79.9459C290.234 79.9459 291.126 79.7095 291.973 79.2365C292.82 78.7635 293.45 78.1554 293.862 77.4122V72.4797ZM280.436 74.9122C280.436 73.3356 280.791 71.8941 281.5 70.5878C282.21 69.2815 283.183 68.2455 284.419 67.4797C285.655 66.714 287.017 66.3311 288.505 66.3311C289.65 66.3311 290.726 66.5788 291.733 67.0743C292.74 67.5698 293.45 68.2004 293.862 68.9662V59.5405H297.674V83.1892H293.862V80.8919C293.45 81.6577 292.74 82.2883 291.733 82.7838C290.726 83.2793 289.65 83.527 288.505 83.527C287.017 83.527 285.655 83.1441 284.419 82.3784C283.183 81.6126 282.21 80.5766 281.5 79.2703C280.791 77.964 280.436 76.5113 280.436 74.9122Z" fill="#12110D"/>
<path d="M305.527 66.6689V83.1892H301.716V66.6689H305.527ZM303.639 59C304.303 59 304.875 59.2365 305.356 59.7095C305.859 60.1824 306.111 60.7455 306.111 61.3986C306.111 62.0743 305.859 62.6486 305.356 63.1216C304.875 63.5946 304.303 63.8311 303.639 63.8311C302.975 63.8311 302.403 63.5946 301.922 63.1216C301.441 62.6486 301.201 62.0743 301.201 61.3986C301.201 60.7455 301.441 60.1824 301.922 59.7095C302.403 59.2365 302.975 59 303.639 59Z" fill="#12110D"/>
<path d="M317.46 83.4257C315.56 83.4257 314.027 82.8626 312.859 81.7365C311.715 80.5878 311.142 79.0113 311.142 77.0068V70.25H307.914V66.6689H311.142V62.2432H314.954V66.6689H319.349V70.25H314.954V76.8378C314.954 77.7838 315.24 78.5383 315.812 79.1014C316.407 79.6419 317.14 79.9122 318.01 79.9122C318.422 79.9122 318.857 79.8446 319.315 79.7095L319.521 83.0203C318.971 83.2905 318.284 83.4257 317.46 83.4257Z" fill="#12110D"/>
<path d="M326.385 66.6689V83.1892H322.573V66.6689H326.385ZM324.496 59C325.16 59 325.733 59.2365 326.213 59.7095C326.717 60.1824 326.969 60.7455 326.969 61.3986C326.969 62.0743 326.717 62.6486 326.213 63.1216C325.733 63.5946 325.16 63.8311 324.496 63.8311C323.833 63.8311 323.26 63.5946 322.78 63.1216C322.299 62.6486 322.058 62.0743 322.058 61.3986C322.058 60.7455 322.299 60.1824 322.78 59.7095C323.26 59.2365 323.833 59 324.496 59Z" fill="#12110D"/>
<path d="M338.284 66.3311C339.886 66.3311 341.351 66.714 342.679 67.4797C344.006 68.223 345.059 69.259 345.838 70.5878C346.616 71.8941 347.005 73.3468 347.005 74.9459C347.005 76.545 346.616 77.9977 345.838 79.3041C345.059 80.6104 344.006 81.6464 342.679 82.4122C341.351 83.1554 339.886 83.527 338.284 83.527C336.658 83.527 335.182 83.1554 333.854 82.4122C332.526 81.6464 331.473 80.6104 330.695 79.3041C329.939 77.9977 329.562 76.545 329.562 74.9459C329.562 73.3468 329.939 71.8941 330.695 70.5878C331.473 69.259 332.526 68.223 333.854 67.4797C335.205 66.714 336.681 66.3311 338.284 66.3311ZM333.305 74.9459C333.305 75.8694 333.522 76.714 333.957 77.4797C334.392 78.223 334.987 78.8198 335.743 79.2703C336.521 79.6982 337.368 79.9122 338.284 79.9122C339.199 79.9122 340.035 79.6982 340.79 79.2703C341.546 78.8198 342.141 78.223 342.576 77.4797C343.011 76.714 343.228 75.8694 343.228 74.9459C343.228 74.0225 343.011 73.1779 342.576 72.4122C342.141 71.6464 341.546 71.0495 340.79 70.6216C340.035 70.1712 339.199 69.9459 338.284 69.9459C337.368 69.9459 336.521 70.1712 335.743 70.6216C334.987 71.0495 334.392 71.6464 333.957 72.4122C333.522 73.1779 333.305 74.0225 333.305 74.9459Z" fill="#12110D"/>
<path d="M354.05 68.8649C354.577 68.0766 355.287 67.4572 356.179 67.0068C357.095 66.5563 358.079 66.3311 359.132 66.3311C361.238 66.3311 362.91 67.0068 364.146 68.3581C365.382 69.6869 366 71.4887 366 73.7635V83.1892H362.188V74.3716C362.188 73.0428 361.822 71.9955 361.09 71.2297C360.38 70.464 359.419 70.0811 358.205 70.0811C357.358 70.0811 356.569 70.2838 355.836 70.6892C355.103 71.0946 354.508 71.6464 354.05 72.3446V83.1892H350.205V66.6689H354.05V68.8649Z" fill="#12110D"/>
<defs>
<clipPath id="clip0_113_3173">
<rect width="56.9013" height="56.7378" fill="white" transform="translate(0 1.13086)"/>
</clipPath>
</defs>
</svg>

===== END FILE: label_studio/core/static_build/images/label_studio_logo.svg =====


===== FILE: label_studio/core/static_build/images/label_studio_logo.b8d77b402185.svg =====
<svg width="367" height="93" viewBox="0 0 367 93" fill="none" xmlns="http://www.w3.org/2000/svg">
<g clip-path="url(#clip0_113_3173)">
<rect x="6.77368" y="10.3066" width="42.9008" height="40.6429" fill="#e0f2fe"/>
<path fill-rule="evenodd" clip-rule="evenodd" d="M16.0035 17.0884H0V1.13086H16.0035V17.0884ZM56.9022 17.0884H40.8987V1.13092H56.9022V17.0884ZM0 57.8691H16.0035V41.9116H0V57.8691ZM56.9022 57.8691H40.8987V41.9116H56.9022V57.8691ZM5.33369 17.0887H10.6682V41.9115H5.33369V17.0887ZM51.5671 17.0887H46.2326V41.9115H51.5671V17.0887ZM16.0039 6.45045H40.8982V11.7696H16.0039V6.45045ZM40.8982 47.23H16.0039V52.5491H40.8982V47.23Z" fill="#0a87ce"/>
</g>
<path d="M78.2449 11.1655V42.5495H96.1252V48.5274H72.0001V11.1655H78.2449Z" fill="#12110D"/>
<path d="M125.184 48.5274H119.206V44.8979C118.566 46.1077 117.463 47.104 115.897 47.8869C114.331 48.6697 112.659 49.0611 110.88 49.0611C108.567 49.0611 106.45 48.4562 104.528 47.2464C102.607 46.0366 101.095 44.3998 99.9915 42.336C98.8884 40.2722 98.3369 37.9771 98.3369 35.4507C98.3369 32.9599 98.8884 30.6826 99.9915 28.6188C101.095 26.555 102.607 24.9182 104.528 23.7084C106.45 22.4986 108.567 21.8937 110.88 21.8937C112.659 21.8937 114.331 22.2851 115.897 23.0679C117.463 23.8507 118.566 24.8471 119.206 26.0569V22.4274H125.184V48.5274ZM104.155 35.4507C104.155 36.9452 104.493 38.2973 105.169 39.5071C105.88 40.7169 106.841 41.6777 108.051 42.3893C109.296 43.0654 110.649 43.4034 112.107 43.4034C113.566 43.4034 114.954 43.0298 116.271 42.2826C117.587 41.5354 118.566 40.5746 119.206 39.4004V31.6078C118.601 30.4335 117.641 29.4728 116.324 28.7256C115.007 27.9428 113.602 27.5513 112.107 27.5513C110.613 27.5513 109.261 27.9072 108.051 28.6188C106.841 29.2949 105.88 30.2378 105.169 31.4477C104.493 32.6219 104.155 33.9562 104.155 35.4507Z" fill="#12110D"/>
<path d="M137.339 26.0569C137.979 24.8471 139.082 23.8507 140.648 23.0679C142.249 22.2851 143.922 21.8937 145.665 21.8937C147.978 21.8937 150.095 22.4986 152.017 23.7084C153.938 24.9182 155.45 26.555 156.553 28.6188C157.656 30.6826 158.208 32.9599 158.208 35.4507C158.208 37.9771 157.656 40.2722 156.553 42.336C155.45 44.3998 153.938 46.0366 152.017 47.2464C150.095 48.4562 147.978 49.0611 145.665 49.0611C143.922 49.0611 142.249 48.6697 140.648 47.8869C139.082 47.104 137.979 46.1077 137.339 44.8979V48.5274H131.414V11.1655H137.339V26.0569ZM137.339 39.4004C137.979 40.5746 138.958 41.5354 140.274 42.2826C141.591 43.0298 142.979 43.4034 144.437 43.4034C145.896 43.4034 147.231 43.0654 148.441 42.3893C149.686 41.6777 150.647 40.7169 151.323 39.5071C152.034 38.2973 152.39 36.9452 152.39 35.4507C152.39 33.9562 152.034 32.6219 151.323 31.4477C150.647 30.2378 149.704 29.2949 148.494 28.6188C147.284 27.9072 145.932 27.5513 144.437 27.5513C142.943 27.5513 141.537 27.9428 140.221 28.7256C138.904 29.4728 137.944 30.4335 137.339 31.6078V39.4004Z" fill="#12110D"/>
<path d="M174.857 49.0611C172.402 49.0611 170.143 48.474 168.079 47.2998C166.015 46.0899 164.378 44.4353 163.168 42.336C161.959 40.2366 161.354 37.9059 161.354 35.344C161.354 32.8532 161.941 30.5937 163.115 28.5655C164.325 26.5017 165.962 24.8826 168.025 23.7084C170.089 22.4986 172.349 21.8937 174.804 21.8937C177.117 21.8937 179.234 22.4452 181.156 23.5483C183.077 24.6514 184.589 26.1458 185.692 28.0317C186.795 29.9176 187.347 32.017 187.347 34.3299C187.347 34.9703 187.276 35.8243 187.133 36.8918H167.118C167.438 39.0624 168.292 40.7703 169.68 42.0157C171.103 43.2611 172.9 43.8838 175.071 43.8838C176.53 43.8838 177.882 43.5814 179.127 42.9765C180.408 42.336 181.333 41.5176 181.903 40.5212L186.6 43.4034C185.639 45.1826 184.109 46.5703 182.009 47.5666C179.946 48.5629 177.562 49.0611 174.857 49.0611ZM181.316 32.6219C181.102 30.9495 180.355 29.5796 179.074 28.5121C177.793 27.4446 176.281 26.9109 174.537 26.9109C172.651 26.9109 171.068 27.4268 169.787 28.4587C168.541 29.455 167.705 30.8427 167.278 32.6219H181.316Z" fill="#12110D"/>
<path d="M198.219 48.5274H192.294V11.1655H198.219V48.5274Z" fill="#12110D"/>
<path d="M228.655 10.6318C231.039 10.6318 233.423 11.1477 235.807 12.1796C238.226 13.1759 240.077 14.4391 241.358 15.9692L237.728 20.8262C236.483 19.5452 234.988 18.5311 233.245 17.7839C231.537 17.0367 229.847 16.663 228.174 16.663C226.466 16.663 225.061 17.0544 223.958 17.8373C222.89 18.6201 222.357 19.6342 222.357 20.8796C222.357 21.9471 222.695 22.8366 223.371 23.5483C224.082 24.2599 224.954 24.8293 225.986 25.2563C227.053 25.6477 228.512 26.1102 230.363 26.644C232.889 27.3556 234.935 28.0851 236.501 28.8323C238.102 29.544 239.454 30.6293 240.557 32.0881C241.696 33.5115 242.265 35.3973 242.265 37.7458C242.265 39.774 241.714 41.6599 240.61 43.4034C239.543 45.1114 237.995 46.4813 235.967 47.5132C233.939 48.5451 231.59 49.0611 228.922 49.0611C226.146 49.0611 223.406 48.4562 220.702 47.2464C217.998 46.0366 215.809 44.5065 214.137 42.6562L218.14 38.066C219.777 39.6317 221.449 40.8593 223.157 41.7488C224.865 42.6028 226.787 43.0298 228.922 43.0298C230.985 43.0298 232.658 42.5495 233.939 41.5887C235.22 40.628 235.86 39.3648 235.86 37.7992C235.86 36.7673 235.522 35.9311 234.846 35.2906C234.17 34.6145 233.316 34.0808 232.284 33.6894C231.252 33.298 229.829 32.8532 228.014 32.355C225.488 31.6789 223.424 31.0029 221.823 30.3268C220.257 29.6151 218.905 28.5477 217.766 27.1244C216.628 25.6655 216.058 23.744 216.058 21.36C216.058 19.3673 216.592 17.5526 217.66 15.9158C218.763 14.279 220.257 12.998 222.143 12.0729C224.064 11.1121 226.235 10.6318 228.655 10.6318Z" fill="#12110D"/>
<path d="M258.153 48.901C255.199 48.901 252.815 48.0114 251 46.2323C249.221 44.4175 248.332 41.9268 248.332 38.7599V28.0851H243.315V22.4274H248.332V15.4354H254.256V22.4274H261.088V28.0851H254.256V38.493C254.256 39.9875 254.701 41.1795 255.591 42.0691C256.516 42.9231 257.654 43.3501 259.007 43.3501C259.647 43.3501 260.323 43.2433 261.035 43.0298L261.355 48.2605C260.501 48.6875 259.434 48.901 258.153 48.901Z" fill="#12110D"/>
<path d="M284.153 45.058C283.37 46.2679 282.267 47.2464 280.844 47.9936C279.421 48.7053 277.891 49.0611 276.254 49.0611C272.98 49.0611 270.383 48.0114 268.461 45.912C266.54 43.7771 265.579 40.9127 265.579 37.3188V22.4274H271.504V36.3581C271.504 38.4574 272.055 40.112 273.158 41.3219C274.297 42.5317 275.809 43.1366 277.695 43.1366C279.012 43.1366 280.239 42.8163 281.378 42.1758C282.552 41.5354 283.477 40.6636 284.153 39.5605L284.207 22.4274H290.185V48.5274H284.153V45.058Z" fill="#12110D"/>
<path d="M315.971 31.6078C315.366 30.4335 314.405 29.4728 313.089 28.7256C311.772 27.9428 310.367 27.5513 308.872 27.5513C307.378 27.5513 306.026 27.9072 304.816 28.6188C303.606 29.2949 302.645 30.2378 301.934 31.4477C301.257 32.6219 300.919 33.9562 300.919 35.4507C300.919 36.9452 301.257 38.2973 301.934 39.5071C302.645 40.7169 303.606 41.6777 304.816 42.3893C306.061 43.0654 307.413 43.4034 308.872 43.4034C310.331 43.4034 311.719 43.0298 313.035 42.2826C314.352 41.5354 315.33 40.5746 315.971 39.4004V31.6078ZM295.102 35.4507C295.102 32.9599 295.653 30.6826 296.756 28.6188C297.859 26.555 299.372 24.9182 301.293 23.7084C303.214 22.4986 305.332 21.8937 307.645 21.8937C309.424 21.8937 311.096 22.2851 312.662 23.0679C314.227 23.8507 315.33 24.8471 315.971 26.0569V11.1655H321.895V48.5274H315.971V44.8979C315.33 46.1077 314.227 47.104 312.662 47.8869C311.096 48.6697 309.424 49.0611 307.645 49.0611C305.332 49.0611 303.214 48.4562 301.293 47.2464C299.372 46.0366 297.859 44.3998 296.756 42.336C295.653 40.2722 295.102 37.9771 295.102 35.4507Z" fill="#12110D"/>
<path d="M334.103 22.4274V48.5274H328.179V22.4274H334.103ZM331.168 10.3115C332.2 10.3115 333.089 10.6851 333.837 11.4324C334.619 12.1796 335.011 13.0692 335.011 14.1011C335.011 15.1686 334.619 16.0759 333.837 16.8232C333.089 17.5704 332.2 17.944 331.168 17.944C330.136 17.944 329.246 17.5704 328.499 16.8232C327.752 16.0759 327.378 15.1686 327.378 14.1011C327.378 13.0692 327.752 12.1796 328.499 11.4324C329.246 10.6851 330.136 10.3115 331.168 10.3115Z" fill="#12110D"/>
<path d="M352.598 21.8937C355.089 21.8937 357.366 22.4986 359.43 23.7084C361.494 24.8826 363.131 26.5194 364.341 28.6188C365.551 30.6826 366.155 32.9777 366.155 35.5041C366.155 38.0305 365.551 40.3255 364.341 42.3893C363.131 44.4531 361.494 46.0899 359.43 47.2998C357.366 48.474 355.089 49.0611 352.598 49.0611C350.072 49.0611 347.777 48.474 345.713 47.2998C343.649 46.0899 342.013 44.4531 340.803 42.3893C339.629 40.3255 339.041 38.0305 339.041 35.5041C339.041 32.9777 339.629 30.6826 340.803 28.6188C342.013 26.5194 343.649 24.8826 345.713 23.7084C347.813 22.4986 350.108 21.8937 352.598 21.8937ZM344.859 35.5041C344.859 36.963 345.197 38.2973 345.873 39.5071C346.549 40.6814 347.475 41.6243 348.649 42.336C349.859 43.012 351.175 43.3501 352.598 43.3501C354.022 43.3501 355.32 43.012 356.495 42.336C357.669 41.6243 358.594 40.6814 359.27 39.5071C359.946 38.2973 360.284 36.963 360.284 35.5041C360.284 34.0452 359.946 32.7108 359.27 31.501C358.594 30.2912 357.669 29.3483 356.495 28.6722C355.32 27.9605 354.022 27.6047 352.598 27.6047C351.175 27.6047 349.859 27.9605 348.649 28.6722C347.475 29.3483 346.549 30.2912 345.873 31.501C345.197 32.7108 344.859 34.0452 344.859 35.5041Z" fill="#12110D"/>
<path d="M94.4912 77.1419C94.0792 78.3806 93.3581 79.4842 92.3279 80.4527C91.3207 81.4212 90.096 82.1757 88.6538 82.7162C87.2345 83.2568 85.7122 83.527 84.0869 83.527C81.8206 83.527 79.7603 82.9977 77.9061 81.9392C76.0747 80.8581 74.6326 79.3941 73.5795 77.5473C72.5265 75.6779 72 73.6059 72 71.3311C72 69.0788 72.5265 67.0293 73.5795 65.1824C74.6326 63.3356 76.0747 61.8829 77.9061 60.8243C79.7603 59.7432 81.8206 59.2027 84.0869 59.2027C85.6435 59.2027 87.1201 59.4505 88.5165 59.9459C89.9129 60.4414 91.1032 61.1396 92.0876 62.0405C93.0948 62.9189 93.8159 63.9324 94.2509 65.0811L90.6454 66.8041C90.1189 65.6554 89.2719 64.7432 88.1044 64.0676C86.9369 63.3919 85.5977 63.0541 84.0869 63.0541C82.5531 63.0541 81.1796 63.4144 79.9664 64.1351C78.776 64.8333 77.8374 65.8131 77.1507 67.0743C76.4868 68.3356 76.1549 69.7545 76.1549 71.3311C76.1549 72.9077 76.4868 74.3378 77.1507 75.6216C77.8374 76.8829 78.776 77.8739 79.9664 78.5946C81.1796 79.3153 82.5531 79.6757 84.0869 79.6757C85.6893 79.6757 87.0972 79.3041 88.3104 78.5608C89.5466 77.795 90.3936 76.7815 90.8514 75.5203L94.4912 77.1419Z" fill="#12110D"/>
<path d="M105.23 66.3311C106.832 66.3311 108.297 66.714 109.625 67.4797C110.952 68.223 112.006 69.259 112.784 70.5878C113.562 71.8941 113.951 73.3468 113.951 74.9459C113.951 76.545 113.562 77.9977 112.784 79.3041C112.006 80.6104 110.952 81.6464 109.625 82.4122C108.297 83.1554 106.832 83.527 105.23 83.527C103.604 83.527 102.128 83.1554 100.8 82.4122C99.4722 81.6464 98.4192 80.6104 97.6409 79.3041C96.8855 77.9977 96.5078 76.545 96.5078 74.9459C96.5078 73.3468 96.8855 71.8941 97.6409 70.5878C98.4192 69.259 99.4722 68.223 100.8 67.4797C102.151 66.714 103.627 66.3311 105.23 66.3311ZM100.251 74.9459C100.251 75.8694 100.468 76.714 100.903 77.4797C101.338 78.223 101.933 78.8198 102.689 79.2703C103.467 79.6982 104.314 79.9122 105.23 79.9122C106.145 79.9122 106.981 79.6982 107.736 79.2703C108.492 78.8198 109.087 78.223 109.522 77.4797C109.957 76.714 110.174 75.8694 110.174 74.9459C110.174 74.0225 109.957 73.1779 109.522 72.4122C109.087 71.6464 108.492 71.0495 107.736 70.6216C106.981 70.1712 106.145 69.9459 105.23 69.9459C104.314 69.9459 103.467 70.1712 102.689 70.6216C101.933 71.0495 101.338 71.6464 100.903 72.4122C100.468 73.1779 100.251 74.0225 100.251 74.9459Z" fill="#12110D"/>
<path d="M132.225 83.1892H128.379V73.7973C128.379 72.5811 128.047 71.6126 127.383 70.8919C126.719 70.1712 125.85 69.8108 124.774 69.8108C123.95 69.8108 123.194 70.0248 122.507 70.4527C121.843 70.8581 121.34 71.3874 120.996 72.0405V83.1892H117.151V66.6689H120.996V68.7973C121.5 68.1216 122.175 67.5473 123.022 67.0743C123.892 66.5788 124.911 66.3311 126.078 66.3311C128.413 66.3311 130.096 67.2207 131.126 69C131.767 68.2342 132.557 67.6036 133.495 67.1081C134.457 66.5901 135.498 66.3311 136.62 66.3311C137.971 66.3311 139.161 66.6126 140.191 67.1757C141.221 67.7387 142.023 68.527 142.595 69.5405C143.19 70.5541 143.488 71.7365 143.488 73.0878V83.1892H139.608V73.7973C139.608 72.5586 139.276 71.5901 138.612 70.8919C137.971 70.1712 137.078 69.8108 135.933 69.8108C135.201 69.8108 134.48 70.0248 133.77 70.4527C133.06 70.8806 132.511 71.4212 132.122 72.0743L132.225 72.6486V83.1892Z" fill="#12110D"/>
<path d="M162.572 83.1892H158.726V73.7973C158.726 72.5811 158.394 71.6126 157.731 70.8919C157.067 70.1712 156.197 69.8108 155.121 69.8108C154.297 69.8108 153.541 70.0248 152.855 70.4527C152.191 70.8581 151.687 71.3874 151.344 72.0405V83.1892H147.498V66.6689H151.344V68.7973C151.847 68.1216 152.523 67.5473 153.37 67.0743C154.24 66.5788 155.258 66.3311 156.426 66.3311C158.761 66.3311 160.443 67.2207 161.473 69C162.114 68.2342 162.904 67.6036 163.843 67.1081C164.804 66.5901 165.846 66.3311 166.967 66.3311C168.318 66.3311 169.508 66.6126 170.539 67.1757C171.569 67.7387 172.37 68.527 172.942 69.5405C173.537 70.5541 173.835 71.7365 173.835 73.0878V83.1892H169.955V73.7973C169.955 72.5586 169.623 71.5901 168.959 70.8919C168.318 70.1712 167.425 69.8108 166.281 69.8108C165.548 69.8108 164.827 70.0248 164.117 70.4527C163.408 70.8806 162.858 71.4212 162.469 72.0743L162.572 72.6486V83.1892Z" fill="#12110D"/>
<path d="M189.795 80.9932C189.291 81.759 188.582 82.3784 187.666 82.8514C186.75 83.3018 185.766 83.527 184.713 83.527C182.607 83.527 180.936 82.8626 179.7 81.5338C178.463 80.1824 177.845 78.3694 177.845 76.0946V66.6689H181.657V75.4865C181.657 76.8153 182.012 77.8626 182.721 78.6284C183.454 79.3941 184.427 79.777 185.64 79.777C186.487 79.777 187.277 79.5743 188.009 79.1689C188.765 78.7635 189.36 78.2117 189.795 77.5135L189.829 66.6689H193.675V83.1892H189.795V80.9932Z" fill="#12110D"/>
<path d="M201.543 68.8649C202.069 68.0766 202.779 67.4572 203.672 67.0068C204.587 66.5563 205.572 66.3311 206.625 66.3311C208.731 66.3311 210.402 67.0068 211.638 68.3581C212.874 69.6869 213.492 71.4887 213.492 73.7635V83.1892H209.681V74.3716C209.681 73.0428 209.314 71.9955 208.582 71.2297C207.872 70.464 206.911 70.0811 205.697 70.0811C204.85 70.0811 204.061 70.2838 203.328 70.6892C202.596 71.0946 202 71.6464 201.543 72.3446V83.1892H197.697V66.6689H201.543V68.8649Z" fill="#12110D"/>
<path d="M221.36 66.6689V83.1892H217.548V66.6689H221.36ZM219.471 59C220.135 59 220.707 59.2365 221.188 59.7095C221.692 60.1824 221.944 60.7455 221.944 61.3986C221.944 62.0743 221.692 62.6486 221.188 63.1216C220.707 63.5946 220.135 63.8311 219.471 63.8311C218.807 63.8311 218.235 63.5946 217.754 63.1216C217.274 62.6486 217.033 62.0743 217.033 61.3986C217.033 60.7455 217.274 60.1824 217.754 59.7095C218.235 59.2365 218.807 59 219.471 59Z" fill="#12110D"/>
<path d="M233.293 83.4257C231.393 83.4257 229.859 82.8626 228.691 81.7365C227.547 80.5878 226.975 79.0113 226.975 77.0068V70.25H223.747V66.6689H226.975V62.2432H230.786V66.6689H235.181V70.25H230.786V76.8378C230.786 77.7838 231.072 78.5383 231.644 79.1014C232.24 79.6419 232.972 79.9122 233.842 79.9122C234.254 79.9122 234.689 79.8446 235.147 79.7095L235.353 83.0203C234.804 83.2905 234.117 83.4257 233.293 83.4257Z" fill="#12110D"/>
<path d="M243.453 82.3108L236.792 66.6689H240.912L245.411 77.9189L249.909 66.6689H254.029L244.552 89H240.432L243.453 82.3108Z" fill="#12110D"/>
<path d="M278.378 59.5405V63.3243H268.214V68.8986H277.279V72.6824H268.214V79.4054H278.378V83.1892H264.197V59.5405H278.378Z" fill="#12110D"/>
<path d="M293.862 72.4797C293.473 71.7365 292.855 71.1284 292.008 70.6554C291.161 70.1599 290.257 69.9122 289.295 69.9122C288.334 69.9122 287.464 70.1374 286.685 70.5878C285.907 71.0158 285.289 71.6126 284.831 72.3784C284.396 73.1216 284.179 73.9662 284.179 74.9122C284.179 75.8581 284.396 76.714 284.831 77.4797C285.289 78.2455 285.907 78.8536 286.685 79.3041C287.487 79.732 288.357 79.9459 289.295 79.9459C290.234 79.9459 291.126 79.7095 291.973 79.2365C292.82 78.7635 293.45 78.1554 293.862 77.4122V72.4797ZM280.436 74.9122C280.436 73.3356 280.791 71.8941 281.5 70.5878C282.21 69.2815 283.183 68.2455 284.419 67.4797C285.655 66.714 287.017 66.3311 288.505 66.3311C289.65 66.3311 290.726 66.5788 291.733 67.0743C292.74 67.5698 293.45 68.2004 293.862 68.9662V59.5405H297.674V83.1892H293.862V80.8919C293.45 81.6577 292.74 82.2883 291.733 82.7838C290.726 83.2793 289.65 83.527 288.505 83.527C287.017 83.527 285.655 83.1441 284.419 82.3784C283.183 81.6126 282.21 80.5766 281.5 79.2703C280.791 77.964 280.436 76.5113 280.436 74.9122Z" fill="#12110D"/>
<path d="M305.527 66.6689V83.1892H301.716V66.6689H305.527ZM303.639 59C304.303 59 304.875 59.2365 305.356 59.7095C305.859 60.1824 306.111 60.7455 306.111 61.3986C306.111 62.0743 305.859 62.6486 305.356 63.1216C304.875 63.5946 304.303 63.8311 303.639 63.8311C302.975 63.8311 302.403 63.5946 301.922 63.1216C301.441 62.6486 301.201 62.0743 301.201 61.3986C301.201 60.7455 301.441 60.1824 301.922 59.7095C302.403 59.2365 302.975 59 303.639 59Z" fill="#12110D"/>
<path d="M317.46 83.4257C315.56 83.4257 314.027 82.8626 312.859 81.7365C311.715 80.5878 311.142 79.0113 311.142 77.0068V70.25H307.914V66.6689H311.142V62.2432H314.954V66.6689H319.349V70.25H314.954V76.8378C314.954 77.7838 315.24 78.5383 315.812 79.1014C316.407 79.6419 317.14 79.9122 318.01 79.9122C318.422 79.9122 318.857 79.8446 319.315 79.7095L319.521 83.0203C318.971 83.2905 318.284 83.4257 317.46 83.4257Z" fill="#12110D"/>
<path d="M326.385 66.6689V83.1892H322.573V66.6689H326.385ZM324.496 59C325.16 59 325.733 59.2365 326.213 59.7095C326.717 60.1824 326.969 60.7455 326.969 61.3986C326.969 62.0743 326.717 62.6486 326.213 63.1216C325.733 63.5946 325.16 63.8311 324.496 63.8311C323.833 63.8311 323.26 63.5946 322.78 63.1216C322.299 62.6486 322.058 62.0743 322.058 61.3986C322.058 60.7455 322.299 60.1824 322.78 59.7095C323.26 59.2365 323.833 59 324.496 59Z" fill="#12110D"/>
<path d="M338.284 66.3311C339.886 66.3311 341.351 66.714 342.679 67.4797C344.006 68.223 345.059 69.259 345.838 70.5878C346.616 71.8941 347.005 73.3468 347.005 74.9459C347.005 76.545 346.616 77.9977 345.838 79.3041C345.059 80.6104 344.006 81.6464 342.679 82.4122C341.351 83.1554 339.886 83.527 338.284 83.527C336.658 83.527 335.182 83.1554 333.854 82.4122C332.526 81.6464 331.473 80.6104 330.695 79.3041C329.939 77.9977 329.562 76.545 329.562 74.9459C329.562 73.3468 329.939 71.8941 330.695 70.5878C331.473 69.259 332.526 68.223 333.854 67.4797C335.205 66.714 336.681 66.3311 338.284 66.3311ZM333.305 74.9459C333.305 75.8694 333.522 76.714 333.957 77.4797C334.392 78.223 334.987 78.8198 335.743 79.2703C336.521 79.6982 337.368 79.9122 338.284 79.9122C339.199 79.9122 340.035 79.6982 340.79 79.2703C341.546 78.8198 342.141 78.223 342.576 77.4797C343.011 76.714 343.228 75.8694 343.228 74.9459C343.228 74.0225 343.011 73.1779 342.576 72.4122C342.141 71.6464 341.546 71.0495 340.79 70.6216C340.035 70.1712 339.199 69.9459 338.284 69.9459C337.368 69.9459 336.521 70.1712 335.743 70.6216C334.987 71.0495 334.392 71.6464 333.957 72.4122C333.522 73.1779 333.305 74.0225 333.305 74.9459Z" fill="#12110D"/>
<path d="M354.05 68.8649C354.577 68.0766 355.287 67.4572 356.179 67.0068C357.095 66.5563 358.079 66.3311 359.132 66.3311C361.238 66.3311 362.91 67.0068 364.146 68.3581C365.382 69.6869 366 71.4887 366 73.7635V83.1892H362.188V74.3716C362.188 73.0428 361.822 71.9955 361.09 71.2297C360.38 70.464 359.419 70.0811 358.205 70.0811C357.358 70.0811 356.569 70.2838 355.836 70.6892C355.103 71.0946 354.508 71.6464 354.05 72.3446V83.1892H350.205V66.6689H354.05V68.8649Z" fill="#12110D"/>
<defs>
<clipPath id="clip0_113_3173">
<rect width="56.9013" height="56.7378" fill="white" transform="translate(0 1.13086)"/>
</clipPath>
</defs>
</svg>

===== END FILE: label_studio/core/static_build/images/label_studio_logo.b8d77b402185.svg =====


===== FILE: label_studio/core/static_build/images/opossum_broken.svg =====
<svg width="234" height="111" viewBox="0 0 234 111" fill="none" xmlns="http://www.w3.org/2000/svg">
<path d="M3.20072 28.993C14.7856 20.1361 31.7852 17.4529 46.1936 18.1557C60.6021 18.8584 75.1383 27.21 88.5068 18.6435C98.1395 12.4756 110.288 -4.69218 123.581 1.22015C127.177 2.81729 127.921 4.51898 132.209 3.84527C135.212 3.37484 137.716 2.10294 141.098 2.77084C144.31 3.35162 146.472 5.18107 150.004 4.62933C153.449 4.0892 155.971 2.48625 159.689 2.68372C166.161 3.03218 171.838 5.25657 178.281 5.77927C185.38 6.36005 188.622 10.6404 191.062 16.9883C193.049 22.1688 190.801 31.984 197.651 33.6799C203.891 35.2248 211.652 29.3124 216.922 34.9169C220.989 39.2728 216.788 47.6476 222.151 50.9871C224.864 52.683 227.316 52.3113 229.704 55.0525C231.734 57.273 232.992 60.0908 233.288 63.0847C233.951 69.2526 228.641 73.5387 226.787 78.9574C224.318 86.2694 220.809 88.8713 213.837 91.6474C207.411 94.2086 204.762 99.9235 199.208 103.733C192.759 108.159 182.464 110.703 174.806 110.325C171.605 110.168 168.357 108.827 165.145 108.38C160.357 107.712 155.401 108.182 150.504 107.991C137.652 107.497 124.412 105.255 111.764 103.054C102.113 101.375 90.5577 98.7271 83.0165 92.5244C76.463 87.1348 72.3264 79.5033 66.3887 73.5329C58.7371 65.8318 48.5292 60.7093 38.0773 58.4327C32.8194 57.2711 27.6195 55.674 22.2919 54.948C17.1327 54.2453 12.8857 53.7864 8.27272 51.0742C4.40917 48.8208 1.20794 46.1957 0.138923 41.7817C-0.784844 38.2332 3.20072 28.993 3.20072 28.993Z" fill="#F5F5F5"/>
<path d="M82.4529 71.8023C83.6614 71.2622 84.6142 72.1856 85.7006 72.3424C86.4792 72.4528 86.4094 73.1323 85.9563 73.504C85.1022 74.1544 85.5438 74.3054 86.026 74.6655C87.9374 76.1814 90.0638 77.3139 91.8358 79.1143C92.074 79.3582 92.4168 79.8345 92.7073 79.3989C93.5904 78.0863 94.3747 78.8762 95.1416 79.3118C96.0886 79.8461 96.9427 80.6592 98.1395 80.1597C98.191 80.1335 98.2477 80.1191 98.3055 80.1175C98.3632 80.116 98.4206 80.1272 98.4735 80.1506C98.5263 80.174 98.5733 80.2088 98.611 80.2525C98.6487 80.2963 98.6762 80.3479 98.6915 80.4036C98.6972 80.6581 98.6329 80.9092 98.5055 81.1296C97.9943 82.204 97.1286 81.7859 96.3617 81.9601C97.5811 82.6068 98.7085 83.4134 99.714 84.3587C100.068 84.6491 100.539 85.1021 100.824 84.109C101.155 82.9474 101.591 82.9474 102.206 83.7837C102.865 84.6911 103.714 85.4442 104.693 85.9907C105.024 86.1708 105.408 86.5366 105.042 86.8909C104.217 87.6924 104.902 87.9944 105.262 88.1802C106.18 88.6681 107.005 89.3418 107.947 89.8064C110.851 91.2874 113.803 92.1702 117.062 91.5488C117.142 91.5234 117.226 91.5169 117.308 91.5299C117.39 91.5429 117.469 91.5749 117.536 91.6234C117.604 91.6719 117.66 91.7356 117.698 91.8094C117.737 91.8831 117.758 91.9649 117.759 92.0482C117.62 93.93 119.026 93.3666 119.752 93.8428C120.141 94.0984 120.682 94.0287 121.135 94.1913C124.086 95.2483 127.026 96.346 130.239 96.4041C130.018 95.922 129.519 95.5097 130.007 94.9057C130.084 94.8057 130.183 94.7236 130.295 94.6648C130.407 94.606 130.531 94.5718 130.658 94.5647C130.784 94.5575 130.911 94.5775 131.029 94.6233C131.147 94.6691 131.254 94.7396 131.343 94.8301C131.897 95.1912 132.554 95.3605 133.214 95.3122C133.719 95.3122 134.283 95.3122 134.335 95.9453C134.399 96.7467 133.702 96.6945 133.173 96.828C135.192 97.7932 137.451 98.1446 139.668 97.8386C139.047 97.5424 138.541 97.3101 138.047 97.0487C137.893 96.966 137.773 96.8315 137.708 96.669C137.643 96.5065 137.638 96.3263 137.693 96.1601C137.827 95.5794 138.187 95.8117 138.448 95.864C139.657 96.0846 140.772 96.8803 142.085 96.4854C142.306 96.4215 142.753 96.7525 142.771 97.2172C142.771 97.9141 142.242 97.8909 141.917 97.9664C141.591 98.0419 141.057 97.8328 140.755 98.3961C142.207 99.0408 143.764 98.6749 145.263 98.8143C146.762 98.9537 148.261 98.6227 149.766 98.4949C149.109 98.1871 148.232 97.9838 148.511 96.9268C148.749 96.0208 149.504 96.6712 149.987 96.7467C151.405 96.9269 152.806 97.2222 154.176 97.6295C155.814 98.1638 157.598 97.5889 159.317 97.5831C161.728 97.5831 164.122 97.0894 166.527 96.9326C168.462 96.8048 170.42 95.9336 172.337 95.1902C173.813 94.6095 175.475 94.0287 176.573 92.8671C177.671 91.7056 181.732 89.6728 182.336 89.4115C183.471 88.9597 184.668 88.6836 185.886 88.5926C188.265 88.323 190.471 87.2202 192.114 85.4796C194.049 83.4817 196.355 82.4421 198.505 81.0657C200.583 79.8126 202.554 78.3886 204.396 76.8086C204.934 76.2952 205.573 75.8996 206.273 75.647C207.122 75.3685 207.885 74.8742 208.486 74.2125C208.265 73.5911 207.394 73.2484 207.952 72.3366C208.149 72.0172 208.533 71.6455 208.875 71.8894C209.578 72.354 209.061 73.1032 208.875 73.9279C209.857 73.3471 210.688 72.9174 211.49 72.4005C214.459 70.4723 217.381 68.4163 220.396 66.5927C221.82 65.7506 222.302 64.1708 223.272 62.9454C221.982 62.9454 221.146 61.8826 219.932 61.8129C217.526 61.6735 215.167 63.0151 212.762 62.5214C212.489 62.4692 207.179 63.5204 205.453 63.41C203.251 63.2648 201.137 64.316 198.801 63.9908C195.158 63.4507 191.347 63.9908 187.6 64.1418C187.071 64.1418 186.473 64.3974 186.223 63.7353C186.157 63.4425 186.186 63.1366 186.305 62.8613C186.424 62.5859 186.627 62.3552 186.885 62.202C188.738 61.174 190.098 59.2981 191.858 58.0959C194.572 56.2432 197.203 54.2047 199.835 52.1603C201.102 51.173 202.252 49.9708 203.501 48.9428C205.825 47.0379 208.149 45.1852 210.444 43.3093L210.328 42.984L208.701 43.4312C204.634 44.5928 200.846 46.7707 196.849 48.2052C192.724 49.692 188.576 50.3541 184.387 50.8652C184.234 50.8726 184.082 50.8486 183.939 50.7946C183.796 50.7407 183.666 50.6579 183.556 50.5516C180.535 48.1472 177.13 46.4861 174.202 43.89C171.791 41.7528 168.933 40.4867 166.324 38.7269C165.354 38.0765 164.651 37.0833 163.797 36.2993C162.536 35.1377 160.747 34.8473 159.892 33.0295C159.871 32.9755 159.838 32.9265 159.796 32.8857C159.754 32.845 159.705 32.8132 159.65 32.7925C159.596 32.7718 159.537 32.7626 159.479 32.7654C159.421 32.7682 159.364 32.783 159.311 32.8088C159.021 32.954 159.311 34.586 159.311 35.1319C159.486 39.4587 163.227 49.4655 163.529 50.8129C163.675 51.4344 163.675 51.9745 163.123 52.2939C162.728 52.532 162.46 52.2591 162.286 51.8583C161.243 49.7417 160.405 47.5306 159.782 45.2549C159.346 43.1209 158.763 41.0193 158.039 38.965C157.387 37.4942 157.088 35.891 157.168 34.284C157.214 33.6625 156.052 32.1467 156.058 31.9609C156.058 30.0966 155.349 30.9387 154.722 31.5137C154.274 31.9202 153.769 32.4313 153.31 31.9609C152.851 31.4904 153.391 30.9387 153.577 30.4276C153.661 30.1214 153.72 29.8086 153.751 29.4925C153.848 29.1771 153.864 28.8427 153.799 28.5193C153.734 28.196 153.59 27.8938 153.38 27.6399C152.897 27.1869 152.421 27.605 151.95 27.9883C151.48 28.3716 150.945 28.662 150.475 28.3019C150.004 27.9419 150.417 27.3437 150.475 26.8558C150.54 26.3961 150.526 25.9287 150.434 25.4736C150.324 24.9741 150.144 24.7534 149.725 25.0147C149.022 25.4561 148.354 25.822 148.035 26.8965C147.547 28.5285 146.948 30.1198 146.414 31.7344C144.671 36.9904 142.626 42.1303 141.847 47.7232C141.801 48.0426 141.847 48.5537 141.376 48.5072C140.906 48.4608 140.749 48.153 140.795 47.6535C140.935 46.6662 140.795 45.6963 140.952 44.6857C141.243 42.8969 142.114 41.3695 142.567 39.6736C143.212 37.3505 143.788 35.0274 144.525 32.7798C145.263 30.5321 145.321 30.5844 143.538 29.4403C143.124 29.2095 142.671 29.0578 142.201 28.9931C139.61 28.4123 136.938 28.6156 134.317 28.3426C132.55 28.2566 130.779 28.2683 129.013 28.3775C126.538 28.3775 124.04 28.9234 121.576 29.1208C118.672 29.359 115.767 29.8468 112.862 30.1604C111.887 30.3082 110.967 30.7087 110.195 31.322C109.446 31.8679 110.026 32.7739 109.904 33.5115C109.178 37.7454 109.806 41.8341 110.201 45.9576C110.474 48.8615 110.782 51.7654 109.986 54.71C109.771 55.4766 109.591 56.2897 108.731 56.2723C108.464 56.2723 107.964 56.22 108.365 55.6915C109.579 54.0188 109.126 52.0442 109.172 50.2844C109.294 46.1144 108.225 42.1187 108.26 37.9196C108.312 36.3457 108.232 34.7702 108.022 33.2095C107.784 31.7169 108.342 29.9746 108.603 28.3542C109.062 25.3226 109.079 25.3226 106.529 26.1647C106.412 26.2285 106.276 26.2501 106.145 26.2257C106.014 26.2014 105.895 26.1327 105.809 26.0311C105.696 25.8907 105.629 25.7192 105.616 25.5396C105.604 25.3601 105.647 25.181 105.739 25.0264C105.945 24.6798 106.125 24.3188 106.279 23.9461C106.587 22.9472 107.087 21.6927 106.645 20.9261C106.204 20.1594 105.286 21.17 104.583 21.3849C104.495 21.3983 104.409 21.4217 104.327 21.4546C103.566 21.8785 103.38 21.4546 103.461 20.6299C103.507 19.5592 103.825 18.5178 104.385 17.604C103.866 17.7918 103.366 18.0291 102.892 18.3126C101.852 18.8933 101.283 20.0549 100.475 20.9493C97.9345 23.6875 95.604 26.6133 93.5033 29.7016C90.7784 33.7671 87.8038 37.5421 85.4218 41.898C85.1487 42.3916 84.8059 42.7517 84.3527 42.4033C83.8996 42.0548 84.1901 41.4856 84.3527 41.1255C84.7652 40.1556 85.2881 39.2554 85.6948 38.4714C84.3702 36.7291 82.6388 36.9614 80.8901 37.4318C79.9721 37.6757 78.9902 37.85 78.4034 38.965C78.2059 39.3367 77.9851 39.7201 78.5371 39.9291C78.8508 40.0453 79.4144 39.7665 79.3505 40.5738C79.3275 40.9032 79.2036 41.2176 78.9958 41.4742C78.7879 41.7309 78.506 41.9173 78.1885 42.0083C76.9161 42.4555 76.2538 43.6287 75.3881 44.7438C75.8167 44.991 76.3172 45.0833 76.8057 45.0052C77.1834 44.9529 77.5378 45.2665 77.6482 45.7485C77.6915 45.9481 77.6671 46.1564 77.5787 46.3405C77.4903 46.5246 77.343 46.6739 77.1601 46.7649C76.6254 47.2267 76.1317 47.7339 75.6844 48.2807C74.8943 49.0938 74.8013 49.7966 75.4346 50.6735C76.0679 51.5505 75.667 52.1371 74.9292 52.6308C74.5557 52.855 74.2235 53.1419 73.9473 53.4787C73.5755 53.9898 72.9422 54.3963 73.802 55.221C74.6619 56.0458 74.2203 57.0737 73.2211 57.4803C71.298 58.2527 71.2515 58.5547 72.2682 60.5061C72.6401 61.2205 73.6161 61.5109 73.4302 62.5331C73.2152 63.863 73.8834 64.4264 74.5457 65.0536C75.206 65.6 75.8363 66.1816 76.4339 66.796C78.0955 68.7358 80.1755 69.9902 81.9823 71.6861C82.0458 71.7416 82.1217 71.7811 82.2035 71.8013C82.2854 71.8215 82.3709 71.8218 82.4529 71.8023ZM208.318 67.4174C208.343 67.156 208.465 66.9134 208.659 66.7365C208.854 66.5595 209.106 66.4607 209.369 66.4591C209.782 66.4591 209.857 66.9354 209.788 67.3884C209.695 68.0446 209.404 68.2944 208.858 68.2653C208.312 68.2363 208.248 67.731 208.318 67.4174ZM211.856 69.3979C211.989 68.7706 212.239 68.4628 212.71 68.5557C213.18 68.6486 213.291 69.3107 213.291 69.7173C213.291 69.9961 212.838 70.4665 212.495 70.3445C212.152 70.2226 211.67 70.0077 211.85 69.3979H211.856ZM96.5244 78.458C95.661 77.2154 94.4927 76.2154 93.1314 75.5541C92.9381 75.4522 92.7885 75.2834 92.7104 75.0793C92.6324 74.8752 92.6313 74.6497 92.7073 74.4448C92.8816 74.0441 93.2534 74.2125 93.5323 74.2706C95.2753 74.561 96.3036 76.1813 97.5992 77.3022C97.6725 77.3737 97.7307 77.459 97.7704 77.5533C97.8102 77.6476 97.8307 77.7488 97.8307 77.8511C97.8307 77.9534 97.8102 78.0546 97.7704 78.1489C97.7307 78.2431 97.6725 78.3285 97.5992 78.3999C97.5426 78.4886 97.4657 78.5624 97.3748 78.6155C97.2839 78.6685 97.1818 78.6991 97.0767 78.7048C96.9717 78.7104 96.8668 78.691 96.7707 78.6481C96.6747 78.6052 96.5902 78.54 96.5244 78.458ZM89.814 68.0853C90.668 68.5499 91.557 68.9913 92.3878 69.5024C92.5972 69.6625 92.7348 69.8988 92.7708 70.1599C92.8067 70.4209 92.7379 70.6856 92.5795 70.8963C92.2774 71.3957 91.7835 71.6629 91.3827 71.0298C90.883 70.24 90.0522 70.0367 89.4247 69.4734C89.082 69.1713 88.3906 69.212 88.5649 68.4802C88.7392 67.7484 89.3608 68.2305 89.814 68.0853ZM153.141 76.8667H153.269C153.966 76.9712 155.088 77.128 154.954 77.8947C154.757 79.0039 153.833 78.0282 153.211 78.1328C152.88 78.1908 152.543 78.1328 152.2 78.2257C151.857 78.3186 151.184 78.487 151.16 77.7959C151.151 77.6519 151.172 77.5075 151.223 77.3724C151.274 77.2374 151.354 77.1148 151.456 77.013C151.558 76.9112 151.682 76.8325 151.817 76.7822C151.952 76.7319 152.097 76.7112 152.241 76.7215C152.543 76.7385 152.842 76.7832 153.136 76.8551L153.141 76.8667ZM130.442 78.76C130.192 78.6555 129.774 78.8123 129.861 78.2141C129.861 78.063 129.91 77.9159 130 77.7946C130.09 77.6732 130.216 77.5841 130.361 77.5404C131.842 77.2964 133.324 77.0874 134.736 76.8783C134.91 76.8601 135.085 76.9106 135.223 77.0191C135.36 77.1275 135.45 77.2853 135.474 77.4591C135.525 77.6319 135.515 77.8174 135.445 77.9837C135.376 78.15 135.25 78.2869 135.09 78.3709C134.37 78.638 133.737 79.3582 132.865 78.8645C132.139 78.4638 131.238 79.1027 130.454 78.76H130.442ZM158.911 84.8872C158.62 84.7188 158.33 84.5562 158.405 84.1322C158.481 83.7082 158.754 83.7141 158.986 83.5514C159.707 83.1391 160.357 83.5805 161.095 83.5514C161.49 83.9696 162.588 83.2785 162.484 84.2658C162.362 85.3693 161.38 85.288 160.654 85.1195C160.073 84.9976 159.445 85.2066 158.899 84.8872H158.911ZM145.548 84.0567C145.194 83.9638 144.804 83.8883 144.769 83.4295C144.735 82.9707 145.141 82.8487 145.49 82.6919C146.138 82.3787 146.869 82.283 147.576 82.4189C148.505 82.6048 149.673 82.5699 149.493 83.6502C149.289 84.8814 148.238 84.109 147.61 84.0044C146.983 83.8999 146.193 84.2368 145.501 84.0567H145.548ZM129.6 82.7325C129.356 84.0451 128.246 83.1449 127.561 83.0926C126.875 83.0403 125.719 82.8196 125.98 81.7162C126.201 80.7869 127.171 81.7162 127.822 81.5013C128.38 81.9949 129.856 81.1644 129.565 82.7325H129.6ZM161.688 91.9669C161.339 92.0482 160.764 91.6185 160.793 90.9273C160.822 90.2362 161.374 90.1781 161.769 90.1897C162.879 90.2304 163.954 90.6137 165.104 90.3872C165.545 90.3059 165.795 90.7124 165.72 91.421C165.295 91.8433 164.727 92.09 164.128 92.1121C163.274 92.1702 162.513 91.7636 161.647 91.9669H161.688ZM131.302 88.581C130.721 88.3777 130.065 88.1686 129.431 87.9189C129.255 87.8494 129.106 87.7247 129.007 87.5635C128.907 87.4023 128.862 87.2132 128.879 87.0245C128.939 86.8442 129.052 86.6863 129.203 86.572C129.355 86.4578 129.538 86.3928 129.728 86.3856C130.458 86.4322 131.166 86.6619 131.784 87.0535C132.214 87.2684 132.946 87.4601 132.731 88.2151C132.516 88.9701 131.808 88.5694 131.262 88.581H131.302ZM143.212 88.337C143.21 88.2153 143.232 88.0943 143.277 87.981C143.321 87.8677 143.388 87.7644 143.473 87.6769C143.557 87.5895 143.659 87.5196 143.771 87.4715C143.882 87.4233 144.003 87.3977 144.125 87.3962C145.287 87.2858 146.448 87.251 147.61 87.1871C148.191 87.3614 148.976 87.3962 148.656 88.4939C148.36 89.4986 147.773 89.0746 147.198 88.8481C146.243 88.5192 145.208 88.4989 144.241 88.7901C143.677 88.9294 143.224 88.9352 143.178 88.337H143.212ZM125.475 83.1623C125.789 83.0345 126.056 83.4179 126.056 83.8186C126.056 84.3064 125.829 84.6898 125.44 84.6956C124.093 84.7149 122.758 84.4373 121.53 83.8825C120.868 83.5921 121.385 83.081 121.635 82.9416C122.038 82.7867 122.464 82.6965 122.895 82.6745C123.674 83.0636 124.464 83.5572 125.434 83.1623H125.475ZM153.362 89.1037C153.06 89.1501 152.851 88.7029 152.95 88.2964C153.101 87.6691 153.531 87.2394 154.025 87.3497C155.297 87.6227 156.592 87.4136 158.062 87.5124C158.103 87.5472 158.399 87.6575 158.481 87.8957C158.603 88.2499 158.266 88.4764 158.051 88.5752C156.488 89.2663 154.908 88.8714 153.345 89.1095L153.362 89.1037ZM139.111 84.9453C138.059 85.2183 137.1 84.8814 136.13 84.5213C135.586 84.3699 135.027 84.2745 134.463 84.2367C134.091 84.1787 133.748 83.987 133.841 83.4817C133.934 82.9765 134.317 82.9474 134.689 82.9823C136.188 83.1217 137.629 83.7489 139.053 83.3656C139.581 83.4237 140.04 83.505 139.982 84.1032C139.943 84.317 139.838 84.5132 139.682 84.6643C139.525 84.8153 139.326 84.9136 139.111 84.9453ZM118.451 80.061C118.718 80.2875 119.392 80.1016 119.189 80.7521C118.985 81.4025 118.265 81.722 117.87 81.5129C116.868 80.9805 115.744 80.7202 114.61 80.7579C114.163 80.7579 113.867 80.4559 113.948 79.8751C113.948 79.7675 113.972 79.6614 114.02 79.5649C114.068 79.4685 114.137 79.3843 114.222 79.3191C114.308 79.2538 114.407 79.2092 114.513 79.1888C114.619 79.1684 114.728 79.1727 114.831 79.2014L116.475 79.4627C117.074 79.6079 117.829 79.5208 118.451 80.061ZM152.973 84.5504C152.543 84.3471 151.811 84.2193 151.445 83.3423C151.352 83.1042 151.52 83.0345 151.602 82.9881C151.93 82.7745 152.324 82.6847 152.712 82.7347C153.101 82.7848 153.459 82.9713 153.722 83.261C153.995 83.5282 154.524 83.6966 154.303 84.2948C154.083 84.893 153.635 84.7072 152.973 84.5446V84.5504ZM143.096 79.1433C142.823 79.0969 142.428 79.1433 142.515 78.5625C142.591 78.1386 142.829 77.9063 143.172 77.9005C143.991 77.9005 144.804 77.9005 145.409 77.9005C145.699 77.9078 145.987 77.9587 146.263 78.0515C146.791 78.3651 147.727 78.5335 147.552 79.3408C147.378 80.1481 146.565 79.6602 146.042 79.5963C145.072 79.4918 144.084 79.3117 143.096 79.1375V79.1433ZM157.998 80.0552C157.998 79.4163 158.579 79.5324 158.893 79.4105C159.747 79.1027 160.578 78.6787 161.502 78.7252C161.646 78.7143 161.79 78.7453 161.917 78.8143C162.043 78.8834 162.147 78.9875 162.216 79.1143C162.397 79.5615 161.949 79.6951 161.728 79.8983C160.808 80.3116 159.827 80.5725 158.823 80.6708C158.504 80.6534 158.016 80.572 157.998 80.0493V80.0552ZM94.4212 68.2189C94.8453 68.3989 94.7291 68.7242 94.6827 69.0842C94.6778 69.168 94.6549 69.2497 94.6155 69.3238C94.5761 69.3978 94.5211 69.4625 94.4543 69.5133C94.3875 69.564 94.3104 69.5997 94.2285 69.6179C94.1466 69.6361 94.0617 69.6363 93.9797 69.6185C93.1599 69.2688 92.3641 68.8652 91.5976 68.4105C91.2955 68.2363 90.9585 67.8298 91.1212 67.4581C91.342 66.9237 91.8184 67.2083 92.4807 67.2548C92.9629 67.4987 93.6776 67.9053 94.4212 68.2189ZM96.9485 71.2273C97.8781 70.722 98.9703 71.146 100.167 72.5515C99.255 73.3123 97.1983 73.1323 96.5767 72.2553C96.1816 71.7036 96.5418 71.448 96.9485 71.2273ZM117.428 75.3915C118.369 75.1534 119.299 74.7759 120.165 75.2695C121.234 75.1069 122.035 75.8213 122.971 75.9723C123.215 76.0129 123.552 76.0129 123.476 76.4659C123.436 76.8202 123.43 77.1396 123.012 77.3081C122.837 77.4094 122.64 77.4681 122.438 77.4792C122.236 77.4903 122.035 77.4535 121.85 77.3719C120.541 76.661 119.005 76.492 117.573 76.9015C117.027 77.0235 116.685 76.9015 116.644 76.2685C116.603 75.6354 116.963 75.5077 117.422 75.3915H117.428ZM109.399 76.3846C109.608 76.5066 109.916 76.6692 109.724 77.0351C109.533 77.401 109.219 77.7495 108.975 77.5462C108.394 77.0758 107.708 77.279 107.156 76.9364C106.866 76.7563 106.302 76.5647 106.459 76.0594C106.527 75.8184 106.687 75.6135 106.904 75.4887C107.121 75.3639 107.379 75.329 107.621 75.3915C108.202 75.7225 108.806 76.0361 109.399 76.3904V76.3846ZM104.832 81.1702C103.74 80.7521 102.991 79.7473 102.206 78.8471C102.065 78.707 101.984 78.5162 101.983 78.3169C101.982 78.1176 102.06 77.926 102.201 77.7843C102.341 77.6426 102.532 77.5624 102.731 77.5613C102.93 77.5602 103.122 77.6383 103.264 77.7785C104.048 78.4929 104.693 79.3989 105.657 79.8286C105.96 79.9622 105.96 80.4501 105.774 80.7927C105.698 80.967 105.557 81.1044 105.381 81.1751C105.205 81.2458 105.007 81.244 104.832 81.1702ZM109.992 81.9949C109.713 81.7684 109.132 81.6871 109.318 81.0947C109.504 80.5023 109.963 80.723 110.352 80.7288C111.671 80.7637 112.769 81.7162 114.204 81.6232C113.942 82.4131 113.588 82.7848 113.228 82.75C112.13 82.5815 110.944 82.779 109.986 82.0007L109.992 81.9949ZM107.668 84.1729C106.281 83.6269 104.904 83.0462 103.537 82.4305C103.427 82.369 103.344 82.2693 103.303 82.1503C103.263 82.0314 103.267 81.9016 103.316 81.7859C103.636 81.0889 104.141 81.3793 104.681 81.4258C105.756 81.8323 106.924 82.2389 108.057 82.7325C108.301 82.8371 108.737 83.052 108.522 83.6327C108.371 84.1322 108.045 84.3239 107.685 84.1671L107.668 84.1729ZM110.218 85.2008C109.846 85.2008 110.178 84.8001 110.16 84.6201C110.102 84.1032 110.439 84.0393 110.741 84.0393C111.322 84.1148 111.938 84.2251 112.664 84.3355C113.245 84.5736 114.105 84.3006 114.756 84.8872C114.953 85.0673 115.209 85.1718 115.098 85.59C114.988 86.0081 114.802 85.8862 114.593 85.9442C113.048 86.4031 111.729 85.288 110.236 85.2067L110.218 85.2008ZM124.034 87.7214C122.774 87.2704 121.469 86.9588 120.141 86.7922C119.874 86.7631 119.456 86.8328 119.56 86.2114C119.648 85.7235 119.921 85.4738 120.327 85.5319C121.019 85.6248 121.704 85.741 122.39 85.8513L124.319 86.1533C124.853 86.2404 125.039 86.6005 124.94 87.2452C124.842 88.0641 124.371 87.8376 124.051 87.7272L124.034 87.7214ZM135.822 89.307C135.861 89.1484 135.959 89.0106 136.096 88.9221C136.234 88.8335 136.4 88.8008 136.56 88.8307C137.616 88.8919 138.665 89.0514 139.692 89.307C140.066 89.432 140.459 89.491 140.854 89.4812C141.167 89.4812 141.702 89.2721 141.719 90.0329C141.737 90.7937 141.266 90.9099 140.854 90.9738C140.423 90.991 139.992 90.9559 139.57 90.8693C138.448 90.7647 137.484 89.9981 136.339 89.9981C136.258 89.9939 136.179 89.9716 136.107 89.9329C136.036 89.8942 135.974 89.8401 135.926 89.7744C135.878 89.7088 135.846 89.6332 135.831 89.5534C135.816 89.4735 135.819 89.3913 135.84 89.3128L135.822 89.307ZM134.347 91.0202C134.547 91.0943 134.72 91.2294 134.839 91.4065C134.959 91.5836 135.021 91.7938 135.015 92.0076C135.015 92.0912 134.998 92.174 134.964 92.2503C134.93 92.3267 134.88 92.3948 134.817 92.4499C134.754 92.5051 134.68 92.546 134.6 92.5699C134.52 92.5938 134.435 92.6001 134.352 92.5884C133.771 92.5187 133.103 92.9194 132.528 92.3502C132.261 92.0889 131.877 91.9611 132.034 91.4675C132.092 91.3154 132.204 91.1901 132.349 91.1161C132.494 91.042 132.661 91.0244 132.819 91.0667C133.336 91.1364 133.835 91.3861 134.364 91.0261L134.347 91.0202ZM129.809 90.9273C129.972 90.9854 130.134 91.0435 130.111 91.3223C130.111 91.4443 130.075 91.5637 130.009 91.6665C129.944 91.7693 129.85 91.8514 129.739 91.903C129.211 92.2109 128.717 92.0192 128.089 91.9495C127.427 92.0889 126.846 91.4616 126.143 91.2758C125.696 91.1538 125.62 90.5324 125.684 90.1142C125.765 89.6031 126.224 89.6554 126.544 89.7658C127.665 90.1375 128.746 90.5556 129.815 90.9331L129.809 90.9273ZM136.078 92.7045C136.903 91.7811 137.821 92.1992 138.681 92.3154C139.453 92.4199 140.226 92.5535 141.005 92.6871C141.249 92.7277 141.586 92.7219 141.493 93.1866C141.444 93.4307 141.317 93.6526 141.132 93.8196C140.203 94.4875 136.903 93.7441 136.095 92.7103L136.078 92.7045ZM148.197 93.5002C147.714 93.3941 147.211 93.4061 146.733 93.535C146.35 93.6396 145.966 93.2737 145.862 92.8323C145.831 92.7368 145.826 92.635 145.846 92.5368C145.866 92.4386 145.912 92.3473 145.978 92.2719C146.044 92.1965 146.128 92.1394 146.223 92.1063C146.318 92.0732 146.419 92.0652 146.518 92.0831C147.767 92.2631 149.109 91.7985 150.271 92.5477C150.573 92.7393 151.16 92.8497 150.951 93.4072C150.865 93.6534 150.689 93.8581 150.459 93.9808C150.228 94.1034 149.96 94.135 149.708 94.0693C149.173 93.959 148.778 93.3666 148.215 93.506L148.197 93.5002ZM115.912 88.128C115.523 87.9247 115.604 87.5472 115.685 87.222C115.836 86.5657 116.266 86.7864 116.539 86.9083C117.512 87.3661 118.46 87.8739 119.38 88.43C119.635 88.5919 119.919 88.7006 120.217 88.7494C120.711 88.8249 121.263 88.9236 121.071 89.7251C120.903 90.4221 120.304 90.2304 119.95 90.3582C118.445 89.8587 117.26 88.8133 115.929 88.128H115.912ZM113.071 91.1364C111.909 90.5556 110.485 89.911 109.416 88.5287C109.326 88.4423 109.265 88.3288 109.244 88.2053C109.224 88.0818 109.243 87.9549 109.3 87.8434C109.469 87.5878 109.724 87.3555 109.992 87.5007C111.38 88.2732 112.6 89.4347 114.14 89.8877C114.43 89.9749 114.471 90.4685 114.297 90.846C114.122 91.2235 113.733 91.3339 113.071 91.1364ZM125.394 93.7383C123.767 93.2388 122.169 92.6116 120.56 92.0366C120.419 91.9982 120.297 91.9082 120.22 91.7844C120.142 91.6607 120.114 91.5122 120.141 91.3687C120.229 90.9099 120.56 91.1074 120.786 91.1306C121.263 91.1829 121.728 91.2758 122.326 91.3687C123.447 91.299 124.476 92.205 125.707 92.2457C126.033 92.2457 126.567 92.1179 126.463 92.9252C126.358 93.7325 125.789 93.8428 125.388 93.7209L125.394 93.7383ZM146.797 95.9336C146.489 96.3808 146.28 96.5783 145.856 96.2415C145.3 95.7544 144.6 95.4626 143.863 95.4109C143.544 95.4109 143.218 95.2425 143.282 94.8301C143.317 94.5223 143.637 94.441 143.927 94.441C144.305 94.441 144.676 94.11 145.031 94.3133C145.597 94.4006 146.124 94.6531 146.547 95.0392C146.745 95.1554 147.244 95.2948 146.791 95.9104L146.797 95.9336ZM157.946 95.7129C158.18 95.7673 158.384 95.9087 158.517 96.1084C158.65 96.3081 158.701 96.551 158.661 96.7874C158.44 97.6644 157.801 97.2172 157.162 97.2288C155.959 96.8396 154.739 95.9743 153.287 95.8872C153.196 95.8614 153.111 95.8174 153.037 95.758C152.963 95.6986 152.902 95.6249 152.858 95.5414C152.813 95.4579 152.786 95.3662 152.778 95.2719C152.77 95.1777 152.781 95.0827 152.81 94.9928C152.879 94.8191 153.013 94.6788 153.182 94.6009C153.352 94.523 153.546 94.5136 153.722 94.5746C155.14 94.8941 156.54 95.3006 157.94 95.6897L157.946 95.7129ZM166.417 94.865C166.417 95.3122 166.301 95.7536 165.894 95.8872C165.226 96.1079 164.546 96.2473 163.872 96.4215C163.332 96.3634 163.059 96.0556 162.995 95.4574C162.902 94.6501 163.489 94.6443 163.849 94.5456C164.435 94.3971 165.04 94.3326 165.644 94.3539C165.958 94.3539 166.446 94.2029 166.417 94.865ZM160.886 93.0762C161.188 93.2446 161.542 93.2679 161.856 93.4131C162.17 93.5583 162.919 93.1866 162.815 93.9938C162.809 94.1495 162.768 94.3018 162.695 94.4394C162.622 94.5769 162.519 94.696 162.393 94.7878C162.267 94.8795 162.122 94.9414 161.969 94.9689C161.815 94.9964 161.658 94.9886 161.508 94.9463L161.124 94.8824C160.137 94.7314 159.271 93.9183 158.15 94.3655C157.871 94.4759 157.447 94.0868 157.406 93.7151C157.359 93.2504 157.813 92.9833 158.115 92.8962C158.567 92.7289 159.05 92.6585 159.531 92.6896C160.012 92.7206 160.482 92.8523 160.909 93.0762H160.886ZM155.936 92.147C154.501 92.5477 153.141 91.7636 151.706 92.1005C151.404 92.1702 151.306 91.8856 151.323 91.4907C151.312 91.2944 151.379 91.1017 151.51 90.9548C151.64 90.8078 151.824 90.7186 152.02 90.7066C152.961 90.5847 153.92 90.3117 154.635 90.6486L156 90.8634C156.331 90.9215 156.802 90.8983 156.744 91.4442C156.726 91.845 156.331 92.0424 155.959 92.1412L155.936 92.147ZM175.498 92.054C175.736 92.5012 175.37 92.7161 175.085 92.8613C173.545 93.603 171.832 93.9103 170.129 93.7499C169.659 93.6976 168.967 93.5873 169.043 93.0472C169.119 92.507 169.758 92.5245 170.251 92.4199C171.727 92.1237 173.267 92.4548 174.673 91.4326C175.254 91.0203 175.347 91.7172 175.521 92.054H175.498ZM177.119 88.4009C177.322 88.8307 177.119 89.1443 176.84 89.4928C176.346 90.1142 175.724 89.9865 175.155 90.1955C174.371 90.4743 173.517 90.1955 172.773 90.8344C172.679 90.8913 172.57 90.9184 172.46 90.9122C172.35 90.906 172.244 90.8667 172.157 90.7996C171.181 89.5277 169.944 90.3233 168.816 90.4453C168.433 90.5246 168.038 90.5246 167.654 90.4453C167.521 90.3873 167.409 90.2875 167.337 90.1608C167.264 90.034 167.235 89.8873 167.254 89.7425C167.254 89.3825 167.445 89.0166 167.678 89.0107C169.34 89.0262 170.987 88.6918 172.511 88.0292C172.692 88.0757 172.79 88.0699 172.86 88.1222C174.115 89.0979 174.603 89.1385 176.114 88.2325C176.584 87.9363 176.91 87.9015 177.142 88.4009H177.119ZM173.238 83.7547C173.216 83.9303 173.148 84.0971 173.041 84.2379C172.934 84.3787 172.791 84.4886 172.628 84.5562C170.96 85.137 169.386 86.072 167.66 86.3856C167.242 86.4611 166.946 86.5134 166.864 86.0139C166.837 85.8169 166.873 85.6164 166.967 85.4411C167.061 85.2658 167.208 85.1247 167.387 85.0382C169.193 84.5554 170.928 83.8368 172.546 82.901C172.616 82.8603 172.721 82.901 172.895 82.901C173.336 82.8777 173.348 83.2378 173.261 83.7257L173.238 83.7547ZM168.433 82.3492C168.137 83.232 167.463 83.3888 166.847 83.5747C166.231 83.7605 165.464 84.6259 165.209 83.5282C165.023 82.7325 165.923 82.4131 166.516 82.1401C166.922 81.9601 167.329 81.7859 167.742 81.6174C168.369 81.3445 168.392 81.8439 168.456 82.3202L168.433 82.3492ZM166.452 80.6824C166.115 80.7463 165.743 81.0831 165.592 80.5023C165.558 80.3236 165.585 80.1384 165.671 79.9778C165.757 79.8171 165.895 79.6907 166.063 79.6196C167.806 78.731 169.548 77.8772 171.698 77.976C169.903 79.3117 168.294 80.3165 166.452 80.6824ZM157.935 76.3498C157.598 76.3498 157.406 76.0942 157.354 75.7109C157.354 75.3218 157.656 75.3683 157.842 75.2812C159.004 74.7526 160.253 74.5494 161.38 73.8118C161.746 73.5678 162.089 73.7595 162.216 74.2009C162.344 74.6423 162.327 75.194 161.967 75.3102C160.607 75.7225 159.306 76.2685 157.935 76.3207V76.3498ZM190.72 76.9015C190.865 77.1919 191.144 77.7088 190.621 78.1328C190.301 78.4351 190.018 78.7744 189.778 79.1433C189.197 79.9448 188.936 80.7056 189.714 81.5071C190.08 81.8846 190.481 82.4131 189.883 83.0868C189.447 83.5805 189.099 83.6676 188.721 83.0055C188.506 82.5931 188.14 82.8545 187.78 82.9648C186.815 83.2843 186.496 82.5525 186.932 81.7336C187.472 80.7347 186.932 80.6011 186.507 80.2061C186.083 79.8112 185.677 79.7125 185.624 79.0039C185.624 78.6555 185.386 78.2663 185.624 77.9992C185.787 77.8366 186.118 77.9295 186.461 77.8947C187.768 79.637 188.704 78.2838 189.68 77.0177C189.999 76.6169 190.452 76.344 190.72 76.8725V76.9015ZM170.449 71.9417C170.844 71.5293 171.361 71.4712 171.611 71.9417C171.693 72.1859 171.687 72.4511 171.595 72.6916C171.503 72.9322 171.33 73.1331 171.106 73.26C169.658 74.2897 168.099 75.1528 166.458 75.8329C166.376 74.9966 166.51 74.5958 167.126 74.2009C168.224 73.4517 169.456 72.9522 170.449 71.9126V71.9417ZM77.927 61.3773C77.317 60.9359 76.1841 61.0811 76.3177 59.6756C76.3932 58.9613 76.8987 59.513 77.166 59.2981C77.7469 59.7569 78.7114 59.542 78.7462 60.7036C78.7637 61.2612 78.2873 61.6445 77.927 61.3773ZM74.1913 61.4354C74.2096 61.3551 74.2439 61.2792 74.2921 61.2124C74.3403 61.1456 74.4014 61.0891 74.4719 61.0463C74.5423 61.0035 74.6206 60.9753 74.7022 60.9633C74.7837 60.9513 74.8668 60.9558 74.9466 60.9766C75.5276 61.116 76.8057 63.0616 76.6895 63.6365C76.5733 64.2115 76.3409 64.3741 75.9343 64.3335C75.3881 64.2754 73.988 61.9987 74.1913 61.4354ZM81.4943 64.0547C81.4171 63.927 81.3661 63.7853 81.3442 63.6377C81.3222 63.4902 81.3298 63.3397 81.3665 63.1951C81.4943 62.8234 81.8429 62.9977 82.0578 63.0732C82.5633 63.2532 82.7434 63.259 83.0978 62.4924C83.6439 61.3308 84.4747 62.3007 84.9686 62.6899C85.6676 63.3576 86.2893 64.1018 86.8219 64.9084C86.9466 65.0376 87.0228 65.2058 87.0377 65.3847C87.0525 65.5636 87.005 65.7421 86.9033 65.8899C86.8514 65.9515 86.786 66.0002 86.7122 66.0324C86.6384 66.0645 86.5582 66.0792 86.4778 66.0753C86.3974 66.0713 86.319 66.0489 86.2487 66.0097C86.1784 65.9705 86.1181 65.9156 86.0725 65.8493C85.6948 65.2163 84.986 65.1233 84.6374 64.4206C84.5392 64.1355 84.334 63.8998 84.0651 63.7633C83.7962 63.6267 83.4848 63.6 83.1966 63.6888C83.6846 64.3102 84.1436 64.8504 84.5851 65.466C84.7247 65.6173 84.8073 65.8124 84.819 66.0179C84.8306 66.2234 84.7706 66.4266 84.649 66.5927C84.3411 67.0225 84.1203 66.8134 83.7718 66.5927C82.8015 66.0003 82.2205 64.9433 81.4943 64.0547ZM81.6976 69.8625C80.7984 69.0818 80.0158 68.1763 79.3737 67.1735C79.2912 67.0206 79.253 66.8478 79.2633 66.6745C79.2735 66.5011 79.3319 66.334 79.4318 66.192C79.5306 65.9713 79.8269 65.8725 79.9431 65.7912C80.3562 66.0014 80.6859 66.3454 80.8784 66.7669C81.2286 67.519 81.7794 68.1601 82.4703 68.6196C82.5861 68.6627 82.6901 68.7325 82.7737 68.8233C82.8574 68.9142 82.9184 69.0235 82.9518 69.1423C82.9852 69.2612 82.9901 69.3863 82.966 69.5074C82.9419 69.6285 82.8895 69.7422 82.8131 69.8392C82.4762 70.3619 82.1276 70.1529 81.7034 69.8392L81.6976 69.8625ZM87.583 70.1413C87.7295 70.0752 87.8956 70.0672 88.0477 70.1189C88.1998 70.1707 88.3265 70.2783 88.4022 70.42C88.8698 71.398 89.5873 72.2354 90.4821 72.8477C90.6971 72.9929 90.7959 73.1962 90.6041 73.5969C90.3485 74.137 90.0232 74.0034 89.9651 73.9918C89.258 73.8707 88.6103 73.5211 88.1212 72.9965C87.6321 72.472 87.3288 71.8015 87.2577 71.0879C87.2577 70.7162 87.2054 70.2284 87.583 70.118V70.1413Z" fill="#A3A3A3"/>
<path d="M184.369 50.5864C182.144 50.447 178.42 59.1355 177.607 61.3134C176.052 65.7993 175.68 70.6097 176.526 75.2811C177.229 79.1143 178.478 83.8302 180.593 87.1755C182.04 89.4695 182.51 89.6089 185.241 89.2082C187.094 88.9352 189.157 88.5751 190.679 87.4078C193.845 84.9743 196.372 82.4305 199.975 80.4384C203.577 78.4464 207.173 76.4137 210.723 74.0499C212.466 72.8883 213.936 71.4364 215.725 70.3387C217.515 69.241 219.664 68.7474 221.256 67.5045C222.418 66.5869 224.242 64.0198 223.853 62.4982C223.342 60.5119 220.326 60.3493 218.334 60.4655C213.506 60.7442 208.05 61.7258 203.228 62.4982C198.243 63.2939 192.689 63.0093 187.297 62.7479C187.809 61.0637 191.905 59.3271 193.357 57.9217C195.161 56.1117 197.076 54.4164 199.091 52.8457C202.67 50.1683 208.666 46.4571 210.949 42.4555C206.418 40.8642 202.206 44.6567 198.226 46.1667C193.578 47.909 189.447 49.2913 184.346 49.7211L184.369 50.5864Z" fill="white"/>
<path d="M58.4291 47.5314C58.4556 45.4505 58.7188 43.3793 59.2135 41.3577C60.1488 37.6117 61.6826 34.5104 64.6108 31.9201C63.9328 31.7639 63.2429 31.6649 62.5483 31.6239C62.1881 31.6239 58.8242 34.4988 58.1561 35.1376C56.7268 36.5141 56.1052 38.4887 55.3034 40.3646C54.3855 42.5019 55.5126 46.8113 55.6346 46.8403C56.4596 47.032 58.4117 48.5362 58.4291 47.5314Z" fill="#F9C2CF"/>
<path d="M66.9172 48.815C68.2826 44.2153 70.7866 40.3357 73.3081 36.5664C74.9988 34.0633 75.1208 34.1271 72.5121 33.5231C71.9834 33.4012 71.4896 32.8378 70.7692 33.6393C67.5215 37.275 65.8308 41.8805 64.541 46.7242C64.0181 48.6757 64.6979 50.5574 64.8373 52.4739C64.8409 52.8728 64.9457 53.2642 65.1418 53.6116C65.3379 53.959 65.6189 54.251 65.9586 54.4602C66.3072 52.4391 66.4002 50.5516 66.9172 48.815Z" fill="#F9C2CF"/>
<path d="M53.6418 43.4021C53.5024 38.9766 55.4196 35.9217 58.2897 33.4011C59.1217 32.8178 59.8321 32.078 60.3813 31.2232C59.0624 31.3452 57.9237 31.3858 56.8547 30.747C56.5119 30.5437 55.9367 30.8341 55.4719 30.9038C55.6695 32.1292 54.7283 31.8621 54.31 32.1176C50.5626 34.3071 49.4239 36.4502 49.4413 41.4565C49.4413 42.0373 48.9765 42.8272 49.5052 43.2395C50.888 44.3256 52.2707 45.4639 54.0137 45.702C54.2867 44.7437 53.6651 44.2036 53.6418 43.4021Z" fill="#F9C2CF"/>
<path d="M37.6995 29.899C36.4794 29.9339 35.4162 30.1546 34.3472 30.0733C32.4067 29.9281 31.1692 31.3278 30.2047 33.2385C30.0246 33.5928 30.0072 35.219 29.8213 35.794C31.9535 35.9101 33.7836 37.0542 35.8287 37.3679C34.5331 34.313 36.5142 32.3035 37.6995 29.899Z" fill="#F9C2CF"/>
<path d="M54.8676 30.7702C50.7252 29.7829 46.7629 29.7074 42.8296 29.5215C41.2261 29.446 39.4483 29.4344 38.1817 31.6995C37.2521 33.3895 36.6072 34.9402 36.6537 36.9265C36.6537 37.6234 36.6944 37.8383 37.2347 37.8906C38.4768 38.0672 39.6783 38.4604 40.7845 39.0521C41.5979 39.4471 42.2196 39.2089 42.3358 37.8906C42.4858 36.2299 42.9139 34.6063 43.6023 33.0875C44.2182 31.7169 46.8733 29.9165 48.2502 30.4914C48.0527 31.0316 47.6402 31.1651 47.2625 31.4439C46.0541 32.3267 44.7817 33.1863 44.3227 34.9867C43.9335 36.5083 43.3351 38.088 43.5094 39.5981C43.643 40.7596 44.9851 40.719 45.7171 41.3404C46.3567 41.7745 47.0551 42.1148 47.7912 42.3509C47.9888 36.7987 49.6039 32.408 54.8676 30.7702Z" fill="#F9C2CF"/>
<path d="M62.8851 50.7954C62.8212 46.1492 64.3027 42.0837 66.2432 38.0531C67.1612 36.1598 68.5672 34.7427 69.6071 32.7099C68.5788 32.5473 67.7131 32.4312 66.8591 32.2685C66.6419 32.2067 66.4113 32.2095 66.1957 32.2765C65.98 32.3436 65.7886 32.472 65.6448 32.6461C64.6342 33.7048 63.6819 34.8177 62.7922 35.9797C61.078 38.6322 60.0627 41.675 59.8408 44.825C59.5735 47.4966 59.7304 50.1333 62.1647 51.3588C62.3971 51.4749 62.6004 51.713 62.8619 51.4981C63.1233 51.2833 62.8909 51.0277 62.8851 50.7954Z" fill="#F9C2CF"/>
<path d="M30.652 30.5031C26.283 30.8457 22.1522 31.0838 18.0679 32.4951L29.1066 35.399C28.0434 33.8251 29.0136 32.3151 30.652 30.5031Z" fill="#F9C2CF"/>
<path d="M72.2973 56.2025C71.1643 54.0478 71.2166 53.8793 73.1978 52.4332C73.4825 52.2241 74.0983 52.0034 73.7265 51.3878C72.7272 49.721 73.6452 48.4839 74.6212 47.4734C75.3823 46.6835 75.0279 46.4047 74.5108 46.0679C73.5871 45.4871 73.68 44.796 74.3307 43.8493C74.9148 42.8863 75.6827 42.0476 76.5907 41.381C77.0613 41.079 76.9219 40.9512 76.7883 40.5272C76.5682 39.9582 76.5405 39.3328 76.7094 38.7466C76.8783 38.1603 77.2345 37.6455 77.7237 37.2807C78.5835 36.514 79.5538 36.6999 80.4601 35.9681C79.2981 35.4744 78.049 35.3873 76.9277 34.8414C76.8644 34.8234 76.7973 34.823 76.7338 34.8405C76.6703 34.8579 76.6128 34.8923 76.5675 34.9401C75.0628 36.8567 73.2966 38.5177 72.1636 40.806C71.7105 41.7294 70.8158 42.0547 70.4555 43.013C69.7642 44.8831 69.0147 46.7299 68.3756 48.6291C67.4592 51.0715 67.4039 53.7534 68.2187 56.2315C68.5209 57.0794 69.2529 58.392 70.0953 57.7067C70.7751 57.1433 71.6349 56.8704 72.2973 56.2025Z" fill="#F9C2CF"/>
<path d="M204.762 49.5642C204.674 49.5516 204.585 49.5615 204.503 49.593C204.421 49.6245 204.348 49.6766 204.291 49.7442C203.344 51.2078 201.816 51.7014 200.695 52.985C205.07 52.3577 209.334 51.8641 213.232 48.6582C212.748 48.5606 212.256 48.5043 211.763 48.4897C209.41 48.5478 207.167 50.2495 204.762 49.5642Z" fill="#F9C2CF"/>
<path d="M181.354 93.0064C181.29 93.3026 181.052 93.866 181.534 93.8544C182.016 93.8427 182.487 93.4072 182.446 92.6173C182.417 92.2688 182.807 91.6009 182.365 91.5835C181.749 91.5719 181.494 92.3443 181.354 93.0064Z" fill="white"/>
<path d="M77.7585 70.4374C80.0824 72.2842 82.4586 74.0847 84.8291 75.8793C87.734 78.0978 90.5982 80.5255 93.6775 82.4188C97.1053 84.5154 100.318 87.0128 103.676 89.2255C105.808 90.631 107.923 92.083 110.352 92.658C112.78 93.2329 115.058 94.0983 117.382 94.8707C121.585 96.3046 125.876 97.4686 130.227 98.3554C133.609 99.0175 137.048 99.3834 140.435 100.016C143.555 100.597 146.71 100.156 149.859 99.9351C152.09 99.7783 154.321 99.4124 156.552 99.3543C160.083 99.1797 163.603 98.8211 167.097 98.2799C169.7 97.9246 172.212 97.077 174.498 95.7825C174.795 95.6141 175.579 94.9753 175.527 96.0904C175.376 99.3137 177.066 100.586 179.146 101.672C181.83 103.077 184.677 101.294 185.398 97.7804C185.822 95.7012 185.566 93.744 185.514 91.7345C185.5 91.472 185.541 91.2094 185.634 90.9636C185.728 90.7179 185.872 90.4943 186.056 90.3073C186.241 90.1203 186.463 89.974 186.708 89.8778C186.953 89.7815 187.215 89.7374 187.478 89.7482C188.523 89.7482 188.268 90.8111 188.186 91.4906C187.878 93.8776 188.436 95.9916 189.174 98.0418C189.755 99.6912 191.237 100.156 192.66 99.2962C194.717 98.0534 195.762 94.5106 194.914 91.8797C194.711 91.2129 194.371 90.5958 193.916 90.0678C193.461 89.5398 192.9 89.1125 192.271 88.8132C191.951 88.6448 190.987 88.5576 191.69 87.7155C192.555 86.6919 193.549 85.7842 194.647 85.0149C198.081 82.6918 201.677 80.7288 205.07 78.2488C208.765 75.5482 212.623 73.1728 216.44 70.7394C219.223 68.968 222.087 67.3825 224.864 65.582C225.643 65.0768 226.845 64.4205 226.485 63.0557C226.189 61.8941 225.416 60.8487 224.19 61.0462C223.694 61.1082 223.19 61.0084 222.755 60.7616C220.966 59.8904 219.112 59.9601 217.189 60.3899C214.941 60.8894 214.912 60.808 214.145 58.3165C214.01 57.9963 213.907 57.6637 213.837 57.3234C213.779 56.7426 213.465 56.7426 213.122 56.6555C212.675 56.5277 212.477 56.8588 212.291 57.2363C211.827 58.0223 211.424 58.8437 211.089 59.693C210.508 61.5108 209.846 60.2737 209.474 59.7917C208.486 58.4385 208.312 58.3688 207.278 59.6581C206.697 60.3608 206.197 61.0171 205.232 60.4828C204.935 60.3996 204.62 60.4108 204.329 60.5149C204.039 60.6189 203.788 60.8107 203.612 61.0636C202.606 62.3006 201.433 62.3936 200.126 62.4284C198.342 62.4807 196.611 62.0916 194.781 62.3239C192.818 62.671 190.805 62.5997 188.872 62.1148C190.406 60.8313 191.719 59.8962 192.869 58.7172C193.839 57.7241 194.943 56.8355 196.03 56.6032C198.162 56.1502 200.166 55.0293 202.299 54.675C204.14 54.3672 205.994 54.3266 207.829 54.1407C210.153 53.8968 212.14 51.9686 214.139 50.4411C214.441 50.2114 214.682 49.9113 214.841 49.5671C215 49.2229 215.072 48.8451 215.051 48.4665C215.031 48.0949 214.896 47.7387 214.667 47.4458C214.437 47.1529 214.123 46.9375 213.767 46.8287C212.797 46.5035 211.809 46.7474 210.822 46.9855C209.59 47.2875 208.376 47.8915 206.981 47.787C209.055 46.0446 211.008 44.4301 212.977 42.8387C213.179 42.6951 213.325 42.4856 213.39 42.2461C213.455 42.0066 213.434 41.7521 213.331 41.5262C213.186 41.0035 212.936 40.7944 212.472 40.8525C211.01 40.9867 209.569 41.2907 208.178 41.7585C204.111 43.2453 200.201 45.5045 196.053 46.8287C191.905 48.1529 187.919 49.5061 183.794 48.2051C182.789 47.8857 182.051 47.0436 181.122 46.5673C179.14 45.4987 177.165 44.6217 175.933 42.1128C174.365 38.9127 174.382 35.5906 175.393 32.2395C176.358 29.0627 178.461 26.757 180.761 24.794C182.452 23.3478 184.125 21.8901 185.799 20.4149C186.05 20.2109 186.25 19.9506 186.382 19.6549C186.515 19.3593 186.575 19.0367 186.56 18.7132C186.472 17.935 185.822 17.8827 185.247 17.7607C184.427 17.5865 183.695 18.3822 182.818 18.1498C183.074 17.6155 183.347 17.1451 183.538 16.634C183.934 15.577 183.504 14.5839 182.597 14.4735C181.981 14.398 181.435 14.5258 181.644 13.312C181.749 12.6847 181.261 11.8658 180.442 12.7312C180.208 12.9486 179.964 13.1541 179.71 13.3468C179.71 11.8774 179.233 11.1108 178.089 11.8193C176.581 12.6318 175.262 13.7541 174.219 15.1124C172.761 17.1683 171.762 19.6366 170.094 21.4487C167.23 24.5616 164.517 27.8779 161.444 30.6889C160.915 31.1709 160.479 31.4206 159.788 31.0431C159.096 30.6656 159.056 29.9861 159.067 29.3356C159.166 26.0161 159.683 22.7222 160.607 19.5321C160.903 18.4751 161.542 17.3019 162.46 17.209C164.023 17.0057 165.365 16.2217 166.742 15.4086C167.283 15.0891 168.113 14.9846 168.02 14.0495C167.927 13.1145 167.283 12.7951 166.568 12.5628C165.853 12.3304 165.017 12.7254 164.18 12.4814C164.877 11.5406 165.214 10.4836 164.802 9.4672C164.43 8.55538 163.524 8.81092 162.844 8.88642C161.978 9.02 162.263 8.27079 162.17 7.8294C161.914 6.51684 161.444 6.23807 160.427 6.94662C159.997 7.24862 159.602 7.52739 159.306 6.94662C158.574 5.50628 157.807 6.31357 157.046 7.02212C153.56 10.2629 151.741 14.9149 149.806 19.3811C148.645 22.0817 147.349 24.7417 146.321 27.512C146.164 27.9476 145.937 28.418 145.571 28.1857C144.026 27.21 142.225 27.6049 140.604 27.1171C139.076 26.6641 137.507 26.7918 135.857 26.5828C136.118 24.1493 137.065 22.2153 138.896 20.8795C140.726 19.5437 142.614 19.1372 144.49 18.3705C145.652 17.8943 145.734 17.0406 145.559 15.9197C145.374 14.6884 144.479 14.6768 143.724 14.4387C143.247 14.2877 142.562 14.4909 142.434 13.7069C142.172 12.2201 141.202 12.313 140.302 12.4117C139.808 12.464 139.57 12.6615 139.465 11.831C139.279 10.3732 138.785 10.2396 137.722 11.1515C137.374 11.4938 137.044 11.8544 136.734 12.2317C136.339 8.85157 136.025 9.38589 134.271 10.4313C134.118 10.5548 133.981 10.6973 133.864 10.8553C131.761 13.0913 130.076 15.8035 128.159 18.2486C126.044 20.955 123.813 23.5104 122.088 26.6176C121.957 26.9102 121.747 27.1602 121.48 27.3389C121.214 27.5176 120.903 27.6178 120.583 27.6281C118.451 27.7559 116.313 28.1799 114.192 28.4064C113.222 28.5109 112.269 27.936 111.252 28.5922C111.026 28.7374 110.131 28.8826 110.247 27.9302C110.381 26.8499 110.189 25.6419 110.532 24.7243C111.502 22.1107 112.089 19.2533 113.803 17.0464C115.064 15.4202 116.661 14.1425 118.317 14.1018C120.153 14.1018 121.634 12.8415 123.337 12.5802C123.674 12.5279 123.668 12.2666 123.79 11.889C124.417 9.93763 123.476 9.42654 122.279 9.11873C121.832 9.00258 121.698 8.78188 121.82 8.2708C122.181 6.7085 121.356 6.32519 120.368 6.2613C119.984 6.2613 119.717 6.22065 119.671 5.7386C119.549 4.57705 118.886 4.57704 118.137 4.73966C117.777 4.82678 117.463 4.9952 117.411 4.30988C117.271 2.50947 117.033 2.39912 115.598 3.20059C113.001 4.62931 111.223 7.33574 108.899 9.2465C106.924 10.925 105.466 13.312 103.601 15.1066C100.086 18.4983 97.0762 22.5115 93.9912 26.4143C91.6324 29.4053 89.5873 32.7564 87.4202 35.9681C86.9961 36.6012 86.6766 36.787 86.0201 36.4211C83.7949 35.1841 81.3722 34.6149 78.9902 33.8599C77.2472 33.2791 75.5972 32.4835 73.7613 32.3441C73.5638 32.3441 66.069 30.4856 65.7902 30.4565C63.5417 30.2242 61.2875 30.0268 59.0507 29.7073C55.0942 29.1266 51.1668 28.3425 47.1521 28.1625C45.3453 28.0812 43.521 27.7617 41.7257 28.0231C35.2768 28.993 28.793 28.8071 22.3324 30.0151C17.3883 30.9386 12.415 31.5368 7.4534 32.2047C7.30808 32.2002 7.16366 32.2291 7.03121 32.2891C6.89877 32.349 6.7818 32.4385 6.68928 32.5506C6.59675 32.6627 6.53112 32.7945 6.4974 32.9359C6.46369 33.0772 6.46279 33.2245 6.49478 33.3662C6.55287 34.2142 7.07576 34.1271 7.65675 34.0516C9.48685 33.8134 11.317 33.645 13.1413 33.4708C14.4485 33.3314 15.6221 34.0516 16.9118 34.0516C18.8941 34.0591 20.8599 34.4108 22.7217 35.0912C26.2599 36.2818 29.8853 36.9148 33.3712 38.2274C36.4272 39.3889 39.5877 40.1033 42.574 41.5785C46.606 43.5647 50.4754 45.9053 54.4319 48.0425C57.3659 49.6281 59.9861 51.806 62.647 53.9432C64.9526 55.7798 67.0912 57.8166 69.0379 60.0298C70.0604 61.1914 74.4178 66.9411 75.4287 68.1955C76.1141 69.0321 76.8961 69.7846 77.7585 70.4374ZM182.446 92.6231C182.487 93.413 182.098 93.8485 181.534 93.8602C180.971 93.8718 181.29 93.2794 181.354 93.0122C181.488 92.3501 181.743 91.5777 182.365 91.5951C182.806 91.6009 182.417 92.2979 182.446 92.6173V92.6231ZM211.774 48.4839C212.268 48.4985 212.76 48.5548 213.244 48.6523C209.34 51.8582 205.081 52.3519 200.707 52.9791C201.828 51.7014 203.356 51.202 204.303 49.7384C204.359 49.6708 204.432 49.6187 204.515 49.5872C204.597 49.5557 204.686 49.5458 204.774 49.5584C207.167 50.2495 209.41 48.5478 211.774 48.4897V48.4839ZM18.0738 32.4777C22.1407 31.078 26.289 30.8282 30.658 30.4856C29.0196 32.2976 28.0435 33.8076 29.1242 35.3699L18.0738 32.4777ZM29.8213 35.7707C30.0073 35.1899 30.0247 33.5695 30.2048 33.2152C31.1692 31.3045 32.4067 29.9106 34.3472 30.05C35.4162 30.1313 36.4794 29.9106 37.6995 29.8758C36.5375 32.2802 34.5273 34.2897 35.8287 37.3388C33.7837 37.0484 31.9536 35.9042 29.8213 35.7881V35.7707ZM45.7113 41.3345C44.9793 40.7538 43.6372 40.7537 43.5036 39.5922C43.3293 38.0822 43.9277 36.5024 44.3169 34.9808C44.7759 33.1804 46.0599 32.3208 47.2567 31.4381C47.6344 31.1651 48.0469 31.0315 48.2444 30.4856C46.8675 29.9048 44.2124 31.711 43.5965 33.0817C42.9081 34.6004 42.48 36.2241 42.33 37.8847C42.2138 39.1856 41.5921 39.4238 40.7787 39.0463C39.6725 38.4545 38.471 38.0613 37.2289 37.8847C36.7002 37.8324 36.6479 37.6175 36.6479 36.9206C36.6014 34.9111 37.2289 33.3662 38.1759 31.6936C39.4192 29.4286 41.197 29.4344 42.8238 29.5157C46.7571 29.7015 50.7194 29.777 54.8618 30.7644C49.6329 32.4022 47.9946 36.7928 47.797 42.3277C47.0588 42.1034 46.3565 41.7748 45.7113 41.352V41.3345ZM49.5051 43.2221C48.9764 42.8097 49.447 42.0605 49.4412 41.4391C49.4412 36.4328 50.5567 34.2897 54.3099 32.1002C54.7456 31.8446 55.6868 32.1001 55.4719 30.8863C55.9366 30.8224 56.5118 30.5262 56.8546 30.7295C57.9236 31.3626 59.0623 31.3103 60.3812 31.2057C59.8321 32.0606 59.1217 32.8003 58.2896 33.3837C55.3847 35.9042 53.4791 38.9591 53.6418 43.3847C53.6418 44.1803 54.2808 44.7263 54.0194 45.7078C52.2764 45.4639 50.8879 44.3313 49.5109 43.2395L49.5051 43.2221ZM55.6287 46.8229C55.5125 46.8229 54.3796 42.4903 55.2976 40.3472C56.0993 38.4771 56.721 36.4966 58.1502 35.1202C58.8183 34.4755 62.1822 31.6355 62.5424 31.6065C63.237 31.6474 63.9269 31.7465 64.6049 31.9027C61.7 34.493 60.143 37.5943 59.2076 41.3403C58.7129 43.3619 58.4498 45.4331 58.4233 47.514C58.4116 48.5362 56.4595 47.032 55.6287 46.8403V46.8229ZM62.1822 51.3297C59.7363 50.1043 59.5794 47.4676 59.8583 44.796C60.0787 41.651 61.0898 38.6125 62.7981 35.9623C63.6878 34.8003 64.6401 33.6874 65.6507 32.6287C65.7945 32.4546 65.986 32.3262 66.2016 32.2591C66.4173 32.1921 66.6478 32.1893 66.865 32.2512C67.719 32.4196 68.6079 32.5299 69.613 32.6925C68.5789 34.7253 67.1613 36.1424 66.2491 38.0357C64.3086 42.0431 62.8271 46.1666 62.891 50.778C62.891 51.0161 63.1467 51.26 62.891 51.4749C62.6354 51.6898 62.4204 51.4691 62.1822 51.353V51.3297ZM64.8606 52.4564C64.7211 50.5399 64.0472 48.6582 64.5643 46.7067C65.8541 41.863 67.5447 37.2575 70.7924 33.6218C71.5129 32.8145 72.0009 33.3779 72.5354 33.5056C75.144 34.0864 75.0278 34.0458 73.3314 36.5489C70.7808 40.3182 68.2826 44.192 66.9405 48.7975C66.4234 50.5399 66.3305 52.4216 66.0109 54.4427C65.6702 54.2384 65.3866 53.9513 65.1865 53.6081C64.9865 53.2649 64.8763 52.8768 64.8664 52.4797L64.8606 52.4564ZM68.2012 56.2199C67.3864 53.7418 67.4417 51.0599 68.3581 48.6175C68.9914 46.7242 69.7409 44.8715 70.438 43.0014C70.7983 42.0373 71.6872 41.712 72.1461 40.7944C73.2791 38.5061 75.0511 36.8451 76.55 34.9285C76.5953 34.8807 76.6528 34.8463 76.7163 34.8289C76.7798 34.8115 76.8469 34.8118 76.9102 34.8298C78.0315 35.4106 79.2865 35.4629 80.4426 35.9565C79.5421 36.6767 78.5718 36.5024 77.7062 37.2691C77.217 37.6339 76.8608 38.1487 76.6919 38.735C76.523 39.3212 76.5507 39.9466 76.7708 40.5156C76.8986 40.9338 77.0438 41.0964 76.5732 41.3694C75.6652 42.036 74.8973 42.8747 74.3132 43.8377C73.6625 44.7844 73.5696 45.4581 74.4933 46.0563C75.0104 46.3931 75.3648 46.6719 74.6037 47.4618C73.6277 48.4781 72.7097 49.7035 73.709 51.3762C74.0808 51.9918 73.4708 52.2125 73.1803 52.4216C71.1991 53.8677 71.1468 54.0362 72.2798 56.1909C71.6407 56.8704 70.7808 57.1259 70.0836 57.6951C69.2412 58.3978 68.5092 57.0853 68.2303 56.2373L68.2012 56.2199ZM74.5224 65.0245C73.86 64.3973 73.1977 63.8339 73.4069 62.5039C73.5754 61.4817 72.5993 61.1914 72.2449 60.477C71.2224 58.5314 71.2747 58.2236 73.1977 57.4511C74.2145 57.0446 74.5921 55.9527 73.7787 55.1919C72.9653 54.4311 73.5521 53.9607 73.924 53.4496C74.2002 53.1127 74.5323 52.8259 74.9058 52.6016C75.6379 52.1022 76.0271 51.5098 75.4113 50.6444C74.7954 49.7791 74.8768 49.0647 75.6611 48.2516C76.1084 47.7047 76.6021 47.1976 77.1368 46.7358C77.3197 46.6448 77.467 46.4954 77.5554 46.3113C77.6438 46.1273 77.6682 45.919 77.6248 45.7194C77.5086 45.2374 77.16 44.9237 76.7824 44.976C76.2939 45.0541 75.7933 44.9618 75.3648 44.7147C76.2247 43.5996 76.8928 42.4264 78.1652 41.9792C78.4827 41.8882 78.7645 41.7017 78.9724 41.4451C79.1803 41.1885 79.3041 40.8741 79.3271 40.5447C79.391 39.7374 78.8275 40.0162 78.5137 39.9C77.9618 39.6909 78.1826 39.3192 78.3801 38.9359C78.9611 37.8208 79.9488 37.6466 80.8667 37.4027C82.6097 36.9322 84.3527 36.6825 85.6715 38.4423C85.2648 39.2263 84.7419 40.1265 84.3294 41.0964C84.1725 41.4565 83.9111 42.0489 84.3294 42.3741C84.7477 42.6994 85.1312 42.3741 85.3984 41.8688C87.7747 37.5072 90.7551 33.7031 93.4799 29.6725C95.5807 26.5841 97.9112 23.6584 100.452 20.9202C101.259 20.0432 101.829 18.8526 102.869 18.2834C103.343 18 103.843 17.7627 104.362 17.5749C103.802 18.4887 103.484 19.53 103.438 20.6007C103.357 21.4196 103.543 21.8494 104.304 21.4254C104.386 21.3925 104.472 21.3692 104.559 21.3557C105.268 21.1467 106.14 20.0606 106.622 20.8969C107.104 21.7332 106.564 22.9122 106.256 23.917C106.102 24.2897 105.922 24.6507 105.715 24.9972C105.623 25.1518 105.58 25.3309 105.593 25.5105C105.605 25.6901 105.672 25.8616 105.785 26.002C105.872 26.1036 105.991 26.1723 106.122 26.1966C106.253 26.2209 106.388 26.1994 106.506 26.1355C109.056 25.2934 109.039 25.2934 108.58 28.3251C108.33 29.9455 107.772 31.6878 107.999 33.1804C108.209 34.7411 108.289 36.3166 108.237 37.8905C108.202 42.0895 109.271 46.0853 109.149 50.2553C109.103 51.9976 109.556 53.9897 108.342 55.6623C107.941 56.2431 108.44 56.2431 108.708 56.2431C109.567 56.2431 109.748 55.4416 109.962 54.6808C110.782 51.7363 110.456 48.8092 110.177 45.9285C109.782 41.7992 109.155 37.7105 109.881 33.4824C110.009 32.739 109.428 31.833 110.172 31.2929C110.944 30.6795 111.863 30.2791 112.838 30.1313C115.743 29.8177 118.648 29.324 121.553 29.0917C124.017 28.8942 126.515 28.3599 128.99 28.3483C130.756 28.2391 132.527 28.2275 134.294 28.3135C136.914 28.5864 139.587 28.3832 142.178 28.9639C142.647 29.0287 143.101 29.1803 143.514 29.4111C145.298 30.5727 145.257 30.474 144.502 32.7506C143.747 35.0273 143.189 37.3446 142.544 39.6445C142.074 41.3403 141.22 42.8678 140.929 44.6566C140.766 45.6671 140.929 46.637 140.772 47.6244C140.702 48.1238 140.917 48.4375 141.353 48.4781C141.789 48.5188 141.777 48.0135 141.824 47.6941C142.602 42.1012 144.653 36.9671 146.39 31.7052C146.925 30.0907 147.523 28.4993 148.011 26.8673C148.331 25.7929 148.999 25.427 149.702 24.9856C150.126 24.7243 150.283 24.9391 150.411 25.4444C150.502 25.8995 150.516 26.3669 150.451 26.8267C150.399 27.3087 150.01 27.9302 150.451 28.2728C150.893 28.6155 151.486 28.3193 151.927 27.9592C152.369 27.5991 152.874 27.1577 153.356 27.6107C153.567 27.8646 153.711 28.1668 153.776 28.4902C153.841 28.8136 153.824 29.148 153.728 29.4634C153.696 29.7794 153.638 30.0922 153.554 30.3985C153.368 30.9095 152.833 31.4671 153.287 31.9317C153.74 32.3963 154.251 31.8911 154.698 31.4845C155.326 30.9037 156.052 30.0674 156.035 31.9317C156.035 32.1001 157.197 33.6218 157.144 34.2548C157.065 35.8618 157.363 37.4651 158.016 38.9359C158.74 40.9902 159.322 43.0918 159.759 45.2257C160.364 47.4591 161.177 49.631 162.187 51.713C162.362 52.1138 162.629 52.3867 163.024 52.1486C163.605 51.8234 163.605 51.2891 163.431 50.6677C163.123 49.3493 159.364 39.3425 159.213 34.9866C159.213 34.4523 158.928 32.8203 159.213 32.6635C159.265 32.6377 159.322 32.6229 159.38 32.6201C159.439 32.6173 159.497 32.6265 159.551 32.6472C159.606 32.6679 159.655 32.6997 159.697 32.7405C159.739 32.7812 159.772 32.8302 159.794 32.8842C160.648 34.7078 162.437 34.9924 163.698 36.154C164.552 36.938 165.255 37.9312 166.225 38.5816C168.834 40.324 171.692 41.6075 174.103 43.7448C177.008 46.335 180.442 48.0019 183.457 50.4063C183.567 50.5126 183.697 50.5954 183.84 50.6493C183.983 50.7033 184.135 50.7273 184.288 50.7199C188.477 50.2146 192.619 49.5584 196.75 48.06C200.747 46.6254 204.553 44.4417 208.602 43.2859L210.229 42.8387L210.345 43.164C208.021 45.0399 205.697 46.8926 203.402 48.7975C202.159 49.8313 201.009 51.0335 199.736 52.0151C197.11 54.0536 194.473 56.0805 191.759 57.9506C190.016 59.1528 188.64 61.0287 186.786 62.0567C186.522 62.2207 186.318 62.4668 186.207 62.7574C186.096 63.0479 186.083 63.3669 186.17 63.6655C186.42 64.3218 187.024 64.0894 187.547 64.072C191.289 63.9384 195.1 63.3809 198.749 63.921C201.073 64.2695 203.199 63.2241 205.401 63.3402C207.144 63.4506 212.437 62.3994 212.71 62.4516C215.121 62.9395 217.474 61.6037 219.879 61.7431C221.093 61.8128 221.93 62.9047 223.22 62.8756C222.25 64.1069 221.767 65.6808 220.344 66.5229C217.323 68.3175 214.406 70.3793 211.437 72.3307C210.636 72.8476 209.805 73.289 208.823 73.8581C208.997 73.0392 209.52 72.2842 208.823 71.8196C208.457 71.5815 208.097 71.9474 207.899 72.2668C207.318 73.1786 208.213 73.5213 208.434 74.1427C207.833 74.8044 207.07 75.2987 206.22 75.5772C205.521 75.8299 204.882 76.2255 204.344 76.7388C202.501 78.3189 200.531 79.7428 198.452 80.9959C196.297 82.3724 193.99 83.412 192.062 85.4098C190.419 87.1504 188.212 88.2532 185.833 88.5228C184.615 88.6138 183.418 88.89 182.284 89.3417C181.703 89.5973 177.665 91.537 176.52 92.7973C175.376 94.0576 173.761 94.5397 172.285 95.1204C170.385 95.8697 168.421 96.7408 166.475 96.8628C164.07 97.0196 161.67 97.5017 159.265 97.5133C157.522 97.5133 155.779 98.094 154.123 97.5597C152.753 97.1524 151.352 96.8571 149.934 96.6769C149.452 96.6014 148.697 95.951 148.459 96.857C148.18 97.9082 149.04 98.1173 149.714 98.4251C148.209 98.5528 146.687 98.8781 145.211 98.7445C143.735 98.6109 142.155 98.971 140.702 98.3264C141.022 97.7456 141.469 97.9953 141.864 97.8966C142.259 97.7979 142.747 97.8501 142.718 97.1474C142.718 96.6828 142.254 96.3517 142.033 96.4156C140.702 96.8105 139.599 96.0148 138.396 95.7942C138.134 95.7477 137.768 95.5154 137.641 96.0904C137.586 96.2565 137.591 96.4367 137.656 96.5992C137.721 96.7617 137.841 96.8962 137.995 96.9789C138.489 97.2403 138.994 97.4668 139.616 97.7688C137.399 98.0748 135.14 97.7234 133.121 96.7582C133.702 96.6247 134.376 96.6769 134.283 95.8755C134.23 95.254 133.667 95.2947 133.161 95.2424C132.502 95.2908 131.844 95.1214 131.29 94.7604C131.202 94.6698 131.095 94.5993 130.977 94.5535C130.858 94.5077 130.732 94.4877 130.605 94.4949C130.479 94.502 130.355 94.5362 130.243 94.595C130.131 94.6538 130.032 94.7359 129.954 94.8359C129.472 95.4166 129.954 95.8522 130.187 96.3343C126.974 96.2762 124.034 95.1727 121.083 94.1215C120.635 93.9589 120.095 94.0286 119.7 93.7731C118.974 93.2968 117.568 93.8602 117.707 91.9784C117.706 91.8952 117.685 91.8133 117.646 91.7396C117.607 91.6658 117.552 91.6021 117.484 91.5536C117.416 91.5051 117.338 91.4731 117.256 91.4601C117.173 91.4472 117.089 91.4536 117.01 91.479C113.751 92.1294 110.793 91.2409 107.894 89.7366C106.959 89.2604 106.151 88.5751 105.21 88.1105C104.85 87.9188 104.164 87.6226 104.989 86.8211C105.355 86.461 104.989 86.101 104.641 85.9209C103.661 85.3744 102.813 84.6213 102.154 83.714C101.538 82.9009 101.102 82.9009 100.771 84.0392C100.481 85.0323 100.016 84.5793 99.6616 84.2889C98.6561 83.3436 97.5287 82.537 96.3093 81.8903C97.0704 81.7161 97.9419 82.1342 98.4532 81.0598C98.5806 80.8394 98.6449 80.5883 98.6391 80.3338C98.6238 80.2781 98.5963 80.2265 98.5586 80.1828C98.5209 80.139 98.4739 80.1042 98.4211 80.0808C98.3682 80.0575 98.3108 80.0462 98.2531 80.0477C98.1953 80.0493 98.1386 80.0637 98.0871 80.0899C96.8903 80.5894 96.0363 79.7821 95.0893 79.242C94.3224 78.8064 93.538 78.0165 92.6549 79.3291C92.3644 79.7647 92.0217 79.2826 91.7834 79.0445C90.0405 77.2499 87.9025 76.1406 85.9736 74.5957C85.4856 74.2124 85.0498 74.0614 85.9039 73.4342C86.357 73.0857 86.4268 72.4062 85.6482 72.2726C84.5618 72.1158 83.609 71.1924 82.4005 71.7325C82.3136 71.7538 82.2228 71.7528 82.1364 71.7294C82.05 71.706 81.971 71.6611 81.9067 71.5989C80.0998 69.903 78.0199 68.6486 76.3583 66.7088C75.7776 66.1218 75.1667 65.5654 74.5282 65.0419L74.5224 65.0245Z" fill="black"/>
<path d="M217.84 81.8787C218.142 81.1411 217.84 80.3338 217.927 79.4917C218.09 78.2604 218.014 77.0118 218.252 75.7631C218.345 75.281 218.31 74.6364 217.788 74.5376C217.265 74.4389 217.061 74.9848 216.986 75.5482C216.945 75.8618 216.893 76.1754 216.841 76.4832C216.521 78.3475 216.887 80.1712 216.771 82.0239C216.724 82.7499 216.12 83.9811 216.817 84.0856C217.515 84.1902 217.695 82.8486 217.84 81.8787Z" fill="black"/>
<path d="M214.743 83.1333C215.365 81.3096 215.522 79.3989 215.905 77.5229C216.004 77.0002 215.957 76.5356 215.475 76.4195C214.993 76.3033 214.697 76.7389 214.609 77.3313C214.476 78.2199 214.331 79.1085 214.191 79.9971C214.034 80.9902 213.872 81.9833 213.726 82.9765C213.674 83.3365 213.662 83.7547 214.087 83.7256C214.336 83.6966 214.58 83.5863 214.743 83.1333Z" fill="black"/>
<path d="M213.477 77.7261C213.541 77.3138 213.616 76.8375 213.105 76.855C212.594 76.8724 212.524 77.157 212.466 77.7726C212.355 79.6833 212.384 81.6522 211.304 83.3713C211.147 83.621 210.909 84.2076 211.408 84.4167C211.798 84.5793 212.053 84.2773 212.251 83.8359C212.808 82.7002 213.172 81.4792 213.326 80.2235C213.645 79.4743 213.32 78.6031 213.477 77.7261Z" fill="black"/>
<path d="M54.2168 55.9993C54.9082 55.3139 54.7687 54.2569 55.0883 53.3683C55.1987 52.9676 55.2393 52.5378 54.8849 52.352C54.5305 52.1661 54.1936 52.3926 54.0425 52.8572C53.7694 53.6878 53.3105 54.4079 53.0606 55.2675C52.8747 55.8831 53.0025 56.0457 53.3569 56.3477C53.8043 56.731 54.0018 56.22 54.2168 55.9993Z" fill="black"/>
<path d="M38.0191 25.4037C38.1172 25.3775 38.2091 25.3321 38.2896 25.2703C38.3701 25.2085 38.4377 25.1315 38.4884 25.0435C38.5391 24.9556 38.572 24.8586 38.5852 24.7579C38.5984 24.6573 38.5916 24.5551 38.5652 24.4571C38.3677 23.4814 38.1179 22.5231 37.8622 21.5532C37.8478 21.4854 37.82 21.4213 37.7806 21.3643C37.7411 21.3074 37.6907 21.2589 37.6323 21.2216C37.574 21.1843 37.5087 21.159 37.4405 21.1471C37.3722 21.1353 37.3023 21.1371 37.2348 21.1524C37.1215 21.1713 37.0163 21.2233 36.9325 21.3018C36.8488 21.3804 36.7902 21.482 36.7642 21.5938C37.0082 22.6218 37.3452 23.6208 37.4672 24.6662C37.5543 25.1714 37.5775 25.5083 38.0191 25.4037Z" fill="black"/>
<path d="M35.5033 44.7902C35.5846 44.5812 35.9797 43.2802 35.0501 43.4196C34.1205 43.559 34.1147 44.5812 34.0624 45.2142C34.1554 45.9111 33.3246 46.7823 34.3529 46.7765C35.3813 46.7707 35.2302 45.5046 35.5033 44.7902Z" fill="black"/>
<path d="M47.0999 24.6256C47.1813 23.917 47.4253 23.2085 46.8792 23.0865C46.333 22.9645 46.0193 23.6034 46.0367 24.248C46.0367 24.5733 45.8566 24.7011 45.7579 24.9276C45.5313 25.4503 44.8806 26.0891 45.4441 26.5189C46.0077 26.9487 46.4957 26.0252 46.8617 25.4677C46.988 25.2024 47.0686 24.9177 47.0999 24.6256Z" fill="black"/>
<path d="M53.4501 26.5073C53.7084 26.1175 53.8606 25.6671 53.8916 25.2005C53.973 24.6198 54.1938 23.9461 53.5547 23.7544C52.782 23.5279 53.0202 24.5036 52.7587 24.8869C52.6019 25.1134 52.567 25.4677 52.4159 25.7C52.1371 26.1472 51.835 26.6699 52.3114 27.001C52.6658 27.2507 53.1247 26.9661 53.4501 26.5073Z" fill="black"/>
<path d="M48.1282 51.0626C47.7041 50.7489 48.564 49.5467 47.7099 49.6687C46.7455 49.8139 46.7629 51.109 46.4957 51.9918C46.3969 52.3112 46.1529 52.9268 46.7339 52.9501C47.7448 52.9617 47.7332 51.7827 48.1282 51.0626Z" fill="black"/>
<path d="M42.2952 48.2051C42.4114 47.5256 42.4811 46.6777 41.9815 46.8287C41.1216 47.0959 40.9996 48.4433 40.3315 49.1518C40.1223 49.3667 40.3315 49.7326 40.6568 49.7326C41.6794 49.8487 41.8363 48.7104 42.2952 48.2051Z" fill="black"/>
<path d="M30.4663 24.0681C30.4741 23.7015 30.3866 23.3392 30.2125 23.0165C30.0384 22.6938 29.7835 22.4218 29.4728 22.227C29.2171 22.076 29.0893 22.4767 29.1126 22.709C29.1881 23.6209 28.9325 24.7534 29.5948 25.3341C29.984 25.6884 30.3268 25.0438 30.4663 24.0681Z" fill="black"/>
<path d="M20.0432 40.9629C20.12 40.5845 20.0465 40.1911 19.8383 39.866C19.6301 39.5408 19.3036 39.3093 18.9277 39.2205C18.6605 39.1625 18.1376 39.4006 18.248 39.7374C18.492 40.4808 18.5269 41.4798 19.288 41.8108C19.7818 42.0083 20.0084 41.2997 20.0432 40.9629Z" fill="black"/>
<path d="M60.6774 56.098C60.811 55.4011 61.0376 54.3963 60.3404 54.2744C59.7594 54.1698 59.8175 55.2152 59.6549 55.8309C59.6549 56.4116 59.1378 57.3583 59.9337 57.5209C60.6309 57.6545 60.5554 56.673 60.6774 56.098Z" fill="black"/>
<path d="M61.9381 25.3747C62.6644 25.5606 63.0536 25.0262 63.1582 24.3467C63.2047 24.0505 63.4255 23.1852 62.9607 23.1852C61.88 23.1852 61.6418 23.8879 61.4211 24.579C61.2584 25.1831 61.5547 25.276 61.9381 25.3747Z" fill="black"/>
<path d="M21.4666 27.1287C21.3504 26.3504 21.0832 25.6535 20.3046 25.5664C19.9851 25.5316 19.7236 25.6303 19.683 25.9149C19.6655 26.3215 19.7738 26.7237 19.9932 27.0666C20.2125 27.4096 20.5323 27.6766 20.9089 27.8314C21.1703 27.9418 21.5305 27.5294 21.4666 27.1287Z" fill="black"/>
<path d="M26.0043 40.9512C26.2134 41.6482 26.1786 42.6471 26.9513 42.8562C27.2592 42.9433 27.6368 42.6703 27.6252 42.078C27.5265 41.3578 27.2999 40.7189 26.684 40.4634C26.3993 40.3356 25.9171 40.6609 26.0043 40.9512Z" fill="black"/>
<path d="M13.4782 28.7084C13.5086 28.5755 13.5101 28.4376 13.4827 28.3041C13.4552 28.1705 13.3994 28.0444 13.319 27.9343C13.2385 27.8242 13.1354 27.7326 13.0166 27.6658C12.8977 27.5989 12.7658 27.5584 12.6299 27.5468C12.049 27.4655 11.8979 28.0812 11.7236 28.5922C11.5493 29.1033 11.6829 29.4344 12.1594 29.3995C12.6358 29.3647 13.3213 29.3647 13.4782 28.7084Z" fill="black"/>
<path d="M189.72 77.0002C188.744 78.2663 187.814 79.6311 186.501 77.8772C186.159 77.9062 185.822 77.8191 185.665 77.9817C185.403 78.2489 185.613 78.638 185.665 78.9864C185.717 79.6892 186.205 79.846 186.548 80.1887C186.891 80.5313 187.507 80.7172 186.972 81.7161C186.531 82.535 186.856 83.261 187.82 82.9474C188.169 82.8312 188.547 82.5757 188.761 82.988C189.122 83.6733 189.47 83.5688 189.923 83.0693C190.504 82.3898 190.121 81.8671 189.755 81.4896C188.976 80.6881 189.215 79.9215 189.819 79.1258C190.059 78.7569 190.342 78.4176 190.661 78.1153C191.184 77.6913 190.905 77.1744 190.76 76.884C190.452 76.3439 189.999 76.6169 189.72 77.0002Z" fill="black"/>
<path d="M172.895 88.093C172.831 88.0408 172.732 88.0466 172.546 88.0001C171.022 88.6627 169.375 88.9971 167.712 88.9816C167.48 88.9816 167.288 89.3533 167.288 89.7134C167.27 89.8581 167.299 90.0049 167.371 90.1316C167.444 90.2583 167.555 90.3582 167.689 90.4162C168.072 90.4955 168.468 90.4955 168.851 90.4162C169.978 90.2942 171.216 89.4985 172.192 90.7704C172.279 90.8376 172.384 90.8769 172.494 90.8831C172.604 90.8893 172.713 90.8622 172.808 90.8053C173.551 90.1722 174.405 90.4452 175.19 90.1664C175.771 89.9631 176.352 90.0909 176.875 89.4637C177.153 89.1094 177.357 88.8016 177.153 88.3718C176.95 87.942 176.572 87.9072 176.16 88.1743C174.661 89.1094 174.156 89.0688 172.895 88.093Z" fill="black"/>
<path d="M84.6431 66.5984C84.7646 66.4322 84.8247 66.2291 84.813 66.0236C84.8014 65.8181 84.7187 65.623 84.5792 65.4717C84.1318 64.8909 83.6728 64.3101 83.1906 63.6945C83.4788 63.6057 83.7903 63.6324 84.0591 63.769C84.328 63.9055 84.5332 64.1412 84.6314 64.4263C84.98 65.129 85.6946 65.2161 86.0665 65.855C86.1121 65.9213 86.1724 65.9762 86.2427 66.0154C86.313 66.0546 86.3914 66.077 86.4718 66.081C86.5522 66.0849 86.6324 66.0702 86.7062 66.0381C86.78 66.0059 86.8454 65.9572 86.8973 65.8956C86.999 65.7477 87.0465 65.5693 87.0317 65.3904C87.0169 65.2115 86.9407 65.0433 86.816 64.9141C86.2834 64.1075 85.6617 63.3633 84.9626 62.6955C84.463 62.3064 83.638 61.3191 83.0918 62.4981C82.7374 63.2647 82.5573 63.2589 82.0519 63.0789C81.8369 63.0034 81.4709 62.8349 81.3605 63.2008C81.3238 63.3454 81.3162 63.4959 81.3382 63.6434C81.3601 63.791 81.4112 63.9327 81.4883 64.0604C82.2146 64.949 82.7897 66.006 83.76 66.61C84.1144 66.8191 84.3351 67.0282 84.6431 66.5984Z" fill="black"/>
<path d="M117.614 76.9073C119.046 76.4978 120.582 76.6668 121.89 77.3777C122.075 77.4593 122.277 77.496 122.479 77.4849C122.681 77.4738 122.877 77.4152 123.052 77.3139C123.47 77.1396 123.476 76.8202 123.517 76.4717C123.563 76.0187 123.255 76.0129 123.011 75.978C122.076 75.827 121.268 75.1127 120.205 75.2753C119.345 74.7816 118.416 75.1591 117.469 75.3973C117.004 75.5134 116.667 75.7109 116.702 76.2801C116.737 76.8492 117.033 77.0293 117.614 76.9073Z" fill="black"/>
<path d="M167.41 85.0091C167.231 85.0956 167.084 85.2367 166.99 85.412C166.896 85.5873 166.86 85.7878 166.887 85.9848C166.969 86.4843 167.265 86.432 167.683 86.3565C169.426 86.0487 170.983 85.0904 172.651 84.5271C172.814 84.4595 172.957 84.3496 173.064 84.2088C173.171 84.068 173.239 83.9012 173.261 83.7256C173.348 83.2377 173.336 82.8719 172.912 82.8835C172.732 82.8835 172.633 82.8254 172.563 82.8835C170.946 83.8148 169.214 84.5295 167.41 85.0091Z" fill="black"/>
<path d="M170.269 92.4199C169.775 92.5186 169.107 92.4547 169.06 93.0471C169.014 93.6395 169.676 93.6976 170.147 93.7498C171.857 93.921 173.581 93.6197 175.132 92.8787C175.416 92.7335 175.782 92.5186 175.544 92.0714C175.37 91.7461 175.277 91.0376 174.713 91.4441C173.29 92.4489 171.745 92.1178 170.269 92.4199Z" fill="black"/>
<path d="M97.599 77.2789C96.3034 76.158 95.2751 74.5318 93.5321 74.2473C93.2532 74.1834 92.8756 74.0149 92.7071 74.4215C92.6311 74.6264 92.6322 74.8519 92.7102 75.056C92.7883 75.2601 92.9379 75.4288 93.1312 75.5308C94.4924 76.1921 95.6608 77.1921 96.5242 78.4347C96.5917 78.5156 96.6777 78.5792 96.7748 78.6202C96.8719 78.6612 96.9774 78.6784 97.0825 78.6705C97.1876 78.6625 97.2893 78.6296 97.3792 78.5744C97.469 78.5193 97.5444 78.4435 97.599 78.3534C97.7399 78.21 97.8188 78.0171 97.8188 77.8161C97.8188 77.6152 97.7399 77.4223 97.599 77.2789Z" fill="black"/>
<path d="M135.09 78.3593C135.25 78.2753 135.375 78.1384 135.445 77.9721C135.515 77.8058 135.525 77.6203 135.473 77.4474C135.45 77.2737 135.36 77.1159 135.222 77.0074C135.085 76.899 134.91 76.8485 134.736 76.8667C133.324 77.0757 131.831 77.2848 130.361 77.5288C130.216 77.5725 130.089 77.6616 129.999 77.7829C129.909 77.9043 129.861 78.0514 129.861 78.2025C129.786 78.7832 130.21 78.6439 130.442 78.7484C131.226 79.091 132.133 78.4522 132.853 78.8587C133.736 79.364 134.37 78.6438 135.09 78.3593Z" fill="black"/>
<path d="M121.1 89.7308C121.297 88.9351 120.74 88.8306 120.246 88.7551C119.948 88.7062 119.664 88.5976 119.409 88.4357C118.489 87.8796 117.541 87.3717 116.568 86.914C116.313 86.7921 115.865 86.5655 115.714 87.2276C115.633 87.5819 115.551 87.9304 115.941 88.1336C117.271 88.8306 118.456 89.876 120.008 90.3696C120.321 90.2361 120.92 90.4219 121.1 89.7308Z" fill="black"/>
<path d="M152.81 94.9637C152.781 95.0536 152.77 95.1486 152.778 95.2429C152.786 95.3371 152.813 95.4288 152.858 95.5123C152.902 95.5958 152.963 95.6695 153.037 95.7289C153.111 95.7884 153.196 95.8323 153.287 95.8581C154.733 95.951 155.959 96.8164 157.162 97.1997C157.801 97.1997 158.44 97.6353 158.661 96.7583C158.701 96.5219 158.649 96.2791 158.517 96.0794C158.384 95.8797 158.18 95.7382 157.946 95.6839C156.54 95.2947 155.14 94.8882 153.728 94.5223C153.548 94.4608 153.35 94.4726 153.179 94.5552C153.007 94.6377 152.875 94.7845 152.81 94.9637Z" fill="black"/>
<path d="M139.058 83.3539C137.635 83.7372 136.194 83.11 134.695 82.9706C134.317 82.9358 133.934 82.9706 133.847 83.4701C133.76 83.9695 134.097 84.167 134.469 84.2251C135.033 84.2629 135.591 84.3582 136.136 84.5097C137.106 84.8756 138.065 85.2124 139.116 84.9336C139.333 84.9027 139.535 84.8041 139.693 84.6518C139.85 84.4995 139.956 84.3014 139.994 84.0857C140.046 83.4991 139.587 83.412 139.058 83.3539Z" fill="black"/>
<path d="M114.128 89.8644C112.589 89.4114 111.374 88.2499 109.98 87.4774C109.713 87.3322 109.457 87.5646 109.289 87.8201C109.231 87.9316 109.212 88.0585 109.233 88.1821C109.254 88.3056 109.314 88.419 109.405 88.5054C110.48 89.8935 111.92 90.5439 113.059 91.1131C113.727 91.3338 114.07 91.2351 114.273 90.8227C114.477 90.4104 114.424 89.9748 114.128 89.8644Z" fill="black"/>
<path d="M157.429 93.7323C157.464 94.0982 157.894 94.4931 158.173 94.3828C159.288 93.9356 160.154 94.7487 161.147 94.8997L161.531 94.9636C161.681 95.0059 161.838 95.0136 161.992 94.9862C162.145 94.9587 162.29 94.8968 162.416 94.805C162.542 94.7133 162.645 94.5942 162.719 94.4566C162.792 94.3191 162.832 94.1668 162.838 94.0111C162.943 93.1922 162.222 93.5813 161.879 93.4303C161.537 93.2793 161.211 93.2619 160.909 93.0935C160.484 92.8775 160.019 92.752 159.543 92.725C159.067 92.698 158.59 92.7701 158.144 92.9367C157.836 93.0006 157.383 93.2677 157.429 93.7323Z" fill="black"/>
<path d="M125.707 92.2224C124.476 92.1817 123.447 91.2757 122.326 91.3454C121.745 91.2524 121.257 91.1595 120.786 91.1073C120.554 91.1073 120.205 90.8866 120.141 91.3454C120.114 91.4889 120.142 91.6373 120.22 91.7611C120.297 91.8849 120.419 91.9749 120.56 92.0133C122.169 92.5941 123.767 93.2155 125.393 93.715C125.794 93.8369 126.358 93.715 126.463 92.8961C126.567 92.0772 126.033 92.234 125.707 92.2224Z" fill="black"/>
<path d="M139.604 90.875C140.026 90.9617 140.458 90.9968 140.888 90.9796C141.301 90.9157 141.766 90.7647 141.754 90.0387C141.742 89.3127 141.202 89.4579 140.888 89.487C140.494 89.4968 140.101 89.4378 139.726 89.3127C138.7 89.0571 137.651 88.8977 136.595 88.8365C136.434 88.8066 136.268 88.8393 136.131 88.9278C135.994 89.0164 135.896 89.1541 135.857 89.3127C135.836 89.3936 135.833 89.4783 135.85 89.5602C135.866 89.6422 135.901 89.7193 135.953 89.7855C136.004 89.8517 136.069 89.9053 136.144 89.9422C136.219 89.979 136.302 89.9982 136.386 89.9981C137.519 89.9748 138.483 90.7705 139.604 90.875Z" fill="black"/>
<path d="M147.151 88.8539C147.732 89.0746 148.313 89.5044 148.61 88.4996C148.935 87.3961 148.174 87.3381 147.564 87.1929C146.402 87.2568 145.24 87.2858 144.078 87.402C143.956 87.4035 143.836 87.429 143.724 87.4772C143.612 87.5254 143.511 87.5952 143.426 87.6827C143.341 87.7701 143.275 87.8735 143.23 87.9868C143.185 88.1001 143.163 88.2211 143.166 88.3428C143.218 88.9236 143.665 88.9236 144.188 88.7958C145.157 88.5034 146.194 88.5237 147.151 88.8539Z" fill="black"/>
<path d="M158.463 87.8955C158.382 87.6632 158.086 87.5471 158.045 87.5122C156.575 87.4135 155.279 87.6226 154.007 87.3496C153.502 87.2334 153.083 87.669 152.932 88.2962C152.833 88.7028 153.043 89.15 153.345 89.1035C154.908 88.8654 156.488 89.2662 158.033 88.575C158.254 88.4821 158.585 88.2324 158.463 87.8955Z" fill="black"/>
<path d="M166.417 75.8154C168.058 75.1353 169.617 74.2723 171.065 73.2426C171.289 73.1157 171.462 72.9147 171.554 72.6742C171.647 72.4336 171.652 72.1684 171.57 71.9242C171.344 71.4422 170.827 71.5002 170.408 71.9242C169.415 72.9638 168.183 73.4633 167.062 74.1951C166.487 74.5784 166.347 74.9791 166.417 75.8154Z" fill="black"/>
<path d="M156.023 90.8633L154.658 90.6484C153.943 90.3116 152.99 90.5846 152.043 90.7065C151.847 90.7185 151.663 90.8077 151.533 90.9546C151.402 91.1016 151.335 91.2943 151.346 91.4906C151.346 91.8855 151.427 92.1759 151.729 92.1004C153.164 91.7635 154.524 92.5476 155.959 92.1468C156.331 92.0423 156.726 91.8448 156.767 91.4441C156.825 90.904 156.354 90.9214 156.023 90.8633Z" fill="black"/>
<path d="M116.481 79.4626L114.837 79.2013C114.733 79.1726 114.624 79.1683 114.519 79.1887C114.413 79.2091 114.314 79.2537 114.228 79.3189C114.143 79.3842 114.073 79.4683 114.026 79.5648C113.978 79.6613 113.954 79.7674 113.954 79.875C113.873 80.4557 114.169 80.7636 114.616 80.7578C115.75 80.7201 116.874 80.9804 117.876 81.5128C118.271 81.7218 119.003 81.3618 119.194 80.7519C119.386 80.1421 118.718 80.2873 118.457 80.0608C117.829 79.5207 117.074 79.6078 116.481 79.4626Z" fill="black"/>
<path d="M164.093 92.1062C164.691 92.0842 165.26 91.8374 165.685 91.4151C165.76 90.7066 165.51 90.3 165.069 90.3813C163.907 90.6078 162.844 90.2303 161.734 90.1838C161.362 90.1838 160.787 90.1838 160.758 90.9214C160.729 91.659 161.31 92.0423 161.653 91.961C162.512 91.7636 163.274 92.1701 164.093 92.1062Z" fill="black"/>
<path d="M108.539 83.6675C108.754 83.0868 108.318 82.8719 108.074 82.7673C106.912 82.2679 105.75 81.8671 104.699 81.4606C104.158 81.4141 103.653 81.1237 103.333 81.8206C103.284 81.9364 103.28 82.0662 103.321 82.1851C103.361 82.3041 103.444 82.4038 103.554 82.4653C104.921 83.0616 106.298 83.6424 107.685 84.2077C108.045 84.3238 108.37 84.1322 108.539 83.6675Z" fill="black"/>
<path d="M141.144 93.8194C141.329 93.6525 141.455 93.4306 141.504 93.1864C141.597 92.7276 141.26 92.7334 141.016 92.6869C140.243 92.5534 139.476 92.4198 138.692 92.3152C137.815 92.1991 136.914 91.7809 136.089 92.7044C136.903 93.744 140.203 94.4873 141.144 93.8194Z" fill="black"/>
<path d="M124.958 87.2742C125.056 86.6295 124.865 86.2695 124.336 86.1823L122.407 85.8803C121.722 85.77 121.036 85.6538 120.345 85.5609C119.938 85.5086 119.665 85.7526 119.578 86.2404C119.473 86.8212 119.891 86.7631 120.159 86.8212C121.486 86.9878 122.792 87.2994 124.051 87.7505C124.371 87.8376 124.841 88.0641 124.958 87.2742Z" fill="black"/>
<path d="M150.968 93.413C151.172 92.8323 150.585 92.7509 150.289 92.5535C149.127 91.8043 147.785 92.2631 146.535 92.0889C146.437 92.071 146.335 92.079 146.24 92.1121C146.146 92.1452 146.061 92.2022 145.995 92.2777C145.929 92.3531 145.883 92.4444 145.863 92.5426C145.843 92.6408 145.848 92.7426 145.879 92.838C145.984 93.2794 146.373 93.6453 146.75 93.5408C147.229 93.4119 147.731 93.3999 148.215 93.5059C148.795 93.3665 149.173 93.9589 149.725 94.0867C149.979 94.1518 150.248 94.1186 150.479 93.9936C150.709 93.8687 150.884 93.6613 150.968 93.413Z" fill="black"/>
<path d="M166.068 79.5963C165.901 79.6674 165.762 79.7938 165.677 79.9545C165.591 80.1151 165.563 80.3003 165.598 80.479C165.743 81.0598 166.12 80.723 166.457 80.6591C168.293 80.3222 169.943 79.3175 171.686 77.9526C169.554 77.8539 167.805 78.7077 166.068 79.5963Z" fill="black"/>
<path d="M88.5648 68.486C88.3905 69.2178 89.0819 69.1771 89.4247 69.4792C90.058 70.0599 90.8888 70.2458 91.3826 71.0356C91.7835 71.6745 92.2773 71.4015 92.5794 70.9021C92.7379 70.6914 92.8066 70.4267 92.7707 70.1657C92.7348 69.9046 92.5971 69.6683 92.3877 69.5082C91.5453 68.9971 90.6447 68.5557 89.8139 68.0911C89.3608 68.2305 88.7565 67.6613 88.5648 68.486Z" fill="black"/>
<path d="M147.576 79.3466C147.744 78.5393 146.815 78.3709 146.286 78.0573C146.01 77.9645 145.722 77.9136 145.432 77.9062C144.851 77.9062 144.014 77.9062 143.195 77.9062C142.852 77.9062 142.614 78.1444 142.538 78.5683C142.428 79.1491 142.823 79.0968 143.119 79.1491C144.107 79.3175 145.089 79.5034 146.088 79.6137C146.588 79.6602 147.407 80.1481 147.576 79.3466Z" fill="black"/>
<path d="M149.452 83.6501C149.632 82.5698 148.464 82.6047 147.535 82.4188C146.828 82.2829 146.097 82.3786 145.449 82.6918C145.1 82.837 144.688 82.9125 144.729 83.4294C144.769 83.9463 145.153 83.9637 145.507 84.0566C146.193 84.2366 146.872 83.8766 147.57 84.0043C148.267 84.1321 149.254 84.8813 149.452 83.6501Z" fill="black"/>
<path d="M82.813 69.8101C82.8894 69.7131 82.9417 69.5994 82.9658 69.4783C82.9899 69.3572 82.9851 69.2321 82.9517 69.1132C82.9183 68.9943 82.8572 68.885 82.7736 68.7942C82.6899 68.7034 82.5859 68.6336 82.4702 68.5905C81.7793 68.1309 81.2285 67.4899 80.8783 66.7378C80.6858 66.3162 80.3561 65.9723 79.9429 65.7621C79.8267 65.8492 79.5362 65.9479 79.4316 66.1628C79.3317 66.3049 79.2734 66.472 79.2631 66.6453C79.2528 66.8187 79.2911 66.9915 79.3735 67.1443C80.0156 68.1471 80.7982 69.0527 81.6975 69.8334C82.1274 70.1528 82.476 70.3619 82.813 69.8101Z" fill="black"/>
<path d="M105.779 80.7985C105.965 80.4558 105.959 79.968 105.663 79.8344C104.699 79.4046 104.048 78.4986 103.269 77.7842C103.132 77.6425 102.943 77.5614 102.745 77.5587C102.547 77.5559 102.357 77.6318 102.215 77.7697C102.073 77.9076 101.992 78.0961 101.989 78.2938C101.987 78.4915 102.063 78.6821 102.2 78.8238C102.985 79.7473 103.734 80.7462 104.827 81.1469C104.999 81.2262 105.196 81.2341 105.375 81.1688C105.553 81.1035 105.699 80.9704 105.779 80.7985Z" fill="black"/>
<path d="M89.9649 73.9685C90.0462 73.9685 90.3425 74.1137 90.604 73.5736C90.7957 73.1728 90.697 72.9928 90.482 72.8244C89.5871 72.2121 88.8697 71.3747 88.4021 70.3967C88.3264 70.255 88.1996 70.1474 88.0475 70.0957C87.8954 70.0439 87.7293 70.0519 87.5829 70.118C87.2052 70.2399 87.2575 70.6987 87.2517 71.053C87.3207 71.7695 87.6238 72.4432 88.1142 72.9702C88.6047 73.4972 89.2551 73.848 89.9649 73.9685Z" fill="black"/>
<path d="M114.628 85.9557C114.843 85.8918 115.046 85.9557 115.133 85.6015C115.22 85.2472 114.988 85.0788 114.791 84.8987C114.134 84.318 113.292 84.5851 112.699 84.347C111.973 84.2308 111.374 84.1205 110.776 84.0508C110.456 84.0101 110.119 84.0856 110.195 84.6316C110.195 84.8348 109.881 85.2123 110.253 85.2123C111.729 85.2878 113.048 86.4029 114.628 85.9557Z" fill="black"/>
<path d="M162.199 74.1776C162.071 73.7362 161.728 73.5445 161.362 73.7885C160.241 74.5261 158.992 74.7293 157.824 75.2578C157.638 75.3392 157.365 75.2985 157.336 75.6876C157.406 76.0709 157.597 76.3381 157.917 76.3265C159.288 76.2742 160.607 75.7457 161.932 75.2927C162.309 75.1707 162.309 74.5667 162.199 74.1776Z" fill="black"/>
<path d="M121.588 82.9415C121.338 83.0809 120.821 83.5862 121.483 83.8823C122.711 84.4371 124.046 84.7147 125.393 84.6954C125.783 84.6954 126.038 84.3063 126.009 83.8185C126.009 83.4177 125.748 83.0344 125.428 83.1622C124.458 83.5513 123.685 83.0634 122.843 82.6743C122.413 82.697 121.99 82.7872 121.588 82.9415Z" fill="black"/>
<path d="M125.713 90.12C125.649 90.5266 125.713 91.1422 126.172 91.2816C126.875 91.4674 127.45 92.0947 128.118 91.9553C128.746 92.0308 129.234 92.2224 129.768 91.9088C129.879 91.8571 129.973 91.7751 130.038 91.6723C130.104 91.5695 130.14 91.4501 130.14 91.328C130.14 91.0493 130.001 90.9912 129.838 90.9331C128.752 90.544 127.671 90.1375 126.585 89.7716C126.253 89.6612 125.794 89.6031 125.713 90.12Z" fill="black"/>
<path d="M113.222 82.7498C113.582 82.8079 113.936 82.413 114.198 81.6231C112.757 81.716 111.665 80.7635 110.346 80.7287C109.957 80.7287 109.48 80.5545 109.312 81.0946C109.143 81.6347 109.707 81.7683 109.986 81.9948C110.944 82.7789 112.129 82.5814 113.222 82.7498Z" fill="black"/>
<path d="M162.478 84.2773C162.582 83.29 161.484 83.9811 161.089 83.563C160.351 83.6036 159.701 83.1622 158.98 83.563C158.736 83.7023 158.434 83.772 158.399 84.1437C158.364 84.5154 158.614 84.7245 158.905 84.8988C159.486 85.2182 160.067 85.0091 160.648 85.1427C161.374 85.3285 162.35 85.3808 162.478 84.2773Z" fill="black"/>
<path d="M132.691 88.2324C132.894 87.4832 132.174 87.2915 131.744 87.0708C131.125 86.6792 130.418 86.4495 129.687 86.403C129.497 86.4101 129.314 86.4751 129.163 86.5894C129.011 86.7036 128.898 86.8615 128.839 87.0418C128.822 87.2305 128.866 87.4196 128.966 87.5808C129.065 87.742 129.214 87.8667 129.391 87.9362C130.024 88.1859 130.675 88.395 131.261 88.5983C131.808 88.5693 132.47 89.0339 132.691 88.2324Z" fill="black"/>
<path d="M125.945 81.722C125.684 82.8254 126.799 83.0461 127.526 83.0984C128.252 83.1507 129.321 84.0451 129.565 82.7383C129.855 81.1702 128.403 82.0007 127.793 81.5129C127.136 81.7394 126.172 80.7927 125.945 81.722Z" fill="black"/>
<path d="M163.878 94.5397C163.518 94.6384 162.931 94.6443 163.024 95.4515C163.088 96.0323 163.361 96.3576 163.901 96.4156C164.575 96.2414 165.255 96.102 165.923 95.8813C166.324 95.7536 166.44 95.3005 166.446 94.8591C166.446 94.1971 165.964 94.3539 165.673 94.3481C165.069 94.3267 164.464 94.3912 163.878 94.5397Z" fill="black"/>
<path d="M161.728 79.8925C161.949 79.6834 162.396 79.5557 162.216 79.1085C162.147 78.9817 162.043 78.8775 161.916 78.8085C161.79 78.7395 161.646 78.7085 161.502 78.7193C160.578 78.6729 159.759 79.0968 158.893 79.4047C158.562 79.5266 157.981 79.4047 157.998 80.0493C157.998 80.5778 158.498 80.6301 158.841 80.6708C159.839 80.5688 160.814 80.306 161.728 79.8925Z" fill="black"/>
<path d="M100.185 72.5514C98.9877 71.1459 97.8954 70.722 96.9659 71.2272C96.5592 71.4479 96.2048 71.7035 96.594 72.2552C97.1983 73.1322 99.2549 73.3122 100.185 72.5514Z" fill="black"/>
<path d="M91.121 67.458C90.9583 67.853 91.2953 68.2363 91.5974 68.4105C92.3639 68.8652 93.1597 69.2688 93.9795 69.6185C94.0615 69.6363 94.1464 69.636 94.2283 69.6179C94.3102 69.5997 94.3873 69.564 94.4541 69.5132C94.5209 69.4624 94.5759 69.3978 94.6153 69.3237C94.6547 69.2497 94.6776 69.168 94.6825 69.0842C94.7289 68.7241 94.8509 68.3989 94.421 68.2188C93.6774 67.9052 92.9627 67.4987 92.4805 67.2548C91.8182 67.2083 91.3418 66.9237 91.121 67.458Z" fill="black"/>
<path d="M76.7067 63.6365C76.7997 63.0558 75.4983 61.116 74.9638 60.9766C74.884 60.9559 74.8009 60.9513 74.7194 60.9633C74.6378 60.9753 74.5595 61.0035 74.4891 61.0463C74.4186 61.0891 74.3575 61.1456 74.3093 61.2124C74.2611 61.2792 74.2268 61.3551 74.2085 61.4354C74.0051 62.0162 75.4053 64.2696 75.9514 64.3393C76.3639 64.3741 76.6312 64.1302 76.7067 63.6365Z" fill="black"/>
<path d="M152.258 76.7389C152.114 76.7286 151.969 76.7493 151.834 76.7996C151.699 76.8499 151.576 76.9286 151.473 77.0304C151.371 77.1322 151.292 77.2548 151.241 77.3898C151.189 77.5249 151.168 77.6693 151.177 77.8133C151.177 78.5045 151.857 78.3128 152.217 78.2431C152.578 78.1734 152.897 78.2025 153.228 78.1502C153.809 78.0457 154.762 79.0214 154.971 77.9121C155.105 77.1513 153.989 76.9944 153.286 76.8841H153.159C152.864 76.808 152.562 76.7594 152.258 76.7389Z" fill="black"/>
<path d="M166.545 82.1168C165.964 82.384 165.052 82.6976 165.237 83.5049C165.493 84.6025 166.306 83.7256 166.876 83.5513C167.445 83.3771 168.166 83.2087 168.462 82.3259C168.398 81.8554 168.375 81.3502 167.776 81.5999C167.358 81.7625 166.951 81.9368 166.545 82.1168Z" fill="black"/>
<path d="M146.524 95.0159C146.101 94.6297 145.574 94.3772 145.008 94.2899C144.653 94.0866 144.281 94.4177 143.904 94.4177C143.613 94.4177 143.294 94.499 143.259 94.8068C143.212 95.2192 143.538 95.3876 143.84 95.3876C144.577 95.4393 145.277 95.731 145.833 96.2181C146.251 96.5608 146.466 96.3575 146.774 95.9103C147.244 95.2946 146.745 95.1553 146.524 95.0159Z" fill="black"/>
<path d="M106.459 76.0361C106.302 76.5413 106.866 76.733 107.156 76.9131C107.708 77.2557 108.417 77.0524 108.975 77.5229C109.219 77.7261 109.556 77.308 109.724 77.0118C109.893 76.7156 109.614 76.4833 109.399 76.3613C108.818 76.0186 108.202 75.6934 107.604 75.3624C107.363 75.3052 107.109 75.3434 106.896 75.469C106.682 75.5945 106.526 75.7978 106.459 76.0361Z" fill="black"/>
<path d="M132.052 91.4674C131.895 91.961 132.278 92.0888 132.545 92.3501C133.126 92.9309 133.766 92.5186 134.37 92.5883C134.453 92.6 134.537 92.5937 134.617 92.5698C134.697 92.5459 134.771 92.505 134.834 92.4498C134.897 92.3947 134.947 92.3266 134.982 92.2502C135.016 92.1739 135.033 92.0911 135.032 92.0075C135.038 91.7937 134.977 91.5835 134.857 91.4064C134.737 91.2293 134.565 91.0942 134.364 91.0201C133.835 91.3802 133.336 91.1247 132.836 91.0608C132.678 91.0189 132.51 91.0373 132.365 91.1124C132.22 91.1876 132.108 91.3142 132.052 91.4674Z" fill="black"/>
<path d="M154.28 84.2889C154.524 83.7081 154.001 83.5281 153.699 83.2551C153.436 82.9654 153.078 82.7789 152.689 82.7288C152.301 82.6788 151.907 82.7686 151.579 82.9822C151.497 83.0286 151.329 83.0983 151.422 83.3365C151.776 84.2192 152.52 84.347 152.95 84.5445C153.635 84.7071 154.071 84.8 154.28 84.2889Z" fill="black"/>
<path d="M78.7405 60.7094C78.6998 59.5478 77.7295 59.7627 77.1602 59.3039C76.8813 59.5188 76.3875 58.967 76.3119 59.6814C76.1667 61.0811 77.3112 60.9359 77.9213 61.3831C78.2873 61.6444 78.7637 61.2611 78.7405 60.7094Z" fill="black"/>
<path d="M209.787 67.3882C209.857 66.941 209.787 66.4648 209.369 66.459C209.106 66.4606 208.853 66.5594 208.659 66.7363C208.465 66.9133 208.343 67.1559 208.317 67.4173C208.277 67.7309 208.358 68.2362 208.864 68.2652C209.369 68.2942 209.694 68.0445 209.787 67.3882Z" fill="black"/>
<path d="M213.279 69.7404C213.279 69.3048 213.279 68.6602 212.698 68.5789C212.117 68.4976 211.978 68.7938 211.844 69.421C211.711 70.0482 212.117 70.2631 212.477 70.3909C212.838 70.5187 213.285 70.0192 213.279 69.7404Z" fill="black"/>
</svg>

===== END FILE: label_studio/core/static_build/images/opossum_broken.svg =====


===== FILE: label_studio/core/static_build/images/human_signal_logo.svg =====
<svg width="200" height="29" viewBox="0 0 200 29" fill="none" xmlns="http://www.w3.org/2000/svg">
<path fill-rule="evenodd" clip-rule="evenodd" d="M8.90591 1.20508C7.81569 1.20508 6.93188 2.08888 6.93188 3.17911V13.0941C6.93188 13.0989 6.9319 13.1037 6.93194 13.1085V8.13661H13.8633V15.0682H8.89912C8.90138 15.0682 8.90365 15.0682 8.90591 15.0682H18.8205C19.9108 15.0682 20.7946 14.1844 20.7946 13.0941V3.17911C20.7946 2.08888 19.9108 1.20508 18.8205 1.20508H8.90591Z" fill="#FFA663"/>
<path fill-rule="evenodd" clip-rule="evenodd" d="M11.8886 21.999C12.9789 21.999 13.8627 21.1152 13.8627 20.025V15.0675H6.93137V8.13594H11.8951C11.893 8.13593 11.8908 8.13593 11.8886 8.13593H1.97403C0.883802 8.13593 -9.53674e-07 9.01973 -9.53674e-07 10.11V20.025C-9.53674e-07 21.1152 0.883802 21.999 1.97403 21.999H11.8886Z" fill="#FF7557"/>
<path d="M130.18 0.889648C126.177 0.889648 123.279 3.35897 123.279 6.66131C123.279 10.8974 126.8 11.8663 129.926 12.7263C132.419 13.4125 134.661 14.0294 134.661 16.1816C134.661 18.1749 132.869 19.5434 130.33 19.5434C127.73 19.5434 125.759 18.3832 124.146 16.8659L122.323 19.0079C124.146 20.8822 127.163 22.3103 130.33 22.3103C134.811 22.3103 137.619 19.4542 137.619 16.1518C137.619 12.01 134.154 11.0121 131.038 10.1145C128.491 9.38087 126.177 8.71427 126.177 6.45306C126.177 4.81676 127.76 3.65648 129.971 3.65648C131.973 3.65648 134.004 4.51925 135.319 5.94729L137.021 3.71598C135.677 2.07968 132.809 0.889648 130.18 0.889648Z" fill="#12110D"/>
<path d="M40.6758 1.18716V9.84466H29.7418V1.18716H26.844V22.0128H29.7418V12.5817H40.6758V22.0128H43.5736V1.18716H40.6758Z" fill="#12110D"/>
<path d="M57.6096 7.49434V17.2824C56.803 18.7104 55.16 19.6029 53.4571 19.6029C51.1568 19.6029 49.6332 17.9666 49.6332 15.4081V7.49434H46.8549V15.8246C46.8549 19.7517 49.215 22.3103 52.8298 22.3103C54.8313 22.3103 56.7134 21.3582 57.6096 19.9004V22.0128H60.3581V7.49434H57.6096Z" fill="#12110D"/>
<path d="M75.5629 9.78516C76.5488 8.47612 78.3114 7.19683 80.5221 7.19683C84.0771 7.19683 86.4671 9.54715 86.4671 13.2363V22.0128H83.7186V13.7123C83.7186 11.2727 82.3145 9.7554 80.074 9.7554C78.5504 9.7554 77.0268 10.7967 76.2799 12.0462C76.3397 12.3139 76.3695 12.6113 76.3994 12.9088L76.3994 12.909V22.0128H73.651V13.7123C73.651 11.2727 72.217 9.7554 70.0661 9.7554C68.423 9.7554 67.0488 10.6777 66.3617 12.0165V22.0128H63.5834V7.49434H66.3617V9.54715C67.0786 8.50587 68.5425 7.19683 70.9324 7.19683C73.0834 7.19683 74.6368 8.05961 75.5629 9.78516Z" fill="#12110D"/>
<path fill-rule="evenodd" clip-rule="evenodd" d="M100.628 7.49434V9.60665C99.8508 8.23811 97.8193 7.19683 95.758 7.19683C91.725 7.19683 88.6479 10.4992 88.6479 14.7535C88.6479 19.0079 91.725 22.3103 95.758 22.3103C97.7895 22.3103 99.8209 21.269 100.628 19.9004V22.0128H103.406V7.49434H100.628ZM96.2957 19.7219C93.4875 19.7219 91.3366 17.5799 91.3366 14.7535C91.3366 11.8975 93.4875 9.78516 96.2957 9.78516C98.0882 9.78516 99.8508 10.7967 100.628 12.2247V17.3121C99.8508 18.7104 98.0882 19.7219 96.2957 19.7219Z" fill="#12110D"/>
<path d="M109.369 9.60665C110.265 8.14886 112.147 7.19683 114.119 7.19683C117.764 7.19683 120.094 9.7554 120.094 13.7123V22.0128H117.345V14.099C117.345 11.5405 115.822 9.90416 113.492 9.90416C111.819 9.90416 110.176 10.7967 109.369 12.2247V22.0128H106.591V7.49434H109.369V9.60665Z" fill="#12110D"/>
<path d="M143.102 22.0128H140.324V7.49434H143.102V22.0128Z" fill="#12110D"/>
<path fill-rule="evenodd" clip-rule="evenodd" d="M157.742 7.49434V9.5769C156.965 8.20836 154.934 7.19683 152.872 7.19683C148.839 7.19683 145.762 10.4397 145.762 14.6048C145.762 18.7997 148.839 22.0425 152.872 22.0425C154.904 22.0425 156.935 21.031 157.742 19.6922V21.4772C157.742 23.9168 155.86 25.6424 153.35 25.6424C151.289 25.6424 149.407 24.9581 148.302 23.7681L146.897 25.6424C148.152 27.1894 150.841 28.1117 153.41 28.1117C157.533 28.1117 160.52 25.4936 160.52 21.507V7.49434H157.742ZM153.41 19.4839C150.602 19.4839 148.451 17.4014 148.451 14.6048C148.451 11.8082 150.602 9.7554 153.41 9.7554C155.202 9.7554 156.965 10.7372 157.742 12.1355V17.1336C156.965 18.5022 155.202 19.4839 153.41 19.4839Z" fill="#12110D"/>
<path d="M166.357 9.60665C167.254 8.14886 169.136 7.19683 171.107 7.19683C174.752 7.19683 177.082 9.7554 177.082 13.7123V22.0128H174.334V14.099C174.334 11.5405 172.81 9.90416 170.48 9.90416C168.807 9.90416 167.164 10.7967 166.357 12.2247V22.0128H163.579V7.49434H166.357V9.60665Z" fill="#12110D"/>
<path fill-rule="evenodd" clip-rule="evenodd" d="M191.258 7.49434V9.60665C190.481 8.23811 188.45 7.19683 186.389 7.19683C182.356 7.19683 179.279 10.4992 179.279 14.7535C179.279 19.0079 182.356 22.3103 186.389 22.3103C188.42 22.3103 190.452 21.269 191.258 19.9004V22.0128H194.037V7.49434H191.258ZM186.926 19.7219C184.118 19.7219 181.967 17.5799 181.967 14.7535C181.967 11.8975 184.118 9.78516 186.926 9.78516C188.719 9.78516 190.481 10.7967 191.258 12.2247V17.3121C190.481 18.7104 188.719 19.7219 186.926 19.7219Z" fill="#12110D"/>
<path d="M197.221 1.18716H200V22.0128H197.221V1.18716Z" fill="#12110D"/>
<path d="M141.712 1.96089C140.848 1.96089 140.136 2.69774 140.136 3.53623C140.136 4.40014 140.848 5.11158 141.712 5.11158C142.55 5.11158 143.287 4.40014 143.287 3.53623C143.287 2.69774 142.55 1.96089 141.712 1.96089Z" fill="#12110D"/>
</svg>

===== END FILE: label_studio/core/static_build/images/human_signal_logo.svg =====


===== FILE: label_studio/core/static_build/images/heidi-tip.2e3228516929.svg =====
<svg width="116" height="84" viewBox="0 0 116 84" fill="none" xmlns="http://www.w3.org/2000/svg">
<g id="Group 1">
<path id="Vector" d="M15.0454 69.5406C15.3622 69.36 15.6614 69.1497 15.9389 68.9124C16.5731 68.4677 17.0601 68.7041 17.1302 69.4947C17.143 69.698 17.143 69.902 17.1302 70.1053C17.1193 70.1893 17.1342 70.2746 17.1731 70.3498C17.212 70.4249 17.2728 70.4862 17.3474 70.5253C17.5401 70.6171 17.6382 70.43 17.7469 70.3171C18.5142 69.5229 18.7104 67.8747 18.2934 66.8441C17.6242 65.1959 16.4189 63.9571 15.3222 62.6336C15.0665 62.3265 11.7484 60.163 11.1913 59.1289C11.4155 60.2442 11.0511 61.3912 11.3279 62.4289C11.836 64.3383 10.8304 66.1771 11.2333 68.0759C11.2754 68.2735 10.9285 68.5912 11.2123 68.7818C11.4961 68.9724 11.6888 68.6935 11.9131 68.5241C12.8451 67.7865 13.0938 67.8182 13.4232 68.9018C13.714 69.9076 14.3061 69.8688 15.0454 69.5406Z" fill="#A3A3A3"/>
<ellipse id="Ellipse 1" opacity="0.5" cx="38.5" cy="80.6387" rx="38.5" ry="2.5" fill="#D9D9D9"/>
<path id="Vector_2" d="M69.1553 54.6409C69.0978 56.3143 68.9519 57.9835 68.7182 59.6412C68.6518 60.1401 70.4037 62.5324 72.0087 59.3828C72.4877 58.1584 73.2675 57.0756 73.5402 55.745C74.0473 53.2678 73.6137 50.9074 72.8968 48.5648C72.8291 48.4132 72.7135 48.2887 72.5681 48.2109C71.6975 47.6765 70.8757 47.0714 70.0505 46.4733C69.5015 46.0734 69.1693 45.3409 68.2042 45.2383C68.6024 47.0251 68.877 48.8378 69.026 50.6633C69.1344 51.9903 69.1868 53.3103 69.1553 54.6409Z" fill="#F9C2CF"/>
<path id="Vector_3" d="M14.9188 60.24C15.0523 60.2676 15.1745 60.335 15.2692 60.4335C16.3205 61.6966 17.3717 62.9527 18.395 64.2404C19.9193 66.1755 20.1471 68.5961 20.7954 70.8654C20.897 71.2172 21.0162 71.5691 21.314 71.657C21.703 71.7942 21.8712 71.4002 22.0149 71.1117C22.2707 70.6402 22.6912 70.4889 22.9295 70.971C23.4866 72.0933 23.9807 71.4776 24.4153 70.971C24.9689 70.3201 25.4175 70.4678 25.6172 71.1539C25.8835 72.0616 26.2515 71.5339 26.5739 71.2946C26.7736 71.1434 26.8612 70.8549 27.0364 70.6578C27.4464 70.1969 27.8459 70.0914 28.1928 70.7458C28.2734 70.8971 28.2804 71.1856 28.6344 71.0484C28.8586 69.0535 29.0058 67.0339 29.125 65.0003C29.2761 63.3072 29.2632 61.6034 29.0864 59.9128C29.0233 59.4625 29.1039 59.0543 29.5875 58.8573C30.432 59.8389 30.3199 61.0317 30.2884 62.1857C30.267 62.2954 30.2675 62.4084 30.2899 62.5179C30.3122 62.6275 30.3559 62.7315 30.4184 62.8241C30.4809 62.9166 30.5611 62.9958 30.6542 63.0572C30.7474 63.1185 30.8517 63.1607 30.9612 63.1814C31.368 63.3046 31.784 63.3952 32.2052 63.4523C32.906 63.5719 33.4632 63.1004 34.1115 63.1004C35.9968 63.1602 37.8996 63.3749 39.7603 62.9914C40.8116 62.7767 41.8103 63.0617 42.802 62.9597C44.8227 62.7398 46.8612 62.7398 48.8819 62.9597C50.2081 63.1383 51.5542 63.1038 52.8697 62.8577C53.8264 62.6606 53.6581 62.2877 53.1956 61.8022C52.5894 61.1865 51.8675 60.6763 51.2788 60.043C49.008 57.6118 47.8902 54.5931 47.0737 51.4407C46.9833 50.9759 46.9833 50.4981 47.0737 50.0333C47.0912 49.8814 47.1623 49.7407 47.2741 49.6368C47.3859 49.5329 47.5311 49.4726 47.6834 49.4669C47.9357 49.4669 48.0584 49.7167 48.0338 49.9806C47.9638 51.6975 48.7347 53.1998 49.2849 54.7444C49.9654 56.6522 51.1283 58.3497 52.6594 59.6701C53.5888 60.4889 54.3971 61.4367 55.0598 62.4847C56.8856 65.3416 57.8632 68.5644 58.9776 71.7837C59.3042 71.6527 59.5771 71.4146 59.752 71.1082C60.1024 70.5839 60.551 69.9823 60.9505 71.1082C61.0591 71.4178 61.2098 71.3404 61.385 71.1961C61.5602 71.0519 61.7354 70.7915 61.9667 71.0695C62.4363 71.65 62.8708 71.6852 63.3404 71.0695C63.403 70.9869 63.4955 70.9324 63.5978 70.918C63.7002 70.9035 63.8041 70.9301 63.887 70.9921C64.3286 71.3087 64.5879 70.9287 64.679 70.686C65.0645 69.7008 65.6462 68.7579 65.4044 67.6074C65.3195 67.2791 65.3582 66.9309 65.513 66.6293C66.2558 65.2296 66.8007 63.7328 67.132 62.1821C67.6716 59.7862 68.2043 57.3937 68.2043 54.9203C68.2043 53.5798 68.0886 52.2393 68.0536 50.9059C67.9764 49.114 67.7098 47.3355 67.2581 45.6002C66.6414 43.0635 66.1157 40.4459 64.5528 38.261C63.3684 36.6003 62.4993 34.6864 60.6982 33.4972C59.2719 32.5437 57.625 31.9385 56.2688 30.9499C53.9385 29.254 51.3068 28.7931 48.605 28.385C46.8109 28.1141 45.0237 27.7763 43.219 27.6215C41.6807 27.4878 40.1178 27.6215 38.5724 27.5476C37.3774 27.5019 36.3542 28.1247 35.2048 28.2795C34.3064 28.458 33.5032 28.9581 32.9446 29.6868C31.9809 30.8091 31.1925 32.0757 30.015 33.0222C29.7102 33.2685 29.4298 33.7258 29.0303 33.2649C28.6309 32.804 28.9322 32.3713 29.3597 32.0933C29.7581 31.8824 30.1144 31.5998 30.411 31.2595C31.3749 30.0238 32.4043 28.8411 33.4947 27.7165C35.7725 25.3381 38.3166 23.2482 40.7345 21.0317C40.8572 20.9191 41.0219 20.7995 40.9413 20.6165C40.8607 20.4336 40.6749 20.4652 40.4682 20.4512C39.1611 20.3632 37.8961 20.7115 36.6766 20.9965C34.8509 21.4222 32.9761 21.5559 31.1714 22.0802C30.9577 22.1449 30.7271 22.122 30.5301 22.0165C30.3331 21.9111 30.1857 21.7315 30.1202 21.5172C29.973 21.0211 30.4531 21.0176 30.779 20.8452C31.9704 20.2225 33.2319 19.7123 34.3638 19.0227C36.617 17.6435 38.9193 16.398 41.2742 15.1772C43.1139 14.2202 44.9887 13.2878 46.4044 11.6905C46.555 11.5216 46.916 11.3211 46.7793 11.1522C46.3027 10.5787 45.8051 9.74487 45.1884 9.62525C44.0343 9.37696 42.842 9.36738 41.6842 9.5971C37.7734 10.4063 33.7996 10.3008 29.8573 10.5928C27.8354 10.7441 25.7994 10.9446 23.7915 11.0396C22.6526 11.0959 21.6399 12.7143 20.4169 11.3915C20.4169 11.3915 20.3574 11.409 20.3223 11.4126C19.3937 11.5357 18.4651 11.6448 17.5434 11.789C16.6218 11.9333 15.914 12.1866 16.1628 13.3582C16.2259 13.6432 16.0506 13.8473 15.8649 14.1076C15.3288 14.85 14.6735 15.0435 13.8219 15.04C13.2823 15.04 12.634 14.7515 12.2065 15.2827C11.2514 16.3802 10.4454 17.6 9.80959 18.9101C8.86344 21.0774 8.01542 23.2869 7.16389 25.4929C5.80424 29.0113 5.82176 32.702 5.32416 36.3259C5.17051 37.797 5.2153 39.2823 5.45732 40.7414C5.76219 43.0037 5.90236 45.3153 6.71885 47.4509C8.07499 50.9692 9.38207 54.5509 11.9156 57.5098C12.8197 58.5442 13.4155 59.846 14.9188 60.24ZM65.534 44.5975C66.2349 44.7031 66.3365 45.3504 66.5853 45.8254C66.5678 46.1772 66.4031 46.42 66.1017 46.3813C65.4429 46.3004 65.117 45.8113 64.9909 45.2167C64.9617 45.1377 64.9543 45.0523 64.9694 44.9694C64.9846 44.8865 65.0218 44.8092 65.0771 44.7458C65.1323 44.6824 65.2037 44.6351 65.2835 44.609C65.3633 44.5829 65.4486 44.5789 65.5305 44.5975H65.534ZM63.5506 44.6784C63.7398 44.9001 63.9256 45.1182 63.8099 45.4419C63.7258 45.6812 63.7924 46.0611 63.477 46.1034C63.3501 46.1071 63.2254 46.0694 63.1217 45.9957C63.0181 45.9221 62.9411 45.8166 62.9023 45.6952C62.5694 44.8825 61.5847 44.4673 61.5182 43.5174C61.5847 43.2957 61.4376 43.0424 61.7319 42.9756C61.8287 42.9432 61.9339 42.9467 62.0284 42.9855C62.1228 43.0242 62.2004 43.0955 62.247 43.1867C62.5344 43.8164 63.1196 44.1753 63.5471 44.6784H63.5506ZM60.0008 36.727C60.0595 36.6248 60.1516 36.5462 60.2615 36.5045C60.3714 36.4628 60.4922 36.4606 60.6036 36.4983C61.5497 36.7024 62.9549 38.4439 62.9479 39.4361C62.9804 39.563 62.9661 39.6975 62.9074 39.8146C62.8488 39.9317 62.7499 40.0235 62.629 40.0729C62.3592 40.1679 62.1699 39.9111 62.0788 39.7211C61.602 38.7942 60.9286 37.9835 60.106 37.3462C60.0108 37.2777 59.9464 37.1742 59.9267 37.0583C59.907 36.9424 59.9337 36.8233 60.0008 36.727ZM57.3761 39.2285C56.7815 38.6778 56.2449 38.067 55.7747 37.406C55.5049 37.019 55.7992 36.727 56.1952 36.6813C56.7874 36.7164 58.1716 38.4158 58.1085 38.9541C58.0455 39.4924 57.5479 39.3868 57.3691 39.2285H57.3761ZM54.9232 32.0335C54.9582 31.7556 55.214 31.8189 55.3998 31.8154C55.9464 31.8154 58.1331 33.2755 58.2943 33.7716C58.3146 33.8557 58.3252 33.9419 58.3258 34.0284C58.3258 34.521 58.0945 34.6899 57.7161 34.4366C56.8365 33.856 56.0165 33.1875 55.0318 32.7724C54.7445 32.6633 54.8741 32.2868 54.9057 32.0511L54.9232 32.0335ZM53.8719 37.596C53.7107 38.1097 53.2482 37.969 53.0414 37.6981C52.5368 37.0366 51.913 36.4913 51.4014 35.8474C51.1631 35.5483 51.051 35.0628 51.9516 35.0417C52.4667 35.0206 54.0716 36.8959 53.8509 37.596H53.8719ZM48.4368 30.2357C48.5735 29.7325 49.0255 30.1583 49.2183 29.9788C50.1119 30.0246 50.7636 30.4749 51.4189 30.9041C51.5439 30.9936 51.6299 31.1277 51.6592 31.2789C51.6885 31.4301 51.659 31.5869 51.5766 31.7169C51.4259 32.0441 51.1596 32.0124 50.8197 31.9245C50.0523 31.731 49.6002 30.9147 48.7172 30.9112C48.6015 30.9147 48.3738 30.5066 48.4368 30.2357ZM45.0377 30.3623C45.311 30.2427 45.4828 30.1794 45.7386 30.4186C46.138 30.8091 46.5796 31.1539 47.0106 31.5128C47.1132 31.6013 47.1851 31.7202 47.2159 31.8524C47.2468 31.9845 47.235 32.1231 47.1823 32.2481C47.1122 32.4768 46.8564 32.5085 46.6847 32.5437C45.8332 32.2693 45.1043 31.9034 44.8204 31.0343C44.7574 30.8197 44.6838 30.5206 45.0517 30.3588L45.0377 30.3623ZM42.7775 33.177C42.7459 32.9131 42.9317 32.8639 43.1559 32.8252C43.5835 32.7829 45.7105 33.7083 45.8963 34.0601C45.9734 34.2211 46.0114 34.3981 46.0071 34.5767C46.0028 34.7553 45.9564 34.9304 45.8717 35.0874C44.9651 34.5677 44.0052 34.1478 43.0088 33.8349C42.6338 33.6942 42.83 33.3916 42.7915 33.1594L42.7775 33.177ZM38.9228 29.6587C39.9379 29.6567 40.9476 29.8061 41.9189 30.102C42.0133 30.1432 42.0887 30.2186 42.1302 30.3131C42.1718 30.4076 42.1764 30.5143 42.1432 30.6121C42.0696 30.9217 41.8454 31.0027 41.5475 31.0308C41.0394 31.0801 40.6084 30.6192 40.2965 30.781C39.7884 30.8267 39.4379 30.7599 39.2032 30.9006C38.7091 31.1962 38.5409 30.9006 38.3972 30.5488C38.3473 30.4545 38.3224 30.3489 38.3249 30.2422C38.3274 30.1355 38.3571 30.0312 38.4113 29.9394C38.4655 29.8475 38.5423 29.7712 38.6343 29.7177C38.7263 29.6642 38.8305 29.6354 38.9368 29.634L38.9228 29.6587ZM38.2745 34.8658C38.9672 34.8219 39.6514 35.0375 40.1949 35.4709C40.2389 35.4943 40.2774 35.5268 40.3079 35.5663C40.3384 35.6058 40.3602 35.6514 40.3718 35.7C40.3834 35.7486 40.3846 35.7991 40.3752 35.8482C40.3658 35.8972 40.3462 35.9438 40.3175 35.9846C40.1598 36.3189 39.8339 36.2837 39.2873 36.2626C38.8595 36.1377 38.4183 36.0657 37.9732 36.048C37.9136 36.0498 37.8543 36.0384 37.7996 36.0145C37.7449 35.9906 37.6963 35.9548 37.657 35.9097C37.6178 35.8646 37.589 35.8113 37.5728 35.7537C37.5566 35.6961 37.5533 35.6355 37.5632 35.5765C37.5741 35.391 37.6526 35.216 37.7838 35.0849C37.915 34.9538 38.0897 34.8758 38.2745 34.8658ZM33.7926 30.6438C34.4935 30.4432 35.2469 30.3412 35.8952 30.8584C36.3507 31.2278 36.0599 31.3756 35.6814 31.6219C34.9525 32.1004 34.101 31.1821 33.3791 32.118C33.302 31.3967 33.1163 30.8373 33.7821 30.6438H33.7926ZM30.7369 33.7786C31.3221 33.3635 32.0265 33.374 32.7168 33.4514C32.8745 33.4514 32.9025 33.6097 32.899 33.754C32.8934 33.889 32.8467 34.019 32.7653 34.1266C32.6838 34.2341 32.5715 34.3141 32.4435 34.3556C31.9459 34.4964 31.4167 34.4999 30.9612 34.813C30.821 34.908 30.6563 34.7321 30.5652 34.5914C30.4881 34.4605 30.4623 34.3055 30.4927 34.1566C30.5232 34.0077 30.6077 33.8754 30.7299 33.7857L30.7369 33.7786ZM24.0789 13.0204C24.3347 12.447 24.9689 12.9008 25.3264 12.7601C26.262 12.7601 27.0785 12.7601 27.7513 13.4638C27.9966 13.7206 28.1017 13.9211 28.0281 14.2132C27.9876 14.3423 27.8991 14.4509 27.781 14.5163C27.663 14.5818 27.5244 14.5993 27.3939 14.565C26.7364 14.5105 26.0747 14.5907 25.449 14.8007C24.8182 14.9837 24.5449 14.5755 24.212 14.2343C24.0758 14.0676 23.991 13.8646 23.968 13.6503C23.945 13.4359 23.9847 13.2195 24.0824 13.0275L24.0789 13.0204Z" fill="#A3A3A3"/>
<path id="Vector_4" d="M14.8037 14.4929C15.6539 18.4668 15.5763 21.2391 17.3403 25.0338C18.7762 28.1222 20.9882 32.198 24.4491 33.4664C28.6121 34.9913 30.3514 31.2036 32.7398 28.6071C35.1283 26.0105 37.9259 23.8989 40.3849 21.4639C41.0905 20.7612 41.6903 20.3677 41.8173 19.4506C40.4061 19.3206 39.0619 20.2131 37.619 20.3536C35.855 20.5258 34.1404 20.1217 32.5352 20.8385C35.1918 19.6193 37.7425 17.9257 40.2614 16.4219C41.9901 15.3889 47.275 13.2597 47.5114 10.9934C47.8642 7.56412 40.1344 9.16281 38.0918 9.34201C34.4121 9.66526 30.616 9.47201 26.8023 9.80932C23.5107 10.1009 15.848 9.27173 15.0436 13.3229L14.8037 14.4929Z" fill="white"/>
<path id="Vector_5" d="M48.5185 64.3784C47.9899 64.4364 47.5291 64.1873 47.0361 64.1293C45.9145 64.0064 44.7821 63.5047 43.6605 63.9211C43.0599 64.135 42.4153 64.2121 41.778 64.1463C41.2946 64.0913 40.8044 64.1487 40.3492 64.3135C40.1027 64.4125 39.7098 64.5183 39.8277 64.8084C40.3599 66.0984 40.3456 67.4498 40.4707 68.7943C40.4921 69.0264 40.4707 69.5485 40.8957 69.5758C41.1851 69.5963 41.328 69.2346 41.4851 68.9718C41.5559 68.822 41.6728 68.6964 41.8202 68.6116C41.9676 68.5269 42.1386 68.487 42.3103 68.4974C42.8354 68.535 42.5568 68.9479 42.6961 69.1561C42.8354 69.3643 42.8961 69.8386 43.3283 69.6543C43.9284 69.3404 44.0106 69.6543 44.1213 70.0638C44.1713 70.2413 44.2678 70.7293 44.5321 70.4802C45.1786 69.8761 45.8145 69.3745 46.7682 69.3506C46.879 69.3506 46.979 69.0435 47.0826 68.8831C47.8648 67.6818 48.0827 66.2349 48.9579 65.0643C49.1544 64.7879 49.1258 64.3101 48.5185 64.3784Z" fill="#A3A3A3"/>
<path id="Vector_6" d="M95.1387 59.9165C94.9273 60.1756 95.1595 60.7894 95.5546 60.981C97.0691 60.6546 98.6737 60.3707 100.223 59.9165C101.9 59.4446 103.266 57.5463 103.065 55.836C103.033 55.5735 103.023 55.3393 102.694 55.3996C100.892 55.7544 99.1485 54.9419 97.3429 55.1512C96.674 55.2293 96.3967 55.3393 96.473 56.0631C96.6185 57.5605 96.0467 58.8095 95.1387 59.9165Z" fill="#F9C2CF"/>
<path id="Vector_7" d="M103.976 59.0428C104.994 58.8052 109.816 56.0495 111.418 54.8544C110.573 54.6936 105.028 54.9568 104.261 55.3734C104.044 55.4904 103.857 55.4465 104 55.8376C104.339 56.7915 103.85 57.665 103.613 58.5275C103.568 58.692 103.249 58.7577 103.47 59.0209C103.643 59.2219 103.786 59.0867 103.976 59.0428Z" fill="#F9C2CF"/>
<path id="Vector_8" d="M71.2908 61.1561C73.1585 61.6549 75.0833 61.9071 77.0164 61.9065C81.3517 61.8224 85.6871 61.8224 90.0154 61.4717C91.3776 61.363 92.6383 61.4191 93.7344 60.1323C94.7463 59.0209 95.3255 57.5823 95.3663 56.0789C95.3873 55.4302 95.0861 54.8061 94.2702 54.8096C92.3722 54.8096 90.6247 53.9856 88.7372 53.8489C87.9423 53.7928 87.7742 54.0522 87.9598 54.5957C88.2785 55.5284 87.9598 56.3699 87.7006 57.1799C87.2315 58.6005 86.2484 59.7938 84.9446 60.525C84.8402 60.6088 84.7125 60.6582 84.5789 60.6663C84.4454 60.6745 84.3126 60.641 84.1987 60.5706C83.9851 60.3918 84.2268 60.2199 84.3773 60.1042C85.1152 59.6045 85.7331 58.9472 86.1866 58.1796C86.6402 57.412 86.9181 56.5532 87.0003 55.6652C87.1263 54.5747 86.7901 53.4421 86.0723 53.2107C84.6451 52.7558 83.1835 52.4169 81.7019 52.1974C81.3517 52.1413 80.97 52.1448 81.1206 52.6918C81.5443 54.2591 81.1416 55.6932 80.3642 57.0362C79.6638 58.2634 79.1595 59.6659 77.9129 60.4969C77.6257 60.6863 77.2125 61.1596 76.9148 60.6898C76.6627 60.3006 77.7097 59.9254 77.7798 59.8202C78.7638 58.344 79.7058 56.8328 80.2311 55.1217C80.6934 53.6069 79.9334 51.6714 78.7918 51.2226C77.5136 50.7212 76.2249 50.2303 74.9397 49.7183C74.7506 49.6412 74.5615 49.4869 74.3829 49.5991C74.0678 49.7955 74.6456 51.2962 74.6596 51.8748C74.7261 55.3391 73.8542 58.4562 71.2908 61.1561Z" fill="#F9C2CF"/>
<path id="Vector_9" d="M16.324 75.4403C17.1584 73.9975 18.5678 72.9189 19.0095 71.238C19.0691 71.0069 19.0656 70.7687 19.3601 70.7407C19.7547 72.4062 20.0416 74.0953 20.2191 75.7975C20.3488 76.8236 19.9211 78.1473 18.6975 78.3154C18.5122 78.337 18.3414 78.4261 18.2178 78.5657C18.0943 78.7053 18.0266 78.8855 18.0279 79.0719C18.0033 79.4571 18.0279 79.7723 18.4977 79.9438C18.7255 79.9923 18.928 80.1215 19.0679 80.3075C19.2077 80.4936 19.2754 80.7239 19.2584 80.9559C19.2584 81.8209 19.8755 82.1361 20.6363 81.8944C21.2218 81.7088 21.4181 81.8069 21.4637 82.4057C21.5163 83.1061 22.0702 83.4073 22.568 83.0606C24.4893 81.7228 26.5473 80.5742 27.3852 78.0598C27.862 76.631 28.2056 75.1637 28.7034 73.7489C29.6185 71.1574 29.8499 68.4679 29.92 65.7539C29.9551 64.3531 32.1498 64.6543 32.5319 64.5668C34.1937 64.1885 35.8696 64.4722 37.5349 64.3846C37.8855 64.3671 38.2361 64.3321 38.3763 64.7348C38.8005 66.0481 39.4667 67.2282 39.2598 68.7761C38.8496 71.8123 38.5586 74.7855 35.4839 76.4804C35.2631 76.603 34.8599 76.8306 35.0352 77.1808C35.1065 77.3696 35.2288 77.535 35.3884 77.6586C35.5481 77.7822 35.7389 77.8593 35.9397 77.8812C36.2061 77.8812 36.4761 77.8812 36.7461 77.8812C36.9424 77.8812 37.1668 77.8812 37.1808 78.1578C37.2369 79.338 37.917 79.1349 38.7024 78.9108C39.053 78.8092 39.5403 78.4835 39.7927 79.1979C40.0872 80.0349 40.8024 80.182 41.437 79.5761C43.9525 77.1334 45.9476 74.2078 47.3024 70.9753C48.0492 69.2629 48.5926 67.4489 49.6654 65.887C50.0651 65.3022 50.3666 64.6543 51.1449 64.4267C52.1173 64.1987 53.1172 64.1103 54.1145 64.164C54.2476 64.1494 54.3817 64.1801 54.495 64.2514C54.6083 64.3226 54.6942 64.4301 54.7385 64.5562C55.2153 65.7469 55.9656 66.794 56.3933 68.0197C57.0174 69.8057 57.1436 71.6897 57.6204 73.4932C57.9114 74.5964 57.5222 75.2862 56.7194 75.8606C56.1058 76.3018 55.4187 76.638 54.7981 77.0722C54.3529 77.3839 54.125 77.7726 54.6298 78.2804C55.331 78.9808 56.5266 79.3065 56.2706 80.6758C56.2857 80.7497 56.3174 80.8192 56.3633 80.8791C56.4093 80.939 56.4683 80.9877 56.5358 81.0214C56.6034 81.0552 56.6778 81.0731 56.7533 81.0739C56.8288 81.0747 56.9036 81.0583 56.9718 81.0259C57.2313 80.9069 57.5748 80.9804 57.8448 80.8719C58.4198 80.6407 58.8265 80.5532 59.0368 81.3551C59.135 81.7333 59.5452 81.9014 60.0886 81.7999C61.491 81.5267 62.108 80.6442 62.5428 79.3485C63.2825 77.1493 63.7137 74.852 64.6708 72.7123C65.2143 71.4936 66.0136 70.3695 66.1924 68.9897C66.3116 68.0792 67.8262 63.5617 68.0786 62.0944C68.1838 61.485 68.4748 61.5025 68.913 61.7442C69.4626 62.0944 70.0706 62.3435 70.7081 62.4796C72.9308 62.7317 75.1115 63.3656 77.3694 63.2675C80.0865 63.1485 82.8071 63.0819 85.5242 62.9489C87.8767 62.8333 90.2361 62.8928 92.5676 62.3955C93.1987 62.2625 94.4924 61.6951 94.1348 63.4006C94.1032 63.5547 94.282 63.7508 94.3837 63.9294C94.6431 64.3847 95.0428 64.066 95.3653 64.0625C95.6879 64.059 95.8492 63.7963 95.9158 63.4741C95.9964 63.0784 95.7229 62.9734 95.46 62.8158C95.1971 62.6582 94.8079 62.6757 94.7203 62.2274C96.3961 61.9263 98.0579 61.7127 99.6776 61.3169C101.431 60.8932 103.184 60.4765 104.814 59.7446C107.11 58.694 109.372 57.6084 111.643 56.4737C112.87 55.8539 113.835 54.9819 114.883 54.1729C115.065 54.0265 115.211 53.8409 115.311 53.6301C115.451 53.3535 115.51 53.1749 115.255 52.9297C115.174 52.8243 115.056 52.7526 114.925 52.7286C114.795 52.7047 114.659 52.7302 114.546 52.8002C111.927 53.7982 109.154 54.0574 106.402 54.222C104.26 54.348 102.093 54.3235 99.9336 54.313C96.908 54.313 93.9735 53.6897 91.0635 53.1364C89.1353 52.7862 87.207 52.408 85.2998 51.8792C83.07 51.2558 80.7596 50.9266 78.5999 50.0336C76.3211 49.1144 74.1391 47.9718 72.0859 46.6227C71.1198 45.955 70.2152 45.2026 69.3828 44.3745C68.331 43.3484 66.3853 39.4262 66.0066 38.8099C65.5578 38.0815 65.1477 37.325 64.6463 36.6316C63.5945 35.1958 62.7286 33.627 61.2035 32.5834C59.9694 31.7429 53.4483 28.1604 51.201 27.8137C49.0975 27.4845 46.9939 27.0083 44.8623 26.7911C42.1733 26.518 39.5087 26.2448 36.7987 26.6406C36.6023 26.6686 36.2903 26.1818 36.5006 26.0067C37.6716 25.0332 38.8847 24.1086 40.0066 23.0826C40.9979 22.26 41.8783 21.3124 42.6255 20.2635C43.0918 19.5421 42.8885 19.1779 42.0365 19.1814C40.845 19.1992 39.658 19.3318 38.492 19.5771L34.4567 20.3756C34.6039 20.1269 34.639 19.9763 34.7337 19.9203C36.1991 19.0378 37.6155 18.0538 39.1546 17.3324C40.6341 16.632 42.0015 15.7355 43.516 15.1086C45.8966 14.1246 47.4111 12.0619 49.2517 10.409C49.4662 10.2171 49.6153 9.96309 49.6782 9.68242C49.741 9.40176 49.7145 9.10849 49.6023 8.84362C49.413 8.36735 45.0972 8.68603 43.6212 8.6405C41.625 8.64015 39.6319 8.79941 37.6611 9.11677C36.3253 9.29187 34.9896 9.19731 33.6643 9.32339C31.0103 9.57202 28.3493 9.67358 25.6883 9.7016C25.222 9.7016 24.903 9.7016 25.1484 9.04323C25.3592 8.52346 25.4406 7.96037 25.3856 7.40228C25.3307 6.84418 25.141 6.30773 24.8329 5.83894C24.1527 4.77084 22.2911 3.7903 21.1587 5.17707C20.6436 5.77435 20.2679 6.4785 20.0588 7.23859C19.8496 7.99868 19.8121 8.79571 19.9491 9.57202C20.0508 10.2234 19.9 10.5316 19.2059 10.5141C18.2803 10.4895 15.5246 10.8012 15.3844 10.3284C15.0759 9.27786 14.4167 8.4584 13.7892 7.62143C12.4184 5.78641 10.9844 5.82843 9.70827 7.64595C8.2498 9.72611 8.958 12.2825 10.2973 13.6203C11.3491 14.6709 11.3315 14.6709 10.2166 15.7985C10.1363 15.9063 10.0703 16.024 10.0203 16.1487C9.19889 17.5235 8.47602 18.9547 7.85714 20.4316C6.93858 22.7849 5.96744 25.1137 5.26975 27.5441C4.48793 30.2581 4.36522 33.0807 4.10578 35.8612C3.75519 39.5488 4.31965 43.2153 5.15756 46.8188C5.58529 48.6994 6.44775 50.3803 7.21906 52.1103C7.81857 53.4515 8.28837 54.8488 8.89139 56.1866C10.6276 59.9253 10.921 64.1727 9.71528 68.1142C8.62494 71.7948 7.44694 75.4683 4.83502 78.452C4.69548 78.601 4.62051 78.7991 4.62642 79.0031C4.63232 79.207 4.71864 79.4004 4.86657 79.5411C5.1751 79.8388 5.51166 79.7022 5.84823 79.4501C6.29744 79.0465 6.8609 78.792 7.46097 78.7217C7.46097 78.9353 7.46097 79.1349 7.50654 79.3275C7.67132 80.266 8.04646 80.4796 8.90892 80.0909C9.46987 79.8353 9.45935 80.168 9.547 80.5742C9.74684 81.4882 10.4936 81.7649 11.1212 81.1625C12.9898 79.373 15.0022 77.7271 16.324 75.4403ZM48.81 65.078C47.951 66.2757 47.7372 67.764 46.9694 68.9967C46.8677 69.1648 46.7695 69.473 46.6609 69.4765C45.7248 69.5045 45.0972 70.0158 44.4661 70.6356C44.2067 70.8913 44.1155 70.3905 44.063 70.2084C43.9578 69.8057 43.8736 69.4695 43.2846 69.7882C42.8604 69.9773 42.8183 69.529 42.6641 69.2769C42.5098 69.0247 42.8008 68.6395 42.2854 68.601C42.1169 68.5903 41.9491 68.6312 41.8045 68.7182C41.6598 68.8051 41.5451 68.9341 41.4756 69.0878C41.3213 69.3574 41.1776 69.7251 40.8971 69.7076C40.4869 69.6796 40.5009 69.1438 40.4799 68.9057C40.3572 67.5294 40.3712 66.1391 39.8488 64.8154C39.7331 64.5212 40.1188 64.4127 40.3607 64.3076C40.8075 64.1384 41.2886 64.0795 41.7631 64.136C42.3885 64.2035 43.0212 64.1244 43.6107 63.9049C44.7116 63.4776 45.8229 63.9924 46.9238 64.1185C47.4111 64.1745 47.8634 64.4337 48.3788 64.3741C48.9853 64.3041 49.0133 64.7944 48.81 65.078ZM103.454 58.4979C103.699 57.6539 104.204 56.8379 103.853 55.9204C103.709 55.5492 103.902 55.5912 104.123 55.4757C104.916 55.0765 110.641 54.8243 111.514 54.9784C109.859 56.12 104.877 58.764 103.829 58.9916C103.632 59.0337 103.478 59.1667 103.306 58.9706C103.078 58.7185 103.408 58.6554 103.454 58.4979ZM97.3672 55.2515C99.1938 55.0449 100.961 55.8364 102.78 55.4967C103.113 55.4336 103.131 55.6648 103.156 55.9274C103.359 57.6154 101.981 59.4889 100.281 59.9547C98.6995 60.3889 97.0938 60.6551 95.5582 61.0053C95.1585 60.8232 94.9236 60.2173 95.1375 59.9547C96.056 58.8586 96.6345 57.6294 96.4802 56.1621C96.4031 55.4477 96.666 55.3356 97.3672 55.2515ZM74.4524 49.6764C74.6312 49.5644 74.803 49.7185 75.0099 49.7955C76.286 50.3103 77.5727 50.7971 78.8664 51.2978C80.0128 51.7461 80.7701 53.6827 80.3073 55.192C79.7849 56.901 78.8454 58.4103 77.8532 59.8846C77.7831 59.9862 76.7348 60.3609 76.9872 60.7531C77.2957 61.2224 77.6884 60.7531 77.9864 60.5605C79.245 59.7306 79.7394 58.3298 80.4406 57.1041C81.2189 55.7628 81.6221 54.334 81.1978 52.7652C81.0471 52.2188 81.4468 52.2118 81.7798 52.2714C83.2611 52.4945 84.722 52.8364 86.1482 53.294C86.8494 53.5391 87.2 54.6702 87.0773 55.7453C86.995 56.6323 86.7168 57.49 86.2627 58.2566C85.8087 59.0232 85.19 59.6797 84.4514 60.1788C84.3006 60.2839 84.0587 60.4695 84.2725 60.6446C84.3865 60.7149 84.5194 60.7483 84.6532 60.7402C84.7869 60.732 84.9148 60.6827 85.0193 60.599C86.3245 59.8688 87.3089 58.677 87.7785 57.2582C88.0519 56.4492 88.357 55.6052 88.0379 54.6772C87.8521 54.1309 88.0204 53.8753 88.8162 53.9313C90.7024 54.0679 92.4519 54.9014 94.3556 54.8908C95.169 54.8908 95.474 55.5107 95.453 56.1586C95.4121 57.66 94.8323 59.0968 93.8192 60.2068C92.7184 61.492 91.4597 61.4325 90.0959 61.5446C85.7626 61.8948 81.4222 61.8948 77.0819 61.9788C75.1466 61.9794 73.2196 61.7275 71.3497 61.2294C73.916 58.5329 74.789 55.4196 74.7189 51.9527C74.7084 51.3819 74.1299 49.883 74.4454 49.6869L74.4524 49.6764ZM69.9999 46.5247C70.8308 47.1165 71.6547 47.7153 72.5242 48.2441C72.6698 48.3211 72.7858 48.4443 72.8537 48.5943C73.5549 50.9161 74.0072 53.2519 73.4988 55.6998C73.2253 57.0165 72.447 58.0881 71.9632 59.2998C70.354 62.4165 68.601 60.0492 68.6641 59.5555C68.8984 57.915 69.0447 56.2632 69.1024 54.6072C69.1339 53.2905 69.0813 51.9842 68.9832 50.6675C68.8288 48.8631 68.5488 47.0716 68.1452 45.306C69.1094 45.4076 69.4424 46.1465 69.9929 46.5317L69.9999 46.5247ZM6.54241 47.4352C5.72202 45.3165 5.58529 43.0122 5.28027 40.757C5.04344 39.3063 5.00334 37.8304 5.16107 36.369C5.65891 32.762 5.64138 29.0919 7.00169 25.5865C7.85363 23.3907 8.70207 21.1915 9.64867 19.0343C10.2848 17.7302 11.0912 16.5162 12.0467 15.4238C12.4745 14.8915 13.1231 15.1787 13.663 15.1822C14.5114 15.1822 15.1705 14.9931 15.7069 14.2541C15.8963 13.995 16.0575 13.7884 16.0049 13.5082C15.7525 12.3421 16.5098 12.0829 17.3863 11.9464C18.2628 11.8098 19.2374 11.6942 20.1665 11.5716C20.198 11.5716 20.2471 11.5366 20.2611 11.5506C21.4812 12.8639 22.4944 11.253 23.6374 11.2004C25.6463 11.1024 27.6832 10.9063 29.7061 10.7557C33.6538 10.4615 37.626 10.5701 41.5387 9.76463C42.6971 9.53598 43.89 9.54551 45.0446 9.79265C45.6617 9.92572 46.1595 10.7417 46.6363 11.3125C46.7766 11.4771 46.4119 11.6627 46.2612 11.8483C44.8588 13.4347 42.9691 14.3662 41.1285 15.3187C38.7865 16.5304 36.4691 17.7701 34.2148 19.1464C33.0824 19.8468 31.8202 20.3405 30.6282 20.9604C30.3021 21.1285 29.8218 21.1355 29.9691 21.6293C30.0346 21.8426 30.1821 22.0213 30.3792 22.1263C30.5763 22.2313 30.807 22.254 31.0209 22.1896C32.8264 21.6678 34.7021 21.5347 36.5287 21.111C37.7488 20.8273 39.0144 20.4841 40.3221 20.5682C40.5325 20.5682 40.7078 20.5331 40.7954 20.7328C40.8831 20.9324 40.7113 21.0304 40.5886 21.146C38.1695 23.3662 35.6242 25.4464 33.3453 27.7997C32.2543 28.9191 31.2244 30.0963 30.2601 31.3262C29.9633 31.6649 29.6068 31.9462 29.2083 32.1561C28.7841 32.4328 28.4756 32.8565 28.8787 33.3223C29.2819 33.7881 29.5589 33.3223 29.8639 33.0807C31.0279 32.1386 31.8307 30.8779 32.7949 29.7608C33.3537 29.0355 34.1574 28.5377 35.0562 28.36C36.2062 28.2059 37.2334 27.5826 38.4254 27.6316C39.975 27.6912 41.5352 27.5721 43.0743 27.7052C44.8798 27.8592 46.6679 28.1989 48.4629 28.4651C51.1625 28.8713 53.7954 29.3301 56.1304 31.018C57.4872 32.0021 59.135 32.6044 60.5619 33.5534C62.3464 34.7371 63.2159 36.6457 64.4184 38.2951C65.9821 40.4698 66.522 43.0752 67.125 45.6002C67.5769 47.3273 67.8437 49.0976 67.9209 50.8811C67.9594 52.2083 68.0716 53.5426 68.0716 54.8768C68.0716 57.3282 67.5352 59.72 66.9988 62.1049C66.6674 63.6484 66.1222 65.1382 65.3791 66.5313C65.2242 66.8315 65.1855 67.1781 65.2704 67.5049C65.5158 68.65 64.9198 69.6061 64.5446 70.5691C64.45 70.8107 64.194 71.1889 63.7523 70.8738C63.6693 70.8121 63.5654 70.7856 63.463 70.8C63.3606 70.8144 63.268 70.8686 63.2054 70.9508C62.7356 71.5567 62.3043 71.5181 61.831 70.9508C61.6067 70.6742 61.4244 70.9333 61.2491 71.0769C61.0738 71.2205 60.923 71.2975 60.8143 70.9893C60.4146 69.8792 59.9799 70.4781 59.6153 70.9893C59.4331 71.3063 59.1452 71.5493 58.8019 71.6757C57.6765 68.4714 56.6984 65.2636 54.8823 62.4201C54.2192 61.3769 53.4105 60.4335 52.4807 59.6185C50.9488 58.3042 49.7853 56.6147 49.1045 54.7157C48.5541 53.1784 47.7828 51.6831 47.8529 49.9741C47.8529 49.7114 47.7442 49.4663 47.5023 49.4628C47.3499 49.4685 47.2047 49.5285 47.0928 49.6319C46.9809 49.7353 46.9097 49.8754 46.8922 50.0266C46.8019 50.4892 46.8019 50.9648 46.8922 51.4274C47.7126 54.5792 48.8345 57.5663 51.0994 59.9897C51.6884 60.62 52.4106 61.1243 53.0171 61.7407C53.4799 62.2099 53.6482 62.5811 52.6911 62.7913C51.375 63.0363 50.0282 63.0705 48.7013 62.8928C46.6796 62.6739 44.6402 62.6739 42.6185 62.8928C41.6263 62.9909 40.6166 62.7107 39.5754 62.9243C37.7102 63.306 35.81 63.0924 33.9238 63.0329C33.2752 63.0119 32.7177 63.4987 32.0166 63.3831C31.5952 63.3263 31.179 63.2361 30.7719 63.1134C30.6624 63.0929 30.5581 63.0509 30.4649 62.9898C30.3717 62.9288 30.2915 62.85 30.2289 62.7578C30.1663 62.6657 30.1226 62.5622 30.1003 62.4531C30.078 62.344 30.0775 62.2316 30.0988 62.1224C30.1409 60.9737 30.2566 59.7901 29.3976 58.8095C28.9138 59.0021 28.8332 59.4084 28.8963 59.8601C29.0731 61.5428 29.0861 63.2387 28.9348 64.924C28.8191 66.9446 28.6684 68.9582 28.444 70.9438C28.0934 71.0804 28.0934 70.7932 28.0023 70.6427C27.6517 69.9948 27.2555 70.0998 26.8453 70.5551C26.67 70.7512 26.5823 71.0384 26.3825 71.189C26.0635 71.4306 25.6813 71.9559 25.4254 71.0489C25.2256 70.366 24.7803 70.2189 24.2229 70.8668C23.7881 71.3781 23.2938 71.9944 22.7363 70.8668C22.4979 70.387 22.0772 70.5376 21.8213 71.0068C21.667 71.294 21.4987 71.6862 21.1201 71.5497C20.8256 71.4481 20.7029 71.1189 20.6012 70.7617C19.9666 68.5065 19.7247 66.0936 18.1997 64.1675C17.1829 62.8823 16.1206 61.6356 15.0724 60.3784C14.9776 60.2804 14.8554 60.2132 14.7218 60.1858C13.2212 59.8076 12.6182 58.4979 11.7172 57.4438C9.20692 54.5091 7.89921 50.9581 6.54241 47.4422V47.4352ZM13.4912 68.8707C13.1581 67.7816 12.9092 67.764 11.9801 68.4959C11.7663 68.664 11.5489 68.9267 11.2789 68.7516C11.009 68.5765 11.3455 68.2473 11.3 68.0512C10.8968 66.1811 11.8995 64.3601 11.3946 62.4481C11.1212 61.4185 11.4858 60.2804 11.2579 59.1737C11.8153 60.1858 15.1355 62.3465 15.3914 62.6512C16.4888 63.9679 17.6948 65.1971 18.3644 66.829C18.7816 67.8516 18.5818 69.487 17.8175 70.2749C17.7088 70.387 17.6107 70.5691 17.4178 70.4816C17.3432 70.4427 17.2823 70.382 17.2434 70.3074C17.2045 70.2329 17.1895 70.1482 17.2005 70.0648C17.2133 69.8631 17.2133 69.6607 17.2005 69.459C17.1268 68.6746 16.643 68.4399 16.0084 68.8812C15.7357 69.1195 15.441 69.3318 15.1285 69.515C14.3957 69.8582 13.8032 69.8967 13.4912 68.8742V68.8707Z" fill="black"/>
<path id="Vector_10" d="M45.6382 6.03667C45.9156 5.64736 46.2596 5.45092 46.4527 5.00447C47.0564 3.6151 47.6251 2.18288 48.7976 1.1471C49.0644 0.911377 49.1802 0.65422 48.9205 0.361346C48.6607 0.0684724 48.408 0.143475 48.1412 0.39349C46.7546 1.70428 46.056 3.4651 45.1468 5.08662C44.8414 5.59736 45.3609 5.67594 45.6382 6.03667Z" fill="black"/>
<path id="Vector_11" d="M47.6772 5.5516C48.0347 5.96375 48.4102 5.5516 48.6462 5.35852C49.4317 4.70143 50.2772 4.12565 51.1706 3.63938C51.3422 3.54655 51.5818 3.51685 51.5282 3.07129C51.2636 2.48462 50.7308 2.57374 50.2481 2.89306C49.4901 3.40666 48.7573 3.95936 48.0526 4.54908C47.7487 4.783 47.2767 5.07262 47.6772 5.5516Z" fill="black"/>
<path id="Vector_12" d="M89.4471 63.4535C88.8523 63.5594 87.9935 63.5879 87.96 64.5404C87.934 65.3098 88.5363 65.3546 89.0531 65.2732C89.7185 65.3179 90.4175 65.322 90.4286 64.4264C90.4265 64.2906 90.3989 64.1567 90.3476 64.0329C90.2964 63.9092 90.2224 63.7983 90.1304 63.7071C90.0384 63.6159 89.9303 63.5464 89.8128 63.5028C89.6953 63.4591 89.5708 63.4424 89.4471 63.4535Z" fill="black"/>
<path id="Vector_13" d="M50.6816 5.30003C50.8456 5.51959 51.0234 5.38523 51.184 5.30003C51.7913 4.9859 52.4193 4.71004 53.064 4.4742C53.3237 4.39555 53.8262 4.30051 53.6656 3.90071C53.5767 3.67786 53.1597 3.53695 52.7974 3.57299C52.0217 3.7809 51.3281 4.20524 50.8046 4.79208C50.6679 4.95921 50.5175 5.08702 50.6816 5.30003Z" fill="black"/>
<path id="Vector_14" d="M95.0626 50.176C95.3017 49.8479 95.5897 49.5694 95.9136 49.3532C96.1016 49.2601 96.3622 49.1075 96.2765 48.724C96.1907 48.3405 95.9103 48.3107 95.6168 48.3293C95.3058 48.3289 95.0021 48.4355 94.7462 48.6351C94.4904 48.8347 94.2947 49.1177 94.1852 49.4463C94.1257 49.6109 94.1163 49.7932 94.1588 49.9644C94.2012 50.1356 94.2929 50.286 94.4194 50.3919C94.6404 50.6302 94.8713 50.3621 95.0626 50.176Z" fill="black"/>
<path id="Vector_15" d="M100.228 52.3264C100.871 52.3264 101.232 52.0553 101.232 51.3834C101.232 50.9329 101.011 50.7764 100.616 50.7955C100.031 50.8184 99.4386 50.9787 99.3817 51.685C99.3483 52.1355 99.8435 52.3951 100.228 52.3264Z" fill="black"/>
<path id="Vector_16" d="M102.769 62.9901C102.645 62.4087 101.932 62.4009 101.4 62.2148C101.3 62.7265 100.551 62.0055 100.619 62.5521C100.687 63.0987 100.972 63.7809 101.82 63.7576C102.349 63.746 102.837 63.2382 102.769 62.9901Z" fill="black"/>
<path id="Vector_17" d="M88.6248 50.1771C88.8475 50.1787 89.0624 50.0765 89.2255 49.8914C89.3887 49.7062 89.4877 49.4521 89.5026 49.1808C89.4022 49.0068 89.3989 48.4849 89.1074 48.6747C88.7252 48.9238 88.0644 48.5759 87.9608 49.3073C87.9546 49.4185 87.9671 49.5301 87.9977 49.6351C88.0282 49.7401 88.0761 49.8364 88.1383 49.9179C88.2006 49.9995 88.2758 50.0645 88.3595 50.1091C88.4432 50.1537 88.5335 50.1769 88.6248 50.1771Z" fill="black"/>
<path id="Vector_18" d="M84.2942 48.311C84.3804 48.3796 84.6556 48.181 84.5329 47.9173C84.3075 47.437 84.4865 46.7291 83.9925 46.4727C83.389 46.5232 83.3293 46.8338 83.3293 47.2708C83.3194 47.986 83.9262 48.0293 84.2942 48.311Z" fill="black"/>
<path id="Vector_19" d="M108.289 62.4592C108.043 61.8594 107.479 61.8791 106.788 61.9286C107.125 62.4625 106.987 63.191 107.819 63.1382C107.905 63.135 107.99 63.1126 108.065 63.0731C108.14 63.0335 108.203 62.9779 108.249 62.9112C108.295 62.8444 108.323 62.7684 108.33 62.6897C108.337 62.6109 108.323 62.5319 108.289 62.4592Z" fill="black"/>
<path id="Vector_20" d="M105.921 51.72C106.446 51.72 106.843 51.6916 106.782 51.2885C106.736 50.9735 106.457 50.7908 105.993 50.794C105.528 50.7971 105.225 51.0082 105.246 51.3074C105.275 51.657 105.725 51.7137 105.921 51.72Z" fill="black"/>
<path id="Vector_21" d="M84.1111 65.9187C84.4851 65.9019 84.4884 65.4934 84.5638 65.2436C84.5638 64.9296 84.5442 64.6291 84.2062 64.6933C83.9471 64.7406 83.619 64.852 83.6387 65.2233C83.6583 65.5406 83.7338 65.9356 84.1111 65.9187Z" fill="black"/>
<path id="Vector_22" d="M25.3308 14.9372C25.9903 14.7241 26.6877 14.6427 27.3808 14.698C27.5183 14.7328 27.6644 14.7151 27.7889 14.6486C27.9133 14.5822 28.0065 14.472 28.0493 14.341C28.1343 14.0446 28.0161 13.8411 27.7575 13.5805C27.0483 12.8665 26.1877 12.8665 25.2015 12.8665C24.8322 13.0093 24.1562 12.5487 23.8866 13.1307C23.7799 13.3287 23.7367 13.553 23.7623 13.7749C23.788 13.9968 23.8814 14.2063 24.0307 14.3767C24.3779 14.7194 24.666 15.1336 25.3308 14.9372Z" fill="black"/>
<path id="Vector_23" d="M62.059 39.6434C62.1513 39.815 62.3395 40.0592 62.6164 39.9734C62.7388 39.927 62.8391 39.8409 62.8985 39.7311C62.9579 39.6212 62.9724 39.4951 62.9395 39.3761C62.9395 38.4456 61.5193 36.8089 60.5643 36.6208C60.4515 36.5855 60.3291 36.5875 60.2177 36.6266C60.1064 36.6657 60.0131 36.7395 59.9536 36.8353C59.919 36.8805 59.8944 36.9316 59.8812 36.9857C59.868 37.0397 59.8664 37.0957 59.8767 37.1503C59.8869 37.205 59.9087 37.2572 59.9408 37.3039C59.9729 37.3507 60.0147 37.391 60.0637 37.4227C60.8951 38.0188 61.5761 38.7768 62.059 39.6434Z" fill="black"/>
<path id="Vector_24" d="M54.8016 32.6308C55.859 33.0512 56.7328 33.7282 57.674 34.316C58.0828 34.5726 58.319 34.4015 58.3265 33.9027C58.3259 33.8151 58.3146 33.7278 58.2928 33.6427C58.1203 33.1403 55.7803 31.6475 55.1953 31.6617C54.9966 31.6617 54.7228 31.6012 54.6853 31.8826C54.6478 32.1641 54.5166 32.5204 54.8016 32.6308Z" fill="black"/>
<path id="Vector_25" d="M39.0998 30.8893C39.3237 30.7354 39.6663 30.8064 40.1581 30.7551C40.4634 30.5735 40.8772 31.0906 41.3691 31.0353C41.6574 31.0037 41.8744 30.913 41.9457 30.5657C41.9778 30.456 41.9733 30.3362 41.9331 30.2302C41.8929 30.1242 41.8199 30.0397 41.7286 29.9934C40.7884 29.6615 39.811 29.4939 38.8285 29.4961C38.7298 29.5028 38.6341 29.5376 38.5499 29.5976C38.4656 29.6576 38.3953 29.7409 38.3453 29.84C38.2953 29.9392 38.2672 30.0512 38.2633 30.1661C38.2594 30.2809 38.2799 30.3951 38.3231 30.4986C38.4588 30.8972 38.6216 31.2208 39.0998 30.8893Z" fill="black"/>
<path id="Vector_26" d="M48.7323 30.9745C49.5607 30.9745 49.9931 31.7285 50.7283 31.9106C51.061 31.9918 51.3038 32.0211 51.4468 31.7188C51.525 31.5987 51.5531 31.4539 51.5252 31.3143C51.4974 31.1746 51.4157 31.0507 51.2971 30.968C50.6751 30.5715 50.0563 30.1555 49.208 30.1133C49.0217 30.279 48.5959 29.8858 48.4662 30.3505C48.3864 30.5975 48.6026 30.9745 48.7323 30.9745Z" fill="black"/>
<path id="Vector_27" d="M51.3845 35.8214C51.8593 36.4389 52.4349 36.962 52.9065 37.5964C53.0984 37.8562 53.5276 37.9912 53.6772 37.4985C53.8821 36.8236 52.3927 35.0284 51.8951 35.052C51.0561 35.0689 51.1634 35.5345 51.3845 35.8214Z" fill="black"/>
<path id="Vector_28" d="M42.8457 33.8569C43.8871 34.1555 44.8903 34.5563 45.8378 35.0523C45.9264 34.9024 45.9748 34.7353 45.9793 34.5649C45.9838 34.3944 45.944 34.2254 45.8634 34.0718C45.673 33.736 43.45 32.8495 42.9995 32.8932C42.7651 32.9167 42.571 32.9603 42.604 33.229C42.6369 33.4976 42.4392 33.7259 42.8457 33.8569Z" fill="black"/>
<path id="Vector_29" d="M62.09 43.0197C62.0467 42.9215 61.9747 42.8446 61.887 42.8029C61.7993 42.7611 61.7017 42.7573 61.6118 42.7922C61.3385 42.8642 61.4719 43.1373 61.4133 43.3762C61.4751 44.4002 62.3893 44.8477 62.6983 45.7238C62.7342 45.8546 62.8057 45.9683 62.902 46.0477C62.9982 46.1271 63.114 46.1678 63.2318 46.1637C63.5213 46.1182 63.4595 45.7086 63.5409 45.4507C63.6482 45.1018 63.4758 44.8667 63.3001 44.6277C62.9032 44.0854 62.36 43.6986 62.09 43.0197Z" fill="black"/>
<path id="Vector_30" d="M46.667 32.5827C46.8385 32.5447 47.094 32.5106 47.164 32.2639C47.2166 32.129 47.2284 31.9795 47.1976 31.8369C47.1667 31.6943 47.0949 31.5661 46.9925 31.4706C46.562 31.0911 46.1175 30.7115 45.722 30.2902C45.477 30.0322 45.309 30.0967 45.0221 30.2295C44.6721 30.4041 44.7281 30.7229 44.7946 30.9506C45.0921 31.8919 45.8235 32.2866 46.667 32.5827Z" fill="black"/>
<path id="Vector_31" d="M56.0832 36.5957C55.6833 36.643 55.3753 36.9593 55.6585 37.3448C56.1334 38.0279 56.6754 38.6591 57.2759 39.2283C57.4423 39.3919 57.9484 39.541 58.0156 38.9447C58.0829 38.3483 56.6813 36.6321 56.0832 36.5957Z" fill="black"/>
<path id="Vector_32" d="M37.7278 36.0379C38.169 36.0574 38.6064 36.1364 39.0303 36.2733C39.5721 36.2964 39.8952 36.3312 40.0515 35.9685C40.0799 35.9237 40.0994 35.8727 40.1087 35.8188C40.1179 35.765 40.1168 35.7096 40.1053 35.6563C40.0938 35.603 40.0722 35.553 40.0419 35.5097C40.0117 35.4664 39.9735 35.4308 39.9299 35.4051C39.393 34.9353 38.7191 34.7018 38.037 34.7492C37.8567 34.7627 37.687 34.8484 37.5593 34.9903C37.4316 35.1322 37.3545 35.3207 37.3423 35.5209C37.3328 35.5837 37.3356 35.6481 37.3505 35.7096C37.3654 35.7711 37.392 35.8283 37.4286 35.8774C37.4652 35.9264 37.5109 35.9661 37.5625 35.9939C37.6141 36.0216 37.6705 36.0366 37.7278 36.0379Z" fill="black"/>
<path id="Vector_33" d="M35.6181 31.497C36.0285 31.2645 36.344 31.125 35.8499 30.7763C35.1621 30.2915 34.3564 30.3878 33.5698 30.5738C32.7831 30.7597 33.0453 31.2811 33.1062 31.9652C33.8928 31.0819 34.8277 31.9486 35.6181 31.497Z" fill="black"/>
<path id="Vector_34" d="M30.7276 34.7191C31.1928 34.4488 31.7332 34.4457 32.2414 34.3243C32.3721 34.2884 32.4868 34.2194 32.57 34.1265C32.6531 34.0337 32.7008 33.9214 32.7066 33.8049C32.7066 33.6804 32.6815 33.5589 32.5205 33.5437C31.8048 33.4799 31.0891 33.4678 30.4986 33.8262C30.3717 33.9029 30.2833 34.0172 30.2509 34.1465C30.2184 34.2758 30.2442 34.4108 30.3233 34.5247C30.4163 34.6492 30.5809 34.8041 30.7276 34.7191Z" fill="black"/>
<path id="Vector_35" d="M65.8953 46.4689C66.18 46.5087 66.3355 46.2629 66.3521 45.8978C66.127 45.4135 66.0211 44.7448 65.3591 44.6364C65.2813 44.6144 65.1994 44.6161 65.1223 44.6414C65.0453 44.6667 64.9761 44.7145 64.9222 44.7797C64.8683 44.8449 64.8318 44.9249 64.8166 45.0112C64.8014 45.0974 64.8082 45.1866 64.8362 45.2689C64.9653 45.8834 65.2731 46.3894 65.8953 46.4689Z" fill="black"/>
<path id="Polygon 1" d="M53 18.1719L56 11.6719V10.6719H68V11.6719L53 18.1719Z" fill="white"/>
<path id="Polygon 2" d="M56 11.6719L53 18.1719L68 11.6719" stroke="#BFBFBF" stroke-linecap="round"/>
</g>
</svg>

===== END FILE: label_studio/core/static_build/images/heidi-tip.2e3228516929.svg =====


===== FILE: label_studio/core/static_build/images/heidi-500.9ff33916bb13.svg =====
<svg width="812" height="338" viewBox="0 0 812 338" fill="none" xmlns="http://www.w3.org/2000/svg">
<path d="M190.896 328.555C170.123 328.555 152.136 324.882 136.936 317.535C121.99 310.189 110.463 299.802 102.356 286.375C94.2495 272.949 90.1962 257.369 90.1962 239.635V235.835H139.596V239.255C139.596 251.922 143.776 262.815 152.136 271.935C160.75 280.802 173.416 285.235 190.136 285.235C206.856 285.235 219.65 280.802 228.516 271.935C237.636 262.815 242.196 251.035 242.196 236.595V232.795C242.196 218.609 237.636 207.335 228.516 198.975C219.65 190.615 208.503 186.435 195.076 186.435C187.73 186.435 181.65 187.449 176.836 189.475C172.023 191.502 168.096 194.035 165.056 197.075C162.016 200.115 159.483 203.155 157.456 206.195H98.5562V57.2355H280.196V101.315H147.196V166.295H154.036C156.57 163.002 159.99 159.835 164.296 156.795C168.603 153.755 174.176 151.222 181.016 149.195C187.856 147.169 195.963 146.155 205.336 146.155C221.043 146.155 235.356 149.449 248.276 156.035C261.196 162.622 271.456 172.375 279.056 185.295C286.91 197.962 290.836 213.669 290.836 232.415V236.975C290.836 255.722 286.783 271.935 278.676 285.615C270.823 299.295 259.423 309.935 244.476 317.535C229.53 324.882 211.67 328.555 190.896 328.555ZM426.728 328.555C395.314 328.555 370.108 319.942 351.108 302.715C332.108 285.235 322.608 258.889 322.608 223.675V156.795C322.608 122.595 332.108 96.6288 351.108 78.8955C370.108 60.9088 395.314 51.9155 426.728 51.9155C458.394 51.9155 483.601 60.9088 502.348 78.8955C521.348 96.6288 530.848 122.595 530.848 156.795V223.675C530.848 258.889 521.348 285.235 502.348 302.715C483.601 319.942 458.394 328.555 426.728 328.555ZM426.728 285.235C445.728 285.235 459.661 280.042 468.528 269.655C477.648 259.269 482.208 244.449 482.208 225.195V154.515C482.208 135.009 477.141 120.315 467.008 110.435C457.128 100.302 443.701 95.2355 426.728 95.2355C409.248 95.2355 395.568 100.429 385.688 110.815C376.061 121.202 371.248 135.769 371.248 154.515V225.195C371.248 245.209 375.808 260.282 384.928 270.415C394.301 280.295 408.234 285.235 426.728 285.235ZM673.134 328.555C641.721 328.555 616.514 319.942 597.514 302.715C578.514 285.235 569.014 258.889 569.014 223.675V156.795C569.014 122.595 578.514 96.6288 597.514 78.8955C616.514 60.9088 641.721 51.9155 673.134 51.9155C704.801 51.9155 730.007 60.9088 748.754 78.8955C767.754 96.6288 777.254 122.595 777.254 156.795V223.675C777.254 258.889 767.754 285.235 748.754 302.715C730.007 319.942 704.801 328.555 673.134 328.555ZM673.134 285.235C692.134 285.235 706.067 280.042 714.934 269.655C724.054 259.269 728.614 244.449 728.614 225.195V154.515C728.614 135.009 723.547 120.315 713.414 110.435C703.534 100.302 690.107 95.2355 673.134 95.2355C655.654 95.2355 641.974 100.429 632.094 110.815C622.467 121.202 617.654 135.769 617.654 154.515V225.195C617.654 245.209 622.214 260.282 631.334 270.415C640.707 280.295 654.641 285.235 673.134 285.235Z" fill="black"/>
<path d="M794.973 40.2966C796.283 39.7167 797.603 40.1645 798.847 40.908C801.755 42.652 803.859 45.4752 804.703 48.7651C805.551 52.0352 805.689 55.4497 805.108 58.7781C804.622 61.5612 803.558 64.2107 801.984 66.5544C800.933 68.2276 799.713 69.7986 798.504 71.3724C797.389 72.8286 796.105 74.146 794.678 75.2963C792.418 77.1088 789.825 78.4446 787.26 79.7792C785.306 80.8178 783.255 81.7533 781.176 82.596C779.268 83.3688 777.417 84.2877 775.568 85.1897C775.379 85.3163 775.151 85.3697 774.926 85.3399C774.701 85.3101 774.495 85.1991 774.346 85.0278C773.998 84.6488 774.422 84.3499 774.56 84.0164C774.699 83.6829 780.5 76.5661 781.4 75.6006C782.524 74.3801 783.381 72.9712 784.51 71.7715C786.053 70.0661 787.251 68.0758 788.036 65.9117C789.201 62.8866 789.11 59.6303 789.437 56.4584C789.653 54.3556 789.364 52.2229 789.814 50.1284C790.213 48.2516 790.682 46.3906 791.023 44.5058C791.218 43.5021 791.693 42.5742 792.392 41.8294C793.091 41.0846 793.986 40.5532 794.973 40.2966ZM790.444 56.3082C790.439 58.525 789.947 60.7185 789.768 62.9231C789.461 66.7157 787.317 69.6238 785.043 72.4978C784.585 73.0822 784.168 73.7006 783.739 74.3112C782.473 76.0986 780.731 77.4781 779.361 79.1806C778.776 79.8795 778.422 80.7706 777.647 81.3673C777.335 81.6052 776.877 82.0566 777.211 82.5112C777.476 82.8717 777.904 82.4111 778.306 82.472L782.902 80.4341C785.734 79.1946 788.502 77.8109 791.193 76.2884C793.103 75.1693 794.844 73.7842 796.366 72.1746C797.384 71.043 798.329 69.8465 799.194 68.5925C800.823 66.5154 802.187 64.2419 803.253 61.8251C804.145 59.5993 804.552 57.2076 804.444 54.8111C804.438 52.8085 804.175 50.815 803.66 48.88C803.23 47.2852 802.472 45.7984 801.434 44.5154C800.396 43.2324 799.102 42.1816 797.634 41.4307C796.087 40.6239 794.045 41.2137 792.81 42.9269C791.987 44.0673 791.888 45.3711 791.513 46.6273C790.649 49.7939 790.478 53.0431 790.44 56.3147L790.444 56.3082Z" fill="#262522"/>
<path d="M766.798 89.5437C766.304 88.841 766.592 88.3318 766.99 87.862C767.273 87.5314 767.56 87.2165 767.816 86.865C768.95 85.3263 769.572 83.527 770.727 81.9831C772.09 80.2186 773.211 78.2788 774.06 76.2155C774.783 74.3746 775.254 72.5019 775.785 70.6253C776.719 67.3584 777.712 64.1268 777.81 60.6741C777.991 57.3017 777.685 53.9209 776.901 50.6364C775.905 46.846 774.129 43.3433 772.813 39.6656C771.618 36.3233 769.743 33.2272 768.147 30.073C766.86 27.5234 765.334 25.0774 764.821 22.1696C764.475 20.6219 764.529 19.0115 764.975 17.49C765.477 15.942 765.88 14.4407 767.366 13.341C768.523 12.5 769.84 12.4666 771.085 12.0691C772.189 11.7834 773.353 11.8297 774.432 12.2021C776.033 12.7041 777.477 13.6126 778.624 14.8393C781.349 17.4863 783.51 20.4891 784.371 24.291C784.801 26.1893 784.972 28.1352 785.523 30.009C785.908 31.5211 786.119 33.0727 786.15 34.6331C786.327 37.7684 786.437 40.9204 785.867 44.0747C785.513 46.0181 785.592 48.0199 785.262 49.9738C784.917 52.0203 784.848 54.0922 784.176 56.1144C783.353 58.6005 783.051 61.2287 781.888 63.6332C781.076 65.3134 780.354 67.0434 779.635 68.7617C778.084 72.6183 776.146 76.3062 773.849 79.7684C772.192 82.1899 770.649 84.7109 768.854 87.0174C768.189 87.8634 767.806 88.9279 766.798 89.5437ZM777.366 70.809C779.042 67.3468 780.621 63.848 781.991 60.2456C782.381 59.2072 782.471 58.0717 782.8 57.0097C784.188 52.5168 784.167 47.8419 784.9 43.2679C785.348 40.4706 785.054 37.6911 785.108 34.9085C785.04 33.5934 784.891 32.2839 784.659 30.9876C784.391 28.5342 783.643 26.1775 783.122 23.7756C782.484 20.8545 780.705 18.6153 778.755 16.4905C778.147 15.7609 777.466 15.0948 776.723 14.5024C775.117 13.3041 773.107 12.7832 771.122 13.0511C769.997 13.1596 768.912 13.5256 767.95 14.1209C766.517 15.0303 766.377 16.4996 765.951 17.8626C765.583 19.164 765.542 20.5367 765.832 21.8577C766.299 24.5111 767.756 26.7417 768.866 29.1137C770.348 32.2741 772.161 35.3022 773.405 38.5494C774.648 41.7967 776.162 45.0654 777.294 48.4232C778.479 51.8153 779.034 55.3966 778.93 58.9893C778.802 62.3442 778.57 65.7249 777.314 68.9833C776.947 69.9161 776.975 70.9671 776.517 72.0223C777.234 71.7723 777.173 71.2114 777.366 70.809Z" fill="#262522"/>
<path d="M760.991 88.2428C760.817 88.009 762.963 83.8764 763.104 83.376C763.697 81.4122 764.177 79.4156 764.799 77.4611C765.545 75.1104 765.384 72.6468 765.884 70.2851C766.299 68.0023 766.268 65.6607 765.796 63.3894C765.481 61.5566 764.748 59.7723 764.317 57.9575C763.863 56.3668 763.215 54.8385 762.387 53.4073C761.154 51.0272 759.305 49.11 757.472 47.1889C756.574 46.2605 755.577 45.4343 754.499 44.7252C751.64 42.8122 748.908 40.7151 746.32 38.4471C743.132 35.7972 740.444 32.5967 738.381 28.9969C736.864 26.2328 735.81 23.4372 735.912 20.3157C735.999 17.558 736.238 14.6963 739.438 13.4258C740.945 12.819 742.585 12.1852 744.173 12.6218C746.193 13.1535 748.136 13.9424 749.956 14.9693C751.838 16.0586 753.525 17.407 755.335 18.5861C758.278 20.4741 760.836 22.907 762.872 25.7546C765.567 29.5555 768.36 33.3097 769.882 37.8172C770.724 40.3111 771.969 42.6716 772.565 45.4205C773.3 47.8189 773.311 50.4804 773.583 53.1046C773.854 55.5435 773.801 58.0078 773.425 60.4327C773.079 62.5457 771.774 70.3523 771.201 72.0618C770.284 74.9868 769.118 77.8276 767.717 80.5531C767.323 81.2112 766.838 81.8106 766.278 82.3336C765.188 83.4903 763.994 84.5621 763.217 86.0012C762.834 86.711 761.311 88.6673 760.991 88.2428ZM764.712 82.1461C766.339 81.1054 766.943 79.4103 767.729 77.8252C768.514 76.24 768.951 74.675 769.659 73.1314C770.295 71.5461 770.668 69.8668 770.763 68.1605C771.038 66.1962 771.428 64.2499 771.932 62.3318C772.615 59.5516 772.8 56.6721 772.479 53.8271C772.246 52.0297 772.352 50.1978 772.087 48.3859C771.801 46.493 771.341 44.6306 770.714 42.8225C770.116 41.0712 769.313 39.3872 768.665 37.654C767.977 35.9463 767.147 34.2994 766.185 32.7309C764.642 30.0442 762.9 27.4772 760.975 25.0513C759.537 23.2467 757.843 21.6629 755.947 20.3505C754.211 19.1585 752.626 17.7739 750.778 16.7095C748.525 15.4133 746.291 14.0181 743.686 13.7173C741.473 13.4579 739.129 13.8736 737.762 15.9021C736.95 17.0894 736.888 18.628 736.833 20.0871C736.754 23.1694 737.637 26.1996 739.359 28.754C740.799 31.0276 742.232 33.2751 744.181 35.1509C746.763 37.7528 749.581 40.1092 752.597 42.1898C756.57 44.7726 759.995 48.116 762.677 52.0283C763.724 53.4876 764.464 55.145 764.852 56.8999C765.245 58.8516 766.06 60.6764 766.466 62.5916C766.944 65.2091 767.036 67.8827 766.74 70.5271C766.429 74.304 765.476 77.9412 764.554 81.5929C764.535 81.6911 764.539 81.7924 764.567 81.8886C764.595 81.9847 764.644 82.073 764.712 82.1461Z" fill="#262522"/>
<path d="M792.827 42.9283C794.06 41.2099 796.126 40.6253 797.651 41.4321C799.119 42.1829 800.413 43.2337 801.451 44.5168C802.489 45.7998 803.247 47.2866 803.677 48.8814C804.192 50.8164 804.455 52.8099 804.461 54.8125C804.569 57.2089 804.163 59.6007 803.27 61.8265C802.206 64.2443 800.845 66.5191 799.218 68.5978C798.353 69.8518 797.408 71.0483 796.389 72.1799C794.868 73.7895 793.127 75.1746 791.217 76.2937C788.525 77.8162 785.758 79.1999 782.926 80.4394L778.33 82.4773C777.907 82.4216 777.474 82.8835 777.234 82.5165C776.897 82.0463 777.364 81.6092 777.67 81.3726C778.446 80.7759 778.805 79.9056 779.385 79.1859C780.754 77.4834 782.491 76.1052 783.763 74.3165C784.167 73.7176 784.603 73.0888 785.066 72.5031C787.336 69.6356 789.484 66.721 789.791 62.9284C789.97 60.7185 790.443 58.5185 790.468 56.3135C790.505 53.0366 790.676 49.7927 791.584 46.6209C791.913 45.3816 792.015 44.0713 792.827 42.9283Z" fill="#FF8267"/>
<path d="M766.807 70.4878C767.104 67.8434 767.011 65.1698 766.533 62.5524C766.123 60.6215 765.307 58.7914 764.919 56.8606C764.531 55.1057 763.791 53.4483 762.744 51.9891C760.063 48.0767 756.637 44.7333 752.664 42.1505C749.648 40.07 746.831 37.7136 744.248 35.1116C742.294 33.2372 740.856 30.9688 739.426 28.7148C737.704 26.1603 736.821 23.1302 736.901 20.0478C736.955 18.5888 737.032 17.0411 737.829 15.8628C739.196 13.8344 741.541 13.4186 743.754 13.6781C746.358 13.9788 748.592 15.374 750.845 16.6702C752.694 17.7347 754.283 19.1401 756.014 20.3112C757.91 21.6237 759.604 23.2074 761.042 25.012C762.967 27.4379 764.709 30.005 766.252 32.6916C767.214 34.2602 768.044 35.907 768.732 37.6147C769.386 39.3466 770.183 41.0319 770.781 42.7833C771.409 44.5914 771.868 46.4537 772.154 48.3467C772.418 50.1533 772.312 51.9852 772.547 53.7878C772.868 56.6328 772.682 59.5124 771.999 62.2925C771.496 64.2107 771.105 66.157 770.83 68.1213C770.736 69.8276 770.362 71.5068 769.726 73.0921C769.003 74.6396 768.548 76.2646 767.796 77.7859C767.044 79.3072 766.398 81.074 764.78 82.1069C764.722 82.0247 764.685 81.9299 764.671 81.8303C764.657 81.7307 764.666 81.6293 764.699 81.5342C765.542 77.8967 766.496 74.2647 766.807 70.4878Z" fill="#FFC27B"/>
<path d="M778.93 59.0107C779.034 55.418 778.479 51.8367 777.294 48.4446C776.161 45.0816 774.662 41.8976 773.405 38.5708C772.147 35.2441 770.353 32.2942 768.866 29.1351C767.73 26.7696 766.297 24.5443 765.832 21.8791C765.542 20.5581 765.583 19.1854 765.951 17.884C766.377 16.521 766.5 15.0282 767.95 14.1422C768.912 13.547 769.997 13.181 771.122 13.0725C773.107 12.8046 775.117 13.3255 776.723 14.5238C777.466 15.1162 778.147 15.7823 778.755 16.5119C780.705 18.6367 782.486 20.8811 783.122 23.797C783.643 26.1989 784.391 28.5556 784.659 31.009C784.891 32.3053 785.04 33.6148 785.108 34.9299C785.054 37.7125 785.37 40.4698 784.9 43.2893C784.167 47.8633 784.188 52.5381 782.8 57.0311C782.471 58.0931 782.382 59.2339 781.991 60.267C780.628 63.8564 779.041 67.363 777.366 70.8304C777.173 71.2329 777.224 71.7963 776.518 72.0711C776.976 71.0159 776.954 69.9636 777.315 69.032C778.575 65.7672 778.786 62.3916 778.93 59.0107Z" fill="#DD7DFF"/>
<path d="M33.0513 303.562C31.8736 304.379 31.5639 305.742 31.5455 307.194C31.5078 310.591 32.8077 313.866 35.163 316.308C37.4997 318.742 40.3301 320.645 43.4631 321.889C46.0831 322.928 48.892 323.403 51.7073 323.283C53.6791 323.26 55.6525 323.038 57.622 322.828C59.4429 322.636 61.2344 322.227 62.9584 321.608C65.6806 320.624 68.1717 319.106 70.6475 317.611C72.5518 316.484 74.4191 315.22 76.2226 313.884C77.8774 312.656 79.626 311.555 81.3595 310.446C81.5657 310.351 81.7304 310.184 81.8226 309.976C81.9149 309.768 81.9285 309.533 81.8608 309.316C81.7204 308.821 81.245 309.027 80.889 308.971C80.5329 308.915 71.4501 310.153 70.159 310.418C68.5337 310.74 66.8881 310.736 65.2779 311.074C63.0213 311.502 60.7032 311.485 58.4532 311.024C55.2725 310.439 52.552 308.658 49.6844 307.28C47.784 306.365 46.122 305.003 44.1063 304.293C42.3024 303.652 40.4753 303.08 38.6946 302.387C37.7393 302.029 36.7024 301.949 35.7038 302.157C34.7052 302.365 33.7857 302.852 33.0513 303.562ZM49.0302 308.062C50.9174 309.217 53.0391 309.943 55.0072 310.942C58.3917 312.663 61.9848 312.35 65.6167 311.909C66.353 311.823 67.0964 311.791 67.8399 311.743C70.0213 311.595 72.1049 310.827 74.2682 310.546C75.1679 310.412 76.1108 310.575 77.0234 310.224C77.3885 310.082 78.0115 309.927 78.2237 310.45C78.3912 310.865 77.776 310.99 77.6178 311.365L73.4824 314.229C70.9479 316.002 68.3249 317.644 65.6234 319.149C63.6738 320.196 61.5859 320.96 59.4222 321.419C57.9275 321.699 56.4164 321.881 54.8984 321.964C52.2808 322.271 49.6352 322.248 47.0235 321.896C44.6647 321.495 42.4191 320.592 40.4381 319.247C38.7389 318.195 37.1821 316.927 35.8062 315.476C34.6752 314.274 33.8077 312.849 33.2597 311.291C32.7116 309.733 32.4952 308.077 32.6242 306.43C32.7472 304.686 34.3163 303.248 36.4181 303.089C37.8181 302.981 38.9777 303.579 40.2416 303.915C43.3857 304.831 46.2368 306.384 49.0377 308.062L49.0302 308.062Z" fill="#262522"/>
<path d="M89.6462 305.225C89.307 304.436 88.7232 304.416 88.1159 304.511C87.6869 304.58 87.2692 304.66 86.8367 304.695C84.9358 304.86 83.0809 304.451 81.1648 304.631C78.952 304.874 76.7169 304.818 74.5191 304.465C72.5765 304.12 70.7381 303.544 68.8651 303.017C65.5996 302.107 62.3337 301.266 59.3473 299.545C56.3857 297.937 53.6716 295.908 51.2893 293.52C48.588 290.687 46.5389 287.338 44.1009 284.29C41.8844 281.521 40.2325 278.3 38.3857 275.286C36.8909 272.853 35.6097 270.27 33.4061 268.311C32.2711 267.206 30.8743 266.41 29.3473 265.996C27.769 265.616 26.2821 265.176 24.5707 265.87C23.2509 266.42 22.5335 267.528 21.5451 268.384C20.7247 269.179 20.1553 270.199 19.908 271.315C19.4978 272.946 19.515 274.656 19.9581 276.278C20.7836 279.991 22.2065 283.408 24.9882 286.132C26.3772 287.492 27.9421 288.655 29.247 290.106C30.3309 291.226 31.5398 292.217 32.8499 293.059C35.4224 294.85 38.0447 296.591 41.0239 297.754C42.8613 298.467 44.5214 299.581 46.3548 300.321C48.2753 301.095 50.0725 302.12 52.1429 302.603C54.6865 303.199 57.0783 304.315 59.7306 304.578C61.5834 304.763 63.4316 305.05 65.2684 305.333C69.3573 306.024 73.506 306.295 77.6499 306.142C80.5745 305.992 83.5244 305.99 86.4238 305.662C87.4902 305.536 88.5956 305.765 89.6462 305.225ZM68.1945 304.465C64.3753 304.087 60.5758 303.607 56.797 302.895C55.7103 302.686 54.698 302.169 53.6232 301.895C49.078 300.732 45.1151 298.27 40.8436 296.505C38.2316 295.426 36.0224 293.721 33.6289 292.312C32.5462 291.567 31.5113 290.755 30.5303 289.879C28.5851 288.367 26.9724 286.496 25.203 284.795C23.0534 282.722 22.08 280.031 21.2931 277.253C20.9912 276.351 20.7809 275.421 20.6654 274.477C20.4866 272.477 21.0948 270.486 22.36 268.93C23.0405 268.025 23.919 267.289 24.9279 266.778C26.4502 266.028 27.7725 266.677 29.1538 267.025C30.4528 267.391 31.641 268.073 32.6122 269.012C34.6237 270.799 35.7583 273.21 37.1942 275.399C39.1062 278.318 40.7322 281.451 42.8426 284.212C44.9529 286.973 46.9401 289.976 49.2024 292.699C51.4665 295.486 54.2211 297.832 57.3295 299.621C60.2482 301.266 63.2433 302.835 66.6701 303.465C67.6547 303.639 68.5339 304.212 69.6702 304.373C69.0827 304.855 68.6378 304.51 68.1945 304.465Z" fill="#262522"/>
<path d="M91.576 299.581C91.4681 299.311 86.8332 298.984 86.3338 298.844C84.3546 298.323 82.4066 297.69 80.4196 297.2C78.0314 296.608 76.0211 295.183 73.7521 294.376C71.5949 293.536 69.6202 292.286 67.9365 290.695C66.5427 289.468 65.4093 287.908 64.092 286.591C62.977 285.371 62.0166 284.018 61.2328 282.562C59.8546 280.263 59.1913 277.681 58.5166 275.109C58.1966 273.857 58.0154 272.573 57.9765 271.28C57.8449 267.836 57.4906 264.404 56.9156 261.006C56.3296 256.896 55.0148 252.924 53.0332 249.279C51.4763 246.537 49.6512 244.174 46.944 242.63C44.5541 241.263 41.9967 239.971 39.2437 242.042C37.9396 243.013 36.5439 244.083 36.0846 245.669C35.4805 247.674 35.135 249.747 35.0565 251.84C34.9986 254.018 35.2631 256.165 35.319 258.329C35.3851 261.832 36.116 265.29 37.4725 268.519C39.2946 272.81 41.0253 277.161 44.0617 280.818C45.7415 282.841 47.097 285.14 49.1224 287.086C50.7767 288.969 53.0337 290.37 55.1223 291.974C57.0536 293.481 59.1763 294.724 61.4345 295.67C63.4115 296.479 70.7302 299.445 72.4827 299.849C75.4488 300.594 78.4732 301.083 81.5226 301.31C82.2881 301.318 83.0509 301.217 83.7885 301.011C85.3418 300.684 86.8771 300.224 88.5068 300.312C89.3104 300.356 91.7695 300.077 91.576 299.581ZM84.4476 299.575C82.7123 300.422 80.9557 300.052 79.1975 299.894C77.4393 299.737 75.8805 299.292 74.1984 299.09C72.5179 298.805 70.8954 298.246 69.3953 297.435C67.5818 296.643 65.7232 295.959 63.8292 295.387C61.1088 294.517 58.564 293.17 56.3134 291.409C54.9076 290.269 53.295 289.402 51.8932 288.228C50.4334 286.994 49.0906 285.628 47.8817 284.146C46.7055 282.719 45.6935 281.153 44.5593 279.692C43.4672 278.211 42.501 276.641 41.6709 274.998C40.1937 272.274 38.9221 269.444 37.8665 266.53C37.0842 264.357 36.6234 262.081 36.4988 259.774C36.3932 257.667 36.0447 255.589 36.1062 253.452C36.1825 250.848 36.1642 248.209 37.2703 245.826C38.2068 243.798 39.7861 242.011 42.225 241.904C43.6588 241.83 44.9992 242.582 46.2679 243.298C48.9297 244.842 51.0439 247.181 52.3151 249.988C53.4952 252.408 54.6565 254.808 55.2321 257.454C56.0937 261.022 56.6238 264.663 56.8155 268.329C56.9341 273.075 57.9854 277.751 59.9092 282.089C60.6024 283.747 61.6245 285.246 62.9135 286.495C64.367 287.851 65.4922 289.502 66.9078 290.851C68.8829 292.628 71.1076 294.104 73.5106 295.233C76.8838 296.942 80.4741 298.029 84.0602 299.15C84.1537 299.185 84.2374 299.242 84.3048 299.316C84.3721 299.39 84.421 299.479 84.4476 299.575Z" fill="#262522"/>
<path d="M36.4104 303.104C34.3049 303.26 32.728 304.72 32.6165 306.445C32.4875 308.092 32.704 309.748 33.252 311.306C33.8001 312.864 34.6675 314.29 35.7985 315.491C37.1744 316.942 38.7312 318.21 40.4304 319.262C42.4114 320.607 44.657 321.51 47.0158 321.911C49.6272 322.266 52.2727 322.291 54.8906 321.987C56.4087 321.903 57.9198 321.721 59.4144 321.442C61.5782 320.983 63.666 320.219 65.6157 319.171C68.3171 317.667 70.9402 316.025 73.4747 314.251L77.6101 311.388C77.7836 310.998 78.4026 310.869 78.216 310.472C77.9925 309.938 77.3769 310.109 77.0157 310.247C76.1031 310.598 75.1752 310.45 74.2605 310.569C72.0971 310.85 70.0174 311.614 67.8322 311.766C67.1115 311.798 66.3491 311.842 65.609 311.932C61.9846 312.373 58.384 312.685 54.9994 310.965C53.0276 309.962 50.9098 309.217 49.0224 308.085C46.2177 306.403 43.3703 304.854 40.1995 303.972C38.9737 303.605 37.8065 303.007 36.4104 303.104Z" fill="#DD7DFF"/>
<path d="M73.4421 295.271C71.039 294.142 68.8144 292.665 66.8393 290.888C65.4124 289.528 64.2834 287.873 62.845 286.532C61.556 285.283 60.5339 283.784 59.8407 282.126C57.9169 277.788 56.8655 273.112 56.747 268.366C56.5553 264.7 56.0252 261.06 55.1635 257.492C54.5918 254.841 53.4154 252.426 52.2465 250.026C50.9754 247.218 48.8612 244.879 46.1994 243.335C44.9307 242.619 43.5751 241.875 42.1565 241.941C39.7176 242.049 38.1383 243.836 37.2017 245.863C36.0957 248.247 36.114 250.886 36.0377 253.49C35.9762 255.626 36.3398 257.72 36.4303 259.812C36.5549 262.118 37.0157 264.394 37.798 266.567C38.8536 269.481 40.1252 272.312 41.6024 275.035C42.4325 276.678 43.3987 278.249 44.4907 279.729C45.6211 281.194 46.637 282.756 47.8132 284.183C49.022 285.665 50.3649 287.032 51.8247 288.266C53.2227 289.435 54.8353 290.303 56.2448 291.446C58.4955 293.208 61.0403 294.555 63.7607 295.424C65.6547 295.997 67.5133 296.68 69.3268 297.473C70.8268 298.284 72.4494 298.843 74.1299 299.127C75.8234 299.318 77.4428 299.779 79.129 299.932C80.8152 300.085 82.6552 300.455 84.3791 299.612C84.3394 299.52 84.2784 299.438 84.201 299.374C84.1237 299.31 84.0323 299.266 83.9344 299.244C80.4018 298.063 76.8153 296.979 73.4421 295.271Z" fill="#FF8267"/>
<path d="M57.3478 299.632C54.2394 297.843 51.4848 295.497 49.2207 292.71C46.9547 289.983 45.0315 287.037 42.8609 284.223C40.6903 281.409 39.1207 278.333 37.2125 275.41C35.7957 273.202 34.6533 270.814 32.6305 269.023C31.6593 268.085 30.4711 267.402 29.1721 267.036C27.7907 266.688 26.4573 266.013 24.9462 266.789C23.9373 267.3 23.0588 268.036 22.3783 268.941C21.113 270.498 20.5049 272.488 20.6837 274.488C20.7992 275.432 21.0095 276.362 21.3114 277.264C22.0983 280.042 23.0754 282.737 25.2213 284.806C26.9907 286.507 28.6033 288.378 30.5486 289.89C31.5295 290.766 32.5645 291.578 33.6472 292.323C36.0407 293.732 38.2195 295.444 40.8619 296.516C45.1334 298.281 49.0963 300.744 53.6415 301.906C54.7163 302.18 55.7324 302.701 56.8153 302.906C60.5789 303.618 64.3898 304.094 68.2128 304.476C68.6561 304.521 69.1086 304.859 69.7111 304.399C68.5748 304.239 67.6918 303.67 66.7111 303.491C63.2767 302.862 60.2968 301.277 57.3478 299.632Z" fill="#FFC27B"/>
<path d="M469.607 197.954C470.104 198.261 471.153 197.868 471.077 198.911C471.077 199.562 470.428 199.265 470.075 199.361C469.436 199.361 468.729 199.198 468.596 198.605C468.462 198.012 469.226 197.696 469.607 197.954Z" fill="#ACAEBF"/>
<path d="M425.069 269.955C424.038 269.496 422.95 269.094 421.938 268.558C421.184 268.156 420.44 268.089 420.029 268.941C419.619 269.792 420.191 270.146 420.879 270.453C421.879 270.756 422.794 271.29 423.551 272.013C424.581 273.162 425.9 274.015 427.369 274.481C428.965 275.077 430.597 275.566 432.257 275.946C432.748 276.009 433.209 276.218 433.581 276.545C433.953 276.872 434.22 277.303 434.347 277.783C434.023 277.806 433.698 277.761 433.392 277.649C431.483 277.094 430.863 277.429 430.834 279.352C430.834 280.711 429.956 280.549 429.221 280.309C428.076 279.974 427.408 280.108 427.417 281.41C427.417 282.903 426.673 283.017 425.374 282.721C423.871 282.462 422.338 282.417 420.821 282.587C420.115 282.587 419.79 283.687 419.008 283.257C416.793 282.041 414.283 282.529 411.973 282.348C408.802 281.985 405.669 281.345 402.609 280.434C399.803 279.62 397.041 278.662 394.333 277.563C388.807 275.515 384.55 271.898 380.684 267.85C378.555 265.62 376.484 263.323 374.346 261.075C371.534 258.23 369.198 254.951 367.426 251.362C364.81 245.792 364.037 239.783 363.445 233.754C363.245 231.735 363.111 229.725 362.968 227.706C362.691 223.744 361.889 219.811 362.71 215.83C362.767 215.543 362.71 215.275 363.102 215.122C364.352 214.615 364.667 214.069 363.894 213.16C362.997 212.108 363.292 210.969 363.054 209.849C362.787 208.586 363.798 207.83 363.865 206.73C364.104 202.739 366.003 199.17 366.986 195.371C367.044 195.17 367.254 194.863 367.406 194.844C368.857 194.72 368.6 194.624 369.172 193.361C369.869 191.839 369.172 190.213 369.945 188.787C371.34 186.19 372.936 183.707 374.718 181.361C377.333 177.906 379.863 174.404 383.166 171.533C384.445 170.423 385.924 169.543 387.318 168.547C387.391 168.653 387.442 168.772 387.468 168.898C387.494 169.023 387.494 169.153 387.469 169.279C387.444 169.405 387.395 169.524 387.323 169.63C387.251 169.737 387.158 169.827 387.05 169.897C386.296 170.547 385.972 171.523 386.716 172.069C387.461 172.614 387.919 171.504 388.473 171.112C388.559 171.045 388.578 170.892 388.654 170.806C389.199 170.071 389.894 169.461 390.692 169.016C391.49 168.57 392.373 168.3 393.283 168.222C394.773 168.136 395.011 167.389 394.372 166.308C394.009 165.705 394.095 165.514 394.658 165.236C395.367 164.889 396.059 164.506 396.729 164.088C397.121 163.839 397.531 163.581 397.913 163.925C398.295 164.27 397.789 164.576 397.655 164.882C397.388 165.523 397.493 166.337 398.094 166.232C399.956 165.925 402.313 165.514 403.058 163.944C404.318 161.294 406.523 161.542 408.642 161.255C409.214 161.179 410.035 160.825 410.474 161.648C410.623 161.926 410.828 162.17 411.075 162.365C411.323 162.56 411.608 162.702 411.913 162.781C412.218 162.86 412.536 162.875 412.847 162.825C413.158 162.775 413.455 162.661 413.72 162.49C415.982 161.132 418.616 160.532 421.241 160.777C422.788 160.968 425.059 159.418 425.584 162.394C425.584 162.519 426.024 162.7 426.205 162.653C427.56 162.289 429.603 163.763 430.204 161.275C430.255 161.122 430.363 160.995 430.506 160.921C430.649 160.848 430.815 160.834 430.968 160.882C432.075 161.447 433.297 161.083 434.442 161.332C437.783 162.059 441.124 162.672 444.474 163.437C447.525 163.972 450.462 165.024 453.161 166.547C452.94 166.719 452.703 166.87 452.454 166.997C451.91 167.208 450.898 166.796 451.108 167.954C451.28 168.911 452.006 168.509 452.616 168.633C453.956 168.782 455.231 169.295 456.301 170.117C456.578 170.375 456.845 170.988 457.332 170.586C457.819 170.184 457.332 169.83 457.198 169.428C457.064 169.026 456.473 168.729 456.921 168.318C457.37 167.906 457.714 168.318 458.105 168.49C460.711 169.763 463.336 171.007 465.951 172.318C466.161 172.423 466.419 172.643 466.438 172.844C466.791 175.409 469.301 176.088 470.838 177.629C471.125 177.916 471.955 178.031 472.089 177.418C472.413 175.983 473.253 176.787 473.721 177.083C474.904 177.839 475.907 178.863 477.1 179.591C482.693 182.92 487.159 187.858 489.919 193.763C490.111 194.099 490.205 194.482 490.191 194.869C490.178 195.257 490.057 195.632 489.843 195.954C488.888 197.495 489.728 198.739 491.58 198.624C492.181 198.624 492.678 198.471 492.993 199.017C493.959 200.656 494.707 202.416 495.217 204.251C494.558 203.466 494.138 203.227 493.575 203.677C493.012 204.127 493.336 204.385 493.575 204.787C493.814 205.189 493.938 205.801 494.148 206.299C494.711 207.696 495.589 209.39 494.997 210.596C494.214 212.222 494.539 213.725 494.415 215.285C494.31 216.557 494.472 217.859 494.348 219.112C494.281 219.763 493.766 220.462 494.825 220.634C495.694 220.778 495.78 219.955 495.866 219.419C496.352 218.111 496.375 216.675 495.933 215.352C495.303 213.849 496.753 212.615 496.696 211.093C496.639 209.572 495.961 207.983 495.904 205.878C497.765 209.62 498.147 213.218 499.121 216.653C499.264 217.17 499.121 217.371 498.691 217.333C497.737 217.266 497.737 217.878 497.737 218.51C497.737 219.467 497.737 220.423 497.737 221.447C497.737 222.471 497.832 223.361 499.216 222.577C499.856 222.203 499.865 222.931 499.875 222.988C500.226 224.203 500.377 225.466 500.323 226.73C499.579 230.883 500.486 235.113 499.627 239.247C499.082 241.897 499.235 244.625 498.538 247.275C497.517 251.209 496.305 255.084 495.112 258.969C495.038 259.456 494.824 259.91 494.497 260.278C494.17 260.645 493.743 260.908 493.269 261.036C493.198 259.825 493.278 258.61 493.508 257.419C493.831 256.238 493.74 254.981 493.25 253.859C493.079 253.438 492.964 252.979 492.439 253.055C491.914 253.132 492.124 253.639 492.114 253.955C492.154 255.529 492.039 257.103 491.771 258.654C491.561 259.611 491.36 261.036 491.866 261.524C493.26 262.759 491.924 263.572 491.771 264.548C491.764 264.656 491.728 264.76 491.667 264.849C491.606 264.937 491.521 265.008 491.423 265.052C491.325 265.096 491.216 265.113 491.11 265.1C491.003 265.087 490.901 265.045 490.816 264.979C488.707 263.668 486.406 262.692 484.24 261.496C480.202 259.266 476.413 256.615 472.47 254.223C468.796 251.993 464.977 249.984 461.35 247.677C458.41 245.792 455.574 243.748 452.855 241.553C451.815 240.72 449.992 240.07 450.411 238.251C450.896 236.255 450.896 234.171 450.411 232.175C450.335 231.888 450.173 231.371 450.602 231.218C450.803 231.151 451.137 231.534 451.481 231.754C451.542 230.099 451.191 228.454 450.459 226.969C448.98 223.4 449.419 219.658 449.6 215.935C449.705 213.715 450.66 211.821 451.452 209.811C452.693 206.653 455.556 205.131 457.99 203.198C460.023 201.472 462.642 200.597 465.302 200.758C469.273 200.903 473.171 201.864 476.756 203.581C480.059 205.227 482.932 207.17 484.45 210.663C484.755 211.361 484.908 212.299 485.738 212.797C486.111 213.017 486.387 213.428 486.874 213.246C487.361 213.065 487.266 212.5 487.199 212.146C486.584 209.056 484.815 206.317 482.254 204.49C479.999 202.704 477.455 201.318 474.733 200.395C474.287 200.299 473.89 200.047 473.613 199.684C473.336 199.321 473.199 198.87 473.225 198.414C473.158 197.017 471.363 195.878 469.406 196.088C468.309 196.213 466.371 195.706 466.543 197.935C466.543 198.72 465.951 198.605 465.493 198.576C463.909 198.416 462.31 198.596 460.802 199.106C459.294 199.616 457.912 200.444 456.75 201.533C454.936 203.227 452.588 204.289 451.156 206.462C449.247 209.409 447.548 212.414 447.462 216.031C447.258 218.582 447.309 221.146 447.615 223.687C448.19 226.106 449.035 228.453 450.135 230.682C448.398 229.242 446.358 228.214 444.169 227.677C443.302 227.441 442.38 227.519 441.565 227.897C440.749 228.275 440.093 228.929 439.711 229.744C439.016 231.304 438.879 233.057 439.325 234.707C439.77 236.356 440.77 237.801 442.155 238.797C442.324 238.959 442.531 239.075 442.757 239.134C442.983 239.193 443.221 239.193 443.447 239.133C443.673 239.074 443.88 238.957 444.048 238.794C444.217 238.631 444.34 238.428 444.408 238.204C444.67 237.465 444.783 236.681 444.742 235.897C444.742 235.572 444.589 235.122 445.104 234.988C445.62 234.854 445.906 235.151 446.193 235.515C446.899 236.471 446.508 237.333 446.193 238.261C445.82 239.467 446.937 241.917 447.977 241.792C449.018 241.668 449.4 242.251 449.887 242.749C450.125 243.027 450.211 243.4 450.688 243.323C451.986 243.122 452.788 243.878 453.81 244.519C455.184 245.4 456.377 246.51 457.771 247.333C461.121 249.323 464.615 251.113 467.793 253.323C471.611 255.993 475.764 258.166 479.677 260.692C482.063 262.233 484.583 263.563 487.046 265.027C487.371 265.218 488.268 270.376 488.001 270.587C487.637 270.809 487.261 271.01 486.874 271.19C485.92 271.783 484.736 272.013 483.686 272.501C478.99 274.682 479.992 275.18 478.913 270.213C478.637 268.931 479.057 267.343 477.644 266.386C477.358 266.194 477.444 265.429 476.766 265.84C476.575 265.946 476.431 266.12 476.362 266.327C476.293 266.535 476.304 266.76 476.394 266.96C477.148 269.008 477.195 271.19 477.644 273.285C477.873 274.367 477.644 274.635 476.632 274.864C472.986 275.649 469.387 276.615 465.732 277.352C464.225 277.683 462.675 277.774 461.14 277.62C457.542 277.142 453.915 277.084 450.316 276.395C445.209 275.438 440.141 274.357 435.12 273.056C431.688 272.31 428.325 271.273 425.069 269.955ZM497.288 237.256C497.914 234.899 498.235 232.471 498.243 230.031C498.243 229.505 498.195 229.074 497.555 228.959C496.916 228.845 496.839 229.266 496.706 229.744C496.162 231.725 496.286 233.763 495.999 235.773C495.875 236.462 496.486 236.787 497.288 237.256ZM460.444 234.385C461.026 234.28 460.949 233.677 460.778 233.055C460.293 231.459 459.974 229.817 459.823 228.156C459.823 227.524 459.489 226.596 458.802 226.634C457.933 226.634 458.525 227.591 458.372 228.127C458.346 228.308 458.346 228.491 458.372 228.672C458.248 230.318 458.935 231.83 459.145 233.457C459.21 233.744 459.378 233.998 459.618 234.167C459.858 234.337 460.152 234.411 460.444 234.376V234.385ZM453.571 214.481C452.979 214.356 452.846 215.045 452.807 215.304C452.497 217.386 452.62 219.511 453.17 221.543C453.209 221.693 453.301 221.823 453.43 221.908C453.559 221.993 453.715 222.026 453.867 222.002C454.306 221.926 454.172 221.534 454.172 221.275C454.172 220.318 454.172 219.361 454.172 218.404C454.172 217.447 454.172 216.49 454.172 215.533C454.204 215.423 454.214 215.307 454.201 215.193C454.188 215.078 454.153 214.968 454.097 214.867C454.041 214.766 453.966 214.678 453.875 214.607C453.785 214.536 453.682 214.483 453.571 214.452V214.481ZM455.938 232.137C455.108 232.137 455.356 233.17 455.327 233.811C455.327 234.175 455.327 234.548 455.327 235.199C454.745 236.806 456.053 238.271 456.597 239.897C456.631 240.069 456.705 240.23 456.813 240.367C456.92 240.505 457.058 240.615 457.216 240.689C457.374 240.764 457.547 240.8 457.721 240.796C457.895 240.791 458.066 240.746 458.219 240.663C458.926 240.271 458.725 239.706 458.391 239.103C457.471 237.484 456.938 235.672 456.835 233.811C456.816 233.074 456.759 232.108 455.938 232.137ZM460.424 206.509C459.747 206.088 459.604 206.921 459.308 207.313C458.296 208.663 456.835 209.773 456.807 211.658C456.807 212.27 456.702 213.103 457.446 213.179C458.191 213.256 458.219 212.443 458.334 211.868C458.546 210.806 459.068 209.83 459.833 209.065C460.129 208.768 460.568 208.548 460.568 208.108C460.568 207.667 460.701 206.682 460.424 206.509ZM461.293 215.237C459.527 215.916 458.706 219.352 460.024 221.16C460.634 219.112 461.522 217.323 461.293 215.237ZM480.278 236.146C479.973 236.031 479.324 236.012 479.248 236.146C478.654 237.476 477.955 238.756 477.157 239.974C477.157 240.692 477.386 240.979 477.749 241.103C477.916 241.187 478.11 241.203 478.289 241.145C478.467 241.088 478.616 240.963 478.703 240.797C479.555 239.652 480.174 238.352 480.527 236.969C480.555 236.692 480.441 236.213 480.278 236.146ZM480.145 224.663C479.897 224.605 479.637 224.641 479.414 224.763C479.191 224.884 479.019 225.084 478.933 225.323C478.379 227.103 477.071 228.73 477.778 231.294C479.103 229.541 480.035 227.52 480.508 225.371C480.574 225.141 480.574 224.778 480.135 224.691L480.145 224.663ZM476.861 253.543C477.947 253.034 478.887 252.257 479.591 251.285C479.677 251.177 479.739 251.053 479.772 250.919C479.805 250.785 479.809 250.646 479.784 250.511C479.758 250.375 479.704 250.247 479.625 250.135C479.545 250.022 479.443 249.928 479.324 249.859C479.102 249.799 478.866 249.821 478.659 249.921C478.452 250.021 478.288 250.193 478.198 250.405C478.047 250.706 477.824 250.965 477.549 251.158C477.275 251.352 476.956 251.475 476.623 251.515C476.351 251.583 476.106 251.734 475.922 251.946C475.737 252.158 475.622 252.422 475.592 252.701C475.735 253.438 476.222 253.859 476.861 253.543ZM473.855 220.05C471.096 222.854 470.762 225.352 472.995 226.95C472.432 224.567 474.465 222.663 473.902 220.089L473.855 220.05ZM472.9 245.706C472.9 245.342 472.595 245.017 472.327 245.208C471.373 245.869 471.449 246.883 471.44 247.888C473.091 247.821 473.043 246.807 472.986 245.744L472.9 245.706ZM471.783 241.754C472.738 241.754 472.451 240.797 472.547 240.184C472.766 238.711 473.081 237.256 473.263 235.782C473.31 235.39 473.587 234.739 472.871 234.567C472.155 234.395 472.26 235.113 472.06 235.524C471.277 236.998 471.487 238.672 471.02 239.907C471.134 240.854 470.934 241.792 471.869 241.792L471.783 241.754ZM468.719 236.969C469.674 237.046 469.607 236.089 469.511 235.476C469.33 234.309 470.294 233.247 469.788 232.117C469.578 231.639 469.473 230.768 468.633 230.94C467.975 231.074 467.936 231.754 468.041 232.29C468.232 233.352 467.602 234.28 467.641 235.419C467.592 235.603 467.585 235.795 467.62 235.982C467.655 236.169 467.731 236.346 467.842 236.5C467.954 236.654 468.098 236.781 468.265 236.872C468.431 236.963 468.616 237.016 468.805 237.027L468.719 236.969ZM466.925 224.136C467.125 224.691 467.249 225.553 467.879 225.505C468.509 225.457 468.442 224.634 468.366 224.117C468.194 223.055 468.891 222.127 468.757 221.084C468.757 220.806 468.881 220.443 468.49 220.299C468.415 220.277 468.336 220.271 468.258 220.279C468.181 220.288 468.105 220.313 468.037 220.351C467.969 220.389 467.908 220.441 467.86 220.502C467.812 220.564 467.776 220.635 467.755 220.711C467.383 221.591 466.591 222.337 466.887 223.266C466.881 223.58 466.923 223.892 467.011 224.194L466.925 224.136ZM466.486 247.725C466.447 245.992 466.084 244.281 465.417 242.682C465.38 242.534 465.289 242.406 465.161 242.324C465.033 242.242 464.878 242.213 464.729 242.242C464.433 242.242 464.357 242.443 464.271 242.692C463.994 243.869 465.292 247.074 466.572 247.783L466.486 247.725ZM464.395 237.007C464.624 237.266 464.901 237.601 465.35 237.275C465.798 236.95 465.884 236.806 465.636 236.376C465.233 235.639 465.031 234.809 465.049 233.969C465.067 233.129 465.306 232.309 465.741 231.591C465.932 231.189 465.951 230.519 465.378 230.328C464.806 230.137 464.51 230.692 464.347 231.103C463.869 232.111 463.59 233.203 463.527 234.318C463.842 235.199 463.756 236.261 464.452 237.065L464.395 237.007ZM469.435 205.859C468.939 205.026 468.07 205.648 467.526 205.983C464.729 207.62 464.166 209.495 465.34 212.682C465.439 213.026 465.455 213.389 465.385 213.74C465.315 214.092 465.162 214.421 464.939 214.701C464.147 215.974 463.03 217.275 463.727 218.988C463.984 219.019 464.243 218.959 464.46 218.817C464.676 218.675 464.836 218.461 464.911 218.213C465.529 216.922 466.231 215.672 467.011 214.471C467.45 213.6 468.29 212.892 466.81 211.945C465.712 211.246 466.81 208.27 468.576 207.524C469.674 207.17 469.893 206.548 469.521 205.916L469.435 205.859ZM471.611 211.141C471.182 210.94 470.934 211.141 470.581 211.524C469.741 212.557 469.626 213.84 469.158 214.816C469.158 215.333 469.111 215.773 469.521 215.926C470.084 216.184 470.399 215.629 470.476 215.361C470.826 214.275 471.351 213.253 472.031 212.337C472.47 211.935 472.213 211.438 471.697 211.199L471.611 211.141ZM474.093 207.457C473.139 207.514 473.32 208.337 473.291 209.055C473.158 209.62 473.549 210.175 474.093 210.06C474.637 209.945 474.799 209.103 474.799 208.509C474.799 207.916 474.723 207.476 474.17 207.505L474.093 207.457ZM478.866 210.864C478.618 210.108 478.045 210.567 477.673 210.682C476.203 211.122 475.057 211.916 474.809 213.227C474.809 214.012 474.656 214.624 475.239 214.835C475.821 215.045 476.059 214.414 476.355 214.088C476.957 213.438 477.043 212.376 478.379 212.366C479.133 212.414 479.123 211.524 478.933 210.921L478.866 210.864ZM480.851 215.859C479.897 216.213 479.897 217.639 479.143 218.529C478.841 218.833 478.641 219.224 478.57 219.648C478.5 220.071 478.563 220.506 478.751 220.892C478.798 220.978 478.867 221.05 478.951 221.1C479.035 221.15 479.131 221.176 479.228 221.176C479.326 221.176 479.422 221.15 479.506 221.1C479.59 221.05 479.659 220.978 479.706 220.892C480.865 219.697 481.657 218.192 481.987 216.557C482.092 216.155 481.911 215.801 480.918 215.916L480.851 215.859ZM475.716 182.873C475.503 182.813 475.277 182.83 475.075 182.919C474.873 183.008 474.709 183.164 474.609 183.361C474.545 183.469 474.506 183.589 474.494 183.713C474.482 183.838 474.497 183.964 474.539 184.081C474.581 184.199 474.648 184.306 474.736 184.395C474.824 184.484 474.93 184.552 475.048 184.595C476.106 185.054 476.971 185.87 477.491 186.902C477.634 187.179 478.102 187.476 477.72 187.859C477.597 187.957 477.444 188.011 477.286 188.011C477.128 188.011 476.975 187.957 476.852 187.859C476.184 187.428 475.592 187.571 475.315 188.251C475.038 188.93 475.63 189.409 476.164 189.705C478.074 190.796 479.763 189.801 479.773 187.619C479.773 186.385 476.957 183.093 475.716 182.873ZM492.277 249.084C492.974 249.524 493.231 248.998 493.518 248.5C494.472 246.807 494.644 244.912 495.188 243.515C495.188 242.433 495.293 241.601 494.329 241.601C493.365 241.601 493.842 242.481 493.67 242.969C493.117 244.539 492.639 246.137 492.029 247.687C491.799 248.261 491.694 248.72 492.277 249.084ZM492.009 231.955C492.716 231.955 492.802 231.438 492.964 230.854C493.274 229.38 493.393 227.871 493.317 226.366C493.317 225.802 493.317 225.151 492.592 225.122C491.866 225.093 492.048 225.916 491.971 226.251C491.637 227.706 491.971 229.256 491.36 230.548C491.58 231.151 491.093 231.926 492.009 231.955ZM489.585 212.911C490.167 213.629 489.69 215.4 491.217 215.036C492.525 214.73 491.446 213.581 491.465 212.797C491.412 211.781 491.268 210.772 491.036 209.782C491.035 209.706 491.017 209.631 490.983 209.563C490.95 209.495 490.902 209.435 490.842 209.387C490.783 209.339 490.714 209.306 490.64 209.288C490.567 209.27 490.49 209.269 490.415 209.285C490.295 209.282 490.177 209.326 490.088 209.408C489.999 209.49 489.946 209.604 489.938 209.725C489.805 210.548 489.661 211.371 489.566 211.955C489.47 212.538 489.47 212.758 489.595 212.911H489.585ZM488.106 236.644C488.726 235.61 488.249 234.5 488.449 233.448C488.249 232.491 488.735 231.4 488.144 230.433C487.991 230.184 487.972 229.792 487.561 229.878C487.351 229.878 487.027 230.165 487.027 230.309C487.027 232.433 486.578 234.548 486.884 236.672C486.931 237.007 486.884 237.428 487.409 237.476C487.934 237.524 487.915 236.969 488.106 236.644ZM486.196 255.974C486.23 256.128 486.316 256.264 486.44 256.361C486.564 256.457 486.718 256.506 486.874 256.5C487.428 256.433 487.323 255.898 487.227 255.639C486.588 253.984 487.027 252.28 486.874 250.615C486.826 250.098 487.246 249.285 486.187 249.256C484.965 249.256 485.49 250.146 485.395 250.701C485.359 251.211 485.359 251.723 485.395 252.232C485.032 253.438 485.834 254.644 486.235 255.974H486.196ZM484.622 228.586C484.746 227.725 484.507 226.739 483.667 226.672C483.085 226.672 482.712 227.629 482.712 228.443C482.825 229.528 482.717 230.625 482.397 231.668C482.319 231.929 482.344 232.211 482.469 232.454C482.594 232.697 482.808 232.881 483.066 232.969C483.338 232.988 483.606 232.897 483.812 232.718C484.017 232.538 484.144 232.285 484.163 232.012C484.163 230.959 484.898 230.041 484.602 229.141C484.612 228.955 484.631 228.77 484.66 228.586H484.622ZM485.633 241.601C484.679 241.601 484.679 242.51 484.631 243.218C484.47 244.463 484.123 245.676 483.6 246.816C483.4 247.429 483.352 248.127 484.039 248.405C484.727 248.682 485.061 248.012 485.29 247.572C485.9 246.289 486.315 244.921 486.521 243.515C486.492 242.596 486.769 241.61 485.681 241.601H485.633ZM487.361 218.816C487.075 220.098 486.826 221.39 486.559 222.644C486.492 223.103 486.779 223.457 486.912 223.849C487.046 224.242 486.96 224.596 487.504 224.605C488.048 224.615 487.981 224.213 488.086 223.868C488.554 222.328 488.497 220.672 489.155 219.16C489.375 218.653 489.031 218.203 488.459 218.06C488.336 218.024 488.207 218.016 488.082 218.036C487.956 218.056 487.836 218.104 487.731 218.176C487.626 218.249 487.538 218.344 487.474 218.454C487.41 218.565 487.371 218.688 487.361 218.816ZM486.301 201.055C487.6 202.895 488.569 204.948 489.165 207.122C489.213 207.332 489.451 207.505 489.661 207.763C490.349 207.227 490.845 206.615 490.616 205.926C490.115 203.896 489.158 202.008 487.819 200.404C487.692 200.225 487.501 200.102 487.286 200.061C487.071 200.02 486.848 200.064 486.664 200.184C486.406 200.404 486.015 200.663 486.301 201.055ZM487.094 194.691C487.943 194.691 487.59 193.734 487.695 193.131C487.6 190.911 485.967 189.304 484.832 187.571C484.517 187.093 484.144 187.466 484.03 187.801C483.957 188.06 483.948 188.333 484.003 188.596C484.058 188.859 484.175 189.105 484.345 189.313C485.127 190.567 486.187 191.744 486.187 193.332C486.149 194.079 486.511 194.758 487.094 194.729V194.691ZM485.605 197.782C485.834 195.868 483.228 191.447 481.787 190.969C481.443 190.854 481.061 190.777 480.832 191.246C480.603 191.715 480.212 192.107 480.775 192.519C482.703 193.916 483.61 196.107 485.605 197.82V197.782ZM473.1 192.71C474.589 193.772 475.783 195.141 477.711 195.667C479.181 196.069 479.944 197.466 480.517 198.816C480.718 199.294 480.87 199.773 481.472 199.572C481.589 199.529 481.696 199.461 481.785 199.373C481.874 199.285 481.944 199.18 481.989 199.063C482.034 198.946 482.054 198.821 482.047 198.696C482.04 198.57 482.007 198.448 481.949 198.337C481.147 196.93 480.775 195.189 478.894 194.509C477.014 193.83 475.544 192.481 473.969 191.294C473.472 190.961 472.956 190.657 472.423 190.385C472.3 190.582 472.221 190.802 472.189 191.032C472.157 191.261 472.173 191.495 472.237 191.718C472.301 191.941 472.411 192.148 472.56 192.325C472.708 192.503 472.893 192.647 473.1 192.749V192.71ZM473.835 271.898C474.004 271.913 474.174 271.895 474.335 271.843C474.497 271.792 474.646 271.708 474.774 271.597C474.902 271.486 475.007 271.351 475.082 271.199C475.157 271.046 475.2 270.881 475.21 270.711C475.305 269.199 475.21 267.687 475.21 266.175C475.212 265.992 475.149 265.814 475.032 265.673C474.914 265.533 474.751 265.439 474.57 265.41C474.141 265.323 473.94 265.687 473.75 266.003C472.795 267.477 473.883 269.247 472.995 270.558C472.976 271.362 473.139 271.869 473.835 271.936V271.898ZM466.667 271.209C466.82 271.792 467.383 271.572 467.774 271.553C469.254 271.477 471.468 269.209 471.506 267.725C471.506 267.218 471.506 266.654 470.81 266.491C470.113 266.328 469.769 266.663 469.626 267.314C469.321 268.663 467.946 269.113 467.097 270.003C466.908 270.143 466.767 270.337 466.69 270.558C466.614 270.78 466.605 271.02 466.667 271.247V271.209ZM434.595 222.165C433.774 219.534 434.28 216.864 434.251 214.213C434.251 213.792 434.251 213.361 434.251 212.94C434.251 212.519 434.108 211.897 433.526 211.878C432.944 211.859 432.753 212.366 432.753 212.902V217.017C432.633 218.78 432.758 220.551 433.125 222.28C433.287 222.816 433.536 223.17 434.08 223.132C434.624 223.093 434.7 222.538 434.595 222.203V222.165ZM446.403 183.973C445.257 185.249 444.093 186.509 442.909 187.753C442.743 187.885 442.626 188.069 442.576 188.275C442.526 188.481 442.546 188.698 442.632 188.892C442.728 189.074 442.947 189.198 443.119 189.361C443.699 189.121 444.243 188.799 444.732 188.404C445.687 187.323 446.641 186.241 447.596 185.217C447.939 184.873 448.55 184.26 447.882 183.638C447.214 183.016 446.851 183.524 446.403 184.012V183.973ZM447.357 180.146C447.212 179.979 447.014 179.868 446.796 179.831C446.579 179.795 446.355 179.835 446.164 179.945C445.163 180.478 444.206 181.089 443.3 181.772C443.1 181.925 442.747 182.299 443.014 182.729C443.132 182.914 443.302 183.059 443.503 183.146C443.703 183.233 443.925 183.258 444.14 183.217C445.572 182.988 446.317 181.782 447.357 181.007C447.51 180.911 447.481 180.366 447.338 180.155L447.357 180.146ZM445.362 195.045C444.75 195.173 444.19 195.483 443.757 195.936C443.324 196.389 443.039 196.962 442.938 197.581C442.934 197.759 442.969 197.936 443.043 198.098C443.329 198.586 443.997 198.883 444.255 198.481C444.952 197.39 446.813 197.524 447.004 196.146C447.118 195.15 445.868 195.476 445.362 195.045ZM444.99 192.461C445.629 192.184 446.145 191.868 445.849 191.131C445.486 190.174 444.703 190.863 444.293 190.997C441.769 191.97 439.546 193.594 437.85 195.706C437.652 195.884 437.522 196.126 437.484 196.39C437.445 196.654 437.501 196.923 437.64 197.151C437.683 197.246 437.753 197.328 437.841 197.385C437.929 197.443 438.031 197.474 438.136 197.476C438.784 197.217 439.367 196.818 439.845 196.308C441.23 194.637 442.985 193.313 444.971 192.442L444.99 192.461ZM378.966 228.577C379.195 228.95 379.338 229.314 379.691 229.39C380.464 229.486 380.646 229.007 380.464 228.625C379.701 227.036 379.347 225.199 377.773 224.089C377.467 223.869 377.018 223.39 376.532 223.955C376.045 224.519 376.532 224.912 376.78 225.055C377.992 225.936 378.221 227.409 378.947 228.586L378.966 228.577ZM378.278 233.428C379.042 235.027 379.653 236.749 381.342 237.716C381.491 237.782 381.649 237.827 381.81 237.85C382.431 237.763 382.421 237.495 382.173 237.094C381.333 235.716 380.531 234.318 379.682 232.95C379.462 232.586 379.013 232.72 378.66 232.749C378.577 232.743 378.495 232.761 378.421 232.799C378.348 232.837 378.286 232.896 378.244 232.967C378.201 233.038 378.179 233.12 378.18 233.203C378.181 233.286 378.205 233.368 378.25 233.438L378.278 233.428ZM377.238 220.864C377.553 221.495 378.25 221.725 378.899 222.041C379.567 221.983 379.491 221.419 379.252 221.151C377.801 219.514 377.515 217.4 376.742 215.486C376.647 215.195 376.454 214.946 376.196 214.782C375.938 214.618 375.632 214.549 375.329 214.586C374.689 214.73 374.718 215.543 374.938 215.993C375.625 217.648 376.408 219.237 377.209 220.873L377.238 220.864ZM376.379 206.605C377.095 208.825 377.333 211.285 379.853 212.998C379.519 210.299 378.288 208.213 377.629 205.945C377.602 205.871 377.559 205.805 377.502 205.751C377.446 205.696 377.378 205.656 377.303 205.632C377.229 205.608 377.15 205.601 377.072 205.612C376.995 205.623 376.921 205.652 376.856 205.696C376.503 205.916 376.226 206.232 376.35 206.615L376.379 206.605ZM378.593 201.82C378.784 202.337 378.717 203.036 379.443 202.969C380.168 202.902 380.178 202.251 380.063 201.399C379.338 199.753 380.226 198.05 380.77 196.289C380.913 195.82 381.209 195.189 380.331 194.997C380.196 194.964 380.056 194.96 379.92 194.986C379.783 195.012 379.655 195.067 379.542 195.148C379.429 195.229 379.336 195.334 379.267 195.455C379.199 195.576 379.158 195.71 379.147 195.849C378.717 197.782 377.811 199.696 378.546 201.792L378.593 201.82ZM379.882 216.175C379.75 216.862 379.767 217.57 379.931 218.25C380.096 218.93 380.405 219.567 380.837 220.117C380.98 220.328 381.18 220.663 381.552 220.49C381.699 220.434 381.819 220.326 381.891 220.187C381.964 220.048 381.982 219.887 381.944 219.734C381.543 218.414 381.505 216.95 379.844 216.108L379.882 216.175ZM381.524 207.61L383.166 211.553C383.309 211.897 383.519 212.242 383.948 212.184C384.378 212.127 384.321 211.696 384.244 211.466C383.614 209.332 383.356 207.036 381.495 205.332C380.779 206.165 381.199 206.844 381.495 207.543L381.524 207.61ZM384.244 216.529C384.106 216.697 383.982 216.877 383.872 217.065C384.337 217.73 384.755 218.427 385.122 219.151C385.752 220.644 386.936 221.84 387.394 223.438C387.547 223.964 388.158 224.634 388.826 224.29C389.494 223.945 388.759 223.333 388.587 222.959C387.881 221.304 387.041 219.715 386.296 218.079C385.987 217.481 385.558 216.953 385.036 216.529C384.994 216.459 384.936 216.401 384.867 216.358C384.797 216.316 384.719 216.29 384.638 216.284C384.557 216.277 384.476 216.29 384.401 216.321C384.326 216.352 384.259 216.4 384.206 216.462L384.244 216.529ZM390.659 226.098C390.635 226.526 390.717 226.953 390.897 227.342C391.944 229.054 393.194 230.631 394.62 232.041C394.963 232.385 395.403 232.596 395.765 232.242C396.128 231.888 395.641 231.62 395.431 231.361C394.19 229.814 393.178 228.097 392.424 226.261C392.33 225.97 392.157 225.711 391.924 225.513C391.692 225.316 391.409 225.187 391.107 225.141C390.382 225.055 390.735 225.735 390.62 226.069L390.659 226.098ZM393.379 236.376C392.615 235.936 392.253 236.682 391.67 237.065C391.899 237.361 392.004 237.601 392.195 237.716C393.523 238.451 394.779 239.309 395.947 240.28C396.223 240.539 396.481 240.443 396.748 240.213C397.016 239.983 396.825 239.668 396.691 239.448C395.858 238.146 394.709 237.079 393.35 236.347L393.379 236.376ZM386.382 239.055C386.144 238.797 385.886 238.481 385.428 238.787C385.241 238.894 385.101 239.068 385.036 239.273C384.97 239.479 384.984 239.702 385.075 239.897C385.16 240.258 385.341 240.589 385.6 240.854C387.852 242.376 389.418 244.682 391.833 246.031L392.233 245.658C390.267 243.432 388.304 241.221 386.344 239.027L386.382 239.055ZM386.86 232.117C387.495 232.869 388.191 233.566 388.94 234.204C389.274 234.548 389.694 234.778 390.076 234.471C390.458 234.165 390.315 233.687 389.952 233.381C388.349 232.003 387.575 230.06 386.354 228.424C386.039 227.993 385.676 227.467 384.989 227.668C384.683 227.735 384.655 227.974 384.664 228.385C385.304 229.524 385.972 230.864 386.831 232.089L386.86 232.117ZM386.163 208.538C386 210.127 386.697 211.409 387.117 212.663C387.327 213.246 387.661 213.935 388.415 213.62C389.017 213.361 388.711 212.73 388.559 212.194C388.205 210.998 387.89 209.782 387.604 208.557C387.451 207.811 387.604 206.691 386.535 206.835C385.466 206.978 386.325 208.031 386.134 208.509L386.163 208.538ZM389.026 218.031C390.401 218.739 390.764 220.309 392.224 221.457C391.966 219.438 391.584 217.868 389.971 216.873C389.57 216.634 389.112 216.423 388.845 216.873C388.664 217.179 388.54 217.754 389.045 218.002L389.026 218.031ZM391.594 212.079C391.747 212.787 391.184 214.567 392.692 214.222C394.047 213.916 392.94 212.414 392.778 211.715C392.348 209.887 392.51 207.734 390.315 206.031C390.2 208.404 391.184 210.184 391.584 212.05L391.594 212.079ZM393.331 218.414C393.226 218.462 393.132 218.532 393.055 218.619C392.977 218.706 392.919 218.808 392.883 218.919C392.847 219.029 392.835 219.146 392.846 219.262C392.858 219.377 392.893 219.49 392.949 219.591C393.417 220.682 397.445 225.333 398.486 225.83C397.292 222.577 395.803 220.194 393.322 218.385L393.331 218.414ZM396.309 216.787C397.426 218.356 397.502 220.529 399.469 221.677C399.288 219.769 398.657 217.932 397.627 216.318C397.607 216.218 397.566 216.124 397.507 216.042C397.447 215.959 397.371 215.891 397.283 215.84C397.195 215.79 397.097 215.76 396.996 215.751C396.895 215.742 396.793 215.755 396.697 215.789C396.602 215.823 396.515 215.877 396.442 215.948C396.369 216.019 396.312 216.104 396.276 216.199C396.239 216.294 396.223 216.395 396.229 216.497C396.234 216.598 396.262 216.697 396.309 216.787ZM397.082 187.237C398.037 187.371 397.617 186.519 397.827 186.107C398.419 184.988 399.039 183.887 399.679 182.806C400.013 182.241 400.328 181.648 399.593 181.236C398.858 180.825 398.724 181.533 398.447 181.983C397.665 183.237 396.834 184.461 396.023 185.696C396.252 186.423 396.242 187.103 397.073 187.208L397.082 187.237ZM395.173 196.088C395.068 196.883 395.269 197.045 395.67 197.265C396.271 197.562 396.386 197.198 396.624 196.825C397.579 195.332 398.104 193.562 399.488 192.299C399.822 191.993 399.669 191.495 399.278 191.179C399.204 191.097 399.113 191.031 399.012 190.986C398.911 190.941 398.801 190.918 398.691 190.918C398.58 190.918 398.471 190.941 398.37 190.986C398.269 191.031 398.178 191.097 398.104 191.179C396.9 192.652 395.922 194.297 395.202 196.06L395.173 196.088ZM399.125 197.84C398.699 199.094 398.111 200.287 397.378 201.39C397.197 201.648 396.977 201.849 397.006 202.127C396.999 202.324 397.058 202.518 397.174 202.678C397.29 202.838 397.456 202.953 397.646 203.007C397.816 203.074 398.003 203.08 398.177 203.024C398.351 202.969 398.501 202.854 398.6 202.701C399.383 201.246 400.557 199.964 400.7 198.222C400.748 197.639 400.7 197.074 400.041 196.873C399.211 196.557 399.316 197.361 399.154 197.811L399.125 197.84ZM398.572 207.036C398.209 206.318 397.827 206.242 397.34 206.414C396.605 206.672 397.235 207.122 397.34 207.371C398.428 209.553 398.638 212.088 400.204 214.069C400.404 214.328 400.328 214.902 400.815 214.72C401.492 214.72 401.273 214.433 401.149 214.165C400.127 211.868 399.765 209.313 398.591 207.007L398.572 207.036ZM400.929 218.184C400.811 218.222 400.702 218.287 400.612 218.373C400.522 218.46 400.453 218.565 400.41 218.682C400.366 218.799 400.35 218.925 400.363 219.049C400.375 219.173 400.415 219.293 400.481 219.4C401.832 221.802 403.477 224.027 405.377 226.022C405.66 226.244 405.985 226.407 406.332 226.5C406.847 226.548 407.134 226.414 407.286 226.127C407.439 225.84 407.114 225.591 406.904 225.419C404.671 223.61 403.688 220.931 402.017 218.72C401.741 218.28 401.55 217.878 400.958 218.156L400.929 218.184ZM401.273 226.117L407.716 232.022C407.935 232.223 408.193 232.538 408.489 232.261C408.615 232.134 408.686 231.962 408.686 231.782C408.686 231.603 408.615 231.431 408.489 231.304C407.716 230.347 406.771 229.591 405.979 228.644C404.825 227.456 403.59 226.35 402.285 225.333C402.116 225.202 401.917 225.118 401.706 225.087C401.495 225.057 401.28 225.082 401.082 225.16C400.977 225.16 400.901 225.409 400.805 225.562C400.977 225.725 401.12 225.936 401.301 226.089L401.273 226.117ZM401.12 232.184C401.12 232.615 401.12 232.682 401.12 232.739C401.216 233.304 404.938 236.778 405.54 236.778C405.782 236.804 406.027 236.75 406.236 236.625C406.427 236.452 406.236 236.204 406.112 236.003C405.158 234.797 404.203 233.553 403.125 232.395C402.96 232.141 402.717 231.948 402.433 231.844C402.149 231.74 401.839 231.732 401.55 231.821C401.4 231.911 401.265 232.024 401.149 232.156L401.12 232.184ZM407.506 218.462C406.685 216.289 406.551 213.907 405.396 211.83C405.215 211.505 404.843 210.988 404.385 211.218C404.07 211.371 403.955 211.907 403.802 212.175C404.518 214.385 404.862 216.596 406.064 218.51C406.199 218.712 406.387 218.873 406.608 218.975C406.829 219.076 407.074 219.114 407.315 219.084C407.429 219.045 407.592 218.605 407.525 218.433L407.506 218.462ZM403.306 208.108C403.812 208.404 404.26 207.954 404.566 207.591C404.871 207.227 405.205 207.055 405.272 206.567C405.501 204.921 405.797 203.285 405.998 201.639C405.998 201.246 406.284 200.615 405.444 200.49C404.49 200.624 404.241 201.447 404.184 202.203C404.07 203.753 404.06 205.275 403.096 206.653C402.95 206.88 402.896 207.154 402.945 207.419C402.995 207.685 403.145 207.921 403.363 208.079L403.306 208.108ZM404.089 196.548C404.47 196.835 404.633 196.481 404.843 196.308C406.513 194.883 406.962 192.854 407.506 190.902C407.687 190.27 407.124 189.849 406.628 189.667C406.456 189.6 405.778 190.136 405.759 190.414C405.599 192.101 404.964 193.707 403.926 195.045C403.845 195.189 403.796 195.349 403.783 195.514C403.783 196.021 403.831 196.27 404.108 196.519L404.089 196.548ZM407.267 183.342C409.243 182.634 410.474 181.007 411.944 179.686C412.24 179.418 412.088 178.892 411.429 178.835C410.474 178.748 406.475 181.705 406.408 182.662C406.504 183.093 406.57 183.571 407.296 183.313L407.267 183.342ZM408.327 199.342C408.398 199.366 408.474 199.375 408.548 199.369C408.623 199.363 408.696 199.342 408.763 199.307C408.83 199.272 408.889 199.224 408.937 199.166C408.985 199.108 409.021 199.041 409.043 198.969C409.73 197.055 411.104 195.485 411.973 193.658C412.097 193.39 412.088 193.074 411.658 192.701C409.892 194.318 408.231 195.973 407.916 198.509C407.907 198.787 407.802 199.246 408.355 199.323L408.327 199.342ZM411.668 217.227C411.324 216.06 410.226 214.969 411.582 213.667C411.935 213.333 411.773 212.356 411.648 211.754C411.293 210.36 411.035 208.944 410.875 207.514C410.885 207.27 410.815 207.029 410.675 206.829C410.535 206.628 410.334 206.479 410.102 206.404C409.768 206.318 409.472 206.404 409.453 206.825C409.339 208.663 409.778 210.567 408.565 212.079C409.415 214.825 409.863 217.486 411.62 219.639C411.811 219.868 411.992 220.337 412.469 220.041C412.947 219.744 412.469 219.514 412.469 219.246C412.469 218.452 411.868 217.916 411.668 217.227ZM412.374 225.17C411.734 225.476 412.565 226.491 412.813 227.16C413.061 227.83 413.252 228.261 413.472 228.806C413.605 229.141 413.729 229.505 414.245 229.4C414.379 229.383 414.507 229.339 414.623 229.269C414.738 229.199 414.837 229.105 414.914 228.994C414.991 228.883 415.043 228.756 415.068 228.623C415.092 228.491 415.088 228.354 415.056 228.223C414.891 227.654 414.65 227.11 414.34 226.605C413.863 225.83 413.347 224.711 412.374 225.17ZM416.001 204.222C416.326 203.265 416.068 202.557 415.295 202.366C414.34 202.146 414.407 203.036 414.292 203.725C414.121 204.768 413.806 205.792 413.577 206.672C413.739 207.045 413.911 207.265 413.911 207.486C413.911 208.232 414.168 209.055 414.865 209.017C415.82 208.959 415.447 207.964 415.419 207.39C415.398 206.305 415.596 205.228 416.001 204.222ZM413.481 195.61C413.6 195.685 413.733 195.736 413.872 195.758C414.01 195.781 414.152 195.775 414.289 195.741C414.425 195.707 414.554 195.646 414.666 195.561C414.778 195.476 414.872 195.369 414.942 195.246C415.81 193.82 416.306 192.27 417.805 191.112C418.454 190.615 418.55 188.758 419.056 187.562C419.371 186.806 418.75 186.978 418.321 186.902C418.177 186.902 417.872 186.902 417.843 187.026C417.318 188.624 415.257 189.217 415.056 191.026C415.067 191.593 414.934 192.154 414.671 192.656C414.407 193.158 414.021 193.585 413.548 193.897C413.408 193.987 413.292 194.109 413.21 194.253C413.127 194.398 413.08 194.56 413.074 194.726C413.067 194.893 413.101 195.058 413.172 195.209C413.243 195.359 413.349 195.49 413.481 195.591V195.61ZM416.211 216.366C416.18 216.572 416.18 216.782 416.211 216.988C416.134 217.808 416.229 218.636 416.49 219.417C416.752 220.199 417.174 220.916 417.729 221.524C418.063 221.907 418.511 222.309 418.989 221.955C419.466 221.601 419.189 221.093 418.788 220.739C417.738 219.782 417.691 218.529 417.71 217.256C417.71 217.017 417.71 216.778 417.71 216.529C417.71 215.706 417.576 214.49 416.755 214.49C415.591 214.519 416.459 215.754 416.211 216.366ZM430.615 195.112C430.958 195.801 431.493 195.706 432.18 195.371C433.729 194.493 435.117 193.357 436.285 192.012C436.373 191.947 436.446 191.862 436.495 191.764C436.545 191.666 436.571 191.557 436.571 191.447C436.571 191.337 436.545 191.229 436.495 191.13C436.446 191.032 436.373 190.947 436.285 190.883C434.624 189.926 435.779 189.342 436.437 188.576C437.158 187.913 437.975 187.364 438.862 186.949C439.144 186.761 439.361 186.49 439.483 186.173C439.604 185.855 439.624 185.508 439.54 185.179C439.54 184.825 439.358 184.605 438.709 184.729C437.846 185.117 437.05 185.64 436.351 186.28C435.54 187.237 434.538 188.021 433.736 188.988C433.173 189.677 432.61 190.299 433.287 191.15C433.765 191.753 433.287 192.002 432.944 192.356C432.407 192.86 431.774 193.251 431.082 193.505C430.933 193.569 430.8 193.666 430.693 193.788C430.586 193.911 430.507 194.055 430.462 194.212C430.418 194.368 430.408 194.533 430.434 194.694C430.461 194.854 430.522 195.007 430.615 195.141V195.112ZM431.063 203.265C431.798 203.486 431.942 202.758 432.161 202.308C432.592 201.304 433.245 200.411 434.07 199.696C434.595 199.265 434.901 198.739 434.309 198.146C433.717 197.552 433.154 198.146 432.867 198.404C431.789 199.361 430.443 200.184 430.481 202.079C430.462 202.452 430.433 203.112 431.044 203.294L431.063 203.265ZM430.844 191.131C431.044 190.538 430.844 190.031 429.679 190.174C428.601 190.763 427.729 191.668 427.178 192.768C426.902 193.438 427.646 193.993 428.305 193.725C428.882 193.502 429.406 193.159 429.842 192.718C430.278 192.278 430.616 191.75 430.834 191.17L430.844 191.131ZM429.107 186.213C429.441 185.705 429.593 185.093 429.107 184.739C428.62 184.385 428.219 184.873 427.828 185.198C426.358 186.442 425.308 188.069 423.561 189.074C423.208 189.265 423.112 189.897 422.921 190.289C423.17 191.016 423.484 191.581 424.239 190.94C426.089 189.623 427.738 188.044 429.135 186.251L429.107 186.213ZM422.988 211.888C423.035 211.587 423.004 211.28 422.899 210.996C422.793 210.711 422.617 210.458 422.387 210.261C422.139 210.069 422.205 209.447 421.652 209.687C421.564 209.713 421.483 209.758 421.413 209.817C421.344 209.877 421.287 209.951 421.248 210.034C421.208 210.117 421.187 210.207 421.184 210.299C421.181 210.39 421.197 210.482 421.232 210.567C421.448 212.525 421.661 214.484 421.871 216.443C421.938 217.055 422.52 217.304 422.826 217.715C422.939 217.869 423.103 217.977 423.289 218.019C423.475 218.061 423.67 218.035 423.838 217.945C424.181 217.725 424.105 217.333 423.914 216.988C423.167 215.411 422.845 213.666 422.979 211.926L422.988 211.888ZM424.363 229.648C423.294 228.452 423.045 226.854 422.139 225.581C422.042 225.385 421.882 225.227 421.684 225.135C421.486 225.043 421.262 225.021 421.05 225.074C420.449 225.256 420.802 225.792 420.602 226.443C421.451 227.648 422.387 229.017 423.379 230.347C423.504 230.425 423.644 230.473 423.789 230.488C423.935 230.503 424.082 230.484 424.219 230.433C424.286 230.396 424.343 230.345 424.388 230.283C424.432 230.221 424.462 230.15 424.476 230.075C424.489 230 424.486 229.923 424.467 229.849C424.447 229.775 424.412 229.707 424.363 229.648ZM422.893 195.533C423.274 194.997 424.344 194.289 423.169 193.619C422.368 193.179 421.719 193.782 421.26 194.528C420.306 196.222 418.817 197.648 418.273 199.6C418.145 199.948 418.067 200.312 418.044 200.682C418.025 201.091 418.142 201.495 418.378 201.83C418.502 202.069 418.378 202.509 418.741 202.557C419.103 202.605 419.371 202.012 419.38 201.83C419.456 199.141 421.499 197.514 422.912 195.533H422.893ZM417.013 177.476C417.328 178.375 417.967 177.992 418.511 177.715C419.842 176.912 421.283 176.309 422.788 175.925C422.904 175.905 423.015 175.861 423.114 175.797C423.213 175.732 423.298 175.648 423.364 175.55C423.43 175.451 423.476 175.341 423.498 175.225C423.52 175.108 423.519 174.989 423.494 174.873C423.408 174.413 422.854 174.385 422.091 174.452C420.539 174.802 419.021 175.292 417.557 175.916C417.282 176.054 417.072 176.295 416.974 176.587C416.875 176.879 416.896 177.199 417.032 177.476H417.013ZM419.189 182.701C418.616 183.055 418.741 183.658 418.941 184.203C418.958 184.28 418.995 184.35 419.048 184.408C419.101 184.465 419.169 184.507 419.244 184.53C419.319 184.552 419.398 184.554 419.474 184.535C419.55 184.517 419.62 184.478 419.676 184.423C421.499 182.988 423.914 182.969 425.909 181.945C426.186 181.811 426.968 181.811 426.577 181.15C426.461 180.902 426.279 180.69 426.052 180.537C425.826 180.384 425.562 180.295 425.289 180.28C423.475 181.351 421.127 181.504 419.208 182.71L419.189 182.701ZM426.94 183.849C427.618 184.538 427.894 183.629 428.286 183.351C429.355 182.681 430.195 181.61 431.522 181.351C431.789 181.303 432.218 181.036 432.218 180.863C432.218 179.198 433.383 179.141 434.624 178.949C435.206 178.844 436.304 178.758 436.065 177.696C435.865 176.815 435.006 177.045 434.156 177.007C433.278 177.16 432.047 177.093 431.989 178.672C431.989 179.351 431.407 179.409 430.863 179.629C429.47 180.266 428.213 181.166 427.159 182.28C426.653 182.748 426.482 183.37 426.959 183.83L426.94 183.849ZM435.196 183.198C435.27 183.35 435.377 183.482 435.511 183.585C435.644 183.687 435.8 183.757 435.965 183.788C436.13 183.82 436.3 183.813 436.461 183.767C436.623 183.721 436.772 183.637 436.896 183.524C438.518 182.375 440.265 181.351 441.114 179.38C441.496 178.49 441.114 178.346 440.666 178.088C439.912 178.088 439.769 178.576 439.435 178.911C438.48 179.868 437.86 181.198 436.218 181.466C436.032 181.503 435.856 181.578 435.702 181.688C435.548 181.798 435.419 181.94 435.325 182.104C435.23 182.268 435.171 182.451 435.152 182.639C435.133 182.828 435.155 183.019 435.216 183.198H435.196ZM437.602 231.802C437.119 230.629 437.095 229.317 437.535 228.127C437.707 227.725 437.363 227.428 437 227.294C436.638 227.16 436.294 227.361 436.046 227.792C435.559 228.558 435.951 229.342 435.817 229.706C435.731 230.495 435.731 231.29 435.817 232.079C435.941 232.558 436.39 233.141 437.02 233.036C437.141 232.996 437.253 232.932 437.35 232.848C437.446 232.764 437.525 232.662 437.581 232.546C437.637 232.431 437.669 232.306 437.676 232.178C437.683 232.05 437.664 231.922 437.621 231.802H437.602ZM436.886 205.763C436.945 205.523 436.916 205.27 436.804 205.05C436.691 204.831 436.504 204.659 436.275 204.567C435.769 204.395 435.445 204.864 435.254 205.189C434.736 206.053 434.283 206.955 433.898 207.887C433.797 208.116 433.79 208.376 433.877 208.61C433.965 208.844 434.14 209.035 434.366 209.141C434.565 209.218 434.784 209.226 434.988 209.164C435.193 209.101 435.37 208.972 435.492 208.797C436.208 207.919 436.693 206.876 436.905 205.763H436.886ZM429.068 233.515C430.634 235.017 431.646 237.055 433.65 238.405C433.841 237.591 433.975 237.218 433.373 236.634C432.256 235.565 431.395 234.256 430.853 232.806C430.821 232.656 430.757 232.514 430.664 232.391C430.572 232.268 430.454 232.167 430.319 232.094C430.184 232.021 430.034 231.979 429.881 231.97C429.728 231.96 429.574 231.985 429.431 232.041C428.591 232.299 428.839 233.294 429.135 233.534L429.068 233.515ZM430.911 227.639C429.298 225.342 428.897 222.452 427.093 219.84C426.472 222.749 428.448 226.711 430.93 227.658L430.911 227.639ZM426.577 212.73H427.054C427.789 210.519 427.493 208.251 427.312 206.031C427.265 205.759 427.126 205.511 426.92 205.329C426.714 205.146 426.451 205.039 426.176 205.026C425.804 205.026 425.556 205.39 425.604 205.782C425.938 208.108 426.272 210.433 426.596 212.758L426.577 212.73ZM425.565 201.811C426.291 201.868 426.224 201.131 426.424 200.634C426.666 199.639 427.163 198.726 427.866 197.983C427.992 197.895 428.097 197.779 428.172 197.644C428.247 197.509 428.29 197.359 428.298 197.205C428.306 197.051 428.279 196.897 428.219 196.755C428.159 196.613 428.068 196.486 427.952 196.385C427.341 195.839 426.787 196.452 426.463 196.863C425.68 197.769 425.124 198.848 424.84 200.012C424.859 201.055 424.754 201.773 425.575 201.84L425.565 201.811ZM418.254 245.543C418.521 245.716 418.951 246.041 419.036 245.878C419.895 244.232 421.07 245.687 422.062 245.562C422.511 245.505 423.017 245.515 423.198 245.074C423.933 243.505 425.059 242.079 425.012 240.223C425.117 236.481 422.148 232.768 418.693 232.328C416.86 232.098 415.19 232.328 413.92 233.782C413.145 234.548 412.64 235.547 412.484 236.627C412.327 237.706 412.526 238.808 413.052 239.763C414.233 242.139 416.038 244.147 418.273 245.572L418.254 245.543ZM414.016 246.5C414.13 246.606 414.359 246.606 414.579 246.663C414.798 246.72 414.961 246.51 414.999 246.395C415.062 246.227 415.069 246.043 415.019 245.87C414.969 245.698 414.865 245.546 414.722 245.438C412.447 243.516 409.895 241.951 407.153 240.797C406.828 240.673 406.494 240.405 406.198 240.854C405.902 241.304 406.198 241.582 406.484 241.763C409.09 243.208 411.801 244.5 414.025 246.529L414.016 246.5ZM402.056 255.17C403.42 256.194 405.139 255.381 406.265 256.223C406.885 256.108 407.429 256.357 407.515 255.697C407.582 255.189 407.563 254.787 406.838 254.673C405.406 254.453 403.974 254.07 402.58 253.84C402.294 253.84 401.721 253.218 401.559 253.984C401.487 254.214 401.499 254.461 401.591 254.684C401.684 254.906 401.852 255.088 402.065 255.199L402.056 255.17ZM401.426 244.156C402.8 245.457 404.222 246.711 405.692 247.907C406.274 248.386 406.589 247.754 406.36 247.39C405.234 245.639 404.127 243.83 402.084 242.893L401.731 242.711C401.053 243.113 400.91 243.687 401.454 244.185L401.426 244.156ZM400.948 251.39C401.311 250.998 400.996 250.701 400.786 250.433C399.792 249.379 398.547 248.595 397.168 248.156C396.3 247.783 395.975 248.711 396.328 249.208C397.289 250.453 398.63 251.347 400.146 251.754C400.299 251.767 400.452 251.744 400.593 251.686C400.734 251.627 400.859 251.536 400.958 251.419L400.948 251.39ZM387.766 253.515C390.63 254.874 392.825 257.343 395.708 258.663C396.109 258.855 396.662 259.534 397.13 258.74C397.598 257.945 396.653 258.108 396.328 257.878C394.057 256.252 391.737 254.692 389.513 253.008C388.977 252.728 388.426 252.479 387.862 252.261C387.499 252.031 387.308 252.261 387.251 252.615C387.214 252.809 387.246 253.009 387.342 253.18C387.438 253.352 387.592 253.484 387.776 253.553L387.766 253.515ZM381.982 247.448C382.936 248.194 383.891 249.256 385.285 249.189C385.676 249.189 386.239 249.429 386.411 248.874C386.583 248.319 386.23 248.022 385.762 247.725C384.263 246.768 382.812 245.811 381.333 244.854C380.607 244.385 380.245 243.39 378.756 243.429C379.392 245.083 380.522 246.5 381.991 247.486L381.982 247.448ZM373.391 242.414C374.899 245.094 376.207 247.917 378.784 249.859C379.013 250.031 379.386 249.984 379.739 249.61C377.9 247.578 376.363 245.289 375.176 242.816C374.905 242.407 374.51 242.095 374.05 241.926C373.773 241.821 373.134 241.936 373.429 242.452L373.391 242.414ZM370.394 242.519C370.514 242.7 370.692 242.835 370.898 242.901C371.105 242.967 371.328 242.961 371.53 242.883C371.931 242.692 371.711 242.242 371.816 241.821C371.33 240.711 371.091 239.4 369.812 238.692C369.736 238.637 369.648 238.602 369.556 238.59C369.464 238.578 369.37 238.589 369.283 238.622C369.196 238.656 369.118 238.71 369.058 238.78C368.997 238.851 368.954 238.935 368.934 239.027C369.009 240.342 369.539 241.591 370.432 242.558L370.394 242.519ZM367.426 220.921C367.015 220.557 366.576 219.964 366.022 220.318C365.469 220.672 366.022 221.208 366.271 221.687C367.303 224.096 368.46 226.45 369.735 228.739C369.804 228.867 369.84 229.01 369.84 229.156C369.84 229.301 369.804 229.444 369.735 229.572C367.96 231.371 370.413 232.529 370.451 234.05C370.866 234.215 371.299 234.33 371.74 234.395C371.979 234.395 371.74 233.84 371.74 233.668C371.444 232.954 371.217 232.214 371.062 231.457C370.929 228.089 369.296 225.208 368.084 222.175C367.978 221.725 367.765 221.309 367.464 220.959L367.426 220.921ZM369.955 208.643C369.678 207.179 369.44 205.706 369.077 204.261C369 203.964 368.647 203.466 368.122 203.581C367.836 203.648 367.645 203.954 367.721 204.395C368.466 206.72 368.437 209.256 368.943 211.706C369.107 213.187 369.427 214.646 369.898 216.06C370.155 216.653 370.442 217.122 371.072 216.883C371.702 216.644 371.291 216.117 371.139 215.677C370.356 213.409 370.394 210.978 369.955 208.643ZM371.74 202.538C370.89 204.624 371.129 206.557 371.062 208.481C371.062 209.145 371.273 209.792 371.664 210.328C371.74 210.415 371.834 210.486 371.939 210.535C372.044 210.585 372.158 210.612 372.274 210.615C372.628 210.615 372.561 210.28 372.57 210.06C372.487 208.075 372.609 206.087 372.933 204.127C373.124 203.332 372.36 203.036 371.721 202.538H371.74ZM372.446 218.921C372.055 219.036 371.749 219.294 371.902 219.677C372.69 221.142 373.357 222.668 373.897 224.242C373.916 224.318 373.959 224.386 374.02 224.437C374.08 224.487 374.155 224.517 374.233 224.523C374.311 224.528 374.389 224.508 374.456 224.466C374.523 224.425 374.574 224.363 374.604 224.29C375.31 223.084 374.231 222.136 374.05 221.065C373.939 220.615 373.738 220.194 373.459 219.825C373.18 219.456 372.829 219.149 372.427 218.921H372.446ZM374.489 192.796C374.123 194.037 373.993 195.336 374.107 196.624C374.107 197.792 374.107 198.643 374.107 199.495C374.107 199.84 374.25 200.069 374.651 200.069C374.727 200.078 374.804 200.068 374.876 200.042C374.948 200.015 375.013 199.973 375.065 199.917C375.118 199.862 375.157 199.795 375.18 199.721C375.202 199.648 375.208 199.571 375.195 199.495C375.254 197.205 375.449 194.92 375.778 192.653C375.786 192.575 375.776 192.497 375.749 192.423C375.722 192.35 375.679 192.283 375.623 192.229C375.567 192.174 375.499 192.134 375.425 192.109C375.351 192.085 375.273 192.078 375.195 192.088C375.009 192.101 374.833 192.181 374.7 192.313C374.567 192.444 374.485 192.619 374.47 192.806L374.489 192.796ZM379.787 178.088C379.225 178.36 378.71 178.718 378.259 179.15C376.988 180.062 375.996 181.311 375.396 182.758C375.1 183.447 375.109 183.954 375.787 184.26C375.918 184.313 376.059 184.338 376.2 184.334C376.342 184.33 376.481 184.297 376.609 184.237C376.737 184.177 376.851 184.091 376.944 183.985C377.038 183.879 377.109 183.754 377.152 183.619C377.705 182.022 378.65 180.59 379.901 179.457C379.985 179.36 380.049 179.248 380.088 179.126C380.128 179.004 380.143 178.876 380.132 178.748C380.122 178.62 380.086 178.496 380.026 178.383C379.967 178.27 379.885 178.169 379.787 178.088ZM383.194 184.787C383.09 184.714 382.973 184.663 382.85 184.636C382.726 184.61 382.598 184.608 382.474 184.631C382.35 184.654 382.231 184.702 382.126 184.771C382.02 184.841 381.929 184.931 381.858 185.036C380.779 187.064 379.328 188.93 378.994 191.275C378.945 191.488 378.976 191.711 379.082 191.902C379.188 192.093 379.361 192.238 379.567 192.308C380.197 192.5 380.302 191.782 380.34 191.524C380.655 189.371 382.373 187.916 383.137 185.993C383.318 185.543 383.767 185.122 383.204 184.787H383.194ZM384.063 197.227C383.662 198.404 382.965 199.524 383.108 201.007C383.031 201.321 383.031 201.65 383.108 201.964C383.376 202.519 383.414 203.457 384.273 203.371C385.132 203.285 384.979 202.481 384.931 201.897C384.869 200.511 385.114 199.129 385.647 197.849C385.781 197.476 385.962 196.816 385.37 196.567C385.111 196.487 384.831 196.512 384.589 196.635C384.347 196.758 384.162 196.97 384.072 197.227H384.063ZM385.638 190.27C386.511 189.729 387.182 188.916 387.547 187.954C387.824 187.437 387.299 187.246 386.793 187.284C386.287 187.323 384.502 189.198 384.721 189.658C384.846 189.887 384.788 190.662 385.647 190.241L385.638 190.27ZM390.258 175.39C389.866 175.064 389.217 175.035 389.055 175.246C387.738 176.921 386.268 178.528 385.771 180.308C385.685 181.409 386.201 181.925 386.726 182.05C387.423 182.213 387.49 181.543 387.623 180.978C388.11 179.31 388.965 177.773 390.124 176.48C390.315 176.222 390.792 175.791 390.267 175.361L390.258 175.39ZM392.243 185.179C392.069 185.162 391.894 185.183 391.729 185.241C391.564 185.299 391.414 185.392 391.289 185.514C390.076 187.495 388.969 189.533 388.95 191.954C391.155 190.481 391.718 188.127 392.51 185.945C392.577 185.677 392.606 185.208 392.253 185.16L392.243 185.179ZM392.758 194.624C392.52 194.793 392.3 194.985 392.1 195.198C391.217 196.59 390.478 198.068 389.895 199.61C389.847 199.727 389.826 199.853 389.831 199.979C389.836 200.105 389.868 200.228 389.925 200.341C389.982 200.453 390.063 200.552 390.161 200.631C390.26 200.71 390.374 200.766 390.496 200.796C390.954 200.969 391.164 200.615 391.451 200.299C392.749 199.055 392.606 197.227 393.541 195.84C393.885 195.38 393.532 194.758 392.768 194.595L392.758 194.624ZM393.398 204.194C392.587 204.251 392.997 204.921 392.844 205.399C393.207 206.414 393.541 207.505 393.999 208.538C394.629 209.964 394.648 211.572 395.488 212.921C395.727 213.294 395.908 213.782 396.443 213.591C396.977 213.399 396.729 212.931 396.634 212.634C395.918 210.117 395.145 207.61 394.429 205.093C394.248 204.49 393.99 204.108 393.408 204.155L393.398 204.194ZM394.792 177.399C394.4 177.897 393.98 178.691 394.648 179.179C395.173 179.552 395.966 179.055 396.271 178.643C397.347 177.001 398.776 175.622 400.452 174.605C400.522 174.575 400.584 174.528 400.633 174.469C400.682 174.409 400.715 174.339 400.731 174.264C400.747 174.189 400.745 174.111 400.724 174.037C400.704 173.963 400.666 173.896 400.614 173.839C400.366 173.514 400.051 173.38 399.383 173.447C399.045 173.513 398.722 173.639 398.428 173.82C397.068 174.825 395.839 175.999 394.773 177.313L394.792 177.399ZM409.634 164.308C409.31 163.944 408.871 164.193 408.508 164.499C406.026 166.662 402.953 167.638 399.851 168.538C399.326 168.691 398.829 168.844 399.001 169.495C399.125 169.935 399.545 170.126 400.099 169.763C403.21 168.48 406.847 168.078 409.52 165.619C409.621 165.546 409.705 165.452 409.766 165.343C409.827 165.235 409.865 165.114 409.876 164.99C409.887 164.865 409.871 164.74 409.829 164.623C409.787 164.505 409.721 164.398 409.634 164.308ZM411.057 168.921C410.808 168.576 410.503 167.964 409.902 168.327C408.136 169.495 406.408 170.71 404.69 171.945C404.537 172.05 404.566 172.394 404.509 172.624C404.738 173.715 405.463 173.456 406.036 173.102C407.62 172.145 409.157 171.035 410.684 169.964C410.999 169.724 411.333 169.303 411.057 168.921ZM413.118 173.189C413.058 173.042 412.966 172.91 412.85 172.802C412.733 172.695 412.595 172.614 412.444 172.566C412.293 172.518 412.133 172.503 411.976 172.523C411.819 172.543 411.668 172.597 411.534 172.681C410.738 172.989 410.002 173.432 409.358 173.992C407.749 175.439 406.363 177.116 405.244 178.969C405.018 179.285 404.91 179.671 404.938 180.059C405.015 180.347 404.69 180.902 405.377 181.016C405.66 181.05 405.946 180.982 406.184 180.825C406.422 180.667 406.596 180.43 406.675 180.155C407.239 178.241 408.756 177.131 410.073 175.83C410.624 175.163 411.368 174.685 412.202 174.461C412.975 174.26 413.367 173.878 413.118 173.179V173.189ZM409.778 187.122C409.472 187.399 409.062 187.638 409.071 188.213C409.071 188.5 409.281 188.605 409.558 188.787C409.732 188.909 409.945 188.963 410.156 188.938C410.367 188.913 410.562 188.812 410.703 188.653C412.173 186.806 414.273 185.648 415.953 184.031C416.555 183.457 416.965 182.748 416.335 182.117C415.705 181.485 415.161 182.213 414.684 182.643C413.042 184.165 411.4 185.629 409.778 187.122ZM418.884 170.002C418.091 171.026 417.299 172.021 415.906 172.193C415.257 172.27 415.056 172.48 415.075 173.083C415.094 173.686 415.562 173.648 416.03 173.686C418.769 173.964 420.64 172.193 420.134 169.772C421.575 169.294 422.912 170.251 424.334 170.04C425.059 169.935 425.985 170.155 425.966 169.083C425.966 168.126 425.136 168.212 424.439 168.203C422.9 168.314 421.353 168.198 419.848 167.858C419.657 167.801 419.38 168.05 419.161 168.021C418.781 167.92 418.377 167.962 418.026 168.138C417.674 168.314 417.399 168.613 417.251 168.978C417.003 170.059 418.416 169.322 418.884 169.992V170.002ZM426.272 164.203C424.446 164.004 422.608 163.947 420.774 164.031C420.01 164.031 419.409 163.581 418.645 163.763C418.082 163.897 417.423 163.877 417.452 164.576C417.452 165.141 418.034 165.275 418.569 165.255C421.15 165.301 423.723 165.557 426.262 166.021C426.883 165.887 427.703 166.643 427.847 165.6C427.99 164.557 426.94 164.27 426.272 164.203ZM438.976 164.203C438.852 163.83 438.757 163.313 438.146 163.437C437.02 163.667 435.893 163.897 434.776 164.174C434.242 164.308 433.641 164.624 433.822 165.198C434.003 165.772 434.547 165.131 434.939 165.255C435.18 165.284 435.423 165.284 435.664 165.255C436.523 165.533 437.42 164.901 438.404 164.854C438.68 164.834 439.1 164.691 438.938 164.193L438.976 164.203ZM440.169 168.308C439.702 168.21 439.225 168.168 438.747 168.184C437.287 168.184 435.998 167.744 436.075 169.629C436.075 170.165 435.006 170.279 434.385 170.337C433.765 170.394 433.536 169.906 433.545 169.38C433.578 169.209 433.566 169.032 433.511 168.867C433.455 168.701 433.357 168.554 433.227 168.438C433.097 168.322 432.939 168.242 432.769 168.206C432.599 168.17 432.422 168.179 432.257 168.232C430.93 168.423 429.622 168.729 428.295 168.911C428.116 168.919 427.941 168.968 427.784 169.055C427.627 169.141 427.492 169.262 427.389 169.409C427.285 169.556 427.217 169.724 427.189 169.902C427.161 170.079 427.174 170.261 427.226 170.433C427.436 171.275 428.123 171.131 428.878 170.834C429.652 170.439 430.524 170.276 431.388 170.366C431.712 170.433 432.218 170.184 432.342 170.691C432.467 171.198 432.047 171.294 431.693 171.456L427.56 173.456C427.016 173.724 426.339 174.059 426.673 174.729C427.007 175.399 427.723 175.208 428.324 174.93C429.985 174.165 431.646 173.409 433.297 172.624C434.041 172.27 434.691 171.667 435.626 172.107C435.712 172.145 435.805 172.163 435.899 172.158C435.993 172.153 436.084 172.126 436.166 172.08C436.248 172.033 436.317 171.968 436.369 171.89C436.422 171.812 436.455 171.722 436.466 171.629C436.552 168.758 438.738 170.356 439.998 170.05C440.561 169.916 441.344 171.275 441.764 170.05C442.184 168.825 441.019 168.519 440.131 168.299L440.169 168.308ZM447.223 168.165C446.773 167.692 446.228 167.319 445.625 167.07C445.021 166.821 444.373 166.702 443.72 166.72C443.253 166.949 442.269 166.222 442.212 167.399C442.164 168.423 443.024 168.461 443.73 168.547C444.643 168.584 445.525 168.886 446.269 169.418C446.356 169.507 446.461 169.576 446.576 169.621C446.692 169.666 446.816 169.685 446.94 169.678C447.064 169.671 447.185 169.637 447.295 169.579C447.405 169.521 447.501 169.44 447.577 169.342C448.102 168.739 447.51 168.442 447.185 168.155L447.223 168.165ZM447.958 175.878C446.784 174.806 445.028 174.318 444.541 172.557C444.474 172.308 444.178 172.394 443.93 172.557C442.269 173.437 440.351 173.179 438.604 173.715C438.079 173.878 437.258 173.485 437.315 174.519C437.373 175.552 438.194 175.083 438.709 175.189C438.982 175.213 439.257 175.213 439.53 175.189C440.239 175.174 440.945 175.094 441.639 174.949C442.081 174.734 442.585 174.687 443.058 174.815C443.532 174.944 443.943 175.239 444.217 175.648C444.875 176.547 446.355 176.71 447.214 177.619C447.491 177.916 447.815 177.619 447.987 177.39C448.083 177.285 448.158 177.162 448.206 177.028C448.255 176.894 448.277 176.752 448.271 176.61C448.265 176.468 448.23 176.328 448.17 176.199C448.11 176.07 448.025 175.954 447.92 175.858L447.958 175.878ZM451.175 176.241C450.736 176.241 450.278 176.423 450.268 176.748C450.256 176.954 450.309 177.157 450.421 177.33C450.532 177.502 450.697 177.634 450.889 177.705C451.98 178.018 452.987 178.571 453.838 179.323C453.93 179.408 454.04 179.473 454.159 179.512C454.279 179.551 454.405 179.563 454.53 179.547C454.655 179.532 454.774 179.489 454.881 179.422C454.987 179.355 455.078 179.266 455.146 179.16C455.225 179.085 455.287 178.994 455.328 178.892C455.369 178.791 455.387 178.682 455.381 178.572C455.376 178.463 455.347 178.357 455.296 178.26C455.246 178.163 455.175 178.078 455.089 178.012C453.978 177.034 452.602 176.411 451.137 176.222L451.175 176.241ZM450.478 188.28C450.402 188.902 450.66 189.342 451.433 189.476C451.809 189.382 452.155 189.194 452.439 188.93C452.722 188.665 452.935 188.333 453.056 187.964C453.266 187.342 452.807 186.93 452.101 186.902C451.901 186.87 451.697 186.882 451.501 186.936C451.306 186.99 451.124 187.084 450.968 187.214C450.812 187.343 450.685 187.504 450.596 187.686C450.507 187.868 450.457 188.067 450.45 188.27L450.478 188.28ZM465.569 177.284C464.773 176.447 463.848 175.743 462.83 175.198C460.329 174.126 457.828 173.045 455.451 171.734C454.497 171.217 454.125 171.657 453.857 172.212C453.857 172.882 454.144 173.169 454.516 173.275C456.886 174.142 459.183 175.195 461.388 176.423C462.442 176.979 463.407 177.688 464.252 178.528C464.672 178.902 465.207 179.485 465.646 179.083C465.763 178.96 465.853 178.814 465.911 178.654C465.969 178.494 465.993 178.324 465.983 178.154C465.972 177.984 465.926 177.818 465.849 177.667C465.771 177.516 465.663 177.382 465.531 177.275L465.569 177.284ZM456.272 178.241C456.272 178.691 456.606 179.122 457.351 179.198C458.238 179.35 459.081 179.693 459.823 180.203C460.319 180.528 460.701 181.236 461.226 180.49C461.328 180.35 461.396 180.19 461.427 180.02C461.458 179.85 461.45 179.675 461.404 179.509C461.358 179.342 461.275 179.188 461.162 179.058C461.049 178.928 460.907 178.826 460.749 178.758C459.851 178.366 458.934 178.021 458 177.724C456.921 177.677 456.263 177.724 456.234 178.26L456.272 178.241ZM472.194 180.71C472.194 179.476 471.163 179.447 470.456 179.495C469.616 179.246 468.996 179.351 468.958 179.973C468.881 181.208 470.141 181.485 470.934 181.887C471.525 182.203 472.155 181.313 472.165 180.729L472.194 180.71ZM471.077 187.552C471.478 186.739 470.714 186.366 470.046 185.926C467.831 184.471 465.14 184.059 462.897 182.681C462.562 182.539 462.208 182.446 461.847 182.404C460.978 182.299 460.148 182.653 460.024 183.361C459.899 184.069 460.797 184.251 461.446 184.318C462.095 184.385 462.209 184.653 462.553 184.911C462.897 185.17 463.508 185.744 463.765 185.648C466.218 184.691 467.431 186.873 469.196 187.562C469.769 187.83 470.571 188.548 471.048 187.571L471.077 187.552ZM464.233 197.122C465.092 196.787 465.312 196.241 465.054 195.6C464.796 194.959 464.099 194.95 463.546 195.294C462.505 195.916 461.369 195.629 460.281 195.591C459.193 195.552 458.983 196.021 458.716 196.959C460.634 197.227 462.343 197.916 464.214 197.227L464.233 197.122ZM458.029 187.839C459.499 190.605 462.438 190.997 464.977 192.04C465.703 192.418 466.369 192.902 466.953 193.476C467.163 193.323 467.497 193.198 467.497 193.045C467.549 192.708 467.467 192.365 467.268 192.088C466.465 191.208 465.449 190.549 464.319 190.174C462.505 189.734 460.806 189.485 459.928 187.304C459.441 186.088 457.504 185.591 456.11 185.064C455.432 184.815 455.155 185.39 455.47 185.906C455.793 186.504 456.313 186.97 456.94 187.227C457.303 187.428 457.838 187.591 458 187.897L458.029 187.839ZM456.969 193.849C457.418 193.514 457.847 193.083 457.484 192.471C457.122 191.859 456.53 191.868 455.91 192.261C455.127 192.842 454.173 193.146 453.199 193.122C452.712 193.122 451.929 193.284 451.967 194.146C451.967 194.768 452.254 195.371 452.922 195.208C454.249 194.921 455.747 194.806 456.94 193.906L456.969 193.849ZM449.867 204.71C450.507 205.447 451.041 204.71 451.5 204.318C452.521 203.419 453.327 202.3 453.857 201.045C453.832 200.75 453.72 200.47 453.534 200.24C453.349 200.01 453.099 199.84 452.817 199.753C452.349 199.6 452.149 200.098 451.929 200.49C451.502 201.336 450.872 202.063 450.097 202.605C449.897 202.695 449.725 202.836 449.596 203.012C449.467 203.189 449.385 203.396 449.359 203.614C449.334 203.831 449.364 204.052 449.448 204.254C449.532 204.456 449.667 204.633 449.839 204.768L449.867 204.71ZM448.168 201.332C448.264 201.281 448.349 201.212 448.417 201.127C448.485 201.042 448.535 200.945 448.565 200.84C448.594 200.735 448.602 200.626 448.588 200.518C448.574 200.41 448.539 200.306 448.483 200.213C448.423 200.046 448.311 199.903 448.163 199.807C448.015 199.71 447.839 199.664 447.662 199.677C447.09 199.677 440.809 204.643 440.723 205.141C440.64 205.373 440.631 205.624 440.697 205.861C440.764 206.098 440.903 206.308 441.095 206.462C441.534 206.777 441.744 206.462 442.05 206.232C444.188 204.806 445.878 202.758 448.14 201.39L448.168 201.332ZM440.37 224.395C440.914 224.519 440.952 224.012 441.067 223.591C441.783 221.141 442.546 218.701 443.262 216.251C443.415 215.715 443.424 214.978 442.775 214.864C442.499 214.859 442.229 214.952 442.014 215.127C441.799 215.302 441.653 215.548 441.601 215.821C440.858 218.272 440.306 220.777 439.95 223.313C439.883 223.792 439.855 224.337 440.351 224.452L440.37 224.395ZM440.284 211.055C440.284 210.385 440.551 209.227 439.568 209.342C438.585 209.457 438.365 210.663 438.432 211.773C438.652 212.184 437.917 213.218 439.062 213.199C440.513 213.227 440.274 212.031 440.265 211.112L440.284 211.055ZM445.362 262.3C445.944 261.783 446.45 260.826 445.553 260.07C444.656 259.314 444.178 259.821 443.644 260.692C442.584 262.367 439.74 262.548 438.098 261.18C437.678 260.826 437.306 260.414 436.915 260.012C436.323 259.41 435.597 259.18 435.006 259.811C434.865 259.954 434.759 260.127 434.695 260.317C434.632 260.507 434.613 260.71 434.64 260.908C434.666 261.107 434.738 261.297 434.85 261.464C434.961 261.63 435.109 261.769 435.282 261.869C437.105 262.692 440.294 265.438 445.362 262.3Z" fill="#ACAEBF"/>
<path d="M447.977 240.529C445.706 240.261 446.584 242.903 447.977 244.003C438.375 240.491 426.023 243.525 421.909 253.927C420.525 257.41 418.674 265.238 421.337 268.587C423.818 271.716 432.209 273.372 435.912 273.697C445.391 274.587 455.184 279.209 465.187 277.774C469.698 277.137 474.162 276.204 478.551 274.979C481.281 274.204 490.005 273.066 490.644 269.879C491.208 267.238 488.325 266.223 486.826 264.845C485.328 263.467 484.459 261.783 482.703 260.606C479.286 258.309 475.2 256.654 471.554 254.558C464.166 250.29 457.293 245.046 449.6 241.161C449.018 241.295 449.514 241.515 449.285 241.84L447.977 240.529Z" fill="white"/>
<path d="M419.904 243.467C419.179 241.438 417.585 240.223 417.862 238.012C419.733 239.409 420.067 241.113 419.904 243.467Z" fill="#ACAEBF"/>
<path d="M422.873 309.372C419.586 308.698 416.407 307.577 413.423 306.042C413.287 306.002 413.163 305.93 413.061 305.83C412.96 305.731 412.885 305.608 412.842 305.473C412.8 305.338 412.791 305.194 412.818 305.054C412.844 304.915 412.905 304.784 412.994 304.673C413.541 303.789 413.742 302.731 413.557 301.707C413.452 300.645 413.977 300.386 414.874 300.645C416.254 300.933 417.666 301.036 419.074 300.951C419.573 300.977 420.073 300.977 420.572 300.951C423.293 300.664 424.39 301.956 424.849 304.97C424.84 306.051 424.721 307.128 424.495 308.185C424.438 309.324 423.751 309.525 422.873 309.372Z" fill="url(#paint0_linear_20_3134)"/>
<path d="M409.338 303.927C408.383 303.123 407.362 302.501 406.379 301.793C404.774 300.732 403.353 299.417 402.169 297.898C402.483 297.731 402.837 297.656 403.191 297.679C403.545 297.703 403.885 297.825 404.174 298.032C405.906 299.043 407.808 299.727 409.786 300.051C411.61 300.386 412.087 301.305 411.696 303.123C411.361 304.463 410.416 304.846 409.338 303.927Z" fill="url(#paint1_linear_20_3134)"/>
<path d="M434.977 310.147C432.486 309.99 429.988 309.961 427.494 310.061C425.432 310.271 425.671 309.228 426.071 308.147C426.777 306.674 426.929 304.996 426.501 303.42C425.785 301.209 425.776 300.96 428.019 300.759C430.09 300.568 432.448 299.4 434.299 301.343C436.151 303.286 437.278 305.276 437.306 306.702C437.22 310.482 437.602 310.147 434.977 310.147Z" fill="url(#paint2_linear_20_3134)"/>
<path d="M449.504 306.788C449.838 307.745 449.638 308.358 448.693 308.578C446.201 309.152 443.786 310.071 441.152 310.138C440.388 309.917 439.014 310.74 439.138 308.932C439.256 307.398 439.036 305.856 438.495 304.416C437.954 302.976 437.105 301.672 436.007 300.597C435.692 300.271 435.053 299.535 435.587 299.219C437.286 298.262 439.109 297.429 440.894 296.578C441.009 296.52 441.257 296.645 441.391 296.75C444.913 299.468 448.034 302.492 449.504 306.788Z" fill="url(#paint3_linear_20_3134)"/>
<path d="M476.555 277.611C476.555 277.343 476.851 277.142 477.185 277.075C480.611 276.196 483.984 275.116 487.284 273.84C487.437 277.199 485.842 279.697 483.886 282.061C483.189 282.903 482.721 282.357 482.234 281.898C480.79 280.368 479.053 279.144 477.128 278.3C476.986 278.236 476.861 278.141 476.762 278.021C476.663 277.902 476.592 277.762 476.555 277.611Z" fill="url(#paint4_linear_20_3134)"/>
<path d="M444.856 297.152C442.87 295.238 443.042 295.333 444.36 293.046C445.409 291.219 446.192 289.821 448.655 291.362C449.886 292.128 451.805 292.778 452.072 293.831C452.587 295.946 454.411 296.415 455.623 297.659C457.351 299.372 458.973 301.113 459.441 303.515C459.336 303.956 459.565 304.367 459.03 304.683C456.988 305.869 455.031 307.171 452.616 307.669C451.852 307.831 451.738 307.391 451.662 307.066C450.449 303.027 447.844 299.975 444.856 297.152Z" fill="url(#paint5_linear_20_3134)"/>
<path d="M466.218 281.104C465.807 281.008 465.177 280.912 465.13 280.29C465.072 279.506 465.836 279.486 466.285 279.333C468.194 278.807 470.198 278.951 471.945 278.204C472.899 278.128 477.204 280.185 478.713 281.372C482.531 284.396 482.531 284.721 479.132 288.156C477.624 289.668 477.414 289.63 476.135 288.003C473.558 284.75 470.494 282.109 466.218 281.104Z" fill="url(#paint6_linear_20_3134)"/>
<path d="M458.238 294.424C459.04 293.965 460.682 293.735 460.625 292.109C460.625 291.535 459.976 290.281 461.636 290.673C462.476 290.874 463.125 289.468 464.118 290.357C465.75 291.831 467.507 293.228 468.079 295.458C468.122 295.753 468.275 296.021 468.507 296.208C468.739 296.394 469.033 296.485 469.33 296.463C470.008 296.463 470.065 295.726 469.988 295.161C469.706 293.85 468.99 292.673 467.955 291.822C464.5 288.396 460.214 286.08 456.119 283.554C455.051 283.004 454.062 282.312 453.179 281.496C453.063 281.332 452.982 281.145 452.942 280.947C452.902 280.749 452.904 280.545 452.948 280.348C452.993 280.151 453.078 279.966 453.198 279.804C453.318 279.643 453.471 279.508 453.647 279.41C454.497 278.951 456.883 279.41 457.236 280.061C457.589 280.711 457.723 281.831 459.279 281.314C461.885 282.271 465.006 282.013 467.803 283.439C470.599 284.865 472.346 287.008 474.542 288.845C475.238 289.429 476.823 290.587 475.62 291.85C474.58 292.941 473.625 294.118 472.537 295.171C469.674 298.042 466.18 300.042 462.992 302.444C462.352 302.922 461.465 303.037 461.216 302.358C460.424 300.204 458.811 298.626 457.58 296.788C456.978 295.898 456.873 295.19 458.238 294.424Z" fill="url(#paint7_linear_20_3134)"/>
<path d="M442.308 289.582C440.093 289.113 437.879 288.683 435.693 288.109C430.061 286.625 424.172 287.018 418.512 285.649C413.3 284.396 407.888 284.061 402.657 282.673C397.248 281.363 392.106 279.123 387.461 276.051C383.643 273.439 380.044 270.721 377.219 266.931C374.651 263.496 371.263 260.673 368.733 257.113C366.686 254.074 365.079 250.758 363.961 247.266C362.701 243.677 362.529 239.869 361.975 236.137C361.164 230.682 361.135 225.189 360.486 219.744C360.486 217.065 361.03 214.452 361.269 211.811C361.637 206.425 362.831 201.128 364.81 196.108C366.194 192.796 367.111 189.294 369.163 186.261C369.43 185.859 369.516 185.351 370.203 185.543C370.451 185.61 370.051 186.643 370.776 185.906C371.12 185.562 371.291 184.95 370.871 184.806C369.917 184.394 370.509 183.849 370.747 183.533C371.864 182.26 372.656 180.749 373.668 179.428C375.577 177.055 377.486 174.643 379.395 172.394C380.53 170.97 381.857 169.711 383.337 168.653C386.635 166.643 390.045 164.825 393.551 163.208C395.554 162.177 397.686 161.417 399.889 160.949C404.098 160.174 408.212 159.035 412.603 158.863C416.994 158.691 421.595 158.7 426.081 158.653C430.825 158.726 435.546 159.342 440.151 160.49C441.935 160.892 443.816 160.978 445.563 161.447C450.079 162.853 454.482 164.599 458.735 166.672C463.928 169.064 469.158 171.399 473.845 174.701C478.303 177.839 483.085 180.586 486.569 184.892C487.924 186.567 489.747 187.973 490.75 189.811C494.014 195.792 497.135 201.84 499.102 208.414C500.851 214.53 501.929 220.819 502.318 227.17C502.49 229.438 501.86 231.629 501.879 233.869C501.879 234.711 501.641 239.61 501.517 241.333C501.437 243.792 501.117 246.238 500.562 248.634C498.987 254.271 497.756 260.003 495.265 265.371C495.007 265.926 494.539 266.596 495.656 267.285C495.908 267.455 496.105 267.696 496.222 267.978C496.338 268.259 496.369 268.569 496.311 268.868C496.253 269.167 496.109 269.443 495.895 269.66C495.682 269.877 495.409 270.026 495.112 270.089C492.296 270.903 489.175 271.438 489.929 275.506C489.934 275.628 489.908 275.75 489.852 275.86C488.335 279.888 485.805 283.41 483.276 286.798C480.746 290.185 477.224 293.161 474.16 296.367C472.086 298.5 469.763 300.373 467.24 301.946C464.281 303.793 461.446 305.831 458.315 307.439C455.144 308.984 451.828 310.212 448.417 311.104C445.951 311.889 443.363 312.213 440.78 312.061C438.664 311.963 436.544 312.002 434.433 312.176C430.92 312.291 427.465 311.774 423.933 311.774C422.707 311.803 421.485 311.612 420.325 311.209C415.028 309.2 409.883 306.97 405.368 303.554C404.165 302.782 403.005 301.945 401.893 301.046C400.137 299.372 398.839 297.286 396.892 295.735C396.185 295.171 395.384 294.07 395.937 293.219C396.491 292.367 397.684 292.922 398.4 293.41C400.175 294.645 402.342 294.97 404.232 295.956C405.425 296.578 406.704 297.525 408.05 297.554C410.513 297.611 412.823 298.396 415.285 298.511C419.476 298.645 423.609 299.113 427.847 298.511C432.566 297.907 437.058 296.127 440.914 293.333C441.675 292.663 442.32 291.87 442.823 290.989C443.51 290.156 443.215 289.774 442.308 289.582ZM483.877 282.108C485.786 279.745 487.428 277.257 487.275 273.888C483.975 275.164 480.603 276.244 477.176 277.123C476.852 277.199 476.518 277.391 476.546 277.659C476.584 277.807 476.654 277.945 476.751 278.062C476.849 278.18 476.971 278.274 477.11 278.338C479.035 279.182 480.772 280.406 482.216 281.936C482.722 282.396 483.19 282.941 483.877 282.108ZM479.104 288.185C482.55 284.74 482.531 284.424 478.685 281.4C477.176 280.214 472.843 278.156 471.917 278.233C470.17 278.979 468.099 278.836 466.257 279.362C465.818 279.486 465.044 279.515 465.102 280.319C465.149 280.941 465.779 281.037 466.19 281.132C470.466 282.137 473.521 284.778 476.107 288.07C477.415 289.659 477.625 289.697 479.133 288.137L479.104 288.185ZM462.983 302.491C466.18 300.08 469.664 298.042 472.528 295.219C473.616 294.156 474.58 292.979 475.611 291.898C476.814 290.635 475.229 289.477 474.532 288.893C472.337 287.056 470.504 284.845 467.793 283.486C465.083 282.128 461.875 282.3 459.27 281.362C457.714 281.879 457.609 280.788 457.227 280.108C456.845 279.429 454.487 278.989 453.638 279.458C453.462 279.556 453.309 279.691 453.189 279.852C453.068 280.014 452.983 280.199 452.939 280.396C452.895 280.593 452.893 280.797 452.933 280.995C452.972 281.192 453.053 281.38 453.17 281.544C454.053 282.36 455.042 283.052 456.11 283.601C460.205 286.147 464.491 288.443 467.946 291.869C468.98 292.721 469.697 293.898 469.979 295.209C470.056 295.774 469.979 296.463 469.321 296.511C469.024 296.533 468.73 296.442 468.498 296.255C468.266 296.069 468.113 295.801 468.07 295.506C467.507 293.295 465.741 291.888 464.109 290.405C463.154 289.515 462.477 290.922 461.627 290.721C459.966 290.329 460.596 291.582 460.615 292.156C460.673 293.783 459.031 294.013 458.229 294.472C456.864 295.247 456.969 295.955 457.571 296.855C458.792 298.702 460.434 300.281 461.207 302.424C461.455 303.046 462.343 302.941 462.983 302.491ZM452.664 307.659C455.07 307.161 457.026 305.86 459.079 304.673C459.613 304.358 459.384 303.956 459.489 303.506C458.983 301.104 457.361 299.362 455.671 297.649C454.459 296.453 452.636 295.975 452.12 293.822C451.862 292.759 449.934 292.118 448.703 291.353C446.24 289.812 445.458 291.209 444.408 293.037C443.09 295.314 442.919 295.267 444.904 297.142C447.892 299.965 450.498 303.018 451.719 307.008C451.777 307.353 451.891 307.783 452.655 307.621L452.664 307.659ZM450.268 279.037C449.533 278.51 448.779 278.022 447.844 278.616L447.567 278.788C447.825 279.238 448.111 279.381 448.426 279.343C449.085 279.257 449.448 280.702 450.268 279.678C450.412 279.448 450.507 279.18 450.259 279.008L450.268 279.037ZM409.806 300.09C407.828 299.765 405.926 299.081 404.194 298.07C403.905 297.863 403.565 297.741 403.21 297.718C402.856 297.694 402.503 297.77 402.189 297.936C403.372 299.455 404.794 300.77 406.399 301.831C407.353 302.539 408.422 303.161 409.358 303.965C410.293 304.769 411.381 304.501 411.687 303.161C412.088 301.305 411.62 300.386 409.797 300.051L409.806 300.09ZM424.869 304.999C424.439 301.984 423.313 300.692 420.592 300.979C420.093 301.006 419.593 301.006 419.094 300.979C417.686 301.065 416.274 300.962 414.894 300.673C413.997 300.415 413.472 300.673 413.577 301.735C413.762 302.76 413.561 303.817 413.014 304.702C412.925 304.812 412.864 304.943 412.838 305.083C412.811 305.222 412.82 305.366 412.862 305.502C412.905 305.637 412.98 305.76 413.081 305.859C413.183 305.958 413.307 306.031 413.443 306.07C416.427 307.606 419.606 308.727 422.893 309.401C423.771 309.563 424.458 309.401 424.525 308.214C424.747 307.147 424.859 306.06 424.859 304.97L424.869 304.999ZM428.019 300.798C425.775 300.999 425.785 301.247 426.501 303.458C426.929 305.034 426.777 306.713 426.071 308.185C425.67 309.219 425.441 310.262 427.494 310.099C429.988 310 432.486 310.028 434.977 310.185C437.602 310.185 437.22 310.559 437.287 306.788C437.287 305.362 436.027 303.257 434.28 301.429C432.533 299.601 430.09 300.578 428.009 300.769L428.019 300.798ZM441.382 296.778C441.248 296.673 440.99 296.549 440.885 296.606C439.101 297.448 437.277 298.243 435.578 299.247C435.044 299.563 435.693 300.3 435.998 300.625C437.096 301.701 437.945 303.005 438.486 304.445C439.027 305.885 439.247 307.426 439.129 308.96C439.005 310.769 440.38 309.917 441.143 310.166C443.778 310.099 446.193 309.209 448.684 308.606C449.638 308.386 449.829 307.793 449.495 306.817C448.035 302.491 444.914 299.468 441.391 296.75L441.382 296.778ZM450.354 276.491C453.953 277.171 457.59 277.228 461.179 277.716C462.714 277.869 464.263 277.779 465.77 277.448C469.426 276.711 473.024 275.754 476.67 274.96C477.711 274.74 477.911 274.462 477.682 273.381C477.234 271.276 477.186 269.104 476.432 267.056C476.342 266.856 476.331 266.63 476.4 266.423C476.469 266.216 476.613 266.042 476.804 265.936C477.482 265.515 477.396 266.29 477.682 266.481C479.095 267.438 478.637 269.008 478.952 270.309C480.03 275.276 479.019 274.778 483.724 272.596C484.774 272.108 485.92 271.879 486.912 271.285C487.299 271.106 487.675 270.905 488.039 270.683C488.316 270.472 487.418 265.314 487.084 265.123C484.631 263.678 482.102 262.328 479.715 260.788C475.802 258.261 471.659 256.089 467.832 253.419C464.653 251.199 461.15 249.419 457.809 247.429C456.416 246.596 455.222 245.515 453.848 244.615C452.836 243.965 452.025 243.218 450.727 243.419C450.249 243.496 450.163 243.122 449.925 242.845C449.467 242.299 449.113 241.716 448.016 241.888C446.918 242.06 445.859 239.572 446.231 238.357C446.517 237.4 446.899 236.529 446.231 235.61C445.954 235.247 445.649 234.95 445.143 235.084C444.637 235.218 444.809 235.658 444.78 235.993C444.822 236.776 444.708 237.56 444.446 238.299C444.379 238.524 444.255 238.727 444.087 238.89C443.919 239.053 443.712 239.17 443.485 239.229C443.259 239.289 443.022 239.289 442.795 239.23C442.569 239.171 442.362 239.055 442.193 238.893C440.808 237.897 439.808 236.452 439.363 234.803C438.918 233.153 439.054 231.4 439.75 229.84C440.131 229.025 440.788 228.371 441.603 227.993C442.418 227.614 443.34 227.537 444.207 227.773C446.397 228.31 448.436 229.337 450.173 230.778C449.073 228.548 448.228 226.202 447.653 223.782C447.348 221.242 447.296 218.677 447.5 216.127C447.586 212.519 449.247 209.514 451.194 206.557C452.626 204.385 455.012 203.323 456.788 201.629C457.951 200.54 459.332 199.712 460.84 199.202C462.348 198.692 463.948 198.511 465.531 198.672C465.999 198.672 466.629 198.816 466.581 198.031C466.457 195.801 468.395 196.308 469.445 196.184C471.354 195.974 473.186 197.141 473.263 198.509C473.237 198.966 473.375 199.416 473.651 199.78C473.928 200.143 474.325 200.395 474.771 200.49C477.493 201.414 480.038 202.8 482.293 204.586C484.854 206.413 486.622 209.151 487.237 212.242C487.304 212.596 487.476 213.132 486.912 213.342C486.349 213.553 486.139 213.112 485.777 212.892C484.946 212.404 484.822 211.457 484.488 210.758C482.961 207.256 480.088 205.323 476.795 203.677C473.21 201.959 469.311 200.999 465.34 200.854C462.681 200.693 460.062 201.567 458.029 203.294C455.595 205.208 452.741 206.749 451.49 209.907C450.698 211.916 449.753 213.811 449.638 216.031C449.457 219.754 449.018 223.495 450.498 227.065C451.229 228.55 451.58 230.194 451.519 231.85C451.175 231.629 450.841 231.247 450.641 231.314C450.211 231.448 450.373 231.964 450.45 232.271C450.934 234.267 450.934 236.351 450.45 238.347C450.058 240.165 451.853 240.807 452.893 241.649C455.612 243.844 458.448 245.888 461.389 247.773C465.016 250.079 468.834 252.089 472.509 254.319C476.451 256.711 480.24 259.362 484.278 261.592C486.445 262.788 488.745 263.764 490.855 265.075C490.94 265.141 491.041 265.183 491.148 265.196C491.255 265.209 491.363 265.192 491.461 265.148C491.56 265.104 491.644 265.033 491.705 264.945C491.766 264.856 491.802 264.752 491.809 264.644C491.962 263.687 493.298 262.855 491.905 261.62C491.399 261.17 491.599 259.706 491.809 258.749C492.078 257.198 492.193 255.624 492.153 254.051C492.153 253.725 491.962 253.218 492.477 253.151C492.993 253.084 493.107 253.544 493.289 253.955C493.779 255.077 493.87 256.334 493.546 257.515C493.316 258.706 493.236 259.921 493.308 261.132C493.782 261.004 494.208 260.74 494.535 260.373C494.863 260.006 495.076 259.552 495.15 259.065C496.343 255.18 497.555 251.314 498.577 247.371C499.264 244.72 499.111 241.993 499.665 239.342C500.524 235.208 499.617 230.988 500.362 226.826C500.416 225.562 500.264 224.298 499.913 223.084C499.913 223.026 499.913 222.309 499.254 222.672C497.87 223.476 497.746 222.596 497.775 221.543C497.804 220.491 497.775 219.629 497.775 218.605C497.775 217.974 497.708 217.361 498.729 217.428C499.197 217.428 499.302 217.256 499.159 216.749C498.204 213.313 497.804 209.715 495.942 205.974C496 208.069 496.668 209.591 496.734 211.189C496.801 212.787 495.35 213.935 495.971 215.447C496.414 216.771 496.39 218.206 495.904 219.514C495.77 220.05 495.723 220.864 494.864 220.73C493.795 220.558 494.32 219.859 494.386 219.208C494.51 217.936 494.386 216.644 494.453 215.38C494.577 213.83 494.253 212.318 495.035 210.691C495.618 209.486 494.749 207.821 494.186 206.395C493.985 205.897 493.861 205.361 493.613 204.883C493.365 204.404 493.174 204.146 493.613 203.773C494.052 203.399 494.568 203.562 495.255 204.347C494.746 202.512 493.998 200.752 493.031 199.112C492.725 198.567 492.22 198.682 491.618 198.72C489.766 198.835 488.965 197.591 489.881 196.05C490.095 195.728 490.216 195.352 490.23 194.965C490.243 194.578 490.149 194.195 489.957 193.859C487.198 187.953 482.731 183.016 477.138 179.686C475.945 178.959 474.933 177.935 473.759 177.179C473.291 176.882 472.451 176.079 472.127 177.514C471.984 178.126 471.172 178.002 470.877 177.725C469.349 176.203 466.829 175.533 466.476 172.94C466.476 172.748 466.19 172.519 465.989 172.414C463.384 171.141 460.759 169.897 458.143 168.586C457.742 168.394 457.341 168.05 456.96 168.413C456.578 168.777 457.122 169.169 457.236 169.524C457.351 169.878 457.752 170.356 457.37 170.681C456.988 171.007 456.626 170.471 456.339 170.213C455.269 169.391 453.995 168.878 452.655 168.729C452.044 168.605 451.318 168.968 451.147 168.05C450.937 166.882 451.948 167.294 452.492 167.093C452.742 166.966 452.978 166.815 453.199 166.643C450.5 165.12 447.563 164.068 444.513 163.533C441.181 162.767 437.831 162.155 434.481 161.428C433.335 161.179 432.123 161.543 431.006 160.978C430.853 160.93 430.687 160.944 430.544 161.017C430.401 161.091 430.293 161.217 430.243 161.37C429.641 163.858 427.599 162.385 426.243 162.748C426.062 162.748 425.642 162.614 425.623 162.49C425.126 159.514 422.826 161.064 421.28 160.873C418.7 160.622 416.106 161.187 413.863 162.49C413.598 162.661 413.301 162.775 412.99 162.825C412.679 162.875 412.361 162.86 412.056 162.781C411.752 162.702 411.466 162.56 411.219 162.365C410.971 162.17 410.766 161.926 410.618 161.648C410.169 160.825 409.358 161.179 408.785 161.255C406.666 161.543 404.451 161.255 403.201 163.945C402.457 165.514 400.099 165.935 398.238 166.232C397.627 166.327 397.522 165.514 397.798 164.882C397.923 164.586 398.428 164.279 398.056 163.925C397.684 163.571 397.264 163.839 396.873 164.088C396.202 164.506 395.511 164.889 394.801 165.236C394.238 165.514 394.143 165.696 394.515 166.308C395.154 167.37 394.916 168.117 393.427 168.222C392.517 168.3 391.633 168.57 390.835 169.016C390.037 169.461 389.343 170.071 388.797 170.806C388.721 170.902 388.702 171.045 388.616 171.112C388.062 171.552 387.576 172.643 386.86 172.069C386.144 171.495 386.44 170.547 387.194 169.897C387.301 169.827 387.394 169.737 387.466 169.63C387.538 169.524 387.588 169.405 387.613 169.279C387.638 169.153 387.637 169.023 387.611 168.898C387.585 168.772 387.534 168.653 387.461 168.547C386.058 169.504 384.597 170.461 383.309 171.533C380.006 174.404 377.477 177.906 374.861 181.361C373.079 183.707 371.483 186.19 370.089 188.787C369.325 190.213 370.012 191.849 369.316 193.361C368.743 194.624 369.001 194.72 367.55 194.844C367.387 194.844 367.177 195.17 367.13 195.371C366.175 199.198 364.266 202.749 364.008 206.73C363.942 207.83 362.93 208.586 363.197 209.849C363.436 210.959 363.14 212.108 364.037 213.16C364.81 214.069 364.495 214.615 363.245 215.122C362.853 215.285 362.911 215.553 362.853 215.83C362.042 219.811 362.853 223.744 363.111 227.706C363.254 229.725 363.388 231.744 363.588 233.754C364.18 239.783 364.953 245.802 367.569 251.362C369.341 254.951 371.677 258.23 374.489 261.075C376.618 263.314 378.699 265.62 380.827 267.85C384.645 271.898 388.95 275.506 394.477 277.563C397.184 278.662 399.946 279.62 402.752 280.434C405.812 281.345 408.945 281.985 412.116 282.348C414.436 282.53 416.889 282.032 419.151 283.257C419.934 283.687 420.258 282.625 420.965 282.587C422.481 282.417 424.014 282.462 425.518 282.721C426.816 283.018 427.57 282.903 427.56 281.41C427.56 280.108 428.219 279.974 429.364 280.309C430.09 280.52 430.958 280.692 430.978 279.352C430.978 277.439 431.579 277.094 433.536 277.649C433.841 277.761 434.166 277.806 434.49 277.783C434.363 277.303 434.097 276.872 433.724 276.545C433.352 276.218 432.891 276.009 432.4 275.946C430.74 275.566 429.108 275.077 427.513 274.482C426.043 274.015 424.725 273.162 423.695 272.013C422.938 271.29 422.022 270.756 421.022 270.453C420.335 270.147 419.81 269.687 420.172 268.941C420.535 268.194 421.318 268.156 422.081 268.558C423.093 269.094 424.181 269.515 425.212 269.955C428.485 271.299 431.867 272.359 435.321 273.123C440.198 274.424 445.267 275.496 450.373 276.462L450.354 276.491ZM468.576 198.624C468.7 199.208 469.407 199.371 470.056 199.38C470.418 199.294 471.01 199.591 471.058 198.931C471.134 197.897 470.103 198.28 469.588 197.974C469.072 197.667 468.481 198.088 468.595 198.605L468.576 198.624Z" fill="#262522"/>
<path d="M413.958 233.811C415.208 232.357 416.879 232.118 418.731 232.357C422.148 232.787 425.164 236.51 425.05 240.252C425.05 242.108 423.971 243.543 423.236 245.103C423.036 245.534 422.558 245.524 422.1 245.591C421.146 245.725 419.933 244.271 419.074 245.907C418.988 246.079 418.549 245.744 418.292 245.572C416.084 244.159 414.297 242.176 413.118 239.83C412.58 238.874 412.37 237.766 412.522 236.678C412.674 235.591 413.179 234.583 413.958 233.811ZM419.905 243.457C420.067 241.103 419.733 239.4 417.862 238.003C417.595 240.223 419.179 241.429 419.905 243.467V243.457Z" fill="#262522"/>
<path d="M439.941 170.069C438.681 170.366 436.504 168.787 436.409 171.648C436.398 171.741 436.365 171.831 436.312 171.909C436.26 171.988 436.191 172.053 436.109 172.099C436.027 172.146 435.936 172.172 435.842 172.177C435.748 172.182 435.655 172.164 435.569 172.126C434.614 171.705 433.984 172.289 433.24 172.643C431.589 173.428 429.928 174.184 428.267 174.949C427.666 175.227 426.94 175.399 426.616 174.748C426.291 174.098 426.959 173.791 427.503 173.476L431.636 171.476C431.98 171.313 432.362 171.122 432.285 170.71C432.209 170.299 431.684 170.452 431.331 170.385C430.466 170.295 429.595 170.458 428.82 170.854C428.066 171.141 427.379 171.294 427.169 170.452C427.109 170.278 427.091 170.092 427.116 169.91C427.141 169.727 427.208 169.553 427.312 169.402C427.415 169.25 427.553 169.125 427.714 169.036C427.875 168.948 428.055 168.898 428.238 168.892C429.565 168.7 430.873 168.394 432.199 168.212C432.365 168.159 432.542 168.151 432.712 168.187C432.882 168.223 433.04 168.303 433.17 168.419C433.3 168.535 433.398 168.682 433.453 168.847C433.509 169.013 433.521 169.19 433.488 169.361C433.488 169.925 433.755 170.404 434.328 170.318C434.901 170.232 436.037 170.145 436.018 169.61C435.941 167.696 437.22 168.212 438.69 168.165C439.168 168.149 439.645 168.191 440.112 168.289C441 168.528 442.021 168.94 441.678 170.05C441.334 171.16 440.513 169.935 439.941 170.069Z" fill="#262522"/>
<path d="M431.044 193.553C431.748 193.316 432.398 192.939 432.953 192.443C433.258 192.088 433.773 191.84 433.296 191.237C432.619 190.376 433.182 189.763 433.745 189.074C434.547 188.117 435.549 187.342 436.36 186.366C437.045 185.72 437.828 185.187 438.68 184.787C439.329 184.663 439.462 184.883 439.51 185.237C439.595 185.566 439.575 185.913 439.453 186.23C439.332 186.548 439.115 186.819 438.832 187.007C437.946 187.422 437.128 187.97 436.408 188.634C435.749 189.39 434.594 190.012 436.255 190.94C436.344 191.005 436.416 191.09 436.466 191.188C436.516 191.286 436.542 191.395 436.542 191.505C436.542 191.615 436.516 191.723 436.466 191.821C436.416 191.92 436.344 192.004 436.255 192.069C435.087 193.415 433.699 194.55 432.151 195.428C431.464 195.763 430.939 195.859 430.585 195.17C430.496 195.037 430.437 194.886 430.412 194.728C430.387 194.57 430.396 194.409 430.44 194.255C430.484 194.101 430.56 193.958 430.664 193.837C430.769 193.716 430.898 193.619 431.044 193.553Z" fill="#262522"/>
<path d="M468.604 207.61C466.81 208.347 465.741 211.323 466.838 212.031C468.318 212.988 467.478 213.687 467.039 214.558C466.259 215.758 465.558 217.008 464.939 218.299C464.865 218.548 464.705 218.761 464.488 218.903C464.272 219.045 464.012 219.106 463.756 219.074C463.097 217.361 464.185 216.06 464.968 214.787C465.191 214.507 465.344 214.178 465.413 213.827C465.483 213.475 465.468 213.112 465.369 212.768C464.195 209.562 464.758 207.677 467.554 206.069C468.136 205.735 469.005 205.113 469.463 205.945C469.893 206.548 469.673 207.17 468.604 207.61Z" fill="#262522"/>
<path d="M434.928 259.831C435.558 259.19 436.274 259.429 436.837 260.032C437.229 260.434 437.601 260.845 438.021 261.199C439.663 262.577 442.507 262.386 443.567 260.711C444.12 259.84 444.588 259.333 445.476 260.089C446.364 260.845 445.867 261.802 445.285 262.319C440.245 265.439 437.057 262.692 435.157 261.888C434.988 261.784 434.844 261.642 434.737 261.474C434.63 261.305 434.563 261.114 434.541 260.916C434.519 260.717 434.542 260.516 434.609 260.328C434.677 260.14 434.786 259.97 434.928 259.831Z" fill="#262522"/>
<path d="M419.131 167.992C419.351 167.992 419.628 167.772 419.819 167.83C421.324 168.169 422.871 168.285 424.41 168.174C425.107 168.174 425.927 168.117 425.937 169.055C425.937 170.136 424.983 169.916 424.305 170.012C422.873 170.232 421.537 169.275 420.105 169.744C420.601 172.174 418.74 173.945 416 173.658C415.571 173.658 415.113 173.715 415.046 173.055C414.979 172.394 415.218 172.241 415.876 172.165C417.27 171.992 418.072 170.997 418.854 169.973C418.387 169.303 416.945 170.04 417.194 168.959C417.34 168.586 417.619 168.28 417.977 168.102C418.335 167.923 418.746 167.884 419.131 167.992Z" fill="#262522"/>
<path d="M412.47 220.012C411.993 220.309 411.811 219.85 411.62 219.61C409.864 217.448 409.416 214.826 408.566 212.05C409.788 210.538 409.339 208.625 409.454 206.797C409.454 206.395 409.778 206.29 410.103 206.376C410.335 206.451 410.536 206.6 410.676 206.8C410.815 207.001 410.886 207.242 410.876 207.486C411.036 208.915 411.294 210.332 411.649 211.725C411.773 212.366 411.926 213.342 411.582 213.639C410.217 214.95 411.324 216.031 411.668 217.199C411.868 217.888 412.47 218.424 412.47 219.189C412.479 219.486 412.909 219.763 412.47 220.012Z" fill="#262522"/>
<path d="M464.224 178.519C463.379 177.679 462.414 176.969 461.361 176.414C459.156 175.185 456.858 174.133 454.488 173.265C454.125 173.16 453.868 172.873 453.829 172.203C454.097 171.638 454.488 171.246 455.423 171.725C457.8 173.036 460.301 174.117 462.802 175.189C463.82 175.733 464.745 176.438 465.541 177.275C465.669 177.385 465.773 177.52 465.846 177.672C465.919 177.824 465.961 177.989 465.968 178.158C465.975 178.326 465.948 178.495 465.888 178.652C465.827 178.81 465.735 178.953 465.618 179.074C465.15 179.495 464.635 178.892 464.224 178.519Z" fill="#262522"/>
<path d="M447.185 177.581C446.335 176.624 444.846 176.509 444.188 175.61C443.914 175.201 443.503 174.905 443.029 174.777C442.556 174.649 442.052 174.696 441.61 174.911C440.916 175.056 440.21 175.136 439.501 175.15C439.228 175.175 438.953 175.175 438.68 175.15C438.165 175.045 437.344 175.524 437.286 174.48C437.229 173.437 438.05 173.839 438.575 173.677C440.322 173.141 442.24 173.39 443.901 172.519C444.149 172.385 444.445 172.308 444.512 172.519C444.999 174.28 446.755 174.777 447.929 175.839C448.121 176.041 448.228 176.308 448.228 176.586C448.228 176.864 448.121 177.131 447.929 177.332C447.777 177.591 447.452 177.878 447.185 177.581Z" fill="#262522"/>
<path d="M455.433 185.954C455.137 185.438 455.433 184.854 456.072 185.112C457.504 185.639 459.442 186.136 459.89 187.352C460.768 189.533 462.458 189.782 464.281 190.222C465.411 190.597 466.427 191.256 467.231 192.136C467.429 192.413 467.511 192.757 467.46 193.093C467.46 193.237 467.116 193.371 466.916 193.524C466.331 192.95 465.665 192.466 464.94 192.088C462.401 191.045 459.461 190.643 457.991 187.887C457.829 187.581 457.284 187.419 456.893 187.265C456.271 187.009 455.755 186.547 455.433 185.954Z" fill="#262522"/>
<path d="M463.726 185.629C463.459 185.734 462.905 185.179 462.514 184.892C462.123 184.605 461.913 184.318 461.407 184.299C460.901 184.28 459.851 184.155 459.985 183.342C460.118 182.528 460.939 182.27 461.808 182.385C462.169 182.427 462.523 182.52 462.858 182.662C465.101 184.04 467.793 184.452 470.007 185.906C470.675 186.347 471.439 186.71 471.038 187.533C470.561 188.49 469.749 187.792 469.129 187.533C467.392 186.854 466.179 184.71 463.726 185.629Z" fill="#262522"/>
<path d="M473.999 191.371C475.564 192.557 477.005 193.935 478.924 194.586C480.843 195.237 481.177 196.959 481.978 198.414C482.036 198.525 482.07 198.647 482.077 198.772C482.084 198.897 482.064 199.023 482.019 199.139C481.974 199.256 481.904 199.362 481.815 199.45C481.726 199.538 481.619 199.605 481.501 199.648C480.862 199.888 480.709 199.371 480.547 198.892C479.974 197.543 479.21 196.146 477.74 195.744C475.831 195.218 474.619 193.83 473.13 192.787C472.936 192.681 472.765 192.538 472.627 192.364C472.489 192.191 472.388 191.992 472.328 191.779C472.268 191.566 472.252 191.343 472.28 191.123C472.308 190.903 472.379 190.691 472.49 190.5C473.009 190.761 473.513 191.052 473.999 191.371Z" fill="#262522"/>
<path d="M371.1 231.486C371.255 232.243 371.482 232.983 371.778 233.697C371.778 233.878 372.045 234.472 371.778 234.424C371.336 234.359 370.904 234.244 370.489 234.079C370.489 232.558 367.989 231.4 369.773 229.601C369.842 229.473 369.878 229.33 369.878 229.185C369.878 229.039 369.842 228.896 369.773 228.768C368.498 226.479 367.342 224.125 366.309 221.716C366.07 221.237 365.431 220.759 366.061 220.347C366.691 219.936 367.015 220.586 367.464 220.95C367.783 221.303 368.009 221.731 368.122 222.194C369.334 225.237 370.966 228.118 371.1 231.486Z" fill="#262522"/>
<path d="M476.164 189.705C475.639 189.399 475.038 188.949 475.314 188.251C475.591 187.552 476.183 187.428 476.851 187.859C476.974 187.957 477.127 188.011 477.285 188.011C477.443 188.011 477.596 187.957 477.72 187.859C478.101 187.495 477.634 187.198 477.49 186.902C476.97 185.87 476.106 185.054 475.047 184.595C474.93 184.552 474.824 184.484 474.736 184.395C474.648 184.306 474.581 184.199 474.539 184.081C474.497 183.964 474.481 183.838 474.493 183.713C474.505 183.589 474.544 183.469 474.608 183.361C474.708 183.164 474.873 183.008 475.075 182.919C475.277 182.83 475.503 182.813 475.715 182.873C476.956 183.083 479.771 186.375 479.771 187.61C479.724 189.801 478.073 190.796 476.164 189.705Z" fill="#262522"/>
<path d="M412.192 174.433C411.359 174.657 410.615 175.135 410.064 175.801C408.737 177.103 407.201 178.222 406.666 180.127C406.587 180.401 406.413 180.638 406.175 180.796C405.937 180.954 405.651 181.022 405.368 180.988C404.681 180.902 405.015 180.337 404.929 180.031C404.901 179.643 405.009 179.257 405.235 178.94C406.354 177.087 407.74 175.411 409.348 173.964C409.992 173.404 410.729 172.96 411.524 172.653C411.658 172.568 411.809 172.514 411.966 172.494C412.124 172.474 412.283 172.489 412.434 172.537C412.585 172.586 412.723 172.666 412.84 172.774C412.956 172.882 413.048 173.013 413.109 173.16C413.366 173.878 412.975 174.261 412.192 174.433Z" fill="#262522"/>
<path d="M430.862 179.61C431.406 179.38 431.96 179.323 431.989 178.653C432.046 177.074 433.277 177.141 434.155 176.988C435.024 176.988 435.883 176.796 436.064 177.677C436.303 178.739 435.215 178.825 434.623 178.93C433.392 179.16 432.199 179.217 432.218 180.844C432.218 181.007 431.779 181.275 431.521 181.332C430.175 181.6 429.364 182.662 428.285 183.332C427.846 183.61 427.617 184.519 426.939 183.83C426.462 183.342 426.634 182.72 427.14 182.232C428.202 181.127 429.465 180.237 430.862 179.61Z" fill="#262522"/>
<path d="M371.091 216.892C370.461 217.132 370.137 216.663 369.917 216.069C369.447 214.656 369.127 213.196 368.963 211.715C368.457 209.266 368.486 206.73 367.741 204.404C367.665 203.964 367.856 203.658 368.142 203.591C368.648 203.476 369.001 203.974 369.096 204.27C369.45 205.715 369.688 207.141 369.975 208.653C370.423 210.988 370.394 213.438 371.196 215.687C371.311 216.127 371.778 216.634 371.091 216.892Z" fill="#262522"/>
<path d="M415.076 191.007C415.277 189.189 417.338 188.605 417.863 187.007C417.863 186.921 418.197 186.921 418.34 186.883C418.77 186.959 419.39 186.787 419.075 187.543C418.569 188.739 418.474 190.596 417.825 191.093C416.317 192.251 415.821 193.801 414.962 195.227C414.878 195.329 414.775 195.412 414.657 195.471C414.54 195.531 414.412 195.566 414.281 195.573C414.15 195.581 414.019 195.562 413.896 195.516C413.772 195.471 413.66 195.4 413.565 195.309C413.47 195.218 413.395 195.108 413.345 194.987C413.294 194.865 413.269 194.735 413.271 194.603C413.273 194.471 413.302 194.342 413.357 194.222C413.411 194.102 413.49 193.995 413.587 193.907C414.061 193.59 414.446 193.157 414.706 192.65C414.967 192.143 415.094 191.577 415.076 191.007Z" fill="#262522"/>
<path d="M439.837 196.27C439.359 196.78 438.776 197.179 438.128 197.438C438.023 197.436 437.921 197.405 437.833 197.347C437.745 197.29 437.675 197.208 437.632 197.113C437.493 196.885 437.437 196.616 437.476 196.352C437.514 196.088 437.644 195.846 437.842 195.668C439.538 193.556 441.76 191.932 444.284 190.959C444.685 190.825 445.468 190.156 445.84 191.093C446.126 191.83 445.62 192.146 444.981 192.423C442.991 193.286 441.229 194.604 439.837 196.27Z" fill="#262522"/>
<path d="M441.067 206.519C440.875 206.366 440.736 206.156 440.669 205.919C440.602 205.682 440.611 205.43 440.694 205.199C440.78 204.701 447.07 199.763 447.633 199.734C447.809 199.722 447.985 199.767 448.133 199.864C448.281 199.961 448.394 200.104 448.454 200.27C448.509 200.364 448.545 200.468 448.559 200.576C448.573 200.684 448.565 200.793 448.535 200.898C448.506 201.002 448.456 201.1 448.387 201.185C448.319 201.269 448.235 201.339 448.139 201.39C445.877 202.758 444.188 204.816 442.012 206.29C441.716 206.491 441.544 206.797 441.067 206.519Z" fill="#262522"/>
<path d="M418.789 202.577C418.388 202.519 418.551 202.088 418.426 201.849C418.191 201.514 418.074 201.11 418.092 200.701C418.116 200.331 418.193 199.967 418.322 199.62C418.866 197.706 420.326 196.242 421.309 194.548C421.748 193.801 422.397 193.198 423.218 193.639C424.392 194.289 423.323 194.998 422.941 195.553C421.538 197.533 419.486 199.151 419.448 201.868C419.419 202.012 419.295 202.644 418.789 202.577Z" fill="#262522"/>
<path d="M416.325 182.155C416.955 182.749 416.545 183.457 415.943 184.069C414.264 185.686 412.126 186.835 410.694 188.691C410.553 188.85 410.358 188.952 410.147 188.976C409.936 189.001 409.723 188.947 409.549 188.825C409.272 188.634 409.033 188.538 409.062 188.251C409.062 187.677 409.463 187.438 409.768 187.16C411.4 185.677 413.042 184.203 414.674 182.72C415.161 182.251 415.772 181.591 416.325 182.155Z" fill="#262522"/>
<path d="M402.075 218.711C403.754 220.902 404.728 223.582 406.961 225.409C407.171 225.572 407.524 225.754 407.343 226.118C407.162 226.481 406.913 226.539 406.389 226.491C406.042 226.397 405.717 226.234 405.434 226.012C403.534 224.017 401.889 221.793 400.538 219.39C400.473 219.284 400.432 219.164 400.42 219.04C400.408 218.916 400.424 218.79 400.467 218.673C400.51 218.556 400.58 218.45 400.67 218.364C400.76 218.278 400.868 218.213 400.987 218.175C401.55 217.878 401.741 218.28 402.075 218.711Z" fill="#262522"/>
<path d="M433.126 222.318C432.759 220.59 432.634 218.818 432.754 217.055V212.94C432.754 212.414 432.916 211.897 433.527 211.916C434.138 211.936 434.271 212.452 434.252 212.979C434.233 213.505 434.252 213.83 434.252 214.251C434.252 216.902 433.775 219.572 434.596 222.204C434.701 222.539 434.806 223.161 434.128 223.161C433.451 223.161 433.288 222.854 433.126 222.318Z" fill="#262522"/>
<path d="M426.272 166.002C423.732 165.538 421.159 165.282 418.578 165.236C418.034 165.236 417.481 165.122 417.461 164.557C417.461 163.849 418.091 163.878 418.655 163.744C419.428 163.562 420.02 164.059 420.783 164.012C422.618 163.928 424.456 163.985 426.281 164.184C426.988 164.26 428.009 164.49 427.866 165.571C427.723 166.653 426.864 165.878 426.272 166.002Z" fill="#262522"/>
<path d="M458.382 239.103C458.707 239.735 458.917 240.271 458.211 240.663C458.057 240.746 457.886 240.791 457.712 240.796C457.538 240.8 457.365 240.764 457.207 240.689C457.05 240.615 456.911 240.505 456.804 240.367C456.696 240.23 456.622 240.069 456.588 239.897C456.044 238.271 454.736 236.807 455.319 235.199C455.319 234.539 455.319 234.175 455.319 233.811C455.319 233.17 455.099 232.165 455.93 232.137C456.76 232.108 456.808 233.094 456.827 233.811C456.93 235.672 457.462 237.484 458.382 239.103Z" fill="#262522"/>
<path d="M400.099 169.725C399.545 170.088 399.144 169.897 399.001 169.457C398.829 168.844 399.335 168.691 399.851 168.5C402.953 167.591 406.026 166.586 408.508 164.461C408.871 164.146 409.31 163.906 409.635 164.27C409.716 164.36 409.777 164.466 409.815 164.581C409.853 164.696 409.867 164.818 409.855 164.939C409.844 165.059 409.807 165.176 409.748 165.282C409.688 165.388 409.607 165.48 409.51 165.552C406.838 168.04 403.211 168.442 400.099 169.725Z" fill="#262522"/>
<path d="M424.259 190.978C423.505 191.619 423.19 191.045 422.942 190.328C423.142 189.935 423.237 189.313 423.581 189.112C425.328 188.155 426.377 186.471 427.847 185.237C428.238 184.911 428.677 184.433 429.126 184.777C429.575 185.122 429.441 185.734 429.126 186.251C427.741 188.055 426.101 189.648 424.259 190.978Z" fill="#262522"/>
<path d="M381.352 244.874C382.831 245.831 384.282 246.787 385.78 247.744C386.248 248.041 386.611 248.347 386.429 248.893C386.248 249.438 385.695 249.189 385.303 249.209C383.862 249.285 382.917 248.252 382.001 247.467C380.542 246.483 379.419 245.073 378.785 243.429C380.273 243.409 380.627 244.395 381.352 244.874Z" fill="#262522"/>
<path d="M441.543 215.869C441.595 215.596 441.741 215.35 441.956 215.175C442.171 215 442.441 214.907 442.717 214.912C443.366 215.026 443.357 215.763 443.204 216.299C442.498 218.749 441.725 221.189 441.009 223.639C440.885 224.05 440.847 224.596 440.312 224.443C439.778 224.29 439.845 223.792 439.892 223.361C440.249 220.825 440.801 218.32 441.543 215.869Z" fill="#262522"/>
<path d="M439.453 178.921C439.787 178.576 439.931 178.098 440.685 178.098C441.104 178.356 441.515 178.49 441.133 179.39C440.284 181.37 438.537 182.385 436.915 183.533C436.791 183.647 436.642 183.73 436.48 183.776C436.319 183.822 436.149 183.83 435.984 183.798C435.819 183.766 435.663 183.697 435.53 183.594C435.397 183.492 435.289 183.359 435.216 183.208C435.155 183.027 435.134 182.835 435.154 182.645C435.174 182.455 435.235 182.272 435.331 182.108C435.428 181.943 435.559 181.802 435.716 181.693C435.872 181.584 436.05 181.51 436.237 181.476C437.879 181.198 438.499 179.878 439.453 178.921Z" fill="#262522"/>
<path d="M400.624 173.744C400.677 173.8 400.714 173.868 400.735 173.942C400.755 174.016 400.757 174.094 400.742 174.169C400.726 174.244 400.692 174.314 400.643 174.373C400.595 174.432 400.533 174.479 400.462 174.509C398.786 175.526 397.358 176.906 396.282 178.548C395.976 178.969 395.184 179.504 394.659 179.083C393.991 178.595 394.411 177.811 394.803 177.303C395.866 175.955 397.098 174.749 398.467 173.715C398.761 173.534 399.084 173.408 399.422 173.342C400.061 173.303 400.376 173.418 400.624 173.744Z" fill="#262522"/>
<path d="M497.527 228.95C498.166 229.084 498.214 229.505 498.214 230.022C498.206 232.461 497.886 234.889 497.259 237.247C496.458 236.778 495.837 236.452 495.933 235.754C496.219 233.754 496.086 231.706 496.639 229.725C496.811 229.256 496.82 228.806 497.527 228.95Z" fill="#262522"/>
<path d="M486.665 200.213C486.848 200.093 487.071 200.049 487.286 200.09C487.501 200.131 487.692 200.254 487.82 200.433C489.158 202.036 490.115 203.925 490.616 205.955C490.807 206.644 490.301 207.256 489.662 207.792C489.452 207.534 489.213 207.361 489.165 207.151C488.569 204.977 487.6 202.924 486.302 201.084C486.016 200.663 486.407 200.404 486.665 200.213Z" fill="#262522"/>
<path d="M426.597 181.141C426.988 181.811 426.206 181.801 425.929 181.935C423.934 182.959 421.52 182.978 419.697 184.414C419.641 184.468 419.571 184.507 419.495 184.526C419.419 184.544 419.34 184.542 419.265 184.52C419.19 184.498 419.122 184.455 419.069 184.398C419.016 184.341 418.979 184.27 418.962 184.194C418.761 183.677 418.647 183.055 419.21 182.691C421.119 181.495 423.467 181.332 425.309 180.26C425.583 180.277 425.847 180.367 426.074 180.522C426.301 180.677 426.482 180.891 426.597 181.141Z" fill="#262522"/>
<path d="M406.084 218.481C404.891 216.567 404.548 214.357 403.822 212.146C403.975 211.878 404.089 211.352 404.404 211.189C404.863 210.95 405.235 211.467 405.416 211.801C406.561 213.869 406.695 216.261 407.525 218.433C407.592 218.605 407.43 219.046 407.334 219.055C407.093 219.085 406.849 219.048 406.628 218.946C406.407 218.845 406.219 218.684 406.084 218.481Z" fill="#262522"/>
<path d="M387.871 252.3C388.435 252.517 388.987 252.767 389.523 253.046C391.747 254.73 394.066 256.29 396.338 257.917C396.663 258.147 397.512 258.07 397.14 258.778C396.768 259.486 396.128 258.893 395.718 258.702C392.854 257.333 390.668 254.874 387.776 253.553C387.601 253.484 387.455 253.357 387.361 253.194C387.268 253.03 387.232 252.84 387.261 252.654C387.318 252.29 387.509 252.07 387.871 252.3Z" fill="#262522"/>
<path d="M396.606 212.538C396.701 212.864 396.796 213.38 396.415 213.495C396.033 213.61 395.727 213.199 395.46 212.825C394.62 211.476 394.601 209.868 393.971 208.443C393.513 207.409 393.189 206.318 392.817 205.304C392.969 204.825 392.559 204.155 393.37 204.098C393.962 204.098 394.21 204.433 394.324 204.978C395.117 207.543 395.89 210.05 396.606 212.538Z" fill="#262522"/>
<path d="M480.851 192.557C480.288 192.146 480.718 191.706 480.908 191.285C481.099 190.863 481.491 190.892 481.863 191.007C483.256 191.486 485.862 195.868 485.68 197.82C483.609 196.108 482.703 193.916 480.851 192.557Z" fill="#262522"/>
<path d="M387.642 180.959C387.518 181.533 387.442 182.194 386.745 182.031C386.192 181.907 385.686 181.39 385.791 180.289C386.287 178.519 387.757 176.911 389.074 175.227C389.236 175.016 389.895 175.045 390.276 175.371C390.658 175.696 390.324 176.232 390.152 176.452C388.988 177.746 388.13 179.287 387.642 180.959Z" fill="#262522"/>
<path d="M406.228 240.845C406.524 240.395 406.867 240.663 407.182 240.788C409.925 241.942 412.477 243.507 414.752 245.429C414.895 245.537 414.999 245.689 415.049 245.861C415.099 246.034 415.092 246.218 415.029 246.386C415.029 246.51 414.742 246.568 414.609 246.654C414.475 246.74 414.169 246.606 414.045 246.491C411.821 244.462 409.111 243.17 406.514 241.706C406.18 241.572 405.922 241.247 406.228 240.845Z" fill="#262522"/>
<path d="M410.694 169.954C409.167 171.035 407.63 172.098 406.046 173.093C405.492 173.447 404.748 173.696 404.519 172.614C404.576 172.385 404.519 172.05 404.7 171.935C406.418 170.701 408.145 169.485 409.911 168.318C410.503 167.925 410.865 168.567 411.066 168.911C411.266 169.256 410.999 169.724 410.694 169.954Z" fill="#262522"/>
<path d="M404.213 202.165C404.27 201.457 404.49 200.586 405.473 200.452C406.313 200.586 406.064 201.208 406.026 201.601C405.826 203.247 405.52 204.883 405.301 206.529C405.234 207.017 404.881 207.247 404.595 207.553C404.308 207.859 403.841 208.366 403.335 208.07C403.116 207.901 402.973 207.653 402.935 207.379C402.898 207.105 402.969 206.827 403.134 206.605C404.089 205.237 404.098 203.725 404.213 202.165Z" fill="#262522"/>
<path d="M493.679 242.95C493.851 242.472 493.25 241.543 494.338 241.582C495.426 241.62 495.197 242.443 495.197 243.496C494.653 244.883 494.452 246.788 493.526 248.481C493.25 248.979 492.982 249.505 492.286 249.065C491.589 248.625 491.809 248.242 492.038 247.649C492.639 246.118 493.087 244.52 493.679 242.95Z" fill="#262522"/>
<path d="M423.867 217.974C423.699 218.064 423.504 218.09 423.318 218.048C423.132 218.006 422.968 217.898 422.855 217.744C422.502 217.333 421.9 217.093 421.9 216.471C421.684 214.513 421.471 212.554 421.261 210.596C421.227 210.511 421.21 210.419 421.213 210.327C421.216 210.236 421.238 210.145 421.277 210.062C421.317 209.98 421.373 209.906 421.443 209.846C421.512 209.786 421.593 209.742 421.681 209.715C422.234 209.466 422.168 210.088 422.416 210.289C422.646 210.487 422.822 210.74 422.928 211.024C423.033 211.309 423.064 211.616 423.017 211.916C422.888 213.661 423.217 215.41 423.972 216.988C424.134 217.323 424.21 217.763 423.867 217.974Z" fill="#262522"/>
<path d="M385.591 240.797C385.333 240.532 385.151 240.201 385.066 239.84C384.975 239.644 384.961 239.422 385.027 239.216C385.092 239.011 385.232 238.837 385.419 238.73C385.848 238.424 386.116 238.73 386.373 238.998C388.333 241.186 390.286 243.378 392.233 245.572L391.833 245.945C389.399 244.663 387.843 242.319 385.591 240.797Z" fill="#262522"/>
<path d="M469.617 267.343C469.76 266.692 470.161 266.386 470.801 266.52C471.44 266.654 471.545 267.247 471.497 267.754C471.497 269.247 469.245 271.515 467.766 271.582C467.384 271.582 466.811 271.821 466.658 271.238C466.602 271.016 466.612 270.783 466.686 270.567C466.761 270.351 466.897 270.161 467.078 270.022C467.937 269.142 469.312 268.702 469.617 267.343Z" fill="#262522"/>
<path d="M401.062 225.103C401.26 225.025 401.475 225 401.686 225.03C401.897 225.06 402.096 225.145 402.265 225.275C403.57 226.293 404.805 227.399 405.958 228.586C406.741 229.543 407.686 230.309 408.469 231.247C408.594 231.374 408.665 231.546 408.665 231.725C408.665 231.904 408.594 232.076 408.469 232.204C408.173 232.481 407.915 232.204 407.695 231.964L401.253 226.06C401.072 225.897 400.929 225.706 400.728 225.476C400.881 225.352 400.948 225.132 401.062 225.103Z" fill="#262522"/>
<path d="M375.301 214.605C375.604 214.568 375.91 214.637 376.168 214.801C376.425 214.965 376.618 215.214 376.713 215.505C377.486 217.419 377.763 219.524 379.223 221.17C379.462 221.438 379.538 222.003 378.87 222.06C378.231 221.744 377.534 221.515 377.21 220.883C376.408 219.275 375.625 217.658 374.909 216.012C374.728 215.515 374.661 214.739 375.301 214.605Z" fill="#262522"/>
<path d="M385.018 216.452C385.539 216.877 385.968 217.404 386.278 218.002C387.022 219.639 387.862 221.237 388.568 222.883C388.73 223.285 389.599 223.84 388.807 224.213C388.015 224.586 387.528 223.897 387.375 223.361C386.917 221.763 385.743 220.567 385.104 219.074C384.736 218.35 384.318 217.653 383.853 216.988C383.963 216.8 384.088 216.621 384.226 216.452C384.274 216.394 384.334 216.347 384.403 216.315C384.471 216.283 384.546 216.266 384.622 216.266C384.697 216.266 384.772 216.283 384.84 216.315C384.909 216.347 384.969 216.394 385.018 216.452Z" fill="#262522"/>
<path d="M485.328 247.553C485.089 247.993 484.717 248.653 484.077 248.395C483.438 248.137 483.438 247.438 483.638 246.807C484.161 245.666 484.509 244.453 484.669 243.208C484.669 242.5 484.717 241.582 485.671 241.591C486.626 241.601 486.483 242.548 486.549 243.505C486.345 244.908 485.933 246.272 485.328 247.553Z" fill="#262522"/>
<path d="M380.293 194.969C381.18 195.16 380.875 195.792 380.732 196.261C380.197 198.021 379.3 199.725 380.025 201.371C380.149 202.222 380.083 202.873 379.405 202.94C378.727 203.007 378.737 202.309 378.556 201.792C377.802 199.696 378.718 197.782 379.1 195.821C379.11 195.681 379.152 195.545 379.22 195.423C379.289 195.302 379.384 195.196 379.498 195.115C379.611 195.034 379.742 194.979 379.879 194.953C380.016 194.928 380.158 194.933 380.293 194.969Z" fill="#262522"/>
<path d="M380.321 191.486C380.321 191.744 380.168 192.443 379.548 192.27C379.341 192.2 379.168 192.055 379.063 191.864C378.957 191.673 378.926 191.45 378.975 191.237C379.328 188.892 380.779 187.026 381.838 184.997C381.909 184.892 382 184.803 382.106 184.733C382.212 184.664 382.33 184.616 382.454 184.593C382.579 184.57 382.706 184.572 382.83 184.598C382.954 184.625 383.071 184.676 383.174 184.749C383.738 185.093 383.27 185.514 383.089 185.964C382.363 187.916 380.636 189.371 380.321 191.486Z" fill="#262522"/>
<path d="M447.653 185.237C446.623 186.261 445.697 187.342 444.79 188.423C444.301 188.818 443.758 189.14 443.177 189.38C443.005 189.218 442.786 189.093 442.69 188.911C442.604 188.718 442.585 188.501 442.635 188.295C442.685 188.088 442.802 187.905 442.967 187.773C444.151 186.529 445.315 185.269 446.46 183.993C446.909 183.495 447.415 183.103 447.987 183.639C448.56 184.175 447.997 184.892 447.653 185.237Z" fill="#262522"/>
<path d="M417.577 175.916C419.041 175.292 420.558 174.802 422.111 174.452C422.874 174.385 423.428 174.452 423.513 174.873C423.538 174.989 423.54 175.108 423.517 175.225C423.495 175.341 423.45 175.452 423.384 175.55C423.318 175.648 423.233 175.732 423.134 175.797C423.035 175.861 422.924 175.905 422.807 175.926C421.302 176.309 419.862 176.912 418.531 177.715C418.026 177.993 417.348 178.385 417.033 177.476C416.966 177.338 416.928 177.188 416.919 177.034C416.91 176.881 416.932 176.728 416.982 176.583C417.033 176.438 417.112 176.304 417.214 176.19C417.316 176.076 417.439 175.983 417.577 175.916Z" fill="#262522"/>
<path d="M458.343 228.117C458.496 227.601 457.904 226.672 458.773 226.625C459.46 226.625 459.727 227.515 459.794 228.146C459.944 229.808 460.264 231.449 460.748 233.046C460.92 233.668 460.996 234.28 460.414 234.376C460.111 234.421 459.803 234.346 459.554 234.168C459.304 233.989 459.134 233.721 459.078 233.419C458.868 231.821 458.181 230.309 458.305 228.634C458.294 228.461 458.307 228.287 458.343 228.117Z" fill="#262522"/>
<path d="M384.961 227.639C385.648 227.476 386.001 227.974 386.325 228.395C387.547 230.031 388.32 231.974 389.923 233.352C390.286 233.668 390.458 234.118 390.047 234.443C389.637 234.768 389.246 234.519 388.912 234.175C388.163 233.538 387.467 232.84 386.831 232.089C385.972 230.864 385.314 229.524 384.636 228.347C384.617 227.945 384.655 227.706 384.961 227.639Z" fill="#262522"/>
<path d="M399.296 191.141C399.687 191.457 399.84 191.954 399.506 192.261C398.122 193.524 397.597 195.294 396.643 196.787C396.404 197.151 396.29 197.524 395.688 197.227C395.287 197.036 395.097 196.844 395.192 196.05C395.919 194.279 396.906 192.628 398.122 191.151C398.196 191.068 398.286 191.001 398.386 190.956C398.487 190.91 398.596 190.886 398.707 190.885C398.817 190.884 398.927 190.906 399.028 190.95C399.13 190.995 399.221 191.06 399.296 191.141Z" fill="#262522"/>
<path d="M377.19 183.61C377.147 183.745 377.076 183.869 376.982 183.975C376.889 184.082 376.775 184.168 376.647 184.228C376.519 184.288 376.38 184.321 376.238 184.325C376.097 184.329 375.956 184.304 375.825 184.251C375.138 183.945 375.138 183.437 375.434 182.748C376.034 181.302 377.026 180.052 378.297 179.141C378.748 178.709 379.263 178.35 379.824 178.079C379.927 178.157 380.013 178.256 380.077 178.368C380.141 178.481 380.181 178.606 380.195 178.735C380.21 178.864 380.198 178.994 380.16 179.118C380.123 179.242 380.06 179.357 379.977 179.457C378.713 180.583 377.755 182.012 377.19 183.61Z" fill="#262522"/>
<path d="M385.418 196.49C386.01 196.739 385.819 197.447 385.695 197.773C385.162 199.052 384.917 200.435 384.979 201.82C385.027 202.404 385.122 203.218 384.321 203.294C383.519 203.371 383.414 202.442 383.156 201.887C383.079 201.573 383.079 201.245 383.156 200.931C383.004 199.447 383.71 198.328 384.111 197.151C384.2 196.891 384.387 196.678 384.631 196.554C384.875 196.431 385.158 196.408 385.418 196.49Z" fill="#262522"/>
<path d="M391.078 225.113C391.38 225.158 391.663 225.287 391.895 225.485C392.128 225.682 392.301 225.941 392.395 226.232C393.148 228.068 394.161 229.786 395.401 231.333C395.611 231.591 396.117 231.84 395.735 232.213C395.354 232.586 394.934 232.347 394.59 232.012C393.164 230.603 391.914 229.025 390.868 227.314C390.688 226.925 390.606 226.498 390.629 226.07C390.734 225.735 390.381 225.055 391.078 225.113Z" fill="#262522"/>
<path d="M374.06 241.955C374.521 242.124 374.915 242.435 375.186 242.845C376.373 245.318 377.91 247.606 379.749 249.639C379.424 250.012 379.052 250.06 378.794 249.888C376.217 247.974 374.91 245.103 373.402 242.443C373.134 241.936 373.774 241.821 374.06 241.955Z" fill="#262522"/>
<path d="M473.768 266.041C473.959 265.726 474.16 265.362 474.589 265.448C474.769 265.478 474.933 265.571 475.051 265.712C475.168 265.852 475.231 266.03 475.229 266.214C475.229 267.726 475.295 269.238 475.229 270.75C475.219 270.919 475.176 271.085 475.101 271.237C475.026 271.389 474.921 271.525 474.793 271.636C474.665 271.746 474.515 271.83 474.354 271.882C474.193 271.933 474.023 271.952 473.854 271.936C473.158 271.936 472.986 271.362 473.033 270.606C473.912 269.285 472.862 267.515 473.768 266.041Z" fill="#262522"/>
<path d="M403.947 195.017C404.984 193.679 405.62 192.072 405.779 190.385C405.779 190.107 406.466 189.572 406.648 189.639C407.144 189.83 407.707 190.251 407.526 190.873C406.972 192.787 406.571 194.844 404.863 196.28C404.663 196.452 404.491 196.806 404.109 196.519C403.727 196.232 403.785 196.021 403.804 195.485C403.817 195.321 403.866 195.161 403.947 195.017Z" fill="#262522"/>
<path d="M450.077 202.653C450.853 202.111 451.482 201.384 451.909 200.538C452.119 200.146 452.329 199.648 452.797 199.801C453.079 199.888 453.329 200.058 453.514 200.288C453.7 200.518 453.812 200.798 453.837 201.093C453.307 202.348 452.501 203.466 451.48 204.366C451.022 204.749 450.526 205.495 449.848 204.758C449.688 204.624 449.563 204.452 449.485 204.258C449.407 204.063 449.378 203.853 449.401 203.644C449.423 203.436 449.497 203.237 449.615 203.064C449.733 202.891 449.892 202.75 450.077 202.653Z" fill="#262522"/>
<path d="M391.499 200.27C391.165 200.586 390.955 200.94 390.545 200.768C390.423 200.737 390.309 200.681 390.21 200.602C390.112 200.524 390.031 200.425 389.974 200.312C389.917 200.2 389.885 200.076 389.88 199.95C389.874 199.824 389.896 199.698 389.944 199.581C390.527 198.039 391.266 196.561 392.148 195.17C392.348 194.957 392.569 194.764 392.807 194.596C393.571 194.758 393.924 195.371 393.628 195.811C392.664 197.227 392.797 199.036 391.499 200.27Z" fill="#262522"/>
<path d="M372.562 210.069C372.562 210.29 372.619 210.625 372.266 210.625C372.15 210.622 372.036 210.595 371.931 210.545C371.825 210.496 371.732 210.425 371.655 210.337C371.264 209.801 371.054 209.155 371.054 208.491C371.121 206.577 370.882 204.663 371.731 202.548C372.361 203.046 373.125 203.342 372.934 204.136C372.607 206.096 372.482 208.084 372.562 210.069Z" fill="#262522"/>
<path d="M388.932 191.926C388.932 189.505 390.049 187.466 391.271 185.485C391.396 185.363 391.546 185.27 391.711 185.213C391.876 185.155 392.051 185.134 392.225 185.151C392.578 185.151 392.55 185.677 392.464 185.916C391.7 188.127 391.137 190.452 388.932 191.926Z" fill="#262522"/>
<path d="M398.477 225.802C397.436 225.352 393.399 220.653 392.941 219.562C392.884 219.461 392.849 219.349 392.838 219.233C392.826 219.117 392.839 219.001 392.875 218.89C392.911 218.779 392.969 218.678 393.046 218.591C393.123 218.504 393.217 218.434 393.323 218.385C395.804 220.194 397.293 222.577 398.477 225.802Z" fill="#262522"/>
<path d="M400.768 198.184C400.624 199.926 399.45 201.208 398.668 202.663C398.568 202.816 398.419 202.931 398.245 202.986C398.071 203.042 397.883 203.036 397.713 202.969C397.524 202.915 397.358 202.799 397.242 202.64C397.126 202.48 397.067 202.286 397.074 202.089C397.074 201.811 397.265 201.6 397.446 201.352C398.179 200.249 398.766 199.056 399.193 197.801C399.355 197.352 399.26 196.557 400.147 196.844C400.768 197.036 400.815 197.6 400.768 198.184Z" fill="#262522"/>
<path d="M486.893 236.673C486.588 234.548 487.065 232.433 487.036 230.309C487.036 230.165 487.361 229.926 487.571 229.878C487.981 229.783 488 230.184 488.153 230.433C488.745 231.39 488.258 232.452 488.458 233.448C488.258 234.51 488.735 235.61 488.115 236.644C487.914 236.969 488.115 237.534 487.418 237.476C486.721 237.419 486.941 237.017 486.893 236.673Z" fill="#262522"/>
<path d="M483.991 187.84C484.106 187.514 484.478 187.131 484.793 187.61C485.967 189.39 487.609 190.959 487.656 193.17C487.542 193.82 487.895 194.701 487.055 194.73C486.482 194.73 486.101 194.079 486.101 193.361C486.101 191.773 485.041 190.596 484.259 189.342C484.098 189.131 483.991 188.884 483.944 188.623C483.898 188.362 483.914 188.093 483.991 187.84Z" fill="#262522"/>
<path d="M416.803 214.519C417.586 214.519 417.691 215.734 417.757 216.557C417.757 216.797 417.757 217.046 417.757 217.285C417.757 218.557 417.757 219.802 418.836 220.768C419.227 221.132 419.542 221.61 419.036 221.983C418.53 222.357 418.082 221.936 417.776 221.553C417.221 220.945 416.799 220.227 416.538 219.446C416.277 218.665 416.182 217.837 416.259 217.017C416.228 216.811 416.228 216.601 416.259 216.395C416.459 215.754 415.591 214.519 416.803 214.519Z" fill="#262522"/>
<path d="M414.875 209.017C414.178 209.017 413.921 208.232 413.921 207.486C413.921 207.266 413.749 207.045 413.587 206.672C413.806 205.782 414.131 204.758 414.302 203.725C414.417 203.045 414.379 202.146 415.305 202.366C416.078 202.548 416.335 203.275 416.011 204.222C415.606 205.228 415.408 206.306 415.429 207.39C415.457 207.964 415.772 208.959 414.875 209.017Z" fill="#262522"/>
<path d="M459.833 209.065C459.068 209.83 458.547 210.806 458.335 211.868C458.22 212.443 458.134 213.256 457.447 213.179C456.76 213.103 456.827 212.222 456.807 211.658C456.807 209.744 458.287 208.672 459.308 207.313C459.604 206.921 459.747 206.088 460.425 206.509C460.701 206.682 460.568 207.524 460.568 208.069C460.568 208.615 460.129 208.768 459.833 209.065Z" fill="#262522"/>
<path d="M400.881 214.739C400.394 214.921 400.471 214.347 400.27 214.089C398.705 212.108 398.495 209.562 397.407 207.39C397.264 207.103 396.634 206.644 397.407 206.433C397.894 206.261 398.276 206.337 398.638 207.055C399.803 209.361 400.165 211.916 401.253 214.232C401.339 214.452 401.549 214.73 400.881 214.739Z" fill="#262522"/>
<path d="M460.263 195.648C461.341 195.648 462.487 195.974 463.527 195.352C464.109 195.007 464.787 195.026 465.035 195.658C465.283 196.289 465.035 196.844 464.214 197.179C462.305 197.916 460.607 197.265 458.698 197.017C458.965 196.079 459.28 195.61 460.263 195.648Z" fill="#262522"/>
<path d="M430.931 227.658C428.44 226.701 426.474 222.749 427.113 219.859C428.917 222.481 429.318 225.371 430.931 227.658Z" fill="#262522"/>
<path d="M432.877 198.414C433.173 198.156 433.727 197.553 434.318 198.155C434.91 198.758 434.605 199.275 434.08 199.706C433.255 200.421 432.602 201.314 432.171 202.318C431.951 202.787 431.808 203.514 431.073 203.275C430.339 203.036 430.472 202.433 430.501 202.069C430.453 200.194 431.799 199.361 432.877 198.414Z" fill="#262522"/>
<path d="M451.949 194.203C451.949 193.342 452.694 193.151 453.181 193.179C454.155 193.203 455.109 192.9 455.891 192.318C456.512 191.926 457.065 191.859 457.466 192.528C457.867 193.198 457.399 193.572 456.951 193.906C455.758 194.806 454.259 194.921 452.866 195.275C452.226 195.428 451.93 194.825 451.949 194.203Z" fill="#262522"/>
<path d="M386.573 206.797C387.614 206.653 387.528 207.754 387.642 208.519C387.89 209.744 388.205 210.959 388.597 212.156C388.749 212.682 389.064 213.313 388.454 213.581C387.7 213.916 387.366 213.218 387.156 212.624C386.707 211.333 386.01 210.089 386.201 208.5C386.325 208.031 385.648 206.921 386.573 206.797Z" fill="#262522"/>
<path d="M411.457 178.816C412.115 178.883 412.268 179.399 411.972 179.667C410.503 180.988 409.271 182.615 407.296 183.323C406.57 183.581 406.513 183.093 406.437 182.653C406.504 181.725 410.522 178.72 411.457 178.816Z" fill="#262522"/>
<path d="M488.43 218.098C489.003 218.223 489.385 218.682 489.127 219.199C488.468 220.711 488.535 222.366 488.058 223.907C487.953 224.252 488.058 224.653 487.476 224.644C486.894 224.634 486.999 224.232 486.884 223.888C486.77 223.543 486.464 223.141 486.531 222.682C486.798 221.4 487.046 220.108 487.333 218.854C487.343 218.727 487.382 218.603 487.446 218.493C487.51 218.382 487.597 218.287 487.702 218.215C487.807 218.143 487.927 218.095 488.053 218.074C488.179 218.054 488.308 218.062 488.43 218.098Z" fill="#262522"/>
<path d="M392.767 211.687C392.93 212.385 394.037 213.888 392.682 214.194C391.174 214.529 391.727 212.759 391.584 212.05C391.183 210.136 390.21 208.404 390.305 206.002C392.5 207.706 392.338 209.859 392.767 211.687Z" fill="#262522"/>
<path d="M484.221 231.984C484.201 232.256 484.075 232.51 483.869 232.689C483.663 232.869 483.395 232.959 483.123 232.941C482.865 232.853 482.651 232.668 482.527 232.425C482.402 232.183 482.376 231.901 482.455 231.639C482.775 230.596 482.882 229.5 482.77 228.414C482.77 227.639 483.123 226.606 483.724 226.644C484.564 226.701 484.793 227.677 484.679 228.558C484.67 228.74 484.67 228.922 484.679 229.103C484.956 230.012 484.183 230.931 484.221 231.984Z" fill="#262522"/>
<path d="M465.406 230.395C465.979 230.586 465.96 231.256 465.769 231.658C465.334 232.376 465.095 233.196 465.077 234.036C465.059 234.876 465.261 235.706 465.664 236.443C465.903 236.873 465.664 237.122 465.378 237.342C465.091 237.562 464.671 237.342 464.423 237.074C463.698 236.271 463.784 235.161 463.526 234.395C463.589 233.28 463.868 232.188 464.347 231.18C464.576 230.72 464.891 230.213 465.406 230.395Z" fill="#262522"/>
<path d="M376.837 205.715C376.902 205.671 376.976 205.642 377.053 205.631C377.131 205.62 377.21 205.627 377.284 205.651C377.359 205.675 377.427 205.715 377.483 205.77C377.54 205.824 377.583 205.89 377.61 205.964C378.269 208.222 379.519 210.318 379.834 213.017C377.324 211.304 377.066 208.844 376.36 206.624C376.226 206.232 376.503 205.916 376.837 205.715Z" fill="#262522"/>
<path d="M426.196 205.026C426.471 205.04 426.734 205.146 426.94 205.329C427.146 205.512 427.285 205.759 427.332 206.031C427.504 208.289 427.809 210.557 427.074 212.73H426.597C426.273 210.404 425.939 208.079 425.643 205.754C425.576 205.39 425.824 204.988 426.196 205.026Z" fill="#262522"/>
<path d="M429.461 232.041C429.604 231.985 429.757 231.961 429.91 231.97C430.064 231.979 430.213 232.021 430.348 232.094C430.483 232.167 430.601 232.268 430.694 232.391C430.786 232.514 430.85 232.656 430.883 232.807C431.424 234.257 432.285 235.565 433.402 236.634C434.004 237.218 433.87 237.591 433.679 238.405C431.675 237.046 430.663 235.017 429.098 233.515C428.84 233.295 428.592 232.299 429.461 232.041Z" fill="#262522"/>
<path d="M468.128 232.347C468.032 231.802 468.071 231.122 468.72 230.998C469.559 230.826 469.674 231.697 469.874 232.175C470.371 233.304 469.416 234.376 469.598 235.534C469.693 236.156 469.769 237.103 468.805 237.027C468.63 237.003 468.461 236.943 468.309 236.851C468.158 236.758 468.028 236.635 467.926 236.489C467.825 236.344 467.755 236.178 467.72 236.004C467.686 235.83 467.688 235.65 467.727 235.477C467.689 234.338 468.271 233.4 468.128 232.347Z" fill="#262522"/>
<path d="M399.544 181.198C400.279 181.61 399.964 182.203 399.63 182.768C398.991 183.859 398.361 184.959 397.779 186.069C397.559 186.481 398.017 187.332 397.034 187.198C396.204 187.093 396.214 186.414 395.975 185.639C396.786 184.404 397.617 183.179 398.399 181.926C398.724 181.495 398.838 180.777 399.544 181.198Z" fill="#262522"/>
<path d="M454.181 221.266C454.181 221.534 454.305 221.916 453.875 221.993C453.723 222.017 453.567 221.983 453.438 221.898C453.31 221.813 453.217 221.683 453.179 221.534C452.629 219.501 452.505 217.377 452.816 215.294C452.816 215.036 452.978 214.337 453.579 214.471C453.78 214.529 453.954 214.658 454.068 214.834C454.182 215.01 454.229 215.221 454.2 215.428C454.2 216.385 454.2 217.342 454.2 218.299C454.2 219.256 454.2 220.299 454.181 221.266Z" fill="#262522"/>
<path d="M472.958 234.615C473.674 234.787 473.397 235.438 473.349 235.831C473.168 237.304 472.853 238.768 472.633 240.233C472.538 240.855 472.815 241.802 471.87 241.802C470.925 241.802 471.154 240.845 471.097 239.888C471.574 238.654 471.354 237.017 472.137 235.505C472.337 235.151 472.156 234.424 472.958 234.615Z" fill="#262522"/>
<path d="M411.686 192.672C412.115 193.065 412.125 193.38 412.001 193.629C411.132 195.457 409.758 197.017 409.071 198.94C409.049 199.012 409.013 199.079 408.965 199.138C408.917 199.196 408.858 199.243 408.791 199.278C408.725 199.313 408.652 199.334 408.577 199.34C408.502 199.346 408.426 199.337 408.355 199.313C407.811 199.237 407.906 198.777 407.945 198.462C408.25 195.945 409.911 194.289 411.686 192.672Z" fill="#262522"/>
<path d="M485.451 250.701C485.547 250.146 485.012 249.218 486.244 249.256C487.313 249.256 486.883 250.098 486.931 250.615C487.093 252.29 486.644 253.993 487.284 255.639C487.379 255.898 487.484 256.424 486.931 256.5C486.774 256.506 486.621 256.457 486.497 256.361C486.373 256.264 486.287 256.128 486.253 255.974C485.852 254.673 485.051 253.438 485.432 252.232C485.403 251.722 485.409 251.211 485.451 250.701Z" fill="#262522"/>
<path d="M426.481 196.892C426.806 196.49 427.359 195.868 427.97 196.414C428.086 196.515 428.178 196.642 428.238 196.784C428.298 196.926 428.325 197.08 428.316 197.234C428.308 197.388 428.265 197.538 428.19 197.673C428.115 197.808 428.01 197.924 427.884 198.012C427.182 198.755 426.685 199.668 426.443 200.663C426.242 201.151 426.3 201.897 425.584 201.84C424.868 201.782 424.868 201.007 424.859 200.041C425.143 198.877 425.699 197.798 426.481 196.892Z" fill="#262522"/>
<path d="M401.741 242.749L402.094 242.931C404.137 243.888 405.244 245.668 406.37 247.429C406.599 247.783 406.294 248.386 405.702 247.945C404.232 246.749 402.839 245.496 401.436 244.194C400.911 243.687 401.054 243.113 401.741 242.749Z" fill="#262522"/>
<path d="M375.767 192.653C375.439 194.92 375.244 197.205 375.185 199.495C375.197 199.571 375.192 199.648 375.169 199.722C375.147 199.795 375.108 199.862 375.055 199.917C375.002 199.973 374.938 200.016 374.866 200.042C374.794 200.068 374.717 200.078 374.641 200.069C374.24 200.069 374.097 199.83 374.097 199.495C374.097 198.644 374.097 197.782 374.097 196.624C373.983 195.336 374.113 194.037 374.479 192.797C374.494 192.613 374.573 192.44 374.702 192.309C374.831 192.178 375.002 192.096 375.185 192.079C375.263 192.068 375.343 192.075 375.418 192.1C375.493 192.125 375.561 192.167 375.617 192.222C375.673 192.278 375.716 192.345 375.742 192.42C375.768 192.495 375.777 192.574 375.767 192.653Z" fill="#262522"/>
<path d="M401.617 231.792C401.906 231.704 402.216 231.712 402.5 231.815C402.784 231.919 403.026 232.112 403.191 232.366C404.232 233.524 405.177 234.768 406.179 235.974C406.341 236.175 406.484 236.424 406.303 236.596C406.093 236.721 405.849 236.775 405.606 236.749C405.052 236.749 401.283 233.275 401.187 232.711C401.187 232.653 401.187 232.586 401.187 232.156C401.31 232.012 401.455 231.889 401.617 231.792Z" fill="#262522"/>
<path d="M491.971 226.251C492.047 225.926 491.914 225.093 492.591 225.122C493.269 225.151 493.317 225.801 493.317 226.366C493.392 227.871 493.274 229.38 492.964 230.854C492.811 231.438 492.716 231.983 492.009 231.955C491.055 231.955 491.58 231.151 491.36 230.548C491.942 229.256 491.647 227.715 491.971 226.251Z" fill="#262522"/>
<path d="M477.816 231.323C477.11 228.749 478.417 227.132 478.971 225.352C479.057 225.112 479.229 224.913 479.452 224.791C479.675 224.67 479.935 224.634 480.183 224.692C480.622 224.778 480.612 225.141 480.545 225.4C480.073 227.549 479.141 229.569 477.816 231.323Z" fill="#262522"/>
<path d="M478.771 220.95C478.584 220.564 478.52 220.129 478.591 219.706C478.661 219.282 478.861 218.891 479.163 218.586C479.878 217.696 479.898 216.261 480.871 215.917C481.825 215.802 482.045 216.156 481.978 216.644C481.648 218.278 480.857 219.783 479.697 220.979C479.646 221.056 479.576 221.12 479.493 221.163C479.411 221.205 479.319 221.226 479.226 221.224C479.133 221.221 479.043 221.194 478.963 221.146C478.884 221.098 478.818 221.031 478.771 220.95Z" fill="#262522"/>
<path d="M446.241 169.399C445.497 168.867 444.615 168.565 443.702 168.528C442.996 168.452 442.127 168.414 442.184 167.38C442.242 166.203 443.225 166.94 443.692 166.701C444.344 166.683 444.993 166.802 445.596 167.051C446.2 167.3 446.744 167.673 447.195 168.146C447.51 168.442 448.149 168.739 447.558 169.313C447.482 169.414 447.386 169.497 447.276 169.557C447.166 169.617 447.044 169.652 446.919 169.66C446.794 169.668 446.668 169.649 446.551 169.604C446.434 169.559 446.328 169.489 446.241 169.399Z" fill="#262522"/>
<path d="M402.59 253.869C404.022 254.099 405.454 254.472 406.847 254.702C407.573 254.816 407.592 255.209 407.525 255.725C407.439 256.386 406.895 256.137 406.275 256.252C405.148 255.41 403.411 256.252 402.066 255.199C401.86 255.088 401.699 254.91 401.608 254.694C401.518 254.478 401.504 254.237 401.569 254.013C401.741 253.247 402.304 253.831 402.59 253.869Z" fill="#262522"/>
<path d="M478.436 212.424C477.099 212.424 477.004 213.495 476.412 214.146C476.116 214.471 475.868 215.103 475.296 214.893C474.723 214.682 474.914 214.07 474.866 213.285C475.124 211.974 476.269 211.18 477.729 210.739C478.111 210.625 478.684 210.165 478.922 210.921C479.123 211.524 479.132 212.414 478.436 212.424Z" fill="#262522"/>
<path d="M489.948 209.725C489.956 209.604 490.009 209.49 490.098 209.408C490.187 209.326 490.305 209.282 490.425 209.285C490.5 209.269 490.577 209.27 490.65 209.288C490.724 209.306 490.793 209.34 490.852 209.387C490.912 209.435 490.96 209.495 490.993 209.563C491.027 209.631 491.045 209.706 491.046 209.782C491.278 210.772 491.422 211.781 491.475 212.797C491.475 213.581 492.535 214.711 491.227 215.036C489.7 215.39 490.168 213.62 489.595 212.912C489.471 212.758 489.595 212.443 489.595 211.955C489.595 211.467 489.815 210.548 489.948 209.725Z" fill="#262522"/>
<path d="M473.902 220.089C474.465 222.663 472.432 224.567 473.043 226.988C470.809 225.39 471.134 222.902 473.902 220.089Z" fill="#262522"/>
<path d="M396.347 249.247C395.994 248.749 396.347 247.821 397.187 248.194C398.566 248.634 399.811 249.417 400.804 250.472C401.014 250.74 401.329 251.036 400.967 251.429C400.871 251.551 400.747 251.648 400.606 251.711C400.464 251.774 400.31 251.802 400.155 251.792C398.643 251.383 397.305 250.489 396.347 249.247Z" fill="#262522"/>
<path d="M444.236 198.49C443.978 198.892 443.281 198.596 443.023 198.108C442.95 197.945 442.914 197.769 442.918 197.591C443.019 196.972 443.305 196.398 443.738 195.945C444.171 195.493 444.73 195.182 445.343 195.055C445.868 195.485 447.118 195.151 446.984 196.155C446.793 197.552 444.932 197.39 444.236 198.49Z" fill="#262522"/>
<path d="M455.117 179.179C455.049 179.287 454.958 179.378 454.851 179.446C454.744 179.514 454.623 179.557 454.497 179.572C454.371 179.588 454.243 179.575 454.123 179.536C454.002 179.496 453.892 179.43 453.8 179.342C452.949 178.59 451.941 178.037 450.851 177.725C450.659 177.653 450.494 177.521 450.383 177.349C450.271 177.177 450.218 176.973 450.23 176.768C450.23 176.442 450.688 176.232 451.137 176.26C452.591 176.462 453.953 177.092 455.05 178.069C455.131 178.135 455.197 178.217 455.245 178.31C455.292 178.403 455.32 178.505 455.326 178.609C455.333 178.714 455.317 178.818 455.281 178.916C455.245 179.014 455.189 179.104 455.117 179.179Z" fill="#262522"/>
<path d="M477.75 241.094C477.396 240.969 477.139 240.682 477.158 239.964C477.956 238.747 478.655 237.467 479.248 236.137C479.324 235.983 479.973 236.003 480.279 236.137C480.441 236.204 480.555 236.682 480.498 236.931C480.146 238.314 479.526 239.614 478.675 240.759C478.593 240.923 478.451 241.049 478.279 241.111C478.107 241.173 477.917 241.167 477.75 241.094Z" fill="#262522"/>
<path d="M437.058 233.017C436.428 233.17 435.98 232.586 435.856 232.06C435.77 231.271 435.77 230.476 435.856 229.687C435.989 229.314 435.598 228.529 436.085 227.773C436.362 227.333 436.581 227.094 437.039 227.275C437.497 227.457 437.745 227.706 437.574 228.108C437.134 229.298 437.158 230.61 437.64 231.783C437.684 231.902 437.704 232.029 437.698 232.156C437.693 232.283 437.662 232.407 437.608 232.522C437.553 232.637 437.477 232.74 437.383 232.825C437.288 232.91 437.178 232.975 437.058 233.017Z" fill="#262522"/>
<path d="M379.654 232.96C380.503 234.328 381.315 235.725 382.145 237.103C382.384 237.505 382.393 237.773 381.782 237.859C381.621 237.837 381.463 237.792 381.315 237.725C379.625 236.768 379.014 235.036 378.251 233.438C378.213 233.371 378.194 233.295 378.193 233.219C378.193 233.142 378.213 233.066 378.25 232.999C378.287 232.932 378.341 232.875 378.407 232.835C378.472 232.794 378.547 232.772 378.623 232.768C378.986 232.73 379.434 232.634 379.654 232.96Z" fill="#262522"/>
<path d="M376.751 225.055C376.532 224.902 376.093 224.424 376.503 223.955C376.913 223.486 377.457 223.878 377.744 224.089C379.309 225.199 379.653 227.036 380.435 228.625C380.617 229.007 380.435 229.486 379.662 229.39C379.309 229.314 379.166 228.959 378.937 228.577C378.221 227.409 377.992 225.936 376.751 225.055Z" fill="#262522"/>
<path d="M424.248 230.433C424.111 230.484 423.964 230.503 423.818 230.488C423.672 230.473 423.532 230.425 423.408 230.347C422.454 229.017 421.499 227.649 420.631 226.443C420.831 225.792 420.488 225.256 421.079 225.074C421.291 225.021 421.515 225.043 421.713 225.135C421.911 225.227 422.071 225.385 422.167 225.582C423.074 226.854 423.322 228.452 424.391 229.649C424.44 229.707 424.476 229.775 424.495 229.849C424.515 229.923 424.518 230 424.504 230.075C424.491 230.15 424.461 230.221 424.416 230.283C424.372 230.345 424.315 230.396 424.248 230.433Z" fill="#262522"/>
<path d="M384.206 211.39C384.273 211.629 384.33 212.06 383.91 212.108C383.491 212.156 383.271 211.83 383.128 211.476L381.486 207.534C381.2 206.835 380.78 206.156 381.486 205.246C383.319 206.959 383.586 209.256 384.206 211.39Z" fill="#262522"/>
<path d="M434.386 209.151C434.16 209.044 433.984 208.854 433.897 208.619C433.809 208.385 433.817 208.126 433.918 207.897C434.302 206.965 434.755 206.063 435.273 205.198C435.464 204.873 435.788 204.404 436.294 204.576C436.523 204.668 436.711 204.84 436.823 205.06C436.935 205.28 436.964 205.533 436.905 205.773C436.699 206.884 436.22 207.927 435.512 208.806C435.389 208.982 435.212 209.111 435.008 209.173C434.804 209.236 434.585 209.228 434.386 209.151Z" fill="#262522"/>
<path d="M396.681 240.175C396.404 240.395 396.156 240.5 395.879 240.242C394.712 239.271 393.456 238.412 392.129 237.677C391.938 237.563 391.842 237.323 391.604 237.027C392.186 236.644 392.558 235.897 393.312 236.338C394.653 237.067 395.788 238.124 396.614 239.409C396.786 239.63 397.092 239.869 396.681 240.175Z" fill="#262522"/>
<path d="M443.024 182.729C442.756 182.318 443.11 181.935 443.31 181.772C444.215 181.089 445.173 180.478 446.173 179.945C446.365 179.835 446.588 179.795 446.805 179.831C447.023 179.868 447.221 179.979 447.366 180.146C447.509 180.356 447.548 180.902 447.366 181.007C446.326 181.782 445.572 182.988 444.15 183.217C443.935 183.258 443.713 183.233 443.512 183.146C443.312 183.059 443.142 182.914 443.024 182.729Z" fill="#262522"/>
<path d="M457.962 177.763C458.896 178.059 459.813 178.404 460.711 178.796C460.869 178.864 461.01 178.967 461.124 179.097C461.237 179.227 461.32 179.381 461.366 179.547C461.412 179.713 461.42 179.888 461.389 180.058C461.358 180.228 461.289 180.389 461.188 180.528C460.663 181.265 460.234 180.528 459.785 180.241C459.043 179.731 458.2 179.388 457.313 179.236C456.569 179.141 456.216 178.71 456.235 178.28C456.254 177.849 456.922 177.677 457.962 177.763Z" fill="#262522"/>
<path d="M397.637 216.29C398.667 217.904 399.298 219.741 399.479 221.649C397.503 220.5 397.436 218.328 396.319 216.759C396.272 216.669 396.244 216.57 396.239 216.468C396.233 216.367 396.249 216.265 396.286 216.17C396.323 216.076 396.379 215.99 396.452 215.919C396.525 215.848 396.612 215.794 396.707 215.76C396.803 215.726 396.905 215.713 397.006 215.722C397.107 215.731 397.205 215.762 397.293 215.812C397.381 215.862 397.457 215.931 397.517 216.013C397.576 216.096 397.617 216.19 397.637 216.29Z" fill="#262522"/>
<path d="M428.305 193.792C427.646 194.069 426.902 193.524 427.179 192.835C427.729 191.735 428.601 190.83 429.679 190.242C430.825 190.06 431.044 190.557 430.844 191.198C430.629 191.787 430.291 192.323 429.854 192.77C429.416 193.217 428.888 193.566 428.305 193.792Z" fill="#262522"/>
<path d="M476.66 251.515C476.994 251.475 477.312 251.352 477.587 251.159C477.862 250.965 478.084 250.706 478.235 250.405C478.326 250.193 478.49 250.022 478.697 249.921C478.903 249.821 479.139 249.799 479.361 249.859C479.48 249.928 479.583 250.022 479.662 250.135C479.741 250.247 479.796 250.376 479.821 250.511C479.846 250.646 479.842 250.786 479.809 250.919C479.776 251.053 479.714 251.178 479.628 251.285C478.924 252.258 477.985 253.035 476.899 253.544C476.212 253.86 475.725 253.438 475.629 252.692C475.662 252.414 475.778 252.153 475.962 251.942C476.146 251.732 476.389 251.583 476.66 251.515Z" fill="#262522"/>
<path d="M461.292 215.237C461.531 217.323 460.652 219.122 460.023 221.16C458.725 219.352 459.526 215.916 461.292 215.237Z" fill="#262522"/>
<path d="M369.851 238.73C371.13 239.438 371.368 240.749 371.855 241.859C371.75 242.28 371.96 242.74 371.569 242.922C371.366 242.999 371.144 243.005 370.937 242.939C370.731 242.873 370.553 242.739 370.433 242.558C369.562 241.596 369.046 240.363 368.973 239.065C368.993 238.974 369.036 238.889 369.097 238.819C369.157 238.748 369.235 238.694 369.322 238.661C369.409 238.628 369.503 238.617 369.595 238.629C369.687 238.641 369.775 238.676 369.851 238.73Z" fill="#262522"/>
<path d="M470.571 215.409C470.486 215.668 470.171 216.232 469.617 215.974C469.207 215.782 469.254 215.381 469.254 214.864C469.76 213.907 469.827 212.605 470.676 211.572C471.02 211.151 471.278 210.998 471.707 211.189C472.137 211.38 472.48 211.936 472.137 212.395C471.454 213.307 470.926 214.326 470.571 215.409Z" fill="#262522"/>
<path d="M464.815 242.29C464.964 242.261 465.119 242.29 465.246 242.372C465.374 242.454 465.466 242.582 465.502 242.73C466.17 244.329 466.533 246.04 466.571 247.773C465.302 247.065 463.994 243.859 464.367 242.74C464.452 242.491 464.519 242.309 464.815 242.29Z" fill="#262522"/>
<path d="M414.34 226.615C414.65 227.119 414.891 227.663 415.056 228.232C415.088 228.364 415.092 228.5 415.067 228.633C415.043 228.766 414.99 228.892 414.914 229.003C414.837 229.115 414.738 229.208 414.622 229.278C414.507 229.348 414.378 229.393 414.244 229.409C413.739 229.505 413.605 229.151 413.471 228.816C413.252 228.271 413.013 227.725 412.813 227.17C412.612 226.615 411.734 225.486 412.374 225.18C413.347 224.711 413.863 225.83 414.34 226.615Z" fill="#262522"/>
<path d="M374.594 224.299C374.565 224.372 374.513 224.434 374.447 224.476C374.38 224.518 374.302 224.538 374.224 224.532C374.145 224.527 374.071 224.497 374.01 224.447C373.95 224.396 373.907 224.328 373.888 224.251C373.348 222.678 372.681 221.151 371.893 219.687C371.731 219.304 372.046 219.036 372.437 218.931C372.836 219.161 373.184 219.471 373.46 219.842C373.736 220.212 373.933 220.635 374.041 221.084C374.222 222.108 375.3 223.065 374.594 224.299Z" fill="#262522"/>
<path d="M467.859 220.768C467.88 220.692 467.916 220.622 467.964 220.56C468.013 220.498 468.073 220.447 468.141 220.408C468.21 220.37 468.285 220.346 468.363 220.337C468.44 220.328 468.519 220.335 468.594 220.357C468.976 220.491 468.823 220.864 468.862 221.141C469.005 222.184 468.298 223.113 468.47 224.175C468.556 224.692 468.623 225.524 467.984 225.562C467.344 225.601 467.201 224.749 467.029 224.194C466.987 223.902 466.987 223.606 467.029 223.314C466.695 222.395 467.487 221.639 467.859 220.768Z" fill="#262522"/>
<path d="M438.328 164.844C437.373 164.844 436.419 165.524 435.589 165.246C435.348 165.275 435.104 165.275 434.863 165.246C434.472 165.122 433.909 165.83 433.747 165.189C433.584 164.547 434.195 164.299 434.701 164.165C435.818 163.897 436.944 163.657 438.07 163.428C438.681 163.303 438.786 163.82 438.9 164.193C439.015 164.567 438.681 164.835 438.328 164.844Z" fill="#262522"/>
<path d="M390 216.845C391.613 217.801 391.995 219.419 392.252 221.428C390.792 220.28 390.43 218.711 389.055 218.002C388.578 217.754 388.702 217.179 388.874 216.864C389.103 216.366 389.561 216.596 390 216.845Z" fill="#262522"/>
<path d="M438.413 211.821C438.346 210.72 438.413 209.514 439.548 209.39C440.684 209.265 440.255 210.443 440.264 211.103C440.264 212.06 440.512 213.227 439.052 213.246C437.897 213.266 438.68 212.232 438.413 211.821Z" fill="#262522"/>
<path d="M470.895 181.916C470.103 181.533 468.843 181.256 468.92 180.002C468.92 179.39 469.588 179.275 470.418 179.524C471.134 179.466 472.174 179.524 472.155 180.739C472.155 181.313 471.525 182.203 470.895 181.916Z" fill="#262522"/>
<path d="M381.561 220.414C381.189 220.596 380.989 220.261 380.845 220.041C380.414 219.491 380.105 218.854 379.94 218.174C379.776 217.493 379.759 216.786 379.891 216.098C381.552 216.94 381.59 218.405 382 219.658C382.036 219.816 382.011 219.983 381.929 220.123C381.848 220.263 381.716 220.367 381.561 220.414Z" fill="#262522"/>
<path d="M386.802 187.256C387.308 187.256 387.833 187.409 387.556 187.926C387.191 188.887 386.52 189.701 385.647 190.242C384.788 190.672 384.845 189.887 384.693 189.639C384.511 189.141 386.181 187.275 386.802 187.256Z" fill="#262522"/>
<path d="M452.044 186.892C452.722 186.892 453.18 187.332 452.999 187.954C452.878 188.323 452.666 188.656 452.382 188.92C452.098 189.185 451.752 189.373 451.376 189.466C450.613 189.332 450.355 188.892 450.422 188.27C450.428 188.069 450.476 187.872 450.563 187.691C450.65 187.51 450.774 187.349 450.927 187.219C451.08 187.09 451.259 186.993 451.451 186.937C451.644 186.881 451.846 186.865 452.044 186.892Z" fill="#262522"/>
<path d="M474.179 210.117C473.635 210.232 473.224 209.677 473.377 209.112C473.377 208.395 473.224 207.572 474.179 207.514C474.723 207.514 474.895 208.041 474.895 208.577C474.895 209.112 474.856 209.974 474.179 210.117Z" fill="#262522"/>
<path d="M472.413 245.247C472.68 245.056 472.957 245.381 472.985 245.745C473.071 246.807 473.09 247.821 471.525 247.936C471.535 246.922 471.487 245.907 472.413 245.247Z" fill="#262522"/>
<defs>
<linearGradient id="paint0_linear_20_3134" x1="424.531" y1="300.552" x2="412.229" y2="307.011" gradientUnits="userSpaceOnUse">
<stop stop-color="#FF702C"/>
<stop offset="1" stop-color="#FFC1E6"/>
</linearGradient>
<linearGradient id="paint1_linear_20_3134" x1="411.568" y1="297.675" x2="401.931" y2="302.997" gradientUnits="userSpaceOnUse">
<stop stop-color="#FF702C"/>
<stop offset="1" stop-color="#FFC1E6"/>
</linearGradient>
<linearGradient id="paint2_linear_20_3134" x1="437.002" y1="300.237" x2="424.522" y2="305.832" gradientUnits="userSpaceOnUse">
<stop stop-color="#FF702C"/>
<stop offset="1" stop-color="#FFC1E6"/>
</linearGradient>
<linearGradient id="paint3_linear_20_3134" x1="449.278" y1="296.563" x2="433.317" y2="303.047" gradientUnits="userSpaceOnUse">
<stop stop-color="#FF702C"/>
<stop offset="1" stop-color="#FFC1E6"/>
</linearGradient>
<linearGradient id="paint4_linear_20_3134" x1="487.01" y1="273.84" x2="475.632" y2="279.293" gradientUnits="userSpaceOnUse">
<stop stop-color="#FF702C"/>
<stop offset="1" stop-color="#FFC1E6"/>
</linearGradient>
<linearGradient id="paint5_linear_20_3134" x1="459.016" y1="290.701" x2="440.54" y2="297.451" gradientUnits="userSpaceOnUse">
<stop stop-color="#FF702C"/>
<stop offset="1" stop-color="#FFC1E6"/>
</linearGradient>
<linearGradient id="paint6_linear_20_3134" x1="481.195" y1="278.202" x2="465.062" y2="287.509" gradientUnits="userSpaceOnUse">
<stop stop-color="#FF702C"/>
<stop offset="1" stop-color="#FFC1E6"/>
</linearGradient>
<linearGradient id="paint7_linear_20_3134" x1="475.446" y1="279.224" x2="449.078" y2="289.212" gradientUnits="userSpaceOnUse">
<stop stop-color="#FF702C"/>
<stop offset="1" stop-color="#FFC1E6"/>
</linearGradient>
</defs>
</svg>

===== END FILE: label_studio/core/static_build/images/heidi-500.9ff33916bb13.svg =====


===== FILE: label_studio/core/static_build/images/login-bg.29b8d8908a46.svg =====
<svg width="180" height="239" viewBox="0 0 180 239" fill="none" xmlns="http://www.w3.org/2000/svg">
<path fill-rule="evenodd" clip-rule="evenodd" d="M-9.91821e-05 59.8662H119.84V179.706H-9.91821e-05V59.8662ZM59.9197 119.786H119.84V179.706H59.9197V119.786Z" fill="#0a87ce"/>
<rect width="60.0546" height="60.0546" transform="matrix(-1 0 0 1 179.765 0)" fill="#FFA663"/>
<path fill-rule="evenodd" clip-rule="evenodd" d="M179.762 239H59.9219V119.16H179.762V239ZM119.842 179.08H59.922V119.16H119.842V179.08Z" fill="#E37BD3"/>
</svg>

===== END FILE: label_studio/core/static_build/images/login-bg.29b8d8908a46.svg =====


===== FILE: label_studio/core/static_build/images/heidi-500.svg =====
<svg width="812" height="338" viewBox="0 0 812 338" fill="none" xmlns="http://www.w3.org/2000/svg">
<path d="M190.896 328.555C170.123 328.555 152.136 324.882 136.936 317.535C121.99 310.189 110.463 299.802 102.356 286.375C94.2495 272.949 90.1962 257.369 90.1962 239.635V235.835H139.596V239.255C139.596 251.922 143.776 262.815 152.136 271.935C160.75 280.802 173.416 285.235 190.136 285.235C206.856 285.235 219.65 280.802 228.516 271.935C237.636 262.815 242.196 251.035 242.196 236.595V232.795C242.196 218.609 237.636 207.335 228.516 198.975C219.65 190.615 208.503 186.435 195.076 186.435C187.73 186.435 181.65 187.449 176.836 189.475C172.023 191.502 168.096 194.035 165.056 197.075C162.016 200.115 159.483 203.155 157.456 206.195H98.5562V57.2355H280.196V101.315H147.196V166.295H154.036C156.57 163.002 159.99 159.835 164.296 156.795C168.603 153.755 174.176 151.222 181.016 149.195C187.856 147.169 195.963 146.155 205.336 146.155C221.043 146.155 235.356 149.449 248.276 156.035C261.196 162.622 271.456 172.375 279.056 185.295C286.91 197.962 290.836 213.669 290.836 232.415V236.975C290.836 255.722 286.783 271.935 278.676 285.615C270.823 299.295 259.423 309.935 244.476 317.535C229.53 324.882 211.67 328.555 190.896 328.555ZM426.728 328.555C395.314 328.555 370.108 319.942 351.108 302.715C332.108 285.235 322.608 258.889 322.608 223.675V156.795C322.608 122.595 332.108 96.6288 351.108 78.8955C370.108 60.9088 395.314 51.9155 426.728 51.9155C458.394 51.9155 483.601 60.9088 502.348 78.8955C521.348 96.6288 530.848 122.595 530.848 156.795V223.675C530.848 258.889 521.348 285.235 502.348 302.715C483.601 319.942 458.394 328.555 426.728 328.555ZM426.728 285.235C445.728 285.235 459.661 280.042 468.528 269.655C477.648 259.269 482.208 244.449 482.208 225.195V154.515C482.208 135.009 477.141 120.315 467.008 110.435C457.128 100.302 443.701 95.2355 426.728 95.2355C409.248 95.2355 395.568 100.429 385.688 110.815C376.061 121.202 371.248 135.769 371.248 154.515V225.195C371.248 245.209 375.808 260.282 384.928 270.415C394.301 280.295 408.234 285.235 426.728 285.235ZM673.134 328.555C641.721 328.555 616.514 319.942 597.514 302.715C578.514 285.235 569.014 258.889 569.014 223.675V156.795C569.014 122.595 578.514 96.6288 597.514 78.8955C616.514 60.9088 641.721 51.9155 673.134 51.9155C704.801 51.9155 730.007 60.9088 748.754 78.8955C767.754 96.6288 777.254 122.595 777.254 156.795V223.675C777.254 258.889 767.754 285.235 748.754 302.715C730.007 319.942 704.801 328.555 673.134 328.555ZM673.134 285.235C692.134 285.235 706.067 280.042 714.934 269.655C724.054 259.269 728.614 244.449 728.614 225.195V154.515C728.614 135.009 723.547 120.315 713.414 110.435C703.534 100.302 690.107 95.2355 673.134 95.2355C655.654 95.2355 641.974 100.429 632.094 110.815C622.467 121.202 617.654 135.769 617.654 154.515V225.195C617.654 245.209 622.214 260.282 631.334 270.415C640.707 280.295 654.641 285.235 673.134 285.235Z" fill="black"/>
<path d="M794.973 40.2966C796.283 39.7167 797.603 40.1645 798.847 40.908C801.755 42.652 803.859 45.4752 804.703 48.7651C805.551 52.0352 805.689 55.4497 805.108 58.7781C804.622 61.5612 803.558 64.2107 801.984 66.5544C800.933 68.2276 799.713 69.7986 798.504 71.3724C797.389 72.8286 796.105 74.146 794.678 75.2963C792.418 77.1088 789.825 78.4446 787.26 79.7792C785.306 80.8178 783.255 81.7533 781.176 82.596C779.268 83.3688 777.417 84.2877 775.568 85.1897C775.379 85.3163 775.151 85.3697 774.926 85.3399C774.701 85.3101 774.495 85.1991 774.346 85.0278C773.998 84.6488 774.422 84.3499 774.56 84.0164C774.699 83.6829 780.5 76.5661 781.4 75.6006C782.524 74.3801 783.381 72.9712 784.51 71.7715C786.053 70.0661 787.251 68.0758 788.036 65.9117C789.201 62.8866 789.11 59.6303 789.437 56.4584C789.653 54.3556 789.364 52.2229 789.814 50.1284C790.213 48.2516 790.682 46.3906 791.023 44.5058C791.218 43.5021 791.693 42.5742 792.392 41.8294C793.091 41.0846 793.986 40.5532 794.973 40.2966ZM790.444 56.3082C790.439 58.525 789.947 60.7185 789.768 62.9231C789.461 66.7157 787.317 69.6238 785.043 72.4978C784.585 73.0822 784.168 73.7006 783.739 74.3112C782.473 76.0986 780.731 77.4781 779.361 79.1806C778.776 79.8795 778.422 80.7706 777.647 81.3673C777.335 81.6052 776.877 82.0566 777.211 82.5112C777.476 82.8717 777.904 82.4111 778.306 82.472L782.902 80.4341C785.734 79.1946 788.502 77.8109 791.193 76.2884C793.103 75.1693 794.844 73.7842 796.366 72.1746C797.384 71.043 798.329 69.8465 799.194 68.5925C800.823 66.5154 802.187 64.2419 803.253 61.8251C804.145 59.5993 804.552 57.2076 804.444 54.8111C804.438 52.8085 804.175 50.815 803.66 48.88C803.23 47.2852 802.472 45.7984 801.434 44.5154C800.396 43.2324 799.102 42.1816 797.634 41.4307C796.087 40.6239 794.045 41.2137 792.81 42.9269C791.987 44.0673 791.888 45.3711 791.513 46.6273C790.649 49.7939 790.478 53.0431 790.44 56.3147L790.444 56.3082Z" fill="#262522"/>
<path d="M766.798 89.5437C766.304 88.841 766.592 88.3318 766.99 87.862C767.273 87.5314 767.56 87.2165 767.816 86.865C768.95 85.3263 769.572 83.527 770.727 81.9831C772.09 80.2186 773.211 78.2788 774.06 76.2155C774.783 74.3746 775.254 72.5019 775.785 70.6253C776.719 67.3584 777.712 64.1268 777.81 60.6741C777.991 57.3017 777.685 53.9209 776.901 50.6364C775.905 46.846 774.129 43.3433 772.813 39.6656C771.618 36.3233 769.743 33.2272 768.147 30.073C766.86 27.5234 765.334 25.0774 764.821 22.1696C764.475 20.6219 764.529 19.0115 764.975 17.49C765.477 15.942 765.88 14.4407 767.366 13.341C768.523 12.5 769.84 12.4666 771.085 12.0691C772.189 11.7834 773.353 11.8297 774.432 12.2021C776.033 12.7041 777.477 13.6126 778.624 14.8393C781.349 17.4863 783.51 20.4891 784.371 24.291C784.801 26.1893 784.972 28.1352 785.523 30.009C785.908 31.5211 786.119 33.0727 786.15 34.6331C786.327 37.7684 786.437 40.9204 785.867 44.0747C785.513 46.0181 785.592 48.0199 785.262 49.9738C784.917 52.0203 784.848 54.0922 784.176 56.1144C783.353 58.6005 783.051 61.2287 781.888 63.6332C781.076 65.3134 780.354 67.0434 779.635 68.7617C778.084 72.6183 776.146 76.3062 773.849 79.7684C772.192 82.1899 770.649 84.7109 768.854 87.0174C768.189 87.8634 767.806 88.9279 766.798 89.5437ZM777.366 70.809C779.042 67.3468 780.621 63.848 781.991 60.2456C782.381 59.2072 782.471 58.0717 782.8 57.0097C784.188 52.5168 784.167 47.8419 784.9 43.2679C785.348 40.4706 785.054 37.6911 785.108 34.9085C785.04 33.5934 784.891 32.2839 784.659 30.9876C784.391 28.5342 783.643 26.1775 783.122 23.7756C782.484 20.8545 780.705 18.6153 778.755 16.4905C778.147 15.7609 777.466 15.0948 776.723 14.5024C775.117 13.3041 773.107 12.7832 771.122 13.0511C769.997 13.1596 768.912 13.5256 767.95 14.1209C766.517 15.0303 766.377 16.4996 765.951 17.8626C765.583 19.164 765.542 20.5367 765.832 21.8577C766.299 24.5111 767.756 26.7417 768.866 29.1137C770.348 32.2741 772.161 35.3022 773.405 38.5494C774.648 41.7967 776.162 45.0654 777.294 48.4232C778.479 51.8153 779.034 55.3966 778.93 58.9893C778.802 62.3442 778.57 65.7249 777.314 68.9833C776.947 69.9161 776.975 70.9671 776.517 72.0223C777.234 71.7723 777.173 71.2114 777.366 70.809Z" fill="#262522"/>
<path d="M760.991 88.2428C760.817 88.009 762.963 83.8764 763.104 83.376C763.697 81.4122 764.177 79.4156 764.799 77.4611C765.545 75.1104 765.384 72.6468 765.884 70.2851C766.299 68.0023 766.268 65.6607 765.796 63.3894C765.481 61.5566 764.748 59.7723 764.317 57.9575C763.863 56.3668 763.215 54.8385 762.387 53.4073C761.154 51.0272 759.305 49.11 757.472 47.1889C756.574 46.2605 755.577 45.4343 754.499 44.7252C751.64 42.8122 748.908 40.7151 746.32 38.4471C743.132 35.7972 740.444 32.5967 738.381 28.9969C736.864 26.2328 735.81 23.4372 735.912 20.3157C735.999 17.558 736.238 14.6963 739.438 13.4258C740.945 12.819 742.585 12.1852 744.173 12.6218C746.193 13.1535 748.136 13.9424 749.956 14.9693C751.838 16.0586 753.525 17.407 755.335 18.5861C758.278 20.4741 760.836 22.907 762.872 25.7546C765.567 29.5555 768.36 33.3097 769.882 37.8172C770.724 40.3111 771.969 42.6716 772.565 45.4205C773.3 47.8189 773.311 50.4804 773.583 53.1046C773.854 55.5435 773.801 58.0078 773.425 60.4327C773.079 62.5457 771.774 70.3523 771.201 72.0618C770.284 74.9868 769.118 77.8276 767.717 80.5531C767.323 81.2112 766.838 81.8106 766.278 82.3336C765.188 83.4903 763.994 84.5621 763.217 86.0012C762.834 86.711 761.311 88.6673 760.991 88.2428ZM764.712 82.1461C766.339 81.1054 766.943 79.4103 767.729 77.8252C768.514 76.24 768.951 74.675 769.659 73.1314C770.295 71.5461 770.668 69.8668 770.763 68.1605C771.038 66.1962 771.428 64.2499 771.932 62.3318C772.615 59.5516 772.8 56.6721 772.479 53.8271C772.246 52.0297 772.352 50.1978 772.087 48.3859C771.801 46.493 771.341 44.6306 770.714 42.8225C770.116 41.0712 769.313 39.3872 768.665 37.654C767.977 35.9463 767.147 34.2994 766.185 32.7309C764.642 30.0442 762.9 27.4772 760.975 25.0513C759.537 23.2467 757.843 21.6629 755.947 20.3505C754.211 19.1585 752.626 17.7739 750.778 16.7095C748.525 15.4133 746.291 14.0181 743.686 13.7173C741.473 13.4579 739.129 13.8736 737.762 15.9021C736.95 17.0894 736.888 18.628 736.833 20.0871C736.754 23.1694 737.637 26.1996 739.359 28.754C740.799 31.0276 742.232 33.2751 744.181 35.1509C746.763 37.7528 749.581 40.1092 752.597 42.1898C756.57 44.7726 759.995 48.116 762.677 52.0283C763.724 53.4876 764.464 55.145 764.852 56.8999C765.245 58.8516 766.06 60.6764 766.466 62.5916C766.944 65.2091 767.036 67.8827 766.74 70.5271C766.429 74.304 765.476 77.9412 764.554 81.5929C764.535 81.6911 764.539 81.7924 764.567 81.8886C764.595 81.9847 764.644 82.073 764.712 82.1461Z" fill="#262522"/>
<path d="M792.827 42.9283C794.06 41.2099 796.126 40.6253 797.651 41.4321C799.119 42.1829 800.413 43.2337 801.451 44.5168C802.489 45.7998 803.247 47.2866 803.677 48.8814C804.192 50.8164 804.455 52.8099 804.461 54.8125C804.569 57.2089 804.163 59.6007 803.27 61.8265C802.206 64.2443 800.845 66.5191 799.218 68.5978C798.353 69.8518 797.408 71.0483 796.389 72.1799C794.868 73.7895 793.127 75.1746 791.217 76.2937C788.525 77.8162 785.758 79.1999 782.926 80.4394L778.33 82.4773C777.907 82.4216 777.474 82.8835 777.234 82.5165C776.897 82.0463 777.364 81.6092 777.67 81.3726C778.446 80.7759 778.805 79.9056 779.385 79.1859C780.754 77.4834 782.491 76.1052 783.763 74.3165C784.167 73.7176 784.603 73.0888 785.066 72.5031C787.336 69.6356 789.484 66.721 789.791 62.9284C789.97 60.7185 790.443 58.5185 790.468 56.3135C790.505 53.0366 790.676 49.7927 791.584 46.6209C791.913 45.3816 792.015 44.0713 792.827 42.9283Z" fill="#FF8267"/>
<path d="M766.807 70.4878C767.104 67.8434 767.011 65.1698 766.533 62.5524C766.123 60.6215 765.307 58.7914 764.919 56.8606C764.531 55.1057 763.791 53.4483 762.744 51.9891C760.063 48.0767 756.637 44.7333 752.664 42.1505C749.648 40.07 746.831 37.7136 744.248 35.1116C742.294 33.2372 740.856 30.9688 739.426 28.7148C737.704 26.1603 736.821 23.1302 736.901 20.0478C736.955 18.5888 737.032 17.0411 737.829 15.8628C739.196 13.8344 741.541 13.4186 743.754 13.6781C746.358 13.9788 748.592 15.374 750.845 16.6702C752.694 17.7347 754.283 19.1401 756.014 20.3112C757.91 21.6237 759.604 23.2074 761.042 25.012C762.967 27.4379 764.709 30.005 766.252 32.6916C767.214 34.2602 768.044 35.907 768.732 37.6147C769.386 39.3466 770.183 41.0319 770.781 42.7833C771.409 44.5914 771.868 46.4537 772.154 48.3467C772.418 50.1533 772.312 51.9852 772.547 53.7878C772.868 56.6328 772.682 59.5124 771.999 62.2925C771.496 64.2107 771.105 66.157 770.83 68.1213C770.736 69.8276 770.362 71.5068 769.726 73.0921C769.003 74.6396 768.548 76.2646 767.796 77.7859C767.044 79.3072 766.398 81.074 764.78 82.1069C764.722 82.0247 764.685 81.9299 764.671 81.8303C764.657 81.7307 764.666 81.6293 764.699 81.5342C765.542 77.8967 766.496 74.2647 766.807 70.4878Z" fill="#FFC27B"/>
<path d="M778.93 59.0107C779.034 55.418 778.479 51.8367 777.294 48.4446C776.161 45.0816 774.662 41.8976 773.405 38.5708C772.147 35.2441 770.353 32.2942 768.866 29.1351C767.73 26.7696 766.297 24.5443 765.832 21.8791C765.542 20.5581 765.583 19.1854 765.951 17.884C766.377 16.521 766.5 15.0282 767.95 14.1422C768.912 13.547 769.997 13.181 771.122 13.0725C773.107 12.8046 775.117 13.3255 776.723 14.5238C777.466 15.1162 778.147 15.7823 778.755 16.5119C780.705 18.6367 782.486 20.8811 783.122 23.797C783.643 26.1989 784.391 28.5556 784.659 31.009C784.891 32.3053 785.04 33.6148 785.108 34.9299C785.054 37.7125 785.37 40.4698 784.9 43.2893C784.167 47.8633 784.188 52.5381 782.8 57.0311C782.471 58.0931 782.382 59.2339 781.991 60.267C780.628 63.8564 779.041 67.363 777.366 70.8304C777.173 71.2329 777.224 71.7963 776.518 72.0711C776.976 71.0159 776.954 69.9636 777.315 69.032C778.575 65.7672 778.786 62.3916 778.93 59.0107Z" fill="#DD7DFF"/>
<path d="M33.0513 303.562C31.8736 304.379 31.5639 305.742 31.5455 307.194C31.5078 310.591 32.8077 313.866 35.163 316.308C37.4997 318.742 40.3301 320.645 43.4631 321.889C46.0831 322.928 48.892 323.403 51.7073 323.283C53.6791 323.26 55.6525 323.038 57.622 322.828C59.4429 322.636 61.2344 322.227 62.9584 321.608C65.6806 320.624 68.1717 319.106 70.6475 317.611C72.5518 316.484 74.4191 315.22 76.2226 313.884C77.8774 312.656 79.626 311.555 81.3595 310.446C81.5657 310.351 81.7304 310.184 81.8226 309.976C81.9149 309.768 81.9285 309.533 81.8608 309.316C81.7204 308.821 81.245 309.027 80.889 308.971C80.5329 308.915 71.4501 310.153 70.159 310.418C68.5337 310.74 66.8881 310.736 65.2779 311.074C63.0213 311.502 60.7032 311.485 58.4532 311.024C55.2725 310.439 52.552 308.658 49.6844 307.28C47.784 306.365 46.122 305.003 44.1063 304.293C42.3024 303.652 40.4753 303.08 38.6946 302.387C37.7393 302.029 36.7024 301.949 35.7038 302.157C34.7052 302.365 33.7857 302.852 33.0513 303.562ZM49.0302 308.062C50.9174 309.217 53.0391 309.943 55.0072 310.942C58.3917 312.663 61.9848 312.35 65.6167 311.909C66.353 311.823 67.0964 311.791 67.8399 311.743C70.0213 311.595 72.1049 310.827 74.2682 310.546C75.1679 310.412 76.1108 310.575 77.0234 310.224C77.3885 310.082 78.0115 309.927 78.2237 310.45C78.3912 310.865 77.776 310.99 77.6178 311.365L73.4824 314.229C70.9479 316.002 68.3249 317.644 65.6234 319.149C63.6738 320.196 61.5859 320.96 59.4222 321.419C57.9275 321.699 56.4164 321.881 54.8984 321.964C52.2808 322.271 49.6352 322.248 47.0235 321.896C44.6647 321.495 42.4191 320.592 40.4381 319.247C38.7389 318.195 37.1821 316.927 35.8062 315.476C34.6752 314.274 33.8077 312.849 33.2597 311.291C32.7116 309.733 32.4952 308.077 32.6242 306.43C32.7472 304.686 34.3163 303.248 36.4181 303.089C37.8181 302.981 38.9777 303.579 40.2416 303.915C43.3857 304.831 46.2368 306.384 49.0377 308.062L49.0302 308.062Z" fill="#262522"/>
<path d="M89.6462 305.225C89.307 304.436 88.7232 304.416 88.1159 304.511C87.6869 304.58 87.2692 304.66 86.8367 304.695C84.9358 304.86 83.0809 304.451 81.1648 304.631C78.952 304.874 76.7169 304.818 74.5191 304.465C72.5765 304.12 70.7381 303.544 68.8651 303.017C65.5996 302.107 62.3337 301.266 59.3473 299.545C56.3857 297.937 53.6716 295.908 51.2893 293.52C48.588 290.687 46.5389 287.338 44.1009 284.29C41.8844 281.521 40.2325 278.3 38.3857 275.286C36.8909 272.853 35.6097 270.27 33.4061 268.311C32.2711 267.206 30.8743 266.41 29.3473 265.996C27.769 265.616 26.2821 265.176 24.5707 265.87C23.2509 266.42 22.5335 267.528 21.5451 268.384C20.7247 269.179 20.1553 270.199 19.908 271.315C19.4978 272.946 19.515 274.656 19.9581 276.278C20.7836 279.991 22.2065 283.408 24.9882 286.132C26.3772 287.492 27.9421 288.655 29.247 290.106C30.3309 291.226 31.5398 292.217 32.8499 293.059C35.4224 294.85 38.0447 296.591 41.0239 297.754C42.8613 298.467 44.5214 299.581 46.3548 300.321C48.2753 301.095 50.0725 302.12 52.1429 302.603C54.6865 303.199 57.0783 304.315 59.7306 304.578C61.5834 304.763 63.4316 305.05 65.2684 305.333C69.3573 306.024 73.506 306.295 77.6499 306.142C80.5745 305.992 83.5244 305.99 86.4238 305.662C87.4902 305.536 88.5956 305.765 89.6462 305.225ZM68.1945 304.465C64.3753 304.087 60.5758 303.607 56.797 302.895C55.7103 302.686 54.698 302.169 53.6232 301.895C49.078 300.732 45.1151 298.27 40.8436 296.505C38.2316 295.426 36.0224 293.721 33.6289 292.312C32.5462 291.567 31.5113 290.755 30.5303 289.879C28.5851 288.367 26.9724 286.496 25.203 284.795C23.0534 282.722 22.08 280.031 21.2931 277.253C20.9912 276.351 20.7809 275.421 20.6654 274.477C20.4866 272.477 21.0948 270.486 22.36 268.93C23.0405 268.025 23.919 267.289 24.9279 266.778C26.4502 266.028 27.7725 266.677 29.1538 267.025C30.4528 267.391 31.641 268.073 32.6122 269.012C34.6237 270.799 35.7583 273.21 37.1942 275.399C39.1062 278.318 40.7322 281.451 42.8426 284.212C44.9529 286.973 46.9401 289.976 49.2024 292.699C51.4665 295.486 54.2211 297.832 57.3295 299.621C60.2482 301.266 63.2433 302.835 66.6701 303.465C67.6547 303.639 68.5339 304.212 69.6702 304.373C69.0827 304.855 68.6378 304.51 68.1945 304.465Z" fill="#262522"/>
<path d="M91.576 299.581C91.4681 299.311 86.8332 298.984 86.3338 298.844C84.3546 298.323 82.4066 297.69 80.4196 297.2C78.0314 296.608 76.0211 295.183 73.7521 294.376C71.5949 293.536 69.6202 292.286 67.9365 290.695C66.5427 289.468 65.4093 287.908 64.092 286.591C62.977 285.371 62.0166 284.018 61.2328 282.562C59.8546 280.263 59.1913 277.681 58.5166 275.109C58.1966 273.857 58.0154 272.573 57.9765 271.28C57.8449 267.836 57.4906 264.404 56.9156 261.006C56.3296 256.896 55.0148 252.924 53.0332 249.279C51.4763 246.537 49.6512 244.174 46.944 242.63C44.5541 241.263 41.9967 239.971 39.2437 242.042C37.9396 243.013 36.5439 244.083 36.0846 245.669C35.4805 247.674 35.135 249.747 35.0565 251.84C34.9986 254.018 35.2631 256.165 35.319 258.329C35.3851 261.832 36.116 265.29 37.4725 268.519C39.2946 272.81 41.0253 277.161 44.0617 280.818C45.7415 282.841 47.097 285.14 49.1224 287.086C50.7767 288.969 53.0337 290.37 55.1223 291.974C57.0536 293.481 59.1763 294.724 61.4345 295.67C63.4115 296.479 70.7302 299.445 72.4827 299.849C75.4488 300.594 78.4732 301.083 81.5226 301.31C82.2881 301.318 83.0509 301.217 83.7885 301.011C85.3418 300.684 86.8771 300.224 88.5068 300.312C89.3104 300.356 91.7695 300.077 91.576 299.581ZM84.4476 299.575C82.7123 300.422 80.9557 300.052 79.1975 299.894C77.4393 299.737 75.8805 299.292 74.1984 299.09C72.5179 298.805 70.8954 298.246 69.3953 297.435C67.5818 296.643 65.7232 295.959 63.8292 295.387C61.1088 294.517 58.564 293.17 56.3134 291.409C54.9076 290.269 53.295 289.402 51.8932 288.228C50.4334 286.994 49.0906 285.628 47.8817 284.146C46.7055 282.719 45.6935 281.153 44.5593 279.692C43.4672 278.211 42.501 276.641 41.6709 274.998C40.1937 272.274 38.9221 269.444 37.8665 266.53C37.0842 264.357 36.6234 262.081 36.4988 259.774C36.3932 257.667 36.0447 255.589 36.1062 253.452C36.1825 250.848 36.1642 248.209 37.2703 245.826C38.2068 243.798 39.7861 242.011 42.225 241.904C43.6588 241.83 44.9992 242.582 46.2679 243.298C48.9297 244.842 51.0439 247.181 52.3151 249.988C53.4952 252.408 54.6565 254.808 55.2321 257.454C56.0937 261.022 56.6238 264.663 56.8155 268.329C56.9341 273.075 57.9854 277.751 59.9092 282.089C60.6024 283.747 61.6245 285.246 62.9135 286.495C64.367 287.851 65.4922 289.502 66.9078 290.851C68.8829 292.628 71.1076 294.104 73.5106 295.233C76.8838 296.942 80.4741 298.029 84.0602 299.15C84.1537 299.185 84.2374 299.242 84.3048 299.316C84.3721 299.39 84.421 299.479 84.4476 299.575Z" fill="#262522"/>
<path d="M36.4104 303.104C34.3049 303.26 32.728 304.72 32.6165 306.445C32.4875 308.092 32.704 309.748 33.252 311.306C33.8001 312.864 34.6675 314.29 35.7985 315.491C37.1744 316.942 38.7312 318.21 40.4304 319.262C42.4114 320.607 44.657 321.51 47.0158 321.911C49.6272 322.266 52.2727 322.291 54.8906 321.987C56.4087 321.903 57.9198 321.721 59.4144 321.442C61.5782 320.983 63.666 320.219 65.6157 319.171C68.3171 317.667 70.9402 316.025 73.4747 314.251L77.6101 311.388C77.7836 310.998 78.4026 310.869 78.216 310.472C77.9925 309.938 77.3769 310.109 77.0157 310.247C76.1031 310.598 75.1752 310.45 74.2605 310.569C72.0971 310.85 70.0174 311.614 67.8322 311.766C67.1115 311.798 66.3491 311.842 65.609 311.932C61.9846 312.373 58.384 312.685 54.9994 310.965C53.0276 309.962 50.9098 309.217 49.0224 308.085C46.2177 306.403 43.3703 304.854 40.1995 303.972C38.9737 303.605 37.8065 303.007 36.4104 303.104Z" fill="#DD7DFF"/>
<path d="M73.4421 295.271C71.039 294.142 68.8144 292.665 66.8393 290.888C65.4124 289.528 64.2834 287.873 62.845 286.532C61.556 285.283 60.5339 283.784 59.8407 282.126C57.9169 277.788 56.8655 273.112 56.747 268.366C56.5553 264.7 56.0252 261.06 55.1635 257.492C54.5918 254.841 53.4154 252.426 52.2465 250.026C50.9754 247.218 48.8612 244.879 46.1994 243.335C44.9307 242.619 43.5751 241.875 42.1565 241.941C39.7176 242.049 38.1383 243.836 37.2017 245.863C36.0957 248.247 36.114 250.886 36.0377 253.49C35.9762 255.626 36.3398 257.72 36.4303 259.812C36.5549 262.118 37.0157 264.394 37.798 266.567C38.8536 269.481 40.1252 272.312 41.6024 275.035C42.4325 276.678 43.3987 278.249 44.4907 279.729C45.6211 281.194 46.637 282.756 47.8132 284.183C49.022 285.665 50.3649 287.032 51.8247 288.266C53.2227 289.435 54.8353 290.303 56.2448 291.446C58.4955 293.208 61.0403 294.555 63.7607 295.424C65.6547 295.997 67.5133 296.68 69.3268 297.473C70.8268 298.284 72.4494 298.843 74.1299 299.127C75.8234 299.318 77.4428 299.779 79.129 299.932C80.8152 300.085 82.6552 300.455 84.3791 299.612C84.3394 299.52 84.2784 299.438 84.201 299.374C84.1237 299.31 84.0323 299.266 83.9344 299.244C80.4018 298.063 76.8153 296.979 73.4421 295.271Z" fill="#FF8267"/>
<path d="M57.3478 299.632C54.2394 297.843 51.4848 295.497 49.2207 292.71C46.9547 289.983 45.0315 287.037 42.8609 284.223C40.6903 281.409 39.1207 278.333 37.2125 275.41C35.7957 273.202 34.6533 270.814 32.6305 269.023C31.6593 268.085 30.4711 267.402 29.1721 267.036C27.7907 266.688 26.4573 266.013 24.9462 266.789C23.9373 267.3 23.0588 268.036 22.3783 268.941C21.113 270.498 20.5049 272.488 20.6837 274.488C20.7992 275.432 21.0095 276.362 21.3114 277.264C22.0983 280.042 23.0754 282.737 25.2213 284.806C26.9907 286.507 28.6033 288.378 30.5486 289.89C31.5295 290.766 32.5645 291.578 33.6472 292.323C36.0407 293.732 38.2195 295.444 40.8619 296.516C45.1334 298.281 49.0963 300.744 53.6415 301.906C54.7163 302.18 55.7324 302.701 56.8153 302.906C60.5789 303.618 64.3898 304.094 68.2128 304.476C68.6561 304.521 69.1086 304.859 69.7111 304.399C68.5748 304.239 67.6918 303.67 66.7111 303.491C63.2767 302.862 60.2968 301.277 57.3478 299.632Z" fill="#FFC27B"/>
<path d="M469.607 197.954C470.104 198.261 471.153 197.868 471.077 198.911C471.077 199.562 470.428 199.265 470.075 199.361C469.436 199.361 468.729 199.198 468.596 198.605C468.462 198.012 469.226 197.696 469.607 197.954Z" fill="#ACAEBF"/>
<path d="M425.069 269.955C424.038 269.496 422.95 269.094 421.938 268.558C421.184 268.156 420.44 268.089 420.029 268.941C419.619 269.792 420.191 270.146 420.879 270.453C421.879 270.756 422.794 271.29 423.551 272.013C424.581 273.162 425.9 274.015 427.369 274.481C428.965 275.077 430.597 275.566 432.257 275.946C432.748 276.009 433.209 276.218 433.581 276.545C433.953 276.872 434.22 277.303 434.347 277.783C434.023 277.806 433.698 277.761 433.392 277.649C431.483 277.094 430.863 277.429 430.834 279.352C430.834 280.711 429.956 280.549 429.221 280.309C428.076 279.974 427.408 280.108 427.417 281.41C427.417 282.903 426.673 283.017 425.374 282.721C423.871 282.462 422.338 282.417 420.821 282.587C420.115 282.587 419.79 283.687 419.008 283.257C416.793 282.041 414.283 282.529 411.973 282.348C408.802 281.985 405.669 281.345 402.609 280.434C399.803 279.62 397.041 278.662 394.333 277.563C388.807 275.515 384.55 271.898 380.684 267.85C378.555 265.62 376.484 263.323 374.346 261.075C371.534 258.23 369.198 254.951 367.426 251.362C364.81 245.792 364.037 239.783 363.445 233.754C363.245 231.735 363.111 229.725 362.968 227.706C362.691 223.744 361.889 219.811 362.71 215.83C362.767 215.543 362.71 215.275 363.102 215.122C364.352 214.615 364.667 214.069 363.894 213.16C362.997 212.108 363.292 210.969 363.054 209.849C362.787 208.586 363.798 207.83 363.865 206.73C364.104 202.739 366.003 199.17 366.986 195.371C367.044 195.17 367.254 194.863 367.406 194.844C368.857 194.72 368.6 194.624 369.172 193.361C369.869 191.839 369.172 190.213 369.945 188.787C371.34 186.19 372.936 183.707 374.718 181.361C377.333 177.906 379.863 174.404 383.166 171.533C384.445 170.423 385.924 169.543 387.318 168.547C387.391 168.653 387.442 168.772 387.468 168.898C387.494 169.023 387.494 169.153 387.469 169.279C387.444 169.405 387.395 169.524 387.323 169.63C387.251 169.737 387.158 169.827 387.05 169.897C386.296 170.547 385.972 171.523 386.716 172.069C387.461 172.614 387.919 171.504 388.473 171.112C388.559 171.045 388.578 170.892 388.654 170.806C389.199 170.071 389.894 169.461 390.692 169.016C391.49 168.57 392.373 168.3 393.283 168.222C394.773 168.136 395.011 167.389 394.372 166.308C394.009 165.705 394.095 165.514 394.658 165.236C395.367 164.889 396.059 164.506 396.729 164.088C397.121 163.839 397.531 163.581 397.913 163.925C398.295 164.27 397.789 164.576 397.655 164.882C397.388 165.523 397.493 166.337 398.094 166.232C399.956 165.925 402.313 165.514 403.058 163.944C404.318 161.294 406.523 161.542 408.642 161.255C409.214 161.179 410.035 160.825 410.474 161.648C410.623 161.926 410.828 162.17 411.075 162.365C411.323 162.56 411.608 162.702 411.913 162.781C412.218 162.86 412.536 162.875 412.847 162.825C413.158 162.775 413.455 162.661 413.72 162.49C415.982 161.132 418.616 160.532 421.241 160.777C422.788 160.968 425.059 159.418 425.584 162.394C425.584 162.519 426.024 162.7 426.205 162.653C427.56 162.289 429.603 163.763 430.204 161.275C430.255 161.122 430.363 160.995 430.506 160.921C430.649 160.848 430.815 160.834 430.968 160.882C432.075 161.447 433.297 161.083 434.442 161.332C437.783 162.059 441.124 162.672 444.474 163.437C447.525 163.972 450.462 165.024 453.161 166.547C452.94 166.719 452.703 166.87 452.454 166.997C451.91 167.208 450.898 166.796 451.108 167.954C451.28 168.911 452.006 168.509 452.616 168.633C453.956 168.782 455.231 169.295 456.301 170.117C456.578 170.375 456.845 170.988 457.332 170.586C457.819 170.184 457.332 169.83 457.198 169.428C457.064 169.026 456.473 168.729 456.921 168.318C457.37 167.906 457.714 168.318 458.105 168.49C460.711 169.763 463.336 171.007 465.951 172.318C466.161 172.423 466.419 172.643 466.438 172.844C466.791 175.409 469.301 176.088 470.838 177.629C471.125 177.916 471.955 178.031 472.089 177.418C472.413 175.983 473.253 176.787 473.721 177.083C474.904 177.839 475.907 178.863 477.1 179.591C482.693 182.92 487.159 187.858 489.919 193.763C490.111 194.099 490.205 194.482 490.191 194.869C490.178 195.257 490.057 195.632 489.843 195.954C488.888 197.495 489.728 198.739 491.58 198.624C492.181 198.624 492.678 198.471 492.993 199.017C493.959 200.656 494.707 202.416 495.217 204.251C494.558 203.466 494.138 203.227 493.575 203.677C493.012 204.127 493.336 204.385 493.575 204.787C493.814 205.189 493.938 205.801 494.148 206.299C494.711 207.696 495.589 209.39 494.997 210.596C494.214 212.222 494.539 213.725 494.415 215.285C494.31 216.557 494.472 217.859 494.348 219.112C494.281 219.763 493.766 220.462 494.825 220.634C495.694 220.778 495.78 219.955 495.866 219.419C496.352 218.111 496.375 216.675 495.933 215.352C495.303 213.849 496.753 212.615 496.696 211.093C496.639 209.572 495.961 207.983 495.904 205.878C497.765 209.62 498.147 213.218 499.121 216.653C499.264 217.17 499.121 217.371 498.691 217.333C497.737 217.266 497.737 217.878 497.737 218.51C497.737 219.467 497.737 220.423 497.737 221.447C497.737 222.471 497.832 223.361 499.216 222.577C499.856 222.203 499.865 222.931 499.875 222.988C500.226 224.203 500.377 225.466 500.323 226.73C499.579 230.883 500.486 235.113 499.627 239.247C499.082 241.897 499.235 244.625 498.538 247.275C497.517 251.209 496.305 255.084 495.112 258.969C495.038 259.456 494.824 259.91 494.497 260.278C494.17 260.645 493.743 260.908 493.269 261.036C493.198 259.825 493.278 258.61 493.508 257.419C493.831 256.238 493.74 254.981 493.25 253.859C493.079 253.438 492.964 252.979 492.439 253.055C491.914 253.132 492.124 253.639 492.114 253.955C492.154 255.529 492.039 257.103 491.771 258.654C491.561 259.611 491.36 261.036 491.866 261.524C493.26 262.759 491.924 263.572 491.771 264.548C491.764 264.656 491.728 264.76 491.667 264.849C491.606 264.937 491.521 265.008 491.423 265.052C491.325 265.096 491.216 265.113 491.11 265.1C491.003 265.087 490.901 265.045 490.816 264.979C488.707 263.668 486.406 262.692 484.24 261.496C480.202 259.266 476.413 256.615 472.47 254.223C468.796 251.993 464.977 249.984 461.35 247.677C458.41 245.792 455.574 243.748 452.855 241.553C451.815 240.72 449.992 240.07 450.411 238.251C450.896 236.255 450.896 234.171 450.411 232.175C450.335 231.888 450.173 231.371 450.602 231.218C450.803 231.151 451.137 231.534 451.481 231.754C451.542 230.099 451.191 228.454 450.459 226.969C448.98 223.4 449.419 219.658 449.6 215.935C449.705 213.715 450.66 211.821 451.452 209.811C452.693 206.653 455.556 205.131 457.99 203.198C460.023 201.472 462.642 200.597 465.302 200.758C469.273 200.903 473.171 201.864 476.756 203.581C480.059 205.227 482.932 207.17 484.45 210.663C484.755 211.361 484.908 212.299 485.738 212.797C486.111 213.017 486.387 213.428 486.874 213.246C487.361 213.065 487.266 212.5 487.199 212.146C486.584 209.056 484.815 206.317 482.254 204.49C479.999 202.704 477.455 201.318 474.733 200.395C474.287 200.299 473.89 200.047 473.613 199.684C473.336 199.321 473.199 198.87 473.225 198.414C473.158 197.017 471.363 195.878 469.406 196.088C468.309 196.213 466.371 195.706 466.543 197.935C466.543 198.72 465.951 198.605 465.493 198.576C463.909 198.416 462.31 198.596 460.802 199.106C459.294 199.616 457.912 200.444 456.75 201.533C454.936 203.227 452.588 204.289 451.156 206.462C449.247 209.409 447.548 212.414 447.462 216.031C447.258 218.582 447.309 221.146 447.615 223.687C448.19 226.106 449.035 228.453 450.135 230.682C448.398 229.242 446.358 228.214 444.169 227.677C443.302 227.441 442.38 227.519 441.565 227.897C440.749 228.275 440.093 228.929 439.711 229.744C439.016 231.304 438.879 233.057 439.325 234.707C439.77 236.356 440.77 237.801 442.155 238.797C442.324 238.959 442.531 239.075 442.757 239.134C442.983 239.193 443.221 239.193 443.447 239.133C443.673 239.074 443.88 238.957 444.048 238.794C444.217 238.631 444.34 238.428 444.408 238.204C444.67 237.465 444.783 236.681 444.742 235.897C444.742 235.572 444.589 235.122 445.104 234.988C445.62 234.854 445.906 235.151 446.193 235.515C446.899 236.471 446.508 237.333 446.193 238.261C445.82 239.467 446.937 241.917 447.977 241.792C449.018 241.668 449.4 242.251 449.887 242.749C450.125 243.027 450.211 243.4 450.688 243.323C451.986 243.122 452.788 243.878 453.81 244.519C455.184 245.4 456.377 246.51 457.771 247.333C461.121 249.323 464.615 251.113 467.793 253.323C471.611 255.993 475.764 258.166 479.677 260.692C482.063 262.233 484.583 263.563 487.046 265.027C487.371 265.218 488.268 270.376 488.001 270.587C487.637 270.809 487.261 271.01 486.874 271.19C485.92 271.783 484.736 272.013 483.686 272.501C478.99 274.682 479.992 275.18 478.913 270.213C478.637 268.931 479.057 267.343 477.644 266.386C477.358 266.194 477.444 265.429 476.766 265.84C476.575 265.946 476.431 266.12 476.362 266.327C476.293 266.535 476.304 266.76 476.394 266.96C477.148 269.008 477.195 271.19 477.644 273.285C477.873 274.367 477.644 274.635 476.632 274.864C472.986 275.649 469.387 276.615 465.732 277.352C464.225 277.683 462.675 277.774 461.14 277.62C457.542 277.142 453.915 277.084 450.316 276.395C445.209 275.438 440.141 274.357 435.12 273.056C431.688 272.31 428.325 271.273 425.069 269.955ZM497.288 237.256C497.914 234.899 498.235 232.471 498.243 230.031C498.243 229.505 498.195 229.074 497.555 228.959C496.916 228.845 496.839 229.266 496.706 229.744C496.162 231.725 496.286 233.763 495.999 235.773C495.875 236.462 496.486 236.787 497.288 237.256ZM460.444 234.385C461.026 234.28 460.949 233.677 460.778 233.055C460.293 231.459 459.974 229.817 459.823 228.156C459.823 227.524 459.489 226.596 458.802 226.634C457.933 226.634 458.525 227.591 458.372 228.127C458.346 228.308 458.346 228.491 458.372 228.672C458.248 230.318 458.935 231.83 459.145 233.457C459.21 233.744 459.378 233.998 459.618 234.167C459.858 234.337 460.152 234.411 460.444 234.376V234.385ZM453.571 214.481C452.979 214.356 452.846 215.045 452.807 215.304C452.497 217.386 452.62 219.511 453.17 221.543C453.209 221.693 453.301 221.823 453.43 221.908C453.559 221.993 453.715 222.026 453.867 222.002C454.306 221.926 454.172 221.534 454.172 221.275C454.172 220.318 454.172 219.361 454.172 218.404C454.172 217.447 454.172 216.49 454.172 215.533C454.204 215.423 454.214 215.307 454.201 215.193C454.188 215.078 454.153 214.968 454.097 214.867C454.041 214.766 453.966 214.678 453.875 214.607C453.785 214.536 453.682 214.483 453.571 214.452V214.481ZM455.938 232.137C455.108 232.137 455.356 233.17 455.327 233.811C455.327 234.175 455.327 234.548 455.327 235.199C454.745 236.806 456.053 238.271 456.597 239.897C456.631 240.069 456.705 240.23 456.813 240.367C456.92 240.505 457.058 240.615 457.216 240.689C457.374 240.764 457.547 240.8 457.721 240.796C457.895 240.791 458.066 240.746 458.219 240.663C458.926 240.271 458.725 239.706 458.391 239.103C457.471 237.484 456.938 235.672 456.835 233.811C456.816 233.074 456.759 232.108 455.938 232.137ZM460.424 206.509C459.747 206.088 459.604 206.921 459.308 207.313C458.296 208.663 456.835 209.773 456.807 211.658C456.807 212.27 456.702 213.103 457.446 213.179C458.191 213.256 458.219 212.443 458.334 211.868C458.546 210.806 459.068 209.83 459.833 209.065C460.129 208.768 460.568 208.548 460.568 208.108C460.568 207.667 460.701 206.682 460.424 206.509ZM461.293 215.237C459.527 215.916 458.706 219.352 460.024 221.16C460.634 219.112 461.522 217.323 461.293 215.237ZM480.278 236.146C479.973 236.031 479.324 236.012 479.248 236.146C478.654 237.476 477.955 238.756 477.157 239.974C477.157 240.692 477.386 240.979 477.749 241.103C477.916 241.187 478.11 241.203 478.289 241.145C478.467 241.088 478.616 240.963 478.703 240.797C479.555 239.652 480.174 238.352 480.527 236.969C480.555 236.692 480.441 236.213 480.278 236.146ZM480.145 224.663C479.897 224.605 479.637 224.641 479.414 224.763C479.191 224.884 479.019 225.084 478.933 225.323C478.379 227.103 477.071 228.73 477.778 231.294C479.103 229.541 480.035 227.52 480.508 225.371C480.574 225.141 480.574 224.778 480.135 224.691L480.145 224.663ZM476.861 253.543C477.947 253.034 478.887 252.257 479.591 251.285C479.677 251.177 479.739 251.053 479.772 250.919C479.805 250.785 479.809 250.646 479.784 250.511C479.758 250.375 479.704 250.247 479.625 250.135C479.545 250.022 479.443 249.928 479.324 249.859C479.102 249.799 478.866 249.821 478.659 249.921C478.452 250.021 478.288 250.193 478.198 250.405C478.047 250.706 477.824 250.965 477.549 251.158C477.275 251.352 476.956 251.475 476.623 251.515C476.351 251.583 476.106 251.734 475.922 251.946C475.737 252.158 475.622 252.422 475.592 252.701C475.735 253.438 476.222 253.859 476.861 253.543ZM473.855 220.05C471.096 222.854 470.762 225.352 472.995 226.95C472.432 224.567 474.465 222.663 473.902 220.089L473.855 220.05ZM472.9 245.706C472.9 245.342 472.595 245.017 472.327 245.208C471.373 245.869 471.449 246.883 471.44 247.888C473.091 247.821 473.043 246.807 472.986 245.744L472.9 245.706ZM471.783 241.754C472.738 241.754 472.451 240.797 472.547 240.184C472.766 238.711 473.081 237.256 473.263 235.782C473.31 235.39 473.587 234.739 472.871 234.567C472.155 234.395 472.26 235.113 472.06 235.524C471.277 236.998 471.487 238.672 471.02 239.907C471.134 240.854 470.934 241.792 471.869 241.792L471.783 241.754ZM468.719 236.969C469.674 237.046 469.607 236.089 469.511 235.476C469.33 234.309 470.294 233.247 469.788 232.117C469.578 231.639 469.473 230.768 468.633 230.94C467.975 231.074 467.936 231.754 468.041 232.29C468.232 233.352 467.602 234.28 467.641 235.419C467.592 235.603 467.585 235.795 467.62 235.982C467.655 236.169 467.731 236.346 467.842 236.5C467.954 236.654 468.098 236.781 468.265 236.872C468.431 236.963 468.616 237.016 468.805 237.027L468.719 236.969ZM466.925 224.136C467.125 224.691 467.249 225.553 467.879 225.505C468.509 225.457 468.442 224.634 468.366 224.117C468.194 223.055 468.891 222.127 468.757 221.084C468.757 220.806 468.881 220.443 468.49 220.299C468.415 220.277 468.336 220.271 468.258 220.279C468.181 220.288 468.105 220.313 468.037 220.351C467.969 220.389 467.908 220.441 467.86 220.502C467.812 220.564 467.776 220.635 467.755 220.711C467.383 221.591 466.591 222.337 466.887 223.266C466.881 223.58 466.923 223.892 467.011 224.194L466.925 224.136ZM466.486 247.725C466.447 245.992 466.084 244.281 465.417 242.682C465.38 242.534 465.289 242.406 465.161 242.324C465.033 242.242 464.878 242.213 464.729 242.242C464.433 242.242 464.357 242.443 464.271 242.692C463.994 243.869 465.292 247.074 466.572 247.783L466.486 247.725ZM464.395 237.007C464.624 237.266 464.901 237.601 465.35 237.275C465.798 236.95 465.884 236.806 465.636 236.376C465.233 235.639 465.031 234.809 465.049 233.969C465.067 233.129 465.306 232.309 465.741 231.591C465.932 231.189 465.951 230.519 465.378 230.328C464.806 230.137 464.51 230.692 464.347 231.103C463.869 232.111 463.59 233.203 463.527 234.318C463.842 235.199 463.756 236.261 464.452 237.065L464.395 237.007ZM469.435 205.859C468.939 205.026 468.07 205.648 467.526 205.983C464.729 207.62 464.166 209.495 465.34 212.682C465.439 213.026 465.455 213.389 465.385 213.74C465.315 214.092 465.162 214.421 464.939 214.701C464.147 215.974 463.03 217.275 463.727 218.988C463.984 219.019 464.243 218.959 464.46 218.817C464.676 218.675 464.836 218.461 464.911 218.213C465.529 216.922 466.231 215.672 467.011 214.471C467.45 213.6 468.29 212.892 466.81 211.945C465.712 211.246 466.81 208.27 468.576 207.524C469.674 207.17 469.893 206.548 469.521 205.916L469.435 205.859ZM471.611 211.141C471.182 210.94 470.934 211.141 470.581 211.524C469.741 212.557 469.626 213.84 469.158 214.816C469.158 215.333 469.111 215.773 469.521 215.926C470.084 216.184 470.399 215.629 470.476 215.361C470.826 214.275 471.351 213.253 472.031 212.337C472.47 211.935 472.213 211.438 471.697 211.199L471.611 211.141ZM474.093 207.457C473.139 207.514 473.32 208.337 473.291 209.055C473.158 209.62 473.549 210.175 474.093 210.06C474.637 209.945 474.799 209.103 474.799 208.509C474.799 207.916 474.723 207.476 474.17 207.505L474.093 207.457ZM478.866 210.864C478.618 210.108 478.045 210.567 477.673 210.682C476.203 211.122 475.057 211.916 474.809 213.227C474.809 214.012 474.656 214.624 475.239 214.835C475.821 215.045 476.059 214.414 476.355 214.088C476.957 213.438 477.043 212.376 478.379 212.366C479.133 212.414 479.123 211.524 478.933 210.921L478.866 210.864ZM480.851 215.859C479.897 216.213 479.897 217.639 479.143 218.529C478.841 218.833 478.641 219.224 478.57 219.648C478.5 220.071 478.563 220.506 478.751 220.892C478.798 220.978 478.867 221.05 478.951 221.1C479.035 221.15 479.131 221.176 479.228 221.176C479.326 221.176 479.422 221.15 479.506 221.1C479.59 221.05 479.659 220.978 479.706 220.892C480.865 219.697 481.657 218.192 481.987 216.557C482.092 216.155 481.911 215.801 480.918 215.916L480.851 215.859ZM475.716 182.873C475.503 182.813 475.277 182.83 475.075 182.919C474.873 183.008 474.709 183.164 474.609 183.361C474.545 183.469 474.506 183.589 474.494 183.713C474.482 183.838 474.497 183.964 474.539 184.081C474.581 184.199 474.648 184.306 474.736 184.395C474.824 184.484 474.93 184.552 475.048 184.595C476.106 185.054 476.971 185.87 477.491 186.902C477.634 187.179 478.102 187.476 477.72 187.859C477.597 187.957 477.444 188.011 477.286 188.011C477.128 188.011 476.975 187.957 476.852 187.859C476.184 187.428 475.592 187.571 475.315 188.251C475.038 188.93 475.63 189.409 476.164 189.705C478.074 190.796 479.763 189.801 479.773 187.619C479.773 186.385 476.957 183.093 475.716 182.873ZM492.277 249.084C492.974 249.524 493.231 248.998 493.518 248.5C494.472 246.807 494.644 244.912 495.188 243.515C495.188 242.433 495.293 241.601 494.329 241.601C493.365 241.601 493.842 242.481 493.67 242.969C493.117 244.539 492.639 246.137 492.029 247.687C491.799 248.261 491.694 248.72 492.277 249.084ZM492.009 231.955C492.716 231.955 492.802 231.438 492.964 230.854C493.274 229.38 493.393 227.871 493.317 226.366C493.317 225.802 493.317 225.151 492.592 225.122C491.866 225.093 492.048 225.916 491.971 226.251C491.637 227.706 491.971 229.256 491.36 230.548C491.58 231.151 491.093 231.926 492.009 231.955ZM489.585 212.911C490.167 213.629 489.69 215.4 491.217 215.036C492.525 214.73 491.446 213.581 491.465 212.797C491.412 211.781 491.268 210.772 491.036 209.782C491.035 209.706 491.017 209.631 490.983 209.563C490.95 209.495 490.902 209.435 490.842 209.387C490.783 209.339 490.714 209.306 490.64 209.288C490.567 209.27 490.49 209.269 490.415 209.285C490.295 209.282 490.177 209.326 490.088 209.408C489.999 209.49 489.946 209.604 489.938 209.725C489.805 210.548 489.661 211.371 489.566 211.955C489.47 212.538 489.47 212.758 489.595 212.911H489.585ZM488.106 236.644C488.726 235.61 488.249 234.5 488.449 233.448C488.249 232.491 488.735 231.4 488.144 230.433C487.991 230.184 487.972 229.792 487.561 229.878C487.351 229.878 487.027 230.165 487.027 230.309C487.027 232.433 486.578 234.548 486.884 236.672C486.931 237.007 486.884 237.428 487.409 237.476C487.934 237.524 487.915 236.969 488.106 236.644ZM486.196 255.974C486.23 256.128 486.316 256.264 486.44 256.361C486.564 256.457 486.718 256.506 486.874 256.5C487.428 256.433 487.323 255.898 487.227 255.639C486.588 253.984 487.027 252.28 486.874 250.615C486.826 250.098 487.246 249.285 486.187 249.256C484.965 249.256 485.49 250.146 485.395 250.701C485.359 251.211 485.359 251.723 485.395 252.232C485.032 253.438 485.834 254.644 486.235 255.974H486.196ZM484.622 228.586C484.746 227.725 484.507 226.739 483.667 226.672C483.085 226.672 482.712 227.629 482.712 228.443C482.825 229.528 482.717 230.625 482.397 231.668C482.319 231.929 482.344 232.211 482.469 232.454C482.594 232.697 482.808 232.881 483.066 232.969C483.338 232.988 483.606 232.897 483.812 232.718C484.017 232.538 484.144 232.285 484.163 232.012C484.163 230.959 484.898 230.041 484.602 229.141C484.612 228.955 484.631 228.77 484.66 228.586H484.622ZM485.633 241.601C484.679 241.601 484.679 242.51 484.631 243.218C484.47 244.463 484.123 245.676 483.6 246.816C483.4 247.429 483.352 248.127 484.039 248.405C484.727 248.682 485.061 248.012 485.29 247.572C485.9 246.289 486.315 244.921 486.521 243.515C486.492 242.596 486.769 241.61 485.681 241.601H485.633ZM487.361 218.816C487.075 220.098 486.826 221.39 486.559 222.644C486.492 223.103 486.779 223.457 486.912 223.849C487.046 224.242 486.96 224.596 487.504 224.605C488.048 224.615 487.981 224.213 488.086 223.868C488.554 222.328 488.497 220.672 489.155 219.16C489.375 218.653 489.031 218.203 488.459 218.06C488.336 218.024 488.207 218.016 488.082 218.036C487.956 218.056 487.836 218.104 487.731 218.176C487.626 218.249 487.538 218.344 487.474 218.454C487.41 218.565 487.371 218.688 487.361 218.816ZM486.301 201.055C487.6 202.895 488.569 204.948 489.165 207.122C489.213 207.332 489.451 207.505 489.661 207.763C490.349 207.227 490.845 206.615 490.616 205.926C490.115 203.896 489.158 202.008 487.819 200.404C487.692 200.225 487.501 200.102 487.286 200.061C487.071 200.02 486.848 200.064 486.664 200.184C486.406 200.404 486.015 200.663 486.301 201.055ZM487.094 194.691C487.943 194.691 487.59 193.734 487.695 193.131C487.6 190.911 485.967 189.304 484.832 187.571C484.517 187.093 484.144 187.466 484.03 187.801C483.957 188.06 483.948 188.333 484.003 188.596C484.058 188.859 484.175 189.105 484.345 189.313C485.127 190.567 486.187 191.744 486.187 193.332C486.149 194.079 486.511 194.758 487.094 194.729V194.691ZM485.605 197.782C485.834 195.868 483.228 191.447 481.787 190.969C481.443 190.854 481.061 190.777 480.832 191.246C480.603 191.715 480.212 192.107 480.775 192.519C482.703 193.916 483.61 196.107 485.605 197.82V197.782ZM473.1 192.71C474.589 193.772 475.783 195.141 477.711 195.667C479.181 196.069 479.944 197.466 480.517 198.816C480.718 199.294 480.87 199.773 481.472 199.572C481.589 199.529 481.696 199.461 481.785 199.373C481.874 199.285 481.944 199.18 481.989 199.063C482.034 198.946 482.054 198.821 482.047 198.696C482.04 198.57 482.007 198.448 481.949 198.337C481.147 196.93 480.775 195.189 478.894 194.509C477.014 193.83 475.544 192.481 473.969 191.294C473.472 190.961 472.956 190.657 472.423 190.385C472.3 190.582 472.221 190.802 472.189 191.032C472.157 191.261 472.173 191.495 472.237 191.718C472.301 191.941 472.411 192.148 472.56 192.325C472.708 192.503 472.893 192.647 473.1 192.749V192.71ZM473.835 271.898C474.004 271.913 474.174 271.895 474.335 271.843C474.497 271.792 474.646 271.708 474.774 271.597C474.902 271.486 475.007 271.351 475.082 271.199C475.157 271.046 475.2 270.881 475.21 270.711C475.305 269.199 475.21 267.687 475.21 266.175C475.212 265.992 475.149 265.814 475.032 265.673C474.914 265.533 474.751 265.439 474.57 265.41C474.141 265.323 473.94 265.687 473.75 266.003C472.795 267.477 473.883 269.247 472.995 270.558C472.976 271.362 473.139 271.869 473.835 271.936V271.898ZM466.667 271.209C466.82 271.792 467.383 271.572 467.774 271.553C469.254 271.477 471.468 269.209 471.506 267.725C471.506 267.218 471.506 266.654 470.81 266.491C470.113 266.328 469.769 266.663 469.626 267.314C469.321 268.663 467.946 269.113 467.097 270.003C466.908 270.143 466.767 270.337 466.69 270.558C466.614 270.78 466.605 271.02 466.667 271.247V271.209ZM434.595 222.165C433.774 219.534 434.28 216.864 434.251 214.213C434.251 213.792 434.251 213.361 434.251 212.94C434.251 212.519 434.108 211.897 433.526 211.878C432.944 211.859 432.753 212.366 432.753 212.902V217.017C432.633 218.78 432.758 220.551 433.125 222.28C433.287 222.816 433.536 223.17 434.08 223.132C434.624 223.093 434.7 222.538 434.595 222.203V222.165ZM446.403 183.973C445.257 185.249 444.093 186.509 442.909 187.753C442.743 187.885 442.626 188.069 442.576 188.275C442.526 188.481 442.546 188.698 442.632 188.892C442.728 189.074 442.947 189.198 443.119 189.361C443.699 189.121 444.243 188.799 444.732 188.404C445.687 187.323 446.641 186.241 447.596 185.217C447.939 184.873 448.55 184.26 447.882 183.638C447.214 183.016 446.851 183.524 446.403 184.012V183.973ZM447.357 180.146C447.212 179.979 447.014 179.868 446.796 179.831C446.579 179.795 446.355 179.835 446.164 179.945C445.163 180.478 444.206 181.089 443.3 181.772C443.1 181.925 442.747 182.299 443.014 182.729C443.132 182.914 443.302 183.059 443.503 183.146C443.703 183.233 443.925 183.258 444.14 183.217C445.572 182.988 446.317 181.782 447.357 181.007C447.51 180.911 447.481 180.366 447.338 180.155L447.357 180.146ZM445.362 195.045C444.75 195.173 444.19 195.483 443.757 195.936C443.324 196.389 443.039 196.962 442.938 197.581C442.934 197.759 442.969 197.936 443.043 198.098C443.329 198.586 443.997 198.883 444.255 198.481C444.952 197.39 446.813 197.524 447.004 196.146C447.118 195.15 445.868 195.476 445.362 195.045ZM444.99 192.461C445.629 192.184 446.145 191.868 445.849 191.131C445.486 190.174 444.703 190.863 444.293 190.997C441.769 191.97 439.546 193.594 437.85 195.706C437.652 195.884 437.522 196.126 437.484 196.39C437.445 196.654 437.501 196.923 437.64 197.151C437.683 197.246 437.753 197.328 437.841 197.385C437.929 197.443 438.031 197.474 438.136 197.476C438.784 197.217 439.367 196.818 439.845 196.308C441.23 194.637 442.985 193.313 444.971 192.442L444.99 192.461ZM378.966 228.577C379.195 228.95 379.338 229.314 379.691 229.39C380.464 229.486 380.646 229.007 380.464 228.625C379.701 227.036 379.347 225.199 377.773 224.089C377.467 223.869 377.018 223.39 376.532 223.955C376.045 224.519 376.532 224.912 376.78 225.055C377.992 225.936 378.221 227.409 378.947 228.586L378.966 228.577ZM378.278 233.428C379.042 235.027 379.653 236.749 381.342 237.716C381.491 237.782 381.649 237.827 381.81 237.85C382.431 237.763 382.421 237.495 382.173 237.094C381.333 235.716 380.531 234.318 379.682 232.95C379.462 232.586 379.013 232.72 378.66 232.749C378.577 232.743 378.495 232.761 378.421 232.799C378.348 232.837 378.286 232.896 378.244 232.967C378.201 233.038 378.179 233.12 378.18 233.203C378.181 233.286 378.205 233.368 378.25 233.438L378.278 233.428ZM377.238 220.864C377.553 221.495 378.25 221.725 378.899 222.041C379.567 221.983 379.491 221.419 379.252 221.151C377.801 219.514 377.515 217.4 376.742 215.486C376.647 215.195 376.454 214.946 376.196 214.782C375.938 214.618 375.632 214.549 375.329 214.586C374.689 214.73 374.718 215.543 374.938 215.993C375.625 217.648 376.408 219.237 377.209 220.873L377.238 220.864ZM376.379 206.605C377.095 208.825 377.333 211.285 379.853 212.998C379.519 210.299 378.288 208.213 377.629 205.945C377.602 205.871 377.559 205.805 377.502 205.751C377.446 205.696 377.378 205.656 377.303 205.632C377.229 205.608 377.15 205.601 377.072 205.612C376.995 205.623 376.921 205.652 376.856 205.696C376.503 205.916 376.226 206.232 376.35 206.615L376.379 206.605ZM378.593 201.82C378.784 202.337 378.717 203.036 379.443 202.969C380.168 202.902 380.178 202.251 380.063 201.399C379.338 199.753 380.226 198.05 380.77 196.289C380.913 195.82 381.209 195.189 380.331 194.997C380.196 194.964 380.056 194.96 379.92 194.986C379.783 195.012 379.655 195.067 379.542 195.148C379.429 195.229 379.336 195.334 379.267 195.455C379.199 195.576 379.158 195.71 379.147 195.849C378.717 197.782 377.811 199.696 378.546 201.792L378.593 201.82ZM379.882 216.175C379.75 216.862 379.767 217.57 379.931 218.25C380.096 218.93 380.405 219.567 380.837 220.117C380.98 220.328 381.18 220.663 381.552 220.49C381.699 220.434 381.819 220.326 381.891 220.187C381.964 220.048 381.982 219.887 381.944 219.734C381.543 218.414 381.505 216.95 379.844 216.108L379.882 216.175ZM381.524 207.61L383.166 211.553C383.309 211.897 383.519 212.242 383.948 212.184C384.378 212.127 384.321 211.696 384.244 211.466C383.614 209.332 383.356 207.036 381.495 205.332C380.779 206.165 381.199 206.844 381.495 207.543L381.524 207.61ZM384.244 216.529C384.106 216.697 383.982 216.877 383.872 217.065C384.337 217.73 384.755 218.427 385.122 219.151C385.752 220.644 386.936 221.84 387.394 223.438C387.547 223.964 388.158 224.634 388.826 224.29C389.494 223.945 388.759 223.333 388.587 222.959C387.881 221.304 387.041 219.715 386.296 218.079C385.987 217.481 385.558 216.953 385.036 216.529C384.994 216.459 384.936 216.401 384.867 216.358C384.797 216.316 384.719 216.29 384.638 216.284C384.557 216.277 384.476 216.29 384.401 216.321C384.326 216.352 384.259 216.4 384.206 216.462L384.244 216.529ZM390.659 226.098C390.635 226.526 390.717 226.953 390.897 227.342C391.944 229.054 393.194 230.631 394.62 232.041C394.963 232.385 395.403 232.596 395.765 232.242C396.128 231.888 395.641 231.62 395.431 231.361C394.19 229.814 393.178 228.097 392.424 226.261C392.33 225.97 392.157 225.711 391.924 225.513C391.692 225.316 391.409 225.187 391.107 225.141C390.382 225.055 390.735 225.735 390.62 226.069L390.659 226.098ZM393.379 236.376C392.615 235.936 392.253 236.682 391.67 237.065C391.899 237.361 392.004 237.601 392.195 237.716C393.523 238.451 394.779 239.309 395.947 240.28C396.223 240.539 396.481 240.443 396.748 240.213C397.016 239.983 396.825 239.668 396.691 239.448C395.858 238.146 394.709 237.079 393.35 236.347L393.379 236.376ZM386.382 239.055C386.144 238.797 385.886 238.481 385.428 238.787C385.241 238.894 385.101 239.068 385.036 239.273C384.97 239.479 384.984 239.702 385.075 239.897C385.16 240.258 385.341 240.589 385.6 240.854C387.852 242.376 389.418 244.682 391.833 246.031L392.233 245.658C390.267 243.432 388.304 241.221 386.344 239.027L386.382 239.055ZM386.86 232.117C387.495 232.869 388.191 233.566 388.94 234.204C389.274 234.548 389.694 234.778 390.076 234.471C390.458 234.165 390.315 233.687 389.952 233.381C388.349 232.003 387.575 230.06 386.354 228.424C386.039 227.993 385.676 227.467 384.989 227.668C384.683 227.735 384.655 227.974 384.664 228.385C385.304 229.524 385.972 230.864 386.831 232.089L386.86 232.117ZM386.163 208.538C386 210.127 386.697 211.409 387.117 212.663C387.327 213.246 387.661 213.935 388.415 213.62C389.017 213.361 388.711 212.73 388.559 212.194C388.205 210.998 387.89 209.782 387.604 208.557C387.451 207.811 387.604 206.691 386.535 206.835C385.466 206.978 386.325 208.031 386.134 208.509L386.163 208.538ZM389.026 218.031C390.401 218.739 390.764 220.309 392.224 221.457C391.966 219.438 391.584 217.868 389.971 216.873C389.57 216.634 389.112 216.423 388.845 216.873C388.664 217.179 388.54 217.754 389.045 218.002L389.026 218.031ZM391.594 212.079C391.747 212.787 391.184 214.567 392.692 214.222C394.047 213.916 392.94 212.414 392.778 211.715C392.348 209.887 392.51 207.734 390.315 206.031C390.2 208.404 391.184 210.184 391.584 212.05L391.594 212.079ZM393.331 218.414C393.226 218.462 393.132 218.532 393.055 218.619C392.977 218.706 392.919 218.808 392.883 218.919C392.847 219.029 392.835 219.146 392.846 219.262C392.858 219.377 392.893 219.49 392.949 219.591C393.417 220.682 397.445 225.333 398.486 225.83C397.292 222.577 395.803 220.194 393.322 218.385L393.331 218.414ZM396.309 216.787C397.426 218.356 397.502 220.529 399.469 221.677C399.288 219.769 398.657 217.932 397.627 216.318C397.607 216.218 397.566 216.124 397.507 216.042C397.447 215.959 397.371 215.891 397.283 215.84C397.195 215.79 397.097 215.76 396.996 215.751C396.895 215.742 396.793 215.755 396.697 215.789C396.602 215.823 396.515 215.877 396.442 215.948C396.369 216.019 396.312 216.104 396.276 216.199C396.239 216.294 396.223 216.395 396.229 216.497C396.234 216.598 396.262 216.697 396.309 216.787ZM397.082 187.237C398.037 187.371 397.617 186.519 397.827 186.107C398.419 184.988 399.039 183.887 399.679 182.806C400.013 182.241 400.328 181.648 399.593 181.236C398.858 180.825 398.724 181.533 398.447 181.983C397.665 183.237 396.834 184.461 396.023 185.696C396.252 186.423 396.242 187.103 397.073 187.208L397.082 187.237ZM395.173 196.088C395.068 196.883 395.269 197.045 395.67 197.265C396.271 197.562 396.386 197.198 396.624 196.825C397.579 195.332 398.104 193.562 399.488 192.299C399.822 191.993 399.669 191.495 399.278 191.179C399.204 191.097 399.113 191.031 399.012 190.986C398.911 190.941 398.801 190.918 398.691 190.918C398.58 190.918 398.471 190.941 398.37 190.986C398.269 191.031 398.178 191.097 398.104 191.179C396.9 192.652 395.922 194.297 395.202 196.06L395.173 196.088ZM399.125 197.84C398.699 199.094 398.111 200.287 397.378 201.39C397.197 201.648 396.977 201.849 397.006 202.127C396.999 202.324 397.058 202.518 397.174 202.678C397.29 202.838 397.456 202.953 397.646 203.007C397.816 203.074 398.003 203.08 398.177 203.024C398.351 202.969 398.501 202.854 398.6 202.701C399.383 201.246 400.557 199.964 400.7 198.222C400.748 197.639 400.7 197.074 400.041 196.873C399.211 196.557 399.316 197.361 399.154 197.811L399.125 197.84ZM398.572 207.036C398.209 206.318 397.827 206.242 397.34 206.414C396.605 206.672 397.235 207.122 397.34 207.371C398.428 209.553 398.638 212.088 400.204 214.069C400.404 214.328 400.328 214.902 400.815 214.72C401.492 214.72 401.273 214.433 401.149 214.165C400.127 211.868 399.765 209.313 398.591 207.007L398.572 207.036ZM400.929 218.184C400.811 218.222 400.702 218.287 400.612 218.373C400.522 218.46 400.453 218.565 400.41 218.682C400.366 218.799 400.35 218.925 400.363 219.049C400.375 219.173 400.415 219.293 400.481 219.4C401.832 221.802 403.477 224.027 405.377 226.022C405.66 226.244 405.985 226.407 406.332 226.5C406.847 226.548 407.134 226.414 407.286 226.127C407.439 225.84 407.114 225.591 406.904 225.419C404.671 223.61 403.688 220.931 402.017 218.72C401.741 218.28 401.55 217.878 400.958 218.156L400.929 218.184ZM401.273 226.117L407.716 232.022C407.935 232.223 408.193 232.538 408.489 232.261C408.615 232.134 408.686 231.962 408.686 231.782C408.686 231.603 408.615 231.431 408.489 231.304C407.716 230.347 406.771 229.591 405.979 228.644C404.825 227.456 403.59 226.35 402.285 225.333C402.116 225.202 401.917 225.118 401.706 225.087C401.495 225.057 401.28 225.082 401.082 225.16C400.977 225.16 400.901 225.409 400.805 225.562C400.977 225.725 401.12 225.936 401.301 226.089L401.273 226.117ZM401.12 232.184C401.12 232.615 401.12 232.682 401.12 232.739C401.216 233.304 404.938 236.778 405.54 236.778C405.782 236.804 406.027 236.75 406.236 236.625C406.427 236.452 406.236 236.204 406.112 236.003C405.158 234.797 404.203 233.553 403.125 232.395C402.96 232.141 402.717 231.948 402.433 231.844C402.149 231.74 401.839 231.732 401.55 231.821C401.4 231.911 401.265 232.024 401.149 232.156L401.12 232.184ZM407.506 218.462C406.685 216.289 406.551 213.907 405.396 211.83C405.215 211.505 404.843 210.988 404.385 211.218C404.07 211.371 403.955 211.907 403.802 212.175C404.518 214.385 404.862 216.596 406.064 218.51C406.199 218.712 406.387 218.873 406.608 218.975C406.829 219.076 407.074 219.114 407.315 219.084C407.429 219.045 407.592 218.605 407.525 218.433L407.506 218.462ZM403.306 208.108C403.812 208.404 404.26 207.954 404.566 207.591C404.871 207.227 405.205 207.055 405.272 206.567C405.501 204.921 405.797 203.285 405.998 201.639C405.998 201.246 406.284 200.615 405.444 200.49C404.49 200.624 404.241 201.447 404.184 202.203C404.07 203.753 404.06 205.275 403.096 206.653C402.95 206.88 402.896 207.154 402.945 207.419C402.995 207.685 403.145 207.921 403.363 208.079L403.306 208.108ZM404.089 196.548C404.47 196.835 404.633 196.481 404.843 196.308C406.513 194.883 406.962 192.854 407.506 190.902C407.687 190.27 407.124 189.849 406.628 189.667C406.456 189.6 405.778 190.136 405.759 190.414C405.599 192.101 404.964 193.707 403.926 195.045C403.845 195.189 403.796 195.349 403.783 195.514C403.783 196.021 403.831 196.27 404.108 196.519L404.089 196.548ZM407.267 183.342C409.243 182.634 410.474 181.007 411.944 179.686C412.24 179.418 412.088 178.892 411.429 178.835C410.474 178.748 406.475 181.705 406.408 182.662C406.504 183.093 406.57 183.571 407.296 183.313L407.267 183.342ZM408.327 199.342C408.398 199.366 408.474 199.375 408.548 199.369C408.623 199.363 408.696 199.342 408.763 199.307C408.83 199.272 408.889 199.224 408.937 199.166C408.985 199.108 409.021 199.041 409.043 198.969C409.73 197.055 411.104 195.485 411.973 193.658C412.097 193.39 412.088 193.074 411.658 192.701C409.892 194.318 408.231 195.973 407.916 198.509C407.907 198.787 407.802 199.246 408.355 199.323L408.327 199.342ZM411.668 217.227C411.324 216.06 410.226 214.969 411.582 213.667C411.935 213.333 411.773 212.356 411.648 211.754C411.293 210.36 411.035 208.944 410.875 207.514C410.885 207.27 410.815 207.029 410.675 206.829C410.535 206.628 410.334 206.479 410.102 206.404C409.768 206.318 409.472 206.404 409.453 206.825C409.339 208.663 409.778 210.567 408.565 212.079C409.415 214.825 409.863 217.486 411.62 219.639C411.811 219.868 411.992 220.337 412.469 220.041C412.947 219.744 412.469 219.514 412.469 219.246C412.469 218.452 411.868 217.916 411.668 217.227ZM412.374 225.17C411.734 225.476 412.565 226.491 412.813 227.16C413.061 227.83 413.252 228.261 413.472 228.806C413.605 229.141 413.729 229.505 414.245 229.4C414.379 229.383 414.507 229.339 414.623 229.269C414.738 229.199 414.837 229.105 414.914 228.994C414.991 228.883 415.043 228.756 415.068 228.623C415.092 228.491 415.088 228.354 415.056 228.223C414.891 227.654 414.65 227.11 414.34 226.605C413.863 225.83 413.347 224.711 412.374 225.17ZM416.001 204.222C416.326 203.265 416.068 202.557 415.295 202.366C414.34 202.146 414.407 203.036 414.292 203.725C414.121 204.768 413.806 205.792 413.577 206.672C413.739 207.045 413.911 207.265 413.911 207.486C413.911 208.232 414.168 209.055 414.865 209.017C415.82 208.959 415.447 207.964 415.419 207.39C415.398 206.305 415.596 205.228 416.001 204.222ZM413.481 195.61C413.6 195.685 413.733 195.736 413.872 195.758C414.01 195.781 414.152 195.775 414.289 195.741C414.425 195.707 414.554 195.646 414.666 195.561C414.778 195.476 414.872 195.369 414.942 195.246C415.81 193.82 416.306 192.27 417.805 191.112C418.454 190.615 418.55 188.758 419.056 187.562C419.371 186.806 418.75 186.978 418.321 186.902C418.177 186.902 417.872 186.902 417.843 187.026C417.318 188.624 415.257 189.217 415.056 191.026C415.067 191.593 414.934 192.154 414.671 192.656C414.407 193.158 414.021 193.585 413.548 193.897C413.408 193.987 413.292 194.109 413.21 194.253C413.127 194.398 413.08 194.56 413.074 194.726C413.067 194.893 413.101 195.058 413.172 195.209C413.243 195.359 413.349 195.49 413.481 195.591V195.61ZM416.211 216.366C416.18 216.572 416.18 216.782 416.211 216.988C416.134 217.808 416.229 218.636 416.49 219.417C416.752 220.199 417.174 220.916 417.729 221.524C418.063 221.907 418.511 222.309 418.989 221.955C419.466 221.601 419.189 221.093 418.788 220.739C417.738 219.782 417.691 218.529 417.71 217.256C417.71 217.017 417.71 216.778 417.71 216.529C417.71 215.706 417.576 214.49 416.755 214.49C415.591 214.519 416.459 215.754 416.211 216.366ZM430.615 195.112C430.958 195.801 431.493 195.706 432.18 195.371C433.729 194.493 435.117 193.357 436.285 192.012C436.373 191.947 436.446 191.862 436.495 191.764C436.545 191.666 436.571 191.557 436.571 191.447C436.571 191.337 436.545 191.229 436.495 191.13C436.446 191.032 436.373 190.947 436.285 190.883C434.624 189.926 435.779 189.342 436.437 188.576C437.158 187.913 437.975 187.364 438.862 186.949C439.144 186.761 439.361 186.49 439.483 186.173C439.604 185.855 439.624 185.508 439.54 185.179C439.54 184.825 439.358 184.605 438.709 184.729C437.846 185.117 437.05 185.64 436.351 186.28C435.54 187.237 434.538 188.021 433.736 188.988C433.173 189.677 432.61 190.299 433.287 191.15C433.765 191.753 433.287 192.002 432.944 192.356C432.407 192.86 431.774 193.251 431.082 193.505C430.933 193.569 430.8 193.666 430.693 193.788C430.586 193.911 430.507 194.055 430.462 194.212C430.418 194.368 430.408 194.533 430.434 194.694C430.461 194.854 430.522 195.007 430.615 195.141V195.112ZM431.063 203.265C431.798 203.486 431.942 202.758 432.161 202.308C432.592 201.304 433.245 200.411 434.07 199.696C434.595 199.265 434.901 198.739 434.309 198.146C433.717 197.552 433.154 198.146 432.867 198.404C431.789 199.361 430.443 200.184 430.481 202.079C430.462 202.452 430.433 203.112 431.044 203.294L431.063 203.265ZM430.844 191.131C431.044 190.538 430.844 190.031 429.679 190.174C428.601 190.763 427.729 191.668 427.178 192.768C426.902 193.438 427.646 193.993 428.305 193.725C428.882 193.502 429.406 193.159 429.842 192.718C430.278 192.278 430.616 191.75 430.834 191.17L430.844 191.131ZM429.107 186.213C429.441 185.705 429.593 185.093 429.107 184.739C428.62 184.385 428.219 184.873 427.828 185.198C426.358 186.442 425.308 188.069 423.561 189.074C423.208 189.265 423.112 189.897 422.921 190.289C423.17 191.016 423.484 191.581 424.239 190.94C426.089 189.623 427.738 188.044 429.135 186.251L429.107 186.213ZM422.988 211.888C423.035 211.587 423.004 211.28 422.899 210.996C422.793 210.711 422.617 210.458 422.387 210.261C422.139 210.069 422.205 209.447 421.652 209.687C421.564 209.713 421.483 209.758 421.413 209.817C421.344 209.877 421.287 209.951 421.248 210.034C421.208 210.117 421.187 210.207 421.184 210.299C421.181 210.39 421.197 210.482 421.232 210.567C421.448 212.525 421.661 214.484 421.871 216.443C421.938 217.055 422.52 217.304 422.826 217.715C422.939 217.869 423.103 217.977 423.289 218.019C423.475 218.061 423.67 218.035 423.838 217.945C424.181 217.725 424.105 217.333 423.914 216.988C423.167 215.411 422.845 213.666 422.979 211.926L422.988 211.888ZM424.363 229.648C423.294 228.452 423.045 226.854 422.139 225.581C422.042 225.385 421.882 225.227 421.684 225.135C421.486 225.043 421.262 225.021 421.05 225.074C420.449 225.256 420.802 225.792 420.602 226.443C421.451 227.648 422.387 229.017 423.379 230.347C423.504 230.425 423.644 230.473 423.789 230.488C423.935 230.503 424.082 230.484 424.219 230.433C424.286 230.396 424.343 230.345 424.388 230.283C424.432 230.221 424.462 230.15 424.476 230.075C424.489 230 424.486 229.923 424.467 229.849C424.447 229.775 424.412 229.707 424.363 229.648ZM422.893 195.533C423.274 194.997 424.344 194.289 423.169 193.619C422.368 193.179 421.719 193.782 421.26 194.528C420.306 196.222 418.817 197.648 418.273 199.6C418.145 199.948 418.067 200.312 418.044 200.682C418.025 201.091 418.142 201.495 418.378 201.83C418.502 202.069 418.378 202.509 418.741 202.557C419.103 202.605 419.371 202.012 419.38 201.83C419.456 199.141 421.499 197.514 422.912 195.533H422.893ZM417.013 177.476C417.328 178.375 417.967 177.992 418.511 177.715C419.842 176.912 421.283 176.309 422.788 175.925C422.904 175.905 423.015 175.861 423.114 175.797C423.213 175.732 423.298 175.648 423.364 175.55C423.43 175.451 423.476 175.341 423.498 175.225C423.52 175.108 423.519 174.989 423.494 174.873C423.408 174.413 422.854 174.385 422.091 174.452C420.539 174.802 419.021 175.292 417.557 175.916C417.282 176.054 417.072 176.295 416.974 176.587C416.875 176.879 416.896 177.199 417.032 177.476H417.013ZM419.189 182.701C418.616 183.055 418.741 183.658 418.941 184.203C418.958 184.28 418.995 184.35 419.048 184.408C419.101 184.465 419.169 184.507 419.244 184.53C419.319 184.552 419.398 184.554 419.474 184.535C419.55 184.517 419.62 184.478 419.676 184.423C421.499 182.988 423.914 182.969 425.909 181.945C426.186 181.811 426.968 181.811 426.577 181.15C426.461 180.902 426.279 180.69 426.052 180.537C425.826 180.384 425.562 180.295 425.289 180.28C423.475 181.351 421.127 181.504 419.208 182.71L419.189 182.701ZM426.94 183.849C427.618 184.538 427.894 183.629 428.286 183.351C429.355 182.681 430.195 181.61 431.522 181.351C431.789 181.303 432.218 181.036 432.218 180.863C432.218 179.198 433.383 179.141 434.624 178.949C435.206 178.844 436.304 178.758 436.065 177.696C435.865 176.815 435.006 177.045 434.156 177.007C433.278 177.16 432.047 177.093 431.989 178.672C431.989 179.351 431.407 179.409 430.863 179.629C429.47 180.266 428.213 181.166 427.159 182.28C426.653 182.748 426.482 183.37 426.959 183.83L426.94 183.849ZM435.196 183.198C435.27 183.35 435.377 183.482 435.511 183.585C435.644 183.687 435.8 183.757 435.965 183.788C436.13 183.82 436.3 183.813 436.461 183.767C436.623 183.721 436.772 183.637 436.896 183.524C438.518 182.375 440.265 181.351 441.114 179.38C441.496 178.49 441.114 178.346 440.666 178.088C439.912 178.088 439.769 178.576 439.435 178.911C438.48 179.868 437.86 181.198 436.218 181.466C436.032 181.503 435.856 181.578 435.702 181.688C435.548 181.798 435.419 181.94 435.325 182.104C435.23 182.268 435.171 182.451 435.152 182.639C435.133 182.828 435.155 183.019 435.216 183.198H435.196ZM437.602 231.802C437.119 230.629 437.095 229.317 437.535 228.127C437.707 227.725 437.363 227.428 437 227.294C436.638 227.16 436.294 227.361 436.046 227.792C435.559 228.558 435.951 229.342 435.817 229.706C435.731 230.495 435.731 231.29 435.817 232.079C435.941 232.558 436.39 233.141 437.02 233.036C437.141 232.996 437.253 232.932 437.35 232.848C437.446 232.764 437.525 232.662 437.581 232.546C437.637 232.431 437.669 232.306 437.676 232.178C437.683 232.05 437.664 231.922 437.621 231.802H437.602ZM436.886 205.763C436.945 205.523 436.916 205.27 436.804 205.05C436.691 204.831 436.504 204.659 436.275 204.567C435.769 204.395 435.445 204.864 435.254 205.189C434.736 206.053 434.283 206.955 433.898 207.887C433.797 208.116 433.79 208.376 433.877 208.61C433.965 208.844 434.14 209.035 434.366 209.141C434.565 209.218 434.784 209.226 434.988 209.164C435.193 209.101 435.37 208.972 435.492 208.797C436.208 207.919 436.693 206.876 436.905 205.763H436.886ZM429.068 233.515C430.634 235.017 431.646 237.055 433.65 238.405C433.841 237.591 433.975 237.218 433.373 236.634C432.256 235.565 431.395 234.256 430.853 232.806C430.821 232.656 430.757 232.514 430.664 232.391C430.572 232.268 430.454 232.167 430.319 232.094C430.184 232.021 430.034 231.979 429.881 231.97C429.728 231.96 429.574 231.985 429.431 232.041C428.591 232.299 428.839 233.294 429.135 233.534L429.068 233.515ZM430.911 227.639C429.298 225.342 428.897 222.452 427.093 219.84C426.472 222.749 428.448 226.711 430.93 227.658L430.911 227.639ZM426.577 212.73H427.054C427.789 210.519 427.493 208.251 427.312 206.031C427.265 205.759 427.126 205.511 426.92 205.329C426.714 205.146 426.451 205.039 426.176 205.026C425.804 205.026 425.556 205.39 425.604 205.782C425.938 208.108 426.272 210.433 426.596 212.758L426.577 212.73ZM425.565 201.811C426.291 201.868 426.224 201.131 426.424 200.634C426.666 199.639 427.163 198.726 427.866 197.983C427.992 197.895 428.097 197.779 428.172 197.644C428.247 197.509 428.29 197.359 428.298 197.205C428.306 197.051 428.279 196.897 428.219 196.755C428.159 196.613 428.068 196.486 427.952 196.385C427.341 195.839 426.787 196.452 426.463 196.863C425.68 197.769 425.124 198.848 424.84 200.012C424.859 201.055 424.754 201.773 425.575 201.84L425.565 201.811ZM418.254 245.543C418.521 245.716 418.951 246.041 419.036 245.878C419.895 244.232 421.07 245.687 422.062 245.562C422.511 245.505 423.017 245.515 423.198 245.074C423.933 243.505 425.059 242.079 425.012 240.223C425.117 236.481 422.148 232.768 418.693 232.328C416.86 232.098 415.19 232.328 413.92 233.782C413.145 234.548 412.64 235.547 412.484 236.627C412.327 237.706 412.526 238.808 413.052 239.763C414.233 242.139 416.038 244.147 418.273 245.572L418.254 245.543ZM414.016 246.5C414.13 246.606 414.359 246.606 414.579 246.663C414.798 246.72 414.961 246.51 414.999 246.395C415.062 246.227 415.069 246.043 415.019 245.87C414.969 245.698 414.865 245.546 414.722 245.438C412.447 243.516 409.895 241.951 407.153 240.797C406.828 240.673 406.494 240.405 406.198 240.854C405.902 241.304 406.198 241.582 406.484 241.763C409.09 243.208 411.801 244.5 414.025 246.529L414.016 246.5ZM402.056 255.17C403.42 256.194 405.139 255.381 406.265 256.223C406.885 256.108 407.429 256.357 407.515 255.697C407.582 255.189 407.563 254.787 406.838 254.673C405.406 254.453 403.974 254.07 402.58 253.84C402.294 253.84 401.721 253.218 401.559 253.984C401.487 254.214 401.499 254.461 401.591 254.684C401.684 254.906 401.852 255.088 402.065 255.199L402.056 255.17ZM401.426 244.156C402.8 245.457 404.222 246.711 405.692 247.907C406.274 248.386 406.589 247.754 406.36 247.39C405.234 245.639 404.127 243.83 402.084 242.893L401.731 242.711C401.053 243.113 400.91 243.687 401.454 244.185L401.426 244.156ZM400.948 251.39C401.311 250.998 400.996 250.701 400.786 250.433C399.792 249.379 398.547 248.595 397.168 248.156C396.3 247.783 395.975 248.711 396.328 249.208C397.289 250.453 398.63 251.347 400.146 251.754C400.299 251.767 400.452 251.744 400.593 251.686C400.734 251.627 400.859 251.536 400.958 251.419L400.948 251.39ZM387.766 253.515C390.63 254.874 392.825 257.343 395.708 258.663C396.109 258.855 396.662 259.534 397.13 258.74C397.598 257.945 396.653 258.108 396.328 257.878C394.057 256.252 391.737 254.692 389.513 253.008C388.977 252.728 388.426 252.479 387.862 252.261C387.499 252.031 387.308 252.261 387.251 252.615C387.214 252.809 387.246 253.009 387.342 253.18C387.438 253.352 387.592 253.484 387.776 253.553L387.766 253.515ZM381.982 247.448C382.936 248.194 383.891 249.256 385.285 249.189C385.676 249.189 386.239 249.429 386.411 248.874C386.583 248.319 386.23 248.022 385.762 247.725C384.263 246.768 382.812 245.811 381.333 244.854C380.607 244.385 380.245 243.39 378.756 243.429C379.392 245.083 380.522 246.5 381.991 247.486L381.982 247.448ZM373.391 242.414C374.899 245.094 376.207 247.917 378.784 249.859C379.013 250.031 379.386 249.984 379.739 249.61C377.9 247.578 376.363 245.289 375.176 242.816C374.905 242.407 374.51 242.095 374.05 241.926C373.773 241.821 373.134 241.936 373.429 242.452L373.391 242.414ZM370.394 242.519C370.514 242.7 370.692 242.835 370.898 242.901C371.105 242.967 371.328 242.961 371.53 242.883C371.931 242.692 371.711 242.242 371.816 241.821C371.33 240.711 371.091 239.4 369.812 238.692C369.736 238.637 369.648 238.602 369.556 238.59C369.464 238.578 369.37 238.589 369.283 238.622C369.196 238.656 369.118 238.71 369.058 238.78C368.997 238.851 368.954 238.935 368.934 239.027C369.009 240.342 369.539 241.591 370.432 242.558L370.394 242.519ZM367.426 220.921C367.015 220.557 366.576 219.964 366.022 220.318C365.469 220.672 366.022 221.208 366.271 221.687C367.303 224.096 368.46 226.45 369.735 228.739C369.804 228.867 369.84 229.01 369.84 229.156C369.84 229.301 369.804 229.444 369.735 229.572C367.96 231.371 370.413 232.529 370.451 234.05C370.866 234.215 371.299 234.33 371.74 234.395C371.979 234.395 371.74 233.84 371.74 233.668C371.444 232.954 371.217 232.214 371.062 231.457C370.929 228.089 369.296 225.208 368.084 222.175C367.978 221.725 367.765 221.309 367.464 220.959L367.426 220.921ZM369.955 208.643C369.678 207.179 369.44 205.706 369.077 204.261C369 203.964 368.647 203.466 368.122 203.581C367.836 203.648 367.645 203.954 367.721 204.395C368.466 206.72 368.437 209.256 368.943 211.706C369.107 213.187 369.427 214.646 369.898 216.06C370.155 216.653 370.442 217.122 371.072 216.883C371.702 216.644 371.291 216.117 371.139 215.677C370.356 213.409 370.394 210.978 369.955 208.643ZM371.74 202.538C370.89 204.624 371.129 206.557 371.062 208.481C371.062 209.145 371.273 209.792 371.664 210.328C371.74 210.415 371.834 210.486 371.939 210.535C372.044 210.585 372.158 210.612 372.274 210.615C372.628 210.615 372.561 210.28 372.57 210.06C372.487 208.075 372.609 206.087 372.933 204.127C373.124 203.332 372.36 203.036 371.721 202.538H371.74ZM372.446 218.921C372.055 219.036 371.749 219.294 371.902 219.677C372.69 221.142 373.357 222.668 373.897 224.242C373.916 224.318 373.959 224.386 374.02 224.437C374.08 224.487 374.155 224.517 374.233 224.523C374.311 224.528 374.389 224.508 374.456 224.466C374.523 224.425 374.574 224.363 374.604 224.29C375.31 223.084 374.231 222.136 374.05 221.065C373.939 220.615 373.738 220.194 373.459 219.825C373.18 219.456 372.829 219.149 372.427 218.921H372.446ZM374.489 192.796C374.123 194.037 373.993 195.336 374.107 196.624C374.107 197.792 374.107 198.643 374.107 199.495C374.107 199.84 374.25 200.069 374.651 200.069C374.727 200.078 374.804 200.068 374.876 200.042C374.948 200.015 375.013 199.973 375.065 199.917C375.118 199.862 375.157 199.795 375.18 199.721C375.202 199.648 375.208 199.571 375.195 199.495C375.254 197.205 375.449 194.92 375.778 192.653C375.786 192.575 375.776 192.497 375.749 192.423C375.722 192.35 375.679 192.283 375.623 192.229C375.567 192.174 375.499 192.134 375.425 192.109C375.351 192.085 375.273 192.078 375.195 192.088C375.009 192.101 374.833 192.181 374.7 192.313C374.567 192.444 374.485 192.619 374.47 192.806L374.489 192.796ZM379.787 178.088C379.225 178.36 378.71 178.718 378.259 179.15C376.988 180.062 375.996 181.311 375.396 182.758C375.1 183.447 375.109 183.954 375.787 184.26C375.918 184.313 376.059 184.338 376.2 184.334C376.342 184.33 376.481 184.297 376.609 184.237C376.737 184.177 376.851 184.091 376.944 183.985C377.038 183.879 377.109 183.754 377.152 183.619C377.705 182.022 378.65 180.59 379.901 179.457C379.985 179.36 380.049 179.248 380.088 179.126C380.128 179.004 380.143 178.876 380.132 178.748C380.122 178.62 380.086 178.496 380.026 178.383C379.967 178.27 379.885 178.169 379.787 178.088ZM383.194 184.787C383.09 184.714 382.973 184.663 382.85 184.636C382.726 184.61 382.598 184.608 382.474 184.631C382.35 184.654 382.231 184.702 382.126 184.771C382.02 184.841 381.929 184.931 381.858 185.036C380.779 187.064 379.328 188.93 378.994 191.275C378.945 191.488 378.976 191.711 379.082 191.902C379.188 192.093 379.361 192.238 379.567 192.308C380.197 192.5 380.302 191.782 380.34 191.524C380.655 189.371 382.373 187.916 383.137 185.993C383.318 185.543 383.767 185.122 383.204 184.787H383.194ZM384.063 197.227C383.662 198.404 382.965 199.524 383.108 201.007C383.031 201.321 383.031 201.65 383.108 201.964C383.376 202.519 383.414 203.457 384.273 203.371C385.132 203.285 384.979 202.481 384.931 201.897C384.869 200.511 385.114 199.129 385.647 197.849C385.781 197.476 385.962 196.816 385.37 196.567C385.111 196.487 384.831 196.512 384.589 196.635C384.347 196.758 384.162 196.97 384.072 197.227H384.063ZM385.638 190.27C386.511 189.729 387.182 188.916 387.547 187.954C387.824 187.437 387.299 187.246 386.793 187.284C386.287 187.323 384.502 189.198 384.721 189.658C384.846 189.887 384.788 190.662 385.647 190.241L385.638 190.27ZM390.258 175.39C389.866 175.064 389.217 175.035 389.055 175.246C387.738 176.921 386.268 178.528 385.771 180.308C385.685 181.409 386.201 181.925 386.726 182.05C387.423 182.213 387.49 181.543 387.623 180.978C388.11 179.31 388.965 177.773 390.124 176.48C390.315 176.222 390.792 175.791 390.267 175.361L390.258 175.39ZM392.243 185.179C392.069 185.162 391.894 185.183 391.729 185.241C391.564 185.299 391.414 185.392 391.289 185.514C390.076 187.495 388.969 189.533 388.95 191.954C391.155 190.481 391.718 188.127 392.51 185.945C392.577 185.677 392.606 185.208 392.253 185.16L392.243 185.179ZM392.758 194.624C392.52 194.793 392.3 194.985 392.1 195.198C391.217 196.59 390.478 198.068 389.895 199.61C389.847 199.727 389.826 199.853 389.831 199.979C389.836 200.105 389.868 200.228 389.925 200.341C389.982 200.453 390.063 200.552 390.161 200.631C390.26 200.71 390.374 200.766 390.496 200.796C390.954 200.969 391.164 200.615 391.451 200.299C392.749 199.055 392.606 197.227 393.541 195.84C393.885 195.38 393.532 194.758 392.768 194.595L392.758 194.624ZM393.398 204.194C392.587 204.251 392.997 204.921 392.844 205.399C393.207 206.414 393.541 207.505 393.999 208.538C394.629 209.964 394.648 211.572 395.488 212.921C395.727 213.294 395.908 213.782 396.443 213.591C396.977 213.399 396.729 212.931 396.634 212.634C395.918 210.117 395.145 207.61 394.429 205.093C394.248 204.49 393.99 204.108 393.408 204.155L393.398 204.194ZM394.792 177.399C394.4 177.897 393.98 178.691 394.648 179.179C395.173 179.552 395.966 179.055 396.271 178.643C397.347 177.001 398.776 175.622 400.452 174.605C400.522 174.575 400.584 174.528 400.633 174.469C400.682 174.409 400.715 174.339 400.731 174.264C400.747 174.189 400.745 174.111 400.724 174.037C400.704 173.963 400.666 173.896 400.614 173.839C400.366 173.514 400.051 173.38 399.383 173.447C399.045 173.513 398.722 173.639 398.428 173.82C397.068 174.825 395.839 175.999 394.773 177.313L394.792 177.399ZM409.634 164.308C409.31 163.944 408.871 164.193 408.508 164.499C406.026 166.662 402.953 167.638 399.851 168.538C399.326 168.691 398.829 168.844 399.001 169.495C399.125 169.935 399.545 170.126 400.099 169.763C403.21 168.48 406.847 168.078 409.52 165.619C409.621 165.546 409.705 165.452 409.766 165.343C409.827 165.235 409.865 165.114 409.876 164.99C409.887 164.865 409.871 164.74 409.829 164.623C409.787 164.505 409.721 164.398 409.634 164.308ZM411.057 168.921C410.808 168.576 410.503 167.964 409.902 168.327C408.136 169.495 406.408 170.71 404.69 171.945C404.537 172.05 404.566 172.394 404.509 172.624C404.738 173.715 405.463 173.456 406.036 173.102C407.62 172.145 409.157 171.035 410.684 169.964C410.999 169.724 411.333 169.303 411.057 168.921ZM413.118 173.189C413.058 173.042 412.966 172.91 412.85 172.802C412.733 172.695 412.595 172.614 412.444 172.566C412.293 172.518 412.133 172.503 411.976 172.523C411.819 172.543 411.668 172.597 411.534 172.681C410.738 172.989 410.002 173.432 409.358 173.992C407.749 175.439 406.363 177.116 405.244 178.969C405.018 179.285 404.91 179.671 404.938 180.059C405.015 180.347 404.69 180.902 405.377 181.016C405.66 181.05 405.946 180.982 406.184 180.825C406.422 180.667 406.596 180.43 406.675 180.155C407.239 178.241 408.756 177.131 410.073 175.83C410.624 175.163 411.368 174.685 412.202 174.461C412.975 174.26 413.367 173.878 413.118 173.179V173.189ZM409.778 187.122C409.472 187.399 409.062 187.638 409.071 188.213C409.071 188.5 409.281 188.605 409.558 188.787C409.732 188.909 409.945 188.963 410.156 188.938C410.367 188.913 410.562 188.812 410.703 188.653C412.173 186.806 414.273 185.648 415.953 184.031C416.555 183.457 416.965 182.748 416.335 182.117C415.705 181.485 415.161 182.213 414.684 182.643C413.042 184.165 411.4 185.629 409.778 187.122ZM418.884 170.002C418.091 171.026 417.299 172.021 415.906 172.193C415.257 172.27 415.056 172.48 415.075 173.083C415.094 173.686 415.562 173.648 416.03 173.686C418.769 173.964 420.64 172.193 420.134 169.772C421.575 169.294 422.912 170.251 424.334 170.04C425.059 169.935 425.985 170.155 425.966 169.083C425.966 168.126 425.136 168.212 424.439 168.203C422.9 168.314 421.353 168.198 419.848 167.858C419.657 167.801 419.38 168.05 419.161 168.021C418.781 167.92 418.377 167.962 418.026 168.138C417.674 168.314 417.399 168.613 417.251 168.978C417.003 170.059 418.416 169.322 418.884 169.992V170.002ZM426.272 164.203C424.446 164.004 422.608 163.947 420.774 164.031C420.01 164.031 419.409 163.581 418.645 163.763C418.082 163.897 417.423 163.877 417.452 164.576C417.452 165.141 418.034 165.275 418.569 165.255C421.15 165.301 423.723 165.557 426.262 166.021C426.883 165.887 427.703 166.643 427.847 165.6C427.99 164.557 426.94 164.27 426.272 164.203ZM438.976 164.203C438.852 163.83 438.757 163.313 438.146 163.437C437.02 163.667 435.893 163.897 434.776 164.174C434.242 164.308 433.641 164.624 433.822 165.198C434.003 165.772 434.547 165.131 434.939 165.255C435.18 165.284 435.423 165.284 435.664 165.255C436.523 165.533 437.42 164.901 438.404 164.854C438.68 164.834 439.1 164.691 438.938 164.193L438.976 164.203ZM440.169 168.308C439.702 168.21 439.225 168.168 438.747 168.184C437.287 168.184 435.998 167.744 436.075 169.629C436.075 170.165 435.006 170.279 434.385 170.337C433.765 170.394 433.536 169.906 433.545 169.38C433.578 169.209 433.566 169.032 433.511 168.867C433.455 168.701 433.357 168.554 433.227 168.438C433.097 168.322 432.939 168.242 432.769 168.206C432.599 168.17 432.422 168.179 432.257 168.232C430.93 168.423 429.622 168.729 428.295 168.911C428.116 168.919 427.941 168.968 427.784 169.055C427.627 169.141 427.492 169.262 427.389 169.409C427.285 169.556 427.217 169.724 427.189 169.902C427.161 170.079 427.174 170.261 427.226 170.433C427.436 171.275 428.123 171.131 428.878 170.834C429.652 170.439 430.524 170.276 431.388 170.366C431.712 170.433 432.218 170.184 432.342 170.691C432.467 171.198 432.047 171.294 431.693 171.456L427.56 173.456C427.016 173.724 426.339 174.059 426.673 174.729C427.007 175.399 427.723 175.208 428.324 174.93C429.985 174.165 431.646 173.409 433.297 172.624C434.041 172.27 434.691 171.667 435.626 172.107C435.712 172.145 435.805 172.163 435.899 172.158C435.993 172.153 436.084 172.126 436.166 172.08C436.248 172.033 436.317 171.968 436.369 171.89C436.422 171.812 436.455 171.722 436.466 171.629C436.552 168.758 438.738 170.356 439.998 170.05C440.561 169.916 441.344 171.275 441.764 170.05C442.184 168.825 441.019 168.519 440.131 168.299L440.169 168.308ZM447.223 168.165C446.773 167.692 446.228 167.319 445.625 167.07C445.021 166.821 444.373 166.702 443.72 166.72C443.253 166.949 442.269 166.222 442.212 167.399C442.164 168.423 443.024 168.461 443.73 168.547C444.643 168.584 445.525 168.886 446.269 169.418C446.356 169.507 446.461 169.576 446.576 169.621C446.692 169.666 446.816 169.685 446.94 169.678C447.064 169.671 447.185 169.637 447.295 169.579C447.405 169.521 447.501 169.44 447.577 169.342C448.102 168.739 447.51 168.442 447.185 168.155L447.223 168.165ZM447.958 175.878C446.784 174.806 445.028 174.318 444.541 172.557C444.474 172.308 444.178 172.394 443.93 172.557C442.269 173.437 440.351 173.179 438.604 173.715C438.079 173.878 437.258 173.485 437.315 174.519C437.373 175.552 438.194 175.083 438.709 175.189C438.982 175.213 439.257 175.213 439.53 175.189C440.239 175.174 440.945 175.094 441.639 174.949C442.081 174.734 442.585 174.687 443.058 174.815C443.532 174.944 443.943 175.239 444.217 175.648C444.875 176.547 446.355 176.71 447.214 177.619C447.491 177.916 447.815 177.619 447.987 177.39C448.083 177.285 448.158 177.162 448.206 177.028C448.255 176.894 448.277 176.752 448.271 176.61C448.265 176.468 448.23 176.328 448.17 176.199C448.11 176.07 448.025 175.954 447.92 175.858L447.958 175.878ZM451.175 176.241C450.736 176.241 450.278 176.423 450.268 176.748C450.256 176.954 450.309 177.157 450.421 177.33C450.532 177.502 450.697 177.634 450.889 177.705C451.98 178.018 452.987 178.571 453.838 179.323C453.93 179.408 454.04 179.473 454.159 179.512C454.279 179.551 454.405 179.563 454.53 179.547C454.655 179.532 454.774 179.489 454.881 179.422C454.987 179.355 455.078 179.266 455.146 179.16C455.225 179.085 455.287 178.994 455.328 178.892C455.369 178.791 455.387 178.682 455.381 178.572C455.376 178.463 455.347 178.357 455.296 178.26C455.246 178.163 455.175 178.078 455.089 178.012C453.978 177.034 452.602 176.411 451.137 176.222L451.175 176.241ZM450.478 188.28C450.402 188.902 450.66 189.342 451.433 189.476C451.809 189.382 452.155 189.194 452.439 188.93C452.722 188.665 452.935 188.333 453.056 187.964C453.266 187.342 452.807 186.93 452.101 186.902C451.901 186.87 451.697 186.882 451.501 186.936C451.306 186.99 451.124 187.084 450.968 187.214C450.812 187.343 450.685 187.504 450.596 187.686C450.507 187.868 450.457 188.067 450.45 188.27L450.478 188.28ZM465.569 177.284C464.773 176.447 463.848 175.743 462.83 175.198C460.329 174.126 457.828 173.045 455.451 171.734C454.497 171.217 454.125 171.657 453.857 172.212C453.857 172.882 454.144 173.169 454.516 173.275C456.886 174.142 459.183 175.195 461.388 176.423C462.442 176.979 463.407 177.688 464.252 178.528C464.672 178.902 465.207 179.485 465.646 179.083C465.763 178.96 465.853 178.814 465.911 178.654C465.969 178.494 465.993 178.324 465.983 178.154C465.972 177.984 465.926 177.818 465.849 177.667C465.771 177.516 465.663 177.382 465.531 177.275L465.569 177.284ZM456.272 178.241C456.272 178.691 456.606 179.122 457.351 179.198C458.238 179.35 459.081 179.693 459.823 180.203C460.319 180.528 460.701 181.236 461.226 180.49C461.328 180.35 461.396 180.19 461.427 180.02C461.458 179.85 461.45 179.675 461.404 179.509C461.358 179.342 461.275 179.188 461.162 179.058C461.049 178.928 460.907 178.826 460.749 178.758C459.851 178.366 458.934 178.021 458 177.724C456.921 177.677 456.263 177.724 456.234 178.26L456.272 178.241ZM472.194 180.71C472.194 179.476 471.163 179.447 470.456 179.495C469.616 179.246 468.996 179.351 468.958 179.973C468.881 181.208 470.141 181.485 470.934 181.887C471.525 182.203 472.155 181.313 472.165 180.729L472.194 180.71ZM471.077 187.552C471.478 186.739 470.714 186.366 470.046 185.926C467.831 184.471 465.14 184.059 462.897 182.681C462.562 182.539 462.208 182.446 461.847 182.404C460.978 182.299 460.148 182.653 460.024 183.361C459.899 184.069 460.797 184.251 461.446 184.318C462.095 184.385 462.209 184.653 462.553 184.911C462.897 185.17 463.508 185.744 463.765 185.648C466.218 184.691 467.431 186.873 469.196 187.562C469.769 187.83 470.571 188.548 471.048 187.571L471.077 187.552ZM464.233 197.122C465.092 196.787 465.312 196.241 465.054 195.6C464.796 194.959 464.099 194.95 463.546 195.294C462.505 195.916 461.369 195.629 460.281 195.591C459.193 195.552 458.983 196.021 458.716 196.959C460.634 197.227 462.343 197.916 464.214 197.227L464.233 197.122ZM458.029 187.839C459.499 190.605 462.438 190.997 464.977 192.04C465.703 192.418 466.369 192.902 466.953 193.476C467.163 193.323 467.497 193.198 467.497 193.045C467.549 192.708 467.467 192.365 467.268 192.088C466.465 191.208 465.449 190.549 464.319 190.174C462.505 189.734 460.806 189.485 459.928 187.304C459.441 186.088 457.504 185.591 456.11 185.064C455.432 184.815 455.155 185.39 455.47 185.906C455.793 186.504 456.313 186.97 456.94 187.227C457.303 187.428 457.838 187.591 458 187.897L458.029 187.839ZM456.969 193.849C457.418 193.514 457.847 193.083 457.484 192.471C457.122 191.859 456.53 191.868 455.91 192.261C455.127 192.842 454.173 193.146 453.199 193.122C452.712 193.122 451.929 193.284 451.967 194.146C451.967 194.768 452.254 195.371 452.922 195.208C454.249 194.921 455.747 194.806 456.94 193.906L456.969 193.849ZM449.867 204.71C450.507 205.447 451.041 204.71 451.5 204.318C452.521 203.419 453.327 202.3 453.857 201.045C453.832 200.75 453.72 200.47 453.534 200.24C453.349 200.01 453.099 199.84 452.817 199.753C452.349 199.6 452.149 200.098 451.929 200.49C451.502 201.336 450.872 202.063 450.097 202.605C449.897 202.695 449.725 202.836 449.596 203.012C449.467 203.189 449.385 203.396 449.359 203.614C449.334 203.831 449.364 204.052 449.448 204.254C449.532 204.456 449.667 204.633 449.839 204.768L449.867 204.71ZM448.168 201.332C448.264 201.281 448.349 201.212 448.417 201.127C448.485 201.042 448.535 200.945 448.565 200.84C448.594 200.735 448.602 200.626 448.588 200.518C448.574 200.41 448.539 200.306 448.483 200.213C448.423 200.046 448.311 199.903 448.163 199.807C448.015 199.71 447.839 199.664 447.662 199.677C447.09 199.677 440.809 204.643 440.723 205.141C440.64 205.373 440.631 205.624 440.697 205.861C440.764 206.098 440.903 206.308 441.095 206.462C441.534 206.777 441.744 206.462 442.05 206.232C444.188 204.806 445.878 202.758 448.14 201.39L448.168 201.332ZM440.37 224.395C440.914 224.519 440.952 224.012 441.067 223.591C441.783 221.141 442.546 218.701 443.262 216.251C443.415 215.715 443.424 214.978 442.775 214.864C442.499 214.859 442.229 214.952 442.014 215.127C441.799 215.302 441.653 215.548 441.601 215.821C440.858 218.272 440.306 220.777 439.95 223.313C439.883 223.792 439.855 224.337 440.351 224.452L440.37 224.395ZM440.284 211.055C440.284 210.385 440.551 209.227 439.568 209.342C438.585 209.457 438.365 210.663 438.432 211.773C438.652 212.184 437.917 213.218 439.062 213.199C440.513 213.227 440.274 212.031 440.265 211.112L440.284 211.055ZM445.362 262.3C445.944 261.783 446.45 260.826 445.553 260.07C444.656 259.314 444.178 259.821 443.644 260.692C442.584 262.367 439.74 262.548 438.098 261.18C437.678 260.826 437.306 260.414 436.915 260.012C436.323 259.41 435.597 259.18 435.006 259.811C434.865 259.954 434.759 260.127 434.695 260.317C434.632 260.507 434.613 260.71 434.64 260.908C434.666 261.107 434.738 261.297 434.85 261.464C434.961 261.63 435.109 261.769 435.282 261.869C437.105 262.692 440.294 265.438 445.362 262.3Z" fill="#ACAEBF"/>
<path d="M447.977 240.529C445.706 240.261 446.584 242.903 447.977 244.003C438.375 240.491 426.023 243.525 421.909 253.927C420.525 257.41 418.674 265.238 421.337 268.587C423.818 271.716 432.209 273.372 435.912 273.697C445.391 274.587 455.184 279.209 465.187 277.774C469.698 277.137 474.162 276.204 478.551 274.979C481.281 274.204 490.005 273.066 490.644 269.879C491.208 267.238 488.325 266.223 486.826 264.845C485.328 263.467 484.459 261.783 482.703 260.606C479.286 258.309 475.2 256.654 471.554 254.558C464.166 250.29 457.293 245.046 449.6 241.161C449.018 241.295 449.514 241.515 449.285 241.84L447.977 240.529Z" fill="white"/>
<path d="M419.904 243.467C419.179 241.438 417.585 240.223 417.862 238.012C419.733 239.409 420.067 241.113 419.904 243.467Z" fill="#ACAEBF"/>
<path d="M422.873 309.372C419.586 308.698 416.407 307.577 413.423 306.042C413.287 306.002 413.163 305.93 413.061 305.83C412.96 305.731 412.885 305.608 412.842 305.473C412.8 305.338 412.791 305.194 412.818 305.054C412.844 304.915 412.905 304.784 412.994 304.673C413.541 303.789 413.742 302.731 413.557 301.707C413.452 300.645 413.977 300.386 414.874 300.645C416.254 300.933 417.666 301.036 419.074 300.951C419.573 300.977 420.073 300.977 420.572 300.951C423.293 300.664 424.39 301.956 424.849 304.97C424.84 306.051 424.721 307.128 424.495 308.185C424.438 309.324 423.751 309.525 422.873 309.372Z" fill="url(#paint0_linear_20_3134)"/>
<path d="M409.338 303.927C408.383 303.123 407.362 302.501 406.379 301.793C404.774 300.732 403.353 299.417 402.169 297.898C402.483 297.731 402.837 297.656 403.191 297.679C403.545 297.703 403.885 297.825 404.174 298.032C405.906 299.043 407.808 299.727 409.786 300.051C411.61 300.386 412.087 301.305 411.696 303.123C411.361 304.463 410.416 304.846 409.338 303.927Z" fill="url(#paint1_linear_20_3134)"/>
<path d="M434.977 310.147C432.486 309.99 429.988 309.961 427.494 310.061C425.432 310.271 425.671 309.228 426.071 308.147C426.777 306.674 426.929 304.996 426.501 303.42C425.785 301.209 425.776 300.96 428.019 300.759C430.09 300.568 432.448 299.4 434.299 301.343C436.151 303.286 437.278 305.276 437.306 306.702C437.22 310.482 437.602 310.147 434.977 310.147Z" fill="url(#paint2_linear_20_3134)"/>
<path d="M449.504 306.788C449.838 307.745 449.638 308.358 448.693 308.578C446.201 309.152 443.786 310.071 441.152 310.138C440.388 309.917 439.014 310.74 439.138 308.932C439.256 307.398 439.036 305.856 438.495 304.416C437.954 302.976 437.105 301.672 436.007 300.597C435.692 300.271 435.053 299.535 435.587 299.219C437.286 298.262 439.109 297.429 440.894 296.578C441.009 296.52 441.257 296.645 441.391 296.75C444.913 299.468 448.034 302.492 449.504 306.788Z" fill="url(#paint3_linear_20_3134)"/>
<path d="M476.555 277.611C476.555 277.343 476.851 277.142 477.185 277.075C480.611 276.196 483.984 275.116 487.284 273.84C487.437 277.199 485.842 279.697 483.886 282.061C483.189 282.903 482.721 282.357 482.234 281.898C480.79 280.368 479.053 279.144 477.128 278.3C476.986 278.236 476.861 278.141 476.762 278.021C476.663 277.902 476.592 277.762 476.555 277.611Z" fill="url(#paint4_linear_20_3134)"/>
<path d="M444.856 297.152C442.87 295.238 443.042 295.333 444.36 293.046C445.409 291.219 446.192 289.821 448.655 291.362C449.886 292.128 451.805 292.778 452.072 293.831C452.587 295.946 454.411 296.415 455.623 297.659C457.351 299.372 458.973 301.113 459.441 303.515C459.336 303.956 459.565 304.367 459.03 304.683C456.988 305.869 455.031 307.171 452.616 307.669C451.852 307.831 451.738 307.391 451.662 307.066C450.449 303.027 447.844 299.975 444.856 297.152Z" fill="url(#paint5_linear_20_3134)"/>
<path d="M466.218 281.104C465.807 281.008 465.177 280.912 465.13 280.29C465.072 279.506 465.836 279.486 466.285 279.333C468.194 278.807 470.198 278.951 471.945 278.204C472.899 278.128 477.204 280.185 478.713 281.372C482.531 284.396 482.531 284.721 479.132 288.156C477.624 289.668 477.414 289.63 476.135 288.003C473.558 284.75 470.494 282.109 466.218 281.104Z" fill="url(#paint6_linear_20_3134)"/>
<path d="M458.238 294.424C459.04 293.965 460.682 293.735 460.625 292.109C460.625 291.535 459.976 290.281 461.636 290.673C462.476 290.874 463.125 289.468 464.118 290.357C465.75 291.831 467.507 293.228 468.079 295.458C468.122 295.753 468.275 296.021 468.507 296.208C468.739 296.394 469.033 296.485 469.33 296.463C470.008 296.463 470.065 295.726 469.988 295.161C469.706 293.85 468.99 292.673 467.955 291.822C464.5 288.396 460.214 286.08 456.119 283.554C455.051 283.004 454.062 282.312 453.179 281.496C453.063 281.332 452.982 281.145 452.942 280.947C452.902 280.749 452.904 280.545 452.948 280.348C452.993 280.151 453.078 279.966 453.198 279.804C453.318 279.643 453.471 279.508 453.647 279.41C454.497 278.951 456.883 279.41 457.236 280.061C457.589 280.711 457.723 281.831 459.279 281.314C461.885 282.271 465.006 282.013 467.803 283.439C470.599 284.865 472.346 287.008 474.542 288.845C475.238 289.429 476.823 290.587 475.62 291.85C474.58 292.941 473.625 294.118 472.537 295.171C469.674 298.042 466.18 300.042 462.992 302.444C462.352 302.922 461.465 303.037 461.216 302.358C460.424 300.204 458.811 298.626 457.58 296.788C456.978 295.898 456.873 295.19 458.238 294.424Z" fill="url(#paint7_linear_20_3134)"/>
<path d="M442.308 289.582C440.093 289.113 437.879 288.683 435.693 288.109C430.061 286.625 424.172 287.018 418.512 285.649C413.3 284.396 407.888 284.061 402.657 282.673C397.248 281.363 392.106 279.123 387.461 276.051C383.643 273.439 380.044 270.721 377.219 266.931C374.651 263.496 371.263 260.673 368.733 257.113C366.686 254.074 365.079 250.758 363.961 247.266C362.701 243.677 362.529 239.869 361.975 236.137C361.164 230.682 361.135 225.189 360.486 219.744C360.486 217.065 361.03 214.452 361.269 211.811C361.637 206.425 362.831 201.128 364.81 196.108C366.194 192.796 367.111 189.294 369.163 186.261C369.43 185.859 369.516 185.351 370.203 185.543C370.451 185.61 370.051 186.643 370.776 185.906C371.12 185.562 371.291 184.95 370.871 184.806C369.917 184.394 370.509 183.849 370.747 183.533C371.864 182.26 372.656 180.749 373.668 179.428C375.577 177.055 377.486 174.643 379.395 172.394C380.53 170.97 381.857 169.711 383.337 168.653C386.635 166.643 390.045 164.825 393.551 163.208C395.554 162.177 397.686 161.417 399.889 160.949C404.098 160.174 408.212 159.035 412.603 158.863C416.994 158.691 421.595 158.7 426.081 158.653C430.825 158.726 435.546 159.342 440.151 160.49C441.935 160.892 443.816 160.978 445.563 161.447C450.079 162.853 454.482 164.599 458.735 166.672C463.928 169.064 469.158 171.399 473.845 174.701C478.303 177.839 483.085 180.586 486.569 184.892C487.924 186.567 489.747 187.973 490.75 189.811C494.014 195.792 497.135 201.84 499.102 208.414C500.851 214.53 501.929 220.819 502.318 227.17C502.49 229.438 501.86 231.629 501.879 233.869C501.879 234.711 501.641 239.61 501.517 241.333C501.437 243.792 501.117 246.238 500.562 248.634C498.987 254.271 497.756 260.003 495.265 265.371C495.007 265.926 494.539 266.596 495.656 267.285C495.908 267.455 496.105 267.696 496.222 267.978C496.338 268.259 496.369 268.569 496.311 268.868C496.253 269.167 496.109 269.443 495.895 269.66C495.682 269.877 495.409 270.026 495.112 270.089C492.296 270.903 489.175 271.438 489.929 275.506C489.934 275.628 489.908 275.75 489.852 275.86C488.335 279.888 485.805 283.41 483.276 286.798C480.746 290.185 477.224 293.161 474.16 296.367C472.086 298.5 469.763 300.373 467.24 301.946C464.281 303.793 461.446 305.831 458.315 307.439C455.144 308.984 451.828 310.212 448.417 311.104C445.951 311.889 443.363 312.213 440.78 312.061C438.664 311.963 436.544 312.002 434.433 312.176C430.92 312.291 427.465 311.774 423.933 311.774C422.707 311.803 421.485 311.612 420.325 311.209C415.028 309.2 409.883 306.97 405.368 303.554C404.165 302.782 403.005 301.945 401.893 301.046C400.137 299.372 398.839 297.286 396.892 295.735C396.185 295.171 395.384 294.07 395.937 293.219C396.491 292.367 397.684 292.922 398.4 293.41C400.175 294.645 402.342 294.97 404.232 295.956C405.425 296.578 406.704 297.525 408.05 297.554C410.513 297.611 412.823 298.396 415.285 298.511C419.476 298.645 423.609 299.113 427.847 298.511C432.566 297.907 437.058 296.127 440.914 293.333C441.675 292.663 442.32 291.87 442.823 290.989C443.51 290.156 443.215 289.774 442.308 289.582ZM483.877 282.108C485.786 279.745 487.428 277.257 487.275 273.888C483.975 275.164 480.603 276.244 477.176 277.123C476.852 277.199 476.518 277.391 476.546 277.659C476.584 277.807 476.654 277.945 476.751 278.062C476.849 278.18 476.971 278.274 477.11 278.338C479.035 279.182 480.772 280.406 482.216 281.936C482.722 282.396 483.19 282.941 483.877 282.108ZM479.104 288.185C482.55 284.74 482.531 284.424 478.685 281.4C477.176 280.214 472.843 278.156 471.917 278.233C470.17 278.979 468.099 278.836 466.257 279.362C465.818 279.486 465.044 279.515 465.102 280.319C465.149 280.941 465.779 281.037 466.19 281.132C470.466 282.137 473.521 284.778 476.107 288.07C477.415 289.659 477.625 289.697 479.133 288.137L479.104 288.185ZM462.983 302.491C466.18 300.08 469.664 298.042 472.528 295.219C473.616 294.156 474.58 292.979 475.611 291.898C476.814 290.635 475.229 289.477 474.532 288.893C472.337 287.056 470.504 284.845 467.793 283.486C465.083 282.128 461.875 282.3 459.27 281.362C457.714 281.879 457.609 280.788 457.227 280.108C456.845 279.429 454.487 278.989 453.638 279.458C453.462 279.556 453.309 279.691 453.189 279.852C453.068 280.014 452.983 280.199 452.939 280.396C452.895 280.593 452.893 280.797 452.933 280.995C452.972 281.192 453.053 281.38 453.17 281.544C454.053 282.36 455.042 283.052 456.11 283.601C460.205 286.147 464.491 288.443 467.946 291.869C468.98 292.721 469.697 293.898 469.979 295.209C470.056 295.774 469.979 296.463 469.321 296.511C469.024 296.533 468.73 296.442 468.498 296.255C468.266 296.069 468.113 295.801 468.07 295.506C467.507 293.295 465.741 291.888 464.109 290.405C463.154 289.515 462.477 290.922 461.627 290.721C459.966 290.329 460.596 291.582 460.615 292.156C460.673 293.783 459.031 294.013 458.229 294.472C456.864 295.247 456.969 295.955 457.571 296.855C458.792 298.702 460.434 300.281 461.207 302.424C461.455 303.046 462.343 302.941 462.983 302.491ZM452.664 307.659C455.07 307.161 457.026 305.86 459.079 304.673C459.613 304.358 459.384 303.956 459.489 303.506C458.983 301.104 457.361 299.362 455.671 297.649C454.459 296.453 452.636 295.975 452.12 293.822C451.862 292.759 449.934 292.118 448.703 291.353C446.24 289.812 445.458 291.209 444.408 293.037C443.09 295.314 442.919 295.267 444.904 297.142C447.892 299.965 450.498 303.018 451.719 307.008C451.777 307.353 451.891 307.783 452.655 307.621L452.664 307.659ZM450.268 279.037C449.533 278.51 448.779 278.022 447.844 278.616L447.567 278.788C447.825 279.238 448.111 279.381 448.426 279.343C449.085 279.257 449.448 280.702 450.268 279.678C450.412 279.448 450.507 279.18 450.259 279.008L450.268 279.037ZM409.806 300.09C407.828 299.765 405.926 299.081 404.194 298.07C403.905 297.863 403.565 297.741 403.21 297.718C402.856 297.694 402.503 297.77 402.189 297.936C403.372 299.455 404.794 300.77 406.399 301.831C407.353 302.539 408.422 303.161 409.358 303.965C410.293 304.769 411.381 304.501 411.687 303.161C412.088 301.305 411.62 300.386 409.797 300.051L409.806 300.09ZM424.869 304.999C424.439 301.984 423.313 300.692 420.592 300.979C420.093 301.006 419.593 301.006 419.094 300.979C417.686 301.065 416.274 300.962 414.894 300.673C413.997 300.415 413.472 300.673 413.577 301.735C413.762 302.76 413.561 303.817 413.014 304.702C412.925 304.812 412.864 304.943 412.838 305.083C412.811 305.222 412.82 305.366 412.862 305.502C412.905 305.637 412.98 305.76 413.081 305.859C413.183 305.958 413.307 306.031 413.443 306.07C416.427 307.606 419.606 308.727 422.893 309.401C423.771 309.563 424.458 309.401 424.525 308.214C424.747 307.147 424.859 306.06 424.859 304.97L424.869 304.999ZM428.019 300.798C425.775 300.999 425.785 301.247 426.501 303.458C426.929 305.034 426.777 306.713 426.071 308.185C425.67 309.219 425.441 310.262 427.494 310.099C429.988 310 432.486 310.028 434.977 310.185C437.602 310.185 437.22 310.559 437.287 306.788C437.287 305.362 436.027 303.257 434.28 301.429C432.533 299.601 430.09 300.578 428.009 300.769L428.019 300.798ZM441.382 296.778C441.248 296.673 440.99 296.549 440.885 296.606C439.101 297.448 437.277 298.243 435.578 299.247C435.044 299.563 435.693 300.3 435.998 300.625C437.096 301.701 437.945 303.005 438.486 304.445C439.027 305.885 439.247 307.426 439.129 308.96C439.005 310.769 440.38 309.917 441.143 310.166C443.778 310.099 446.193 309.209 448.684 308.606C449.638 308.386 449.829 307.793 449.495 306.817C448.035 302.491 444.914 299.468 441.391 296.75L441.382 296.778ZM450.354 276.491C453.953 277.171 457.59 277.228 461.179 277.716C462.714 277.869 464.263 277.779 465.77 277.448C469.426 276.711 473.024 275.754 476.67 274.96C477.711 274.74 477.911 274.462 477.682 273.381C477.234 271.276 477.186 269.104 476.432 267.056C476.342 266.856 476.331 266.63 476.4 266.423C476.469 266.216 476.613 266.042 476.804 265.936C477.482 265.515 477.396 266.29 477.682 266.481C479.095 267.438 478.637 269.008 478.952 270.309C480.03 275.276 479.019 274.778 483.724 272.596C484.774 272.108 485.92 271.879 486.912 271.285C487.299 271.106 487.675 270.905 488.039 270.683C488.316 270.472 487.418 265.314 487.084 265.123C484.631 263.678 482.102 262.328 479.715 260.788C475.802 258.261 471.659 256.089 467.832 253.419C464.653 251.199 461.15 249.419 457.809 247.429C456.416 246.596 455.222 245.515 453.848 244.615C452.836 243.965 452.025 243.218 450.727 243.419C450.249 243.496 450.163 243.122 449.925 242.845C449.467 242.299 449.113 241.716 448.016 241.888C446.918 242.06 445.859 239.572 446.231 238.357C446.517 237.4 446.899 236.529 446.231 235.61C445.954 235.247 445.649 234.95 445.143 235.084C444.637 235.218 444.809 235.658 444.78 235.993C444.822 236.776 444.708 237.56 444.446 238.299C444.379 238.524 444.255 238.727 444.087 238.89C443.919 239.053 443.712 239.17 443.485 239.229C443.259 239.289 443.022 239.289 442.795 239.23C442.569 239.171 442.362 239.055 442.193 238.893C440.808 237.897 439.808 236.452 439.363 234.803C438.918 233.153 439.054 231.4 439.75 229.84C440.131 229.025 440.788 228.371 441.603 227.993C442.418 227.614 443.34 227.537 444.207 227.773C446.397 228.31 448.436 229.337 450.173 230.778C449.073 228.548 448.228 226.202 447.653 223.782C447.348 221.242 447.296 218.677 447.5 216.127C447.586 212.519 449.247 209.514 451.194 206.557C452.626 204.385 455.012 203.323 456.788 201.629C457.951 200.54 459.332 199.712 460.84 199.202C462.348 198.692 463.948 198.511 465.531 198.672C465.999 198.672 466.629 198.816 466.581 198.031C466.457 195.801 468.395 196.308 469.445 196.184C471.354 195.974 473.186 197.141 473.263 198.509C473.237 198.966 473.375 199.416 473.651 199.78C473.928 200.143 474.325 200.395 474.771 200.49C477.493 201.414 480.038 202.8 482.293 204.586C484.854 206.413 486.622 209.151 487.237 212.242C487.304 212.596 487.476 213.132 486.912 213.342C486.349 213.553 486.139 213.112 485.777 212.892C484.946 212.404 484.822 211.457 484.488 210.758C482.961 207.256 480.088 205.323 476.795 203.677C473.21 201.959 469.311 200.999 465.34 200.854C462.681 200.693 460.062 201.567 458.029 203.294C455.595 205.208 452.741 206.749 451.49 209.907C450.698 211.916 449.753 213.811 449.638 216.031C449.457 219.754 449.018 223.495 450.498 227.065C451.229 228.55 451.58 230.194 451.519 231.85C451.175 231.629 450.841 231.247 450.641 231.314C450.211 231.448 450.373 231.964 450.45 232.271C450.934 234.267 450.934 236.351 450.45 238.347C450.058 240.165 451.853 240.807 452.893 241.649C455.612 243.844 458.448 245.888 461.389 247.773C465.016 250.079 468.834 252.089 472.509 254.319C476.451 256.711 480.24 259.362 484.278 261.592C486.445 262.788 488.745 263.764 490.855 265.075C490.94 265.141 491.041 265.183 491.148 265.196C491.255 265.209 491.363 265.192 491.461 265.148C491.56 265.104 491.644 265.033 491.705 264.945C491.766 264.856 491.802 264.752 491.809 264.644C491.962 263.687 493.298 262.855 491.905 261.62C491.399 261.17 491.599 259.706 491.809 258.749C492.078 257.198 492.193 255.624 492.153 254.051C492.153 253.725 491.962 253.218 492.477 253.151C492.993 253.084 493.107 253.544 493.289 253.955C493.779 255.077 493.87 256.334 493.546 257.515C493.316 258.706 493.236 259.921 493.308 261.132C493.782 261.004 494.208 260.74 494.535 260.373C494.863 260.006 495.076 259.552 495.15 259.065C496.343 255.18 497.555 251.314 498.577 247.371C499.264 244.72 499.111 241.993 499.665 239.342C500.524 235.208 499.617 230.988 500.362 226.826C500.416 225.562 500.264 224.298 499.913 223.084C499.913 223.026 499.913 222.309 499.254 222.672C497.87 223.476 497.746 222.596 497.775 221.543C497.804 220.491 497.775 219.629 497.775 218.605C497.775 217.974 497.708 217.361 498.729 217.428C499.197 217.428 499.302 217.256 499.159 216.749C498.204 213.313 497.804 209.715 495.942 205.974C496 208.069 496.668 209.591 496.734 211.189C496.801 212.787 495.35 213.935 495.971 215.447C496.414 216.771 496.39 218.206 495.904 219.514C495.77 220.05 495.723 220.864 494.864 220.73C493.795 220.558 494.32 219.859 494.386 219.208C494.51 217.936 494.386 216.644 494.453 215.38C494.577 213.83 494.253 212.318 495.035 210.691C495.618 209.486 494.749 207.821 494.186 206.395C493.985 205.897 493.861 205.361 493.613 204.883C493.365 204.404 493.174 204.146 493.613 203.773C494.052 203.399 494.568 203.562 495.255 204.347C494.746 202.512 493.998 200.752 493.031 199.112C492.725 198.567 492.22 198.682 491.618 198.72C489.766 198.835 488.965 197.591 489.881 196.05C490.095 195.728 490.216 195.352 490.23 194.965C490.243 194.578 490.149 194.195 489.957 193.859C487.198 187.953 482.731 183.016 477.138 179.686C475.945 178.959 474.933 177.935 473.759 177.179C473.291 176.882 472.451 176.079 472.127 177.514C471.984 178.126 471.172 178.002 470.877 177.725C469.349 176.203 466.829 175.533 466.476 172.94C466.476 172.748 466.19 172.519 465.989 172.414C463.384 171.141 460.759 169.897 458.143 168.586C457.742 168.394 457.341 168.05 456.96 168.413C456.578 168.777 457.122 169.169 457.236 169.524C457.351 169.878 457.752 170.356 457.37 170.681C456.988 171.007 456.626 170.471 456.339 170.213C455.269 169.391 453.995 168.878 452.655 168.729C452.044 168.605 451.318 168.968 451.147 168.05C450.937 166.882 451.948 167.294 452.492 167.093C452.742 166.966 452.978 166.815 453.199 166.643C450.5 165.12 447.563 164.068 444.513 163.533C441.181 162.767 437.831 162.155 434.481 161.428C433.335 161.179 432.123 161.543 431.006 160.978C430.853 160.93 430.687 160.944 430.544 161.017C430.401 161.091 430.293 161.217 430.243 161.37C429.641 163.858 427.599 162.385 426.243 162.748C426.062 162.748 425.642 162.614 425.623 162.49C425.126 159.514 422.826 161.064 421.28 160.873C418.7 160.622 416.106 161.187 413.863 162.49C413.598 162.661 413.301 162.775 412.99 162.825C412.679 162.875 412.361 162.86 412.056 162.781C411.752 162.702 411.466 162.56 411.219 162.365C410.971 162.17 410.766 161.926 410.618 161.648C410.169 160.825 409.358 161.179 408.785 161.255C406.666 161.543 404.451 161.255 403.201 163.945C402.457 165.514 400.099 165.935 398.238 166.232C397.627 166.327 397.522 165.514 397.798 164.882C397.923 164.586 398.428 164.279 398.056 163.925C397.684 163.571 397.264 163.839 396.873 164.088C396.202 164.506 395.511 164.889 394.801 165.236C394.238 165.514 394.143 165.696 394.515 166.308C395.154 167.37 394.916 168.117 393.427 168.222C392.517 168.3 391.633 168.57 390.835 169.016C390.037 169.461 389.343 170.071 388.797 170.806C388.721 170.902 388.702 171.045 388.616 171.112C388.062 171.552 387.576 172.643 386.86 172.069C386.144 171.495 386.44 170.547 387.194 169.897C387.301 169.827 387.394 169.737 387.466 169.63C387.538 169.524 387.588 169.405 387.613 169.279C387.638 169.153 387.637 169.023 387.611 168.898C387.585 168.772 387.534 168.653 387.461 168.547C386.058 169.504 384.597 170.461 383.309 171.533C380.006 174.404 377.477 177.906 374.861 181.361C373.079 183.707 371.483 186.19 370.089 188.787C369.325 190.213 370.012 191.849 369.316 193.361C368.743 194.624 369.001 194.72 367.55 194.844C367.387 194.844 367.177 195.17 367.13 195.371C366.175 199.198 364.266 202.749 364.008 206.73C363.942 207.83 362.93 208.586 363.197 209.849C363.436 210.959 363.14 212.108 364.037 213.16C364.81 214.069 364.495 214.615 363.245 215.122C362.853 215.285 362.911 215.553 362.853 215.83C362.042 219.811 362.853 223.744 363.111 227.706C363.254 229.725 363.388 231.744 363.588 233.754C364.18 239.783 364.953 245.802 367.569 251.362C369.341 254.951 371.677 258.23 374.489 261.075C376.618 263.314 378.699 265.62 380.827 267.85C384.645 271.898 388.95 275.506 394.477 277.563C397.184 278.662 399.946 279.62 402.752 280.434C405.812 281.345 408.945 281.985 412.116 282.348C414.436 282.53 416.889 282.032 419.151 283.257C419.934 283.687 420.258 282.625 420.965 282.587C422.481 282.417 424.014 282.462 425.518 282.721C426.816 283.018 427.57 282.903 427.56 281.41C427.56 280.108 428.219 279.974 429.364 280.309C430.09 280.52 430.958 280.692 430.978 279.352C430.978 277.439 431.579 277.094 433.536 277.649C433.841 277.761 434.166 277.806 434.49 277.783C434.363 277.303 434.097 276.872 433.724 276.545C433.352 276.218 432.891 276.009 432.4 275.946C430.74 275.566 429.108 275.077 427.513 274.482C426.043 274.015 424.725 273.162 423.695 272.013C422.938 271.29 422.022 270.756 421.022 270.453C420.335 270.147 419.81 269.687 420.172 268.941C420.535 268.194 421.318 268.156 422.081 268.558C423.093 269.094 424.181 269.515 425.212 269.955C428.485 271.299 431.867 272.359 435.321 273.123C440.198 274.424 445.267 275.496 450.373 276.462L450.354 276.491ZM468.576 198.624C468.7 199.208 469.407 199.371 470.056 199.38C470.418 199.294 471.01 199.591 471.058 198.931C471.134 197.897 470.103 198.28 469.588 197.974C469.072 197.667 468.481 198.088 468.595 198.605L468.576 198.624Z" fill="#262522"/>
<path d="M413.958 233.811C415.208 232.357 416.879 232.118 418.731 232.357C422.148 232.787 425.164 236.51 425.05 240.252C425.05 242.108 423.971 243.543 423.236 245.103C423.036 245.534 422.558 245.524 422.1 245.591C421.146 245.725 419.933 244.271 419.074 245.907C418.988 246.079 418.549 245.744 418.292 245.572C416.084 244.159 414.297 242.176 413.118 239.83C412.58 238.874 412.37 237.766 412.522 236.678C412.674 235.591 413.179 234.583 413.958 233.811ZM419.905 243.457C420.067 241.103 419.733 239.4 417.862 238.003C417.595 240.223 419.179 241.429 419.905 243.467V243.457Z" fill="#262522"/>
<path d="M439.941 170.069C438.681 170.366 436.504 168.787 436.409 171.648C436.398 171.741 436.365 171.831 436.312 171.909C436.26 171.988 436.191 172.053 436.109 172.099C436.027 172.146 435.936 172.172 435.842 172.177C435.748 172.182 435.655 172.164 435.569 172.126C434.614 171.705 433.984 172.289 433.24 172.643C431.589 173.428 429.928 174.184 428.267 174.949C427.666 175.227 426.94 175.399 426.616 174.748C426.291 174.098 426.959 173.791 427.503 173.476L431.636 171.476C431.98 171.313 432.362 171.122 432.285 170.71C432.209 170.299 431.684 170.452 431.331 170.385C430.466 170.295 429.595 170.458 428.82 170.854C428.066 171.141 427.379 171.294 427.169 170.452C427.109 170.278 427.091 170.092 427.116 169.91C427.141 169.727 427.208 169.553 427.312 169.402C427.415 169.25 427.553 169.125 427.714 169.036C427.875 168.948 428.055 168.898 428.238 168.892C429.565 168.7 430.873 168.394 432.199 168.212C432.365 168.159 432.542 168.151 432.712 168.187C432.882 168.223 433.04 168.303 433.17 168.419C433.3 168.535 433.398 168.682 433.453 168.847C433.509 169.013 433.521 169.19 433.488 169.361C433.488 169.925 433.755 170.404 434.328 170.318C434.901 170.232 436.037 170.145 436.018 169.61C435.941 167.696 437.22 168.212 438.69 168.165C439.168 168.149 439.645 168.191 440.112 168.289C441 168.528 442.021 168.94 441.678 170.05C441.334 171.16 440.513 169.935 439.941 170.069Z" fill="#262522"/>
<path d="M431.044 193.553C431.748 193.316 432.398 192.939 432.953 192.443C433.258 192.088 433.773 191.84 433.296 191.237C432.619 190.376 433.182 189.763 433.745 189.074C434.547 188.117 435.549 187.342 436.36 186.366C437.045 185.72 437.828 185.187 438.68 184.787C439.329 184.663 439.462 184.883 439.51 185.237C439.595 185.566 439.575 185.913 439.453 186.23C439.332 186.548 439.115 186.819 438.832 187.007C437.946 187.422 437.128 187.97 436.408 188.634C435.749 189.39 434.594 190.012 436.255 190.94C436.344 191.005 436.416 191.09 436.466 191.188C436.516 191.286 436.542 191.395 436.542 191.505C436.542 191.615 436.516 191.723 436.466 191.821C436.416 191.92 436.344 192.004 436.255 192.069C435.087 193.415 433.699 194.55 432.151 195.428C431.464 195.763 430.939 195.859 430.585 195.17C430.496 195.037 430.437 194.886 430.412 194.728C430.387 194.57 430.396 194.409 430.44 194.255C430.484 194.101 430.56 193.958 430.664 193.837C430.769 193.716 430.898 193.619 431.044 193.553Z" fill="#262522"/>
<path d="M468.604 207.61C466.81 208.347 465.741 211.323 466.838 212.031C468.318 212.988 467.478 213.687 467.039 214.558C466.259 215.758 465.558 217.008 464.939 218.299C464.865 218.548 464.705 218.761 464.488 218.903C464.272 219.045 464.012 219.106 463.756 219.074C463.097 217.361 464.185 216.06 464.968 214.787C465.191 214.507 465.344 214.178 465.413 213.827C465.483 213.475 465.468 213.112 465.369 212.768C464.195 209.562 464.758 207.677 467.554 206.069C468.136 205.735 469.005 205.113 469.463 205.945C469.893 206.548 469.673 207.17 468.604 207.61Z" fill="#262522"/>
<path d="M434.928 259.831C435.558 259.19 436.274 259.429 436.837 260.032C437.229 260.434 437.601 260.845 438.021 261.199C439.663 262.577 442.507 262.386 443.567 260.711C444.12 259.84 444.588 259.333 445.476 260.089C446.364 260.845 445.867 261.802 445.285 262.319C440.245 265.439 437.057 262.692 435.157 261.888C434.988 261.784 434.844 261.642 434.737 261.474C434.63 261.305 434.563 261.114 434.541 260.916C434.519 260.717 434.542 260.516 434.609 260.328C434.677 260.14 434.786 259.97 434.928 259.831Z" fill="#262522"/>
<path d="M419.131 167.992C419.351 167.992 419.628 167.772 419.819 167.83C421.324 168.169 422.871 168.285 424.41 168.174C425.107 168.174 425.927 168.117 425.937 169.055C425.937 170.136 424.983 169.916 424.305 170.012C422.873 170.232 421.537 169.275 420.105 169.744C420.601 172.174 418.74 173.945 416 173.658C415.571 173.658 415.113 173.715 415.046 173.055C414.979 172.394 415.218 172.241 415.876 172.165C417.27 171.992 418.072 170.997 418.854 169.973C418.387 169.303 416.945 170.04 417.194 168.959C417.34 168.586 417.619 168.28 417.977 168.102C418.335 167.923 418.746 167.884 419.131 167.992Z" fill="#262522"/>
<path d="M412.47 220.012C411.993 220.309 411.811 219.85 411.62 219.61C409.864 217.448 409.416 214.826 408.566 212.05C409.788 210.538 409.339 208.625 409.454 206.797C409.454 206.395 409.778 206.29 410.103 206.376C410.335 206.451 410.536 206.6 410.676 206.8C410.815 207.001 410.886 207.242 410.876 207.486C411.036 208.915 411.294 210.332 411.649 211.725C411.773 212.366 411.926 213.342 411.582 213.639C410.217 214.95 411.324 216.031 411.668 217.199C411.868 217.888 412.47 218.424 412.47 219.189C412.479 219.486 412.909 219.763 412.47 220.012Z" fill="#262522"/>
<path d="M464.224 178.519C463.379 177.679 462.414 176.969 461.361 176.414C459.156 175.185 456.858 174.133 454.488 173.265C454.125 173.16 453.868 172.873 453.829 172.203C454.097 171.638 454.488 171.246 455.423 171.725C457.8 173.036 460.301 174.117 462.802 175.189C463.82 175.733 464.745 176.438 465.541 177.275C465.669 177.385 465.773 177.52 465.846 177.672C465.919 177.824 465.961 177.989 465.968 178.158C465.975 178.326 465.948 178.495 465.888 178.652C465.827 178.81 465.735 178.953 465.618 179.074C465.15 179.495 464.635 178.892 464.224 178.519Z" fill="#262522"/>
<path d="M447.185 177.581C446.335 176.624 444.846 176.509 444.188 175.61C443.914 175.201 443.503 174.905 443.029 174.777C442.556 174.649 442.052 174.696 441.61 174.911C440.916 175.056 440.21 175.136 439.501 175.15C439.228 175.175 438.953 175.175 438.68 175.15C438.165 175.045 437.344 175.524 437.286 174.48C437.229 173.437 438.05 173.839 438.575 173.677C440.322 173.141 442.24 173.39 443.901 172.519C444.149 172.385 444.445 172.308 444.512 172.519C444.999 174.28 446.755 174.777 447.929 175.839C448.121 176.041 448.228 176.308 448.228 176.586C448.228 176.864 448.121 177.131 447.929 177.332C447.777 177.591 447.452 177.878 447.185 177.581Z" fill="#262522"/>
<path d="M455.433 185.954C455.137 185.438 455.433 184.854 456.072 185.112C457.504 185.639 459.442 186.136 459.89 187.352C460.768 189.533 462.458 189.782 464.281 190.222C465.411 190.597 466.427 191.256 467.231 192.136C467.429 192.413 467.511 192.757 467.46 193.093C467.46 193.237 467.116 193.371 466.916 193.524C466.331 192.95 465.665 192.466 464.94 192.088C462.401 191.045 459.461 190.643 457.991 187.887C457.829 187.581 457.284 187.419 456.893 187.265C456.271 187.009 455.755 186.547 455.433 185.954Z" fill="#262522"/>
<path d="M463.726 185.629C463.459 185.734 462.905 185.179 462.514 184.892C462.123 184.605 461.913 184.318 461.407 184.299C460.901 184.28 459.851 184.155 459.985 183.342C460.118 182.528 460.939 182.27 461.808 182.385C462.169 182.427 462.523 182.52 462.858 182.662C465.101 184.04 467.793 184.452 470.007 185.906C470.675 186.347 471.439 186.71 471.038 187.533C470.561 188.49 469.749 187.792 469.129 187.533C467.392 186.854 466.179 184.71 463.726 185.629Z" fill="#262522"/>
<path d="M473.999 191.371C475.564 192.557 477.005 193.935 478.924 194.586C480.843 195.237 481.177 196.959 481.978 198.414C482.036 198.525 482.07 198.647 482.077 198.772C482.084 198.897 482.064 199.023 482.019 199.139C481.974 199.256 481.904 199.362 481.815 199.45C481.726 199.538 481.619 199.605 481.501 199.648C480.862 199.888 480.709 199.371 480.547 198.892C479.974 197.543 479.21 196.146 477.74 195.744C475.831 195.218 474.619 193.83 473.13 192.787C472.936 192.681 472.765 192.538 472.627 192.364C472.489 192.191 472.388 191.992 472.328 191.779C472.268 191.566 472.252 191.343 472.28 191.123C472.308 190.903 472.379 190.691 472.49 190.5C473.009 190.761 473.513 191.052 473.999 191.371Z" fill="#262522"/>
<path d="M371.1 231.486C371.255 232.243 371.482 232.983 371.778 233.697C371.778 233.878 372.045 234.472 371.778 234.424C371.336 234.359 370.904 234.244 370.489 234.079C370.489 232.558 367.989 231.4 369.773 229.601C369.842 229.473 369.878 229.33 369.878 229.185C369.878 229.039 369.842 228.896 369.773 228.768C368.498 226.479 367.342 224.125 366.309 221.716C366.07 221.237 365.431 220.759 366.061 220.347C366.691 219.936 367.015 220.586 367.464 220.95C367.783 221.303 368.009 221.731 368.122 222.194C369.334 225.237 370.966 228.118 371.1 231.486Z" fill="#262522"/>
<path d="M476.164 189.705C475.639 189.399 475.038 188.949 475.314 188.251C475.591 187.552 476.183 187.428 476.851 187.859C476.974 187.957 477.127 188.011 477.285 188.011C477.443 188.011 477.596 187.957 477.72 187.859C478.101 187.495 477.634 187.198 477.49 186.902C476.97 185.87 476.106 185.054 475.047 184.595C474.93 184.552 474.824 184.484 474.736 184.395C474.648 184.306 474.581 184.199 474.539 184.081C474.497 183.964 474.481 183.838 474.493 183.713C474.505 183.589 474.544 183.469 474.608 183.361C474.708 183.164 474.873 183.008 475.075 182.919C475.277 182.83 475.503 182.813 475.715 182.873C476.956 183.083 479.771 186.375 479.771 187.61C479.724 189.801 478.073 190.796 476.164 189.705Z" fill="#262522"/>
<path d="M412.192 174.433C411.359 174.657 410.615 175.135 410.064 175.801C408.737 177.103 407.201 178.222 406.666 180.127C406.587 180.401 406.413 180.638 406.175 180.796C405.937 180.954 405.651 181.022 405.368 180.988C404.681 180.902 405.015 180.337 404.929 180.031C404.901 179.643 405.009 179.257 405.235 178.94C406.354 177.087 407.74 175.411 409.348 173.964C409.992 173.404 410.729 172.96 411.524 172.653C411.658 172.568 411.809 172.514 411.966 172.494C412.124 172.474 412.283 172.489 412.434 172.537C412.585 172.586 412.723 172.666 412.84 172.774C412.956 172.882 413.048 173.013 413.109 173.16C413.366 173.878 412.975 174.261 412.192 174.433Z" fill="#262522"/>
<path d="M430.862 179.61C431.406 179.38 431.96 179.323 431.989 178.653C432.046 177.074 433.277 177.141 434.155 176.988C435.024 176.988 435.883 176.796 436.064 177.677C436.303 178.739 435.215 178.825 434.623 178.93C433.392 179.16 432.199 179.217 432.218 180.844C432.218 181.007 431.779 181.275 431.521 181.332C430.175 181.6 429.364 182.662 428.285 183.332C427.846 183.61 427.617 184.519 426.939 183.83C426.462 183.342 426.634 182.72 427.14 182.232C428.202 181.127 429.465 180.237 430.862 179.61Z" fill="#262522"/>
<path d="M371.091 216.892C370.461 217.132 370.137 216.663 369.917 216.069C369.447 214.656 369.127 213.196 368.963 211.715C368.457 209.266 368.486 206.73 367.741 204.404C367.665 203.964 367.856 203.658 368.142 203.591C368.648 203.476 369.001 203.974 369.096 204.27C369.45 205.715 369.688 207.141 369.975 208.653C370.423 210.988 370.394 213.438 371.196 215.687C371.311 216.127 371.778 216.634 371.091 216.892Z" fill="#262522"/>
<path d="M415.076 191.007C415.277 189.189 417.338 188.605 417.863 187.007C417.863 186.921 418.197 186.921 418.34 186.883C418.77 186.959 419.39 186.787 419.075 187.543C418.569 188.739 418.474 190.596 417.825 191.093C416.317 192.251 415.821 193.801 414.962 195.227C414.878 195.329 414.775 195.412 414.657 195.471C414.54 195.531 414.412 195.566 414.281 195.573C414.15 195.581 414.019 195.562 413.896 195.516C413.772 195.471 413.66 195.4 413.565 195.309C413.47 195.218 413.395 195.108 413.345 194.987C413.294 194.865 413.269 194.735 413.271 194.603C413.273 194.471 413.302 194.342 413.357 194.222C413.411 194.102 413.49 193.995 413.587 193.907C414.061 193.59 414.446 193.157 414.706 192.65C414.967 192.143 415.094 191.577 415.076 191.007Z" fill="#262522"/>
<path d="M439.837 196.27C439.359 196.78 438.776 197.179 438.128 197.438C438.023 197.436 437.921 197.405 437.833 197.347C437.745 197.29 437.675 197.208 437.632 197.113C437.493 196.885 437.437 196.616 437.476 196.352C437.514 196.088 437.644 195.846 437.842 195.668C439.538 193.556 441.76 191.932 444.284 190.959C444.685 190.825 445.468 190.156 445.84 191.093C446.126 191.83 445.62 192.146 444.981 192.423C442.991 193.286 441.229 194.604 439.837 196.27Z" fill="#262522"/>
<path d="M441.067 206.519C440.875 206.366 440.736 206.156 440.669 205.919C440.602 205.682 440.611 205.43 440.694 205.199C440.78 204.701 447.07 199.763 447.633 199.734C447.809 199.722 447.985 199.767 448.133 199.864C448.281 199.961 448.394 200.104 448.454 200.27C448.509 200.364 448.545 200.468 448.559 200.576C448.573 200.684 448.565 200.793 448.535 200.898C448.506 201.002 448.456 201.1 448.387 201.185C448.319 201.269 448.235 201.339 448.139 201.39C445.877 202.758 444.188 204.816 442.012 206.29C441.716 206.491 441.544 206.797 441.067 206.519Z" fill="#262522"/>
<path d="M418.789 202.577C418.388 202.519 418.551 202.088 418.426 201.849C418.191 201.514 418.074 201.11 418.092 200.701C418.116 200.331 418.193 199.967 418.322 199.62C418.866 197.706 420.326 196.242 421.309 194.548C421.748 193.801 422.397 193.198 423.218 193.639C424.392 194.289 423.323 194.998 422.941 195.553C421.538 197.533 419.486 199.151 419.448 201.868C419.419 202.012 419.295 202.644 418.789 202.577Z" fill="#262522"/>
<path d="M416.325 182.155C416.955 182.749 416.545 183.457 415.943 184.069C414.264 185.686 412.126 186.835 410.694 188.691C410.553 188.85 410.358 188.952 410.147 188.976C409.936 189.001 409.723 188.947 409.549 188.825C409.272 188.634 409.033 188.538 409.062 188.251C409.062 187.677 409.463 187.438 409.768 187.16C411.4 185.677 413.042 184.203 414.674 182.72C415.161 182.251 415.772 181.591 416.325 182.155Z" fill="#262522"/>
<path d="M402.075 218.711C403.754 220.902 404.728 223.582 406.961 225.409C407.171 225.572 407.524 225.754 407.343 226.118C407.162 226.481 406.913 226.539 406.389 226.491C406.042 226.397 405.717 226.234 405.434 226.012C403.534 224.017 401.889 221.793 400.538 219.39C400.473 219.284 400.432 219.164 400.42 219.04C400.408 218.916 400.424 218.79 400.467 218.673C400.51 218.556 400.58 218.45 400.67 218.364C400.76 218.278 400.868 218.213 400.987 218.175C401.55 217.878 401.741 218.28 402.075 218.711Z" fill="#262522"/>
<path d="M433.126 222.318C432.759 220.59 432.634 218.818 432.754 217.055V212.94C432.754 212.414 432.916 211.897 433.527 211.916C434.138 211.936 434.271 212.452 434.252 212.979C434.233 213.505 434.252 213.83 434.252 214.251C434.252 216.902 433.775 219.572 434.596 222.204C434.701 222.539 434.806 223.161 434.128 223.161C433.451 223.161 433.288 222.854 433.126 222.318Z" fill="#262522"/>
<path d="M426.272 166.002C423.732 165.538 421.159 165.282 418.578 165.236C418.034 165.236 417.481 165.122 417.461 164.557C417.461 163.849 418.091 163.878 418.655 163.744C419.428 163.562 420.02 164.059 420.783 164.012C422.618 163.928 424.456 163.985 426.281 164.184C426.988 164.26 428.009 164.49 427.866 165.571C427.723 166.653 426.864 165.878 426.272 166.002Z" fill="#262522"/>
<path d="M458.382 239.103C458.707 239.735 458.917 240.271 458.211 240.663C458.057 240.746 457.886 240.791 457.712 240.796C457.538 240.8 457.365 240.764 457.207 240.689C457.05 240.615 456.911 240.505 456.804 240.367C456.696 240.23 456.622 240.069 456.588 239.897C456.044 238.271 454.736 236.807 455.319 235.199C455.319 234.539 455.319 234.175 455.319 233.811C455.319 233.17 455.099 232.165 455.93 232.137C456.76 232.108 456.808 233.094 456.827 233.811C456.93 235.672 457.462 237.484 458.382 239.103Z" fill="#262522"/>
<path d="M400.099 169.725C399.545 170.088 399.144 169.897 399.001 169.457C398.829 168.844 399.335 168.691 399.851 168.5C402.953 167.591 406.026 166.586 408.508 164.461C408.871 164.146 409.31 163.906 409.635 164.27C409.716 164.36 409.777 164.466 409.815 164.581C409.853 164.696 409.867 164.818 409.855 164.939C409.844 165.059 409.807 165.176 409.748 165.282C409.688 165.388 409.607 165.48 409.51 165.552C406.838 168.04 403.211 168.442 400.099 169.725Z" fill="#262522"/>
<path d="M424.259 190.978C423.505 191.619 423.19 191.045 422.942 190.328C423.142 189.935 423.237 189.313 423.581 189.112C425.328 188.155 426.377 186.471 427.847 185.237C428.238 184.911 428.677 184.433 429.126 184.777C429.575 185.122 429.441 185.734 429.126 186.251C427.741 188.055 426.101 189.648 424.259 190.978Z" fill="#262522"/>
<path d="M381.352 244.874C382.831 245.831 384.282 246.787 385.78 247.744C386.248 248.041 386.611 248.347 386.429 248.893C386.248 249.438 385.695 249.189 385.303 249.209C383.862 249.285 382.917 248.252 382.001 247.467C380.542 246.483 379.419 245.073 378.785 243.429C380.273 243.409 380.627 244.395 381.352 244.874Z" fill="#262522"/>
<path d="M441.543 215.869C441.595 215.596 441.741 215.35 441.956 215.175C442.171 215 442.441 214.907 442.717 214.912C443.366 215.026 443.357 215.763 443.204 216.299C442.498 218.749 441.725 221.189 441.009 223.639C440.885 224.05 440.847 224.596 440.312 224.443C439.778 224.29 439.845 223.792 439.892 223.361C440.249 220.825 440.801 218.32 441.543 215.869Z" fill="#262522"/>
<path d="M439.453 178.921C439.787 178.576 439.931 178.098 440.685 178.098C441.104 178.356 441.515 178.49 441.133 179.39C440.284 181.37 438.537 182.385 436.915 183.533C436.791 183.647 436.642 183.73 436.48 183.776C436.319 183.822 436.149 183.83 435.984 183.798C435.819 183.766 435.663 183.697 435.53 183.594C435.397 183.492 435.289 183.359 435.216 183.208C435.155 183.027 435.134 182.835 435.154 182.645C435.174 182.455 435.235 182.272 435.331 182.108C435.428 181.943 435.559 181.802 435.716 181.693C435.872 181.584 436.05 181.51 436.237 181.476C437.879 181.198 438.499 179.878 439.453 178.921Z" fill="#262522"/>
<path d="M400.624 173.744C400.677 173.8 400.714 173.868 400.735 173.942C400.755 174.016 400.757 174.094 400.742 174.169C400.726 174.244 400.692 174.314 400.643 174.373C400.595 174.432 400.533 174.479 400.462 174.509C398.786 175.526 397.358 176.906 396.282 178.548C395.976 178.969 395.184 179.504 394.659 179.083C393.991 178.595 394.411 177.811 394.803 177.303C395.866 175.955 397.098 174.749 398.467 173.715C398.761 173.534 399.084 173.408 399.422 173.342C400.061 173.303 400.376 173.418 400.624 173.744Z" fill="#262522"/>
<path d="M497.527 228.95C498.166 229.084 498.214 229.505 498.214 230.022C498.206 232.461 497.886 234.889 497.259 237.247C496.458 236.778 495.837 236.452 495.933 235.754C496.219 233.754 496.086 231.706 496.639 229.725C496.811 229.256 496.82 228.806 497.527 228.95Z" fill="#262522"/>
<path d="M486.665 200.213C486.848 200.093 487.071 200.049 487.286 200.09C487.501 200.131 487.692 200.254 487.82 200.433C489.158 202.036 490.115 203.925 490.616 205.955C490.807 206.644 490.301 207.256 489.662 207.792C489.452 207.534 489.213 207.361 489.165 207.151C488.569 204.977 487.6 202.924 486.302 201.084C486.016 200.663 486.407 200.404 486.665 200.213Z" fill="#262522"/>
<path d="M426.597 181.141C426.988 181.811 426.206 181.801 425.929 181.935C423.934 182.959 421.52 182.978 419.697 184.414C419.641 184.468 419.571 184.507 419.495 184.526C419.419 184.544 419.34 184.542 419.265 184.52C419.19 184.498 419.122 184.455 419.069 184.398C419.016 184.341 418.979 184.27 418.962 184.194C418.761 183.677 418.647 183.055 419.21 182.691C421.119 181.495 423.467 181.332 425.309 180.26C425.583 180.277 425.847 180.367 426.074 180.522C426.301 180.677 426.482 180.891 426.597 181.141Z" fill="#262522"/>
<path d="M406.084 218.481C404.891 216.567 404.548 214.357 403.822 212.146C403.975 211.878 404.089 211.352 404.404 211.189C404.863 210.95 405.235 211.467 405.416 211.801C406.561 213.869 406.695 216.261 407.525 218.433C407.592 218.605 407.43 219.046 407.334 219.055C407.093 219.085 406.849 219.048 406.628 218.946C406.407 218.845 406.219 218.684 406.084 218.481Z" fill="#262522"/>
<path d="M387.871 252.3C388.435 252.517 388.987 252.767 389.523 253.046C391.747 254.73 394.066 256.29 396.338 257.917C396.663 258.147 397.512 258.07 397.14 258.778C396.768 259.486 396.128 258.893 395.718 258.702C392.854 257.333 390.668 254.874 387.776 253.553C387.601 253.484 387.455 253.357 387.361 253.194C387.268 253.03 387.232 252.84 387.261 252.654C387.318 252.29 387.509 252.07 387.871 252.3Z" fill="#262522"/>
<path d="M396.606 212.538C396.701 212.864 396.796 213.38 396.415 213.495C396.033 213.61 395.727 213.199 395.46 212.825C394.62 211.476 394.601 209.868 393.971 208.443C393.513 207.409 393.189 206.318 392.817 205.304C392.969 204.825 392.559 204.155 393.37 204.098C393.962 204.098 394.21 204.433 394.324 204.978C395.117 207.543 395.89 210.05 396.606 212.538Z" fill="#262522"/>
<path d="M480.851 192.557C480.288 192.146 480.718 191.706 480.908 191.285C481.099 190.863 481.491 190.892 481.863 191.007C483.256 191.486 485.862 195.868 485.68 197.82C483.609 196.108 482.703 193.916 480.851 192.557Z" fill="#262522"/>
<path d="M387.642 180.959C387.518 181.533 387.442 182.194 386.745 182.031C386.192 181.907 385.686 181.39 385.791 180.289C386.287 178.519 387.757 176.911 389.074 175.227C389.236 175.016 389.895 175.045 390.276 175.371C390.658 175.696 390.324 176.232 390.152 176.452C388.988 177.746 388.13 179.287 387.642 180.959Z" fill="#262522"/>
<path d="M406.228 240.845C406.524 240.395 406.867 240.663 407.182 240.788C409.925 241.942 412.477 243.507 414.752 245.429C414.895 245.537 414.999 245.689 415.049 245.861C415.099 246.034 415.092 246.218 415.029 246.386C415.029 246.51 414.742 246.568 414.609 246.654C414.475 246.74 414.169 246.606 414.045 246.491C411.821 244.462 409.111 243.17 406.514 241.706C406.18 241.572 405.922 241.247 406.228 240.845Z" fill="#262522"/>
<path d="M410.694 169.954C409.167 171.035 407.63 172.098 406.046 173.093C405.492 173.447 404.748 173.696 404.519 172.614C404.576 172.385 404.519 172.05 404.7 171.935C406.418 170.701 408.145 169.485 409.911 168.318C410.503 167.925 410.865 168.567 411.066 168.911C411.266 169.256 410.999 169.724 410.694 169.954Z" fill="#262522"/>
<path d="M404.213 202.165C404.27 201.457 404.49 200.586 405.473 200.452C406.313 200.586 406.064 201.208 406.026 201.601C405.826 203.247 405.52 204.883 405.301 206.529C405.234 207.017 404.881 207.247 404.595 207.553C404.308 207.859 403.841 208.366 403.335 208.07C403.116 207.901 402.973 207.653 402.935 207.379C402.898 207.105 402.969 206.827 403.134 206.605C404.089 205.237 404.098 203.725 404.213 202.165Z" fill="#262522"/>
<path d="M493.679 242.95C493.851 242.472 493.25 241.543 494.338 241.582C495.426 241.62 495.197 242.443 495.197 243.496C494.653 244.883 494.452 246.788 493.526 248.481C493.25 248.979 492.982 249.505 492.286 249.065C491.589 248.625 491.809 248.242 492.038 247.649C492.639 246.118 493.087 244.52 493.679 242.95Z" fill="#262522"/>
<path d="M423.867 217.974C423.699 218.064 423.504 218.09 423.318 218.048C423.132 218.006 422.968 217.898 422.855 217.744C422.502 217.333 421.9 217.093 421.9 216.471C421.684 214.513 421.471 212.554 421.261 210.596C421.227 210.511 421.21 210.419 421.213 210.327C421.216 210.236 421.238 210.145 421.277 210.062C421.317 209.98 421.373 209.906 421.443 209.846C421.512 209.786 421.593 209.742 421.681 209.715C422.234 209.466 422.168 210.088 422.416 210.289C422.646 210.487 422.822 210.74 422.928 211.024C423.033 211.309 423.064 211.616 423.017 211.916C422.888 213.661 423.217 215.41 423.972 216.988C424.134 217.323 424.21 217.763 423.867 217.974Z" fill="#262522"/>
<path d="M385.591 240.797C385.333 240.532 385.151 240.201 385.066 239.84C384.975 239.644 384.961 239.422 385.027 239.216C385.092 239.011 385.232 238.837 385.419 238.73C385.848 238.424 386.116 238.73 386.373 238.998C388.333 241.186 390.286 243.378 392.233 245.572L391.833 245.945C389.399 244.663 387.843 242.319 385.591 240.797Z" fill="#262522"/>
<path d="M469.617 267.343C469.76 266.692 470.161 266.386 470.801 266.52C471.44 266.654 471.545 267.247 471.497 267.754C471.497 269.247 469.245 271.515 467.766 271.582C467.384 271.582 466.811 271.821 466.658 271.238C466.602 271.016 466.612 270.783 466.686 270.567C466.761 270.351 466.897 270.161 467.078 270.022C467.937 269.142 469.312 268.702 469.617 267.343Z" fill="#262522"/>
<path d="M401.062 225.103C401.26 225.025 401.475 225 401.686 225.03C401.897 225.06 402.096 225.145 402.265 225.275C403.57 226.293 404.805 227.399 405.958 228.586C406.741 229.543 407.686 230.309 408.469 231.247C408.594 231.374 408.665 231.546 408.665 231.725C408.665 231.904 408.594 232.076 408.469 232.204C408.173 232.481 407.915 232.204 407.695 231.964L401.253 226.06C401.072 225.897 400.929 225.706 400.728 225.476C400.881 225.352 400.948 225.132 401.062 225.103Z" fill="#262522"/>
<path d="M375.301 214.605C375.604 214.568 375.91 214.637 376.168 214.801C376.425 214.965 376.618 215.214 376.713 215.505C377.486 217.419 377.763 219.524 379.223 221.17C379.462 221.438 379.538 222.003 378.87 222.06C378.231 221.744 377.534 221.515 377.21 220.883C376.408 219.275 375.625 217.658 374.909 216.012C374.728 215.515 374.661 214.739 375.301 214.605Z" fill="#262522"/>
<path d="M385.018 216.452C385.539 216.877 385.968 217.404 386.278 218.002C387.022 219.639 387.862 221.237 388.568 222.883C388.73 223.285 389.599 223.84 388.807 224.213C388.015 224.586 387.528 223.897 387.375 223.361C386.917 221.763 385.743 220.567 385.104 219.074C384.736 218.35 384.318 217.653 383.853 216.988C383.963 216.8 384.088 216.621 384.226 216.452C384.274 216.394 384.334 216.347 384.403 216.315C384.471 216.283 384.546 216.266 384.622 216.266C384.697 216.266 384.772 216.283 384.84 216.315C384.909 216.347 384.969 216.394 385.018 216.452Z" fill="#262522"/>
<path d="M485.328 247.553C485.089 247.993 484.717 248.653 484.077 248.395C483.438 248.137 483.438 247.438 483.638 246.807C484.161 245.666 484.509 244.453 484.669 243.208C484.669 242.5 484.717 241.582 485.671 241.591C486.626 241.601 486.483 242.548 486.549 243.505C486.345 244.908 485.933 246.272 485.328 247.553Z" fill="#262522"/>
<path d="M380.293 194.969C381.18 195.16 380.875 195.792 380.732 196.261C380.197 198.021 379.3 199.725 380.025 201.371C380.149 202.222 380.083 202.873 379.405 202.94C378.727 203.007 378.737 202.309 378.556 201.792C377.802 199.696 378.718 197.782 379.1 195.821C379.11 195.681 379.152 195.545 379.22 195.423C379.289 195.302 379.384 195.196 379.498 195.115C379.611 195.034 379.742 194.979 379.879 194.953C380.016 194.928 380.158 194.933 380.293 194.969Z" fill="#262522"/>
<path d="M380.321 191.486C380.321 191.744 380.168 192.443 379.548 192.27C379.341 192.2 379.168 192.055 379.063 191.864C378.957 191.673 378.926 191.45 378.975 191.237C379.328 188.892 380.779 187.026 381.838 184.997C381.909 184.892 382 184.803 382.106 184.733C382.212 184.664 382.33 184.616 382.454 184.593C382.579 184.57 382.706 184.572 382.83 184.598C382.954 184.625 383.071 184.676 383.174 184.749C383.738 185.093 383.27 185.514 383.089 185.964C382.363 187.916 380.636 189.371 380.321 191.486Z" fill="#262522"/>
<path d="M447.653 185.237C446.623 186.261 445.697 187.342 444.79 188.423C444.301 188.818 443.758 189.14 443.177 189.38C443.005 189.218 442.786 189.093 442.69 188.911C442.604 188.718 442.585 188.501 442.635 188.295C442.685 188.088 442.802 187.905 442.967 187.773C444.151 186.529 445.315 185.269 446.46 183.993C446.909 183.495 447.415 183.103 447.987 183.639C448.56 184.175 447.997 184.892 447.653 185.237Z" fill="#262522"/>
<path d="M417.577 175.916C419.041 175.292 420.558 174.802 422.111 174.452C422.874 174.385 423.428 174.452 423.513 174.873C423.538 174.989 423.54 175.108 423.517 175.225C423.495 175.341 423.45 175.452 423.384 175.55C423.318 175.648 423.233 175.732 423.134 175.797C423.035 175.861 422.924 175.905 422.807 175.926C421.302 176.309 419.862 176.912 418.531 177.715C418.026 177.993 417.348 178.385 417.033 177.476C416.966 177.338 416.928 177.188 416.919 177.034C416.91 176.881 416.932 176.728 416.982 176.583C417.033 176.438 417.112 176.304 417.214 176.19C417.316 176.076 417.439 175.983 417.577 175.916Z" fill="#262522"/>
<path d="M458.343 228.117C458.496 227.601 457.904 226.672 458.773 226.625C459.46 226.625 459.727 227.515 459.794 228.146C459.944 229.808 460.264 231.449 460.748 233.046C460.92 233.668 460.996 234.28 460.414 234.376C460.111 234.421 459.803 234.346 459.554 234.168C459.304 233.989 459.134 233.721 459.078 233.419C458.868 231.821 458.181 230.309 458.305 228.634C458.294 228.461 458.307 228.287 458.343 228.117Z" fill="#262522"/>
<path d="M384.961 227.639C385.648 227.476 386.001 227.974 386.325 228.395C387.547 230.031 388.32 231.974 389.923 233.352C390.286 233.668 390.458 234.118 390.047 234.443C389.637 234.768 389.246 234.519 388.912 234.175C388.163 233.538 387.467 232.84 386.831 232.089C385.972 230.864 385.314 229.524 384.636 228.347C384.617 227.945 384.655 227.706 384.961 227.639Z" fill="#262522"/>
<path d="M399.296 191.141C399.687 191.457 399.84 191.954 399.506 192.261C398.122 193.524 397.597 195.294 396.643 196.787C396.404 197.151 396.29 197.524 395.688 197.227C395.287 197.036 395.097 196.844 395.192 196.05C395.919 194.279 396.906 192.628 398.122 191.151C398.196 191.068 398.286 191.001 398.386 190.956C398.487 190.91 398.596 190.886 398.707 190.885C398.817 190.884 398.927 190.906 399.028 190.95C399.13 190.995 399.221 191.06 399.296 191.141Z" fill="#262522"/>
<path d="M377.19 183.61C377.147 183.745 377.076 183.869 376.982 183.975C376.889 184.082 376.775 184.168 376.647 184.228C376.519 184.288 376.38 184.321 376.238 184.325C376.097 184.329 375.956 184.304 375.825 184.251C375.138 183.945 375.138 183.437 375.434 182.748C376.034 181.302 377.026 180.052 378.297 179.141C378.748 178.709 379.263 178.35 379.824 178.079C379.927 178.157 380.013 178.256 380.077 178.368C380.141 178.481 380.181 178.606 380.195 178.735C380.21 178.864 380.198 178.994 380.16 179.118C380.123 179.242 380.06 179.357 379.977 179.457C378.713 180.583 377.755 182.012 377.19 183.61Z" fill="#262522"/>
<path d="M385.418 196.49C386.01 196.739 385.819 197.447 385.695 197.773C385.162 199.052 384.917 200.435 384.979 201.82C385.027 202.404 385.122 203.218 384.321 203.294C383.519 203.371 383.414 202.442 383.156 201.887C383.079 201.573 383.079 201.245 383.156 200.931C383.004 199.447 383.71 198.328 384.111 197.151C384.2 196.891 384.387 196.678 384.631 196.554C384.875 196.431 385.158 196.408 385.418 196.49Z" fill="#262522"/>
<path d="M391.078 225.113C391.38 225.158 391.663 225.287 391.895 225.485C392.128 225.682 392.301 225.941 392.395 226.232C393.148 228.068 394.161 229.786 395.401 231.333C395.611 231.591 396.117 231.84 395.735 232.213C395.354 232.586 394.934 232.347 394.59 232.012C393.164 230.603 391.914 229.025 390.868 227.314C390.688 226.925 390.606 226.498 390.629 226.07C390.734 225.735 390.381 225.055 391.078 225.113Z" fill="#262522"/>
<path d="M374.06 241.955C374.521 242.124 374.915 242.435 375.186 242.845C376.373 245.318 377.91 247.606 379.749 249.639C379.424 250.012 379.052 250.06 378.794 249.888C376.217 247.974 374.91 245.103 373.402 242.443C373.134 241.936 373.774 241.821 374.06 241.955Z" fill="#262522"/>
<path d="M473.768 266.041C473.959 265.726 474.16 265.362 474.589 265.448C474.769 265.478 474.933 265.571 475.051 265.712C475.168 265.852 475.231 266.03 475.229 266.214C475.229 267.726 475.295 269.238 475.229 270.75C475.219 270.919 475.176 271.085 475.101 271.237C475.026 271.389 474.921 271.525 474.793 271.636C474.665 271.746 474.515 271.83 474.354 271.882C474.193 271.933 474.023 271.952 473.854 271.936C473.158 271.936 472.986 271.362 473.033 270.606C473.912 269.285 472.862 267.515 473.768 266.041Z" fill="#262522"/>
<path d="M403.947 195.017C404.984 193.679 405.62 192.072 405.779 190.385C405.779 190.107 406.466 189.572 406.648 189.639C407.144 189.83 407.707 190.251 407.526 190.873C406.972 192.787 406.571 194.844 404.863 196.28C404.663 196.452 404.491 196.806 404.109 196.519C403.727 196.232 403.785 196.021 403.804 195.485C403.817 195.321 403.866 195.161 403.947 195.017Z" fill="#262522"/>
<path d="M450.077 202.653C450.853 202.111 451.482 201.384 451.909 200.538C452.119 200.146 452.329 199.648 452.797 199.801C453.079 199.888 453.329 200.058 453.514 200.288C453.7 200.518 453.812 200.798 453.837 201.093C453.307 202.348 452.501 203.466 451.48 204.366C451.022 204.749 450.526 205.495 449.848 204.758C449.688 204.624 449.563 204.452 449.485 204.258C449.407 204.063 449.378 203.853 449.401 203.644C449.423 203.436 449.497 203.237 449.615 203.064C449.733 202.891 449.892 202.75 450.077 202.653Z" fill="#262522"/>
<path d="M391.499 200.27C391.165 200.586 390.955 200.94 390.545 200.768C390.423 200.737 390.309 200.681 390.21 200.602C390.112 200.524 390.031 200.425 389.974 200.312C389.917 200.2 389.885 200.076 389.88 199.95C389.874 199.824 389.896 199.698 389.944 199.581C390.527 198.039 391.266 196.561 392.148 195.17C392.348 194.957 392.569 194.764 392.807 194.596C393.571 194.758 393.924 195.371 393.628 195.811C392.664 197.227 392.797 199.036 391.499 200.27Z" fill="#262522"/>
<path d="M372.562 210.069C372.562 210.29 372.619 210.625 372.266 210.625C372.15 210.622 372.036 210.595 371.931 210.545C371.825 210.496 371.732 210.425 371.655 210.337C371.264 209.801 371.054 209.155 371.054 208.491C371.121 206.577 370.882 204.663 371.731 202.548C372.361 203.046 373.125 203.342 372.934 204.136C372.607 206.096 372.482 208.084 372.562 210.069Z" fill="#262522"/>
<path d="M388.932 191.926C388.932 189.505 390.049 187.466 391.271 185.485C391.396 185.363 391.546 185.27 391.711 185.213C391.876 185.155 392.051 185.134 392.225 185.151C392.578 185.151 392.55 185.677 392.464 185.916C391.7 188.127 391.137 190.452 388.932 191.926Z" fill="#262522"/>
<path d="M398.477 225.802C397.436 225.352 393.399 220.653 392.941 219.562C392.884 219.461 392.849 219.349 392.838 219.233C392.826 219.117 392.839 219.001 392.875 218.89C392.911 218.779 392.969 218.678 393.046 218.591C393.123 218.504 393.217 218.434 393.323 218.385C395.804 220.194 397.293 222.577 398.477 225.802Z" fill="#262522"/>
<path d="M400.768 198.184C400.624 199.926 399.45 201.208 398.668 202.663C398.568 202.816 398.419 202.931 398.245 202.986C398.071 203.042 397.883 203.036 397.713 202.969C397.524 202.915 397.358 202.799 397.242 202.64C397.126 202.48 397.067 202.286 397.074 202.089C397.074 201.811 397.265 201.6 397.446 201.352C398.179 200.249 398.766 199.056 399.193 197.801C399.355 197.352 399.26 196.557 400.147 196.844C400.768 197.036 400.815 197.6 400.768 198.184Z" fill="#262522"/>
<path d="M486.893 236.673C486.588 234.548 487.065 232.433 487.036 230.309C487.036 230.165 487.361 229.926 487.571 229.878C487.981 229.783 488 230.184 488.153 230.433C488.745 231.39 488.258 232.452 488.458 233.448C488.258 234.51 488.735 235.61 488.115 236.644C487.914 236.969 488.115 237.534 487.418 237.476C486.721 237.419 486.941 237.017 486.893 236.673Z" fill="#262522"/>
<path d="M483.991 187.84C484.106 187.514 484.478 187.131 484.793 187.61C485.967 189.39 487.609 190.959 487.656 193.17C487.542 193.82 487.895 194.701 487.055 194.73C486.482 194.73 486.101 194.079 486.101 193.361C486.101 191.773 485.041 190.596 484.259 189.342C484.098 189.131 483.991 188.884 483.944 188.623C483.898 188.362 483.914 188.093 483.991 187.84Z" fill="#262522"/>
<path d="M416.803 214.519C417.586 214.519 417.691 215.734 417.757 216.557C417.757 216.797 417.757 217.046 417.757 217.285C417.757 218.557 417.757 219.802 418.836 220.768C419.227 221.132 419.542 221.61 419.036 221.983C418.53 222.357 418.082 221.936 417.776 221.553C417.221 220.945 416.799 220.227 416.538 219.446C416.277 218.665 416.182 217.837 416.259 217.017C416.228 216.811 416.228 216.601 416.259 216.395C416.459 215.754 415.591 214.519 416.803 214.519Z" fill="#262522"/>
<path d="M414.875 209.017C414.178 209.017 413.921 208.232 413.921 207.486C413.921 207.266 413.749 207.045 413.587 206.672C413.806 205.782 414.131 204.758 414.302 203.725C414.417 203.045 414.379 202.146 415.305 202.366C416.078 202.548 416.335 203.275 416.011 204.222C415.606 205.228 415.408 206.306 415.429 207.39C415.457 207.964 415.772 208.959 414.875 209.017Z" fill="#262522"/>
<path d="M459.833 209.065C459.068 209.83 458.547 210.806 458.335 211.868C458.22 212.443 458.134 213.256 457.447 213.179C456.76 213.103 456.827 212.222 456.807 211.658C456.807 209.744 458.287 208.672 459.308 207.313C459.604 206.921 459.747 206.088 460.425 206.509C460.701 206.682 460.568 207.524 460.568 208.069C460.568 208.615 460.129 208.768 459.833 209.065Z" fill="#262522"/>
<path d="M400.881 214.739C400.394 214.921 400.471 214.347 400.27 214.089C398.705 212.108 398.495 209.562 397.407 207.39C397.264 207.103 396.634 206.644 397.407 206.433C397.894 206.261 398.276 206.337 398.638 207.055C399.803 209.361 400.165 211.916 401.253 214.232C401.339 214.452 401.549 214.73 400.881 214.739Z" fill="#262522"/>
<path d="M460.263 195.648C461.341 195.648 462.487 195.974 463.527 195.352C464.109 195.007 464.787 195.026 465.035 195.658C465.283 196.289 465.035 196.844 464.214 197.179C462.305 197.916 460.607 197.265 458.698 197.017C458.965 196.079 459.28 195.61 460.263 195.648Z" fill="#262522"/>
<path d="M430.931 227.658C428.44 226.701 426.474 222.749 427.113 219.859C428.917 222.481 429.318 225.371 430.931 227.658Z" fill="#262522"/>
<path d="M432.877 198.414C433.173 198.156 433.727 197.553 434.318 198.155C434.91 198.758 434.605 199.275 434.08 199.706C433.255 200.421 432.602 201.314 432.171 202.318C431.951 202.787 431.808 203.514 431.073 203.275C430.339 203.036 430.472 202.433 430.501 202.069C430.453 200.194 431.799 199.361 432.877 198.414Z" fill="#262522"/>
<path d="M451.949 194.203C451.949 193.342 452.694 193.151 453.181 193.179C454.155 193.203 455.109 192.9 455.891 192.318C456.512 191.926 457.065 191.859 457.466 192.528C457.867 193.198 457.399 193.572 456.951 193.906C455.758 194.806 454.259 194.921 452.866 195.275C452.226 195.428 451.93 194.825 451.949 194.203Z" fill="#262522"/>
<path d="M386.573 206.797C387.614 206.653 387.528 207.754 387.642 208.519C387.89 209.744 388.205 210.959 388.597 212.156C388.749 212.682 389.064 213.313 388.454 213.581C387.7 213.916 387.366 213.218 387.156 212.624C386.707 211.333 386.01 210.089 386.201 208.5C386.325 208.031 385.648 206.921 386.573 206.797Z" fill="#262522"/>
<path d="M411.457 178.816C412.115 178.883 412.268 179.399 411.972 179.667C410.503 180.988 409.271 182.615 407.296 183.323C406.57 183.581 406.513 183.093 406.437 182.653C406.504 181.725 410.522 178.72 411.457 178.816Z" fill="#262522"/>
<path d="M488.43 218.098C489.003 218.223 489.385 218.682 489.127 219.199C488.468 220.711 488.535 222.366 488.058 223.907C487.953 224.252 488.058 224.653 487.476 224.644C486.894 224.634 486.999 224.232 486.884 223.888C486.77 223.543 486.464 223.141 486.531 222.682C486.798 221.4 487.046 220.108 487.333 218.854C487.343 218.727 487.382 218.603 487.446 218.493C487.51 218.382 487.597 218.287 487.702 218.215C487.807 218.143 487.927 218.095 488.053 218.074C488.179 218.054 488.308 218.062 488.43 218.098Z" fill="#262522"/>
<path d="M392.767 211.687C392.93 212.385 394.037 213.888 392.682 214.194C391.174 214.529 391.727 212.759 391.584 212.05C391.183 210.136 390.21 208.404 390.305 206.002C392.5 207.706 392.338 209.859 392.767 211.687Z" fill="#262522"/>
<path d="M484.221 231.984C484.201 232.256 484.075 232.51 483.869 232.689C483.663 232.869 483.395 232.959 483.123 232.941C482.865 232.853 482.651 232.668 482.527 232.425C482.402 232.183 482.376 231.901 482.455 231.639C482.775 230.596 482.882 229.5 482.77 228.414C482.77 227.639 483.123 226.606 483.724 226.644C484.564 226.701 484.793 227.677 484.679 228.558C484.67 228.74 484.67 228.922 484.679 229.103C484.956 230.012 484.183 230.931 484.221 231.984Z" fill="#262522"/>
<path d="M465.406 230.395C465.979 230.586 465.96 231.256 465.769 231.658C465.334 232.376 465.095 233.196 465.077 234.036C465.059 234.876 465.261 235.706 465.664 236.443C465.903 236.873 465.664 237.122 465.378 237.342C465.091 237.562 464.671 237.342 464.423 237.074C463.698 236.271 463.784 235.161 463.526 234.395C463.589 233.28 463.868 232.188 464.347 231.18C464.576 230.72 464.891 230.213 465.406 230.395Z" fill="#262522"/>
<path d="M376.837 205.715C376.902 205.671 376.976 205.642 377.053 205.631C377.131 205.62 377.21 205.627 377.284 205.651C377.359 205.675 377.427 205.715 377.483 205.77C377.54 205.824 377.583 205.89 377.61 205.964C378.269 208.222 379.519 210.318 379.834 213.017C377.324 211.304 377.066 208.844 376.36 206.624C376.226 206.232 376.503 205.916 376.837 205.715Z" fill="#262522"/>
<path d="M426.196 205.026C426.471 205.04 426.734 205.146 426.94 205.329C427.146 205.512 427.285 205.759 427.332 206.031C427.504 208.289 427.809 210.557 427.074 212.73H426.597C426.273 210.404 425.939 208.079 425.643 205.754C425.576 205.39 425.824 204.988 426.196 205.026Z" fill="#262522"/>
<path d="M429.461 232.041C429.604 231.985 429.757 231.961 429.91 231.97C430.064 231.979 430.213 232.021 430.348 232.094C430.483 232.167 430.601 232.268 430.694 232.391C430.786 232.514 430.85 232.656 430.883 232.807C431.424 234.257 432.285 235.565 433.402 236.634C434.004 237.218 433.87 237.591 433.679 238.405C431.675 237.046 430.663 235.017 429.098 233.515C428.84 233.295 428.592 232.299 429.461 232.041Z" fill="#262522"/>
<path d="M468.128 232.347C468.032 231.802 468.071 231.122 468.72 230.998C469.559 230.826 469.674 231.697 469.874 232.175C470.371 233.304 469.416 234.376 469.598 235.534C469.693 236.156 469.769 237.103 468.805 237.027C468.63 237.003 468.461 236.943 468.309 236.851C468.158 236.758 468.028 236.635 467.926 236.489C467.825 236.344 467.755 236.178 467.72 236.004C467.686 235.83 467.688 235.65 467.727 235.477C467.689 234.338 468.271 233.4 468.128 232.347Z" fill="#262522"/>
<path d="M399.544 181.198C400.279 181.61 399.964 182.203 399.63 182.768C398.991 183.859 398.361 184.959 397.779 186.069C397.559 186.481 398.017 187.332 397.034 187.198C396.204 187.093 396.214 186.414 395.975 185.639C396.786 184.404 397.617 183.179 398.399 181.926C398.724 181.495 398.838 180.777 399.544 181.198Z" fill="#262522"/>
<path d="M454.181 221.266C454.181 221.534 454.305 221.916 453.875 221.993C453.723 222.017 453.567 221.983 453.438 221.898C453.31 221.813 453.217 221.683 453.179 221.534C452.629 219.501 452.505 217.377 452.816 215.294C452.816 215.036 452.978 214.337 453.579 214.471C453.78 214.529 453.954 214.658 454.068 214.834C454.182 215.01 454.229 215.221 454.2 215.428C454.2 216.385 454.2 217.342 454.2 218.299C454.2 219.256 454.2 220.299 454.181 221.266Z" fill="#262522"/>
<path d="M472.958 234.615C473.674 234.787 473.397 235.438 473.349 235.831C473.168 237.304 472.853 238.768 472.633 240.233C472.538 240.855 472.815 241.802 471.87 241.802C470.925 241.802 471.154 240.845 471.097 239.888C471.574 238.654 471.354 237.017 472.137 235.505C472.337 235.151 472.156 234.424 472.958 234.615Z" fill="#262522"/>
<path d="M411.686 192.672C412.115 193.065 412.125 193.38 412.001 193.629C411.132 195.457 409.758 197.017 409.071 198.94C409.049 199.012 409.013 199.079 408.965 199.138C408.917 199.196 408.858 199.243 408.791 199.278C408.725 199.313 408.652 199.334 408.577 199.34C408.502 199.346 408.426 199.337 408.355 199.313C407.811 199.237 407.906 198.777 407.945 198.462C408.25 195.945 409.911 194.289 411.686 192.672Z" fill="#262522"/>
<path d="M485.451 250.701C485.547 250.146 485.012 249.218 486.244 249.256C487.313 249.256 486.883 250.098 486.931 250.615C487.093 252.29 486.644 253.993 487.284 255.639C487.379 255.898 487.484 256.424 486.931 256.5C486.774 256.506 486.621 256.457 486.497 256.361C486.373 256.264 486.287 256.128 486.253 255.974C485.852 254.673 485.051 253.438 485.432 252.232C485.403 251.722 485.409 251.211 485.451 250.701Z" fill="#262522"/>
<path d="M426.481 196.892C426.806 196.49 427.359 195.868 427.97 196.414C428.086 196.515 428.178 196.642 428.238 196.784C428.298 196.926 428.325 197.08 428.316 197.234C428.308 197.388 428.265 197.538 428.19 197.673C428.115 197.808 428.01 197.924 427.884 198.012C427.182 198.755 426.685 199.668 426.443 200.663C426.242 201.151 426.3 201.897 425.584 201.84C424.868 201.782 424.868 201.007 424.859 200.041C425.143 198.877 425.699 197.798 426.481 196.892Z" fill="#262522"/>
<path d="M401.741 242.749L402.094 242.931C404.137 243.888 405.244 245.668 406.37 247.429C406.599 247.783 406.294 248.386 405.702 247.945C404.232 246.749 402.839 245.496 401.436 244.194C400.911 243.687 401.054 243.113 401.741 242.749Z" fill="#262522"/>
<path d="M375.767 192.653C375.439 194.92 375.244 197.205 375.185 199.495C375.197 199.571 375.192 199.648 375.169 199.722C375.147 199.795 375.108 199.862 375.055 199.917C375.002 199.973 374.938 200.016 374.866 200.042C374.794 200.068 374.717 200.078 374.641 200.069C374.24 200.069 374.097 199.83 374.097 199.495C374.097 198.644 374.097 197.782 374.097 196.624C373.983 195.336 374.113 194.037 374.479 192.797C374.494 192.613 374.573 192.44 374.702 192.309C374.831 192.178 375.002 192.096 375.185 192.079C375.263 192.068 375.343 192.075 375.418 192.1C375.493 192.125 375.561 192.167 375.617 192.222C375.673 192.278 375.716 192.345 375.742 192.42C375.768 192.495 375.777 192.574 375.767 192.653Z" fill="#262522"/>
<path d="M401.617 231.792C401.906 231.704 402.216 231.712 402.5 231.815C402.784 231.919 403.026 232.112 403.191 232.366C404.232 233.524 405.177 234.768 406.179 235.974C406.341 236.175 406.484 236.424 406.303 236.596C406.093 236.721 405.849 236.775 405.606 236.749C405.052 236.749 401.283 233.275 401.187 232.711C401.187 232.653 401.187 232.586 401.187 232.156C401.31 232.012 401.455 231.889 401.617 231.792Z" fill="#262522"/>
<path d="M491.971 226.251C492.047 225.926 491.914 225.093 492.591 225.122C493.269 225.151 493.317 225.801 493.317 226.366C493.392 227.871 493.274 229.38 492.964 230.854C492.811 231.438 492.716 231.983 492.009 231.955C491.055 231.955 491.58 231.151 491.36 230.548C491.942 229.256 491.647 227.715 491.971 226.251Z" fill="#262522"/>
<path d="M477.816 231.323C477.11 228.749 478.417 227.132 478.971 225.352C479.057 225.112 479.229 224.913 479.452 224.791C479.675 224.67 479.935 224.634 480.183 224.692C480.622 224.778 480.612 225.141 480.545 225.4C480.073 227.549 479.141 229.569 477.816 231.323Z" fill="#262522"/>
<path d="M478.771 220.95C478.584 220.564 478.52 220.129 478.591 219.706C478.661 219.282 478.861 218.891 479.163 218.586C479.878 217.696 479.898 216.261 480.871 215.917C481.825 215.802 482.045 216.156 481.978 216.644C481.648 218.278 480.857 219.783 479.697 220.979C479.646 221.056 479.576 221.12 479.493 221.163C479.411 221.205 479.319 221.226 479.226 221.224C479.133 221.221 479.043 221.194 478.963 221.146C478.884 221.098 478.818 221.031 478.771 220.95Z" fill="#262522"/>
<path d="M446.241 169.399C445.497 168.867 444.615 168.565 443.702 168.528C442.996 168.452 442.127 168.414 442.184 167.38C442.242 166.203 443.225 166.94 443.692 166.701C444.344 166.683 444.993 166.802 445.596 167.051C446.2 167.3 446.744 167.673 447.195 168.146C447.51 168.442 448.149 168.739 447.558 169.313C447.482 169.414 447.386 169.497 447.276 169.557C447.166 169.617 447.044 169.652 446.919 169.66C446.794 169.668 446.668 169.649 446.551 169.604C446.434 169.559 446.328 169.489 446.241 169.399Z" fill="#262522"/>
<path d="M402.59 253.869C404.022 254.099 405.454 254.472 406.847 254.702C407.573 254.816 407.592 255.209 407.525 255.725C407.439 256.386 406.895 256.137 406.275 256.252C405.148 255.41 403.411 256.252 402.066 255.199C401.86 255.088 401.699 254.91 401.608 254.694C401.518 254.478 401.504 254.237 401.569 254.013C401.741 253.247 402.304 253.831 402.59 253.869Z" fill="#262522"/>
<path d="M478.436 212.424C477.099 212.424 477.004 213.495 476.412 214.146C476.116 214.471 475.868 215.103 475.296 214.893C474.723 214.682 474.914 214.07 474.866 213.285C475.124 211.974 476.269 211.18 477.729 210.739C478.111 210.625 478.684 210.165 478.922 210.921C479.123 211.524 479.132 212.414 478.436 212.424Z" fill="#262522"/>
<path d="M489.948 209.725C489.956 209.604 490.009 209.49 490.098 209.408C490.187 209.326 490.305 209.282 490.425 209.285C490.5 209.269 490.577 209.27 490.65 209.288C490.724 209.306 490.793 209.34 490.852 209.387C490.912 209.435 490.96 209.495 490.993 209.563C491.027 209.631 491.045 209.706 491.046 209.782C491.278 210.772 491.422 211.781 491.475 212.797C491.475 213.581 492.535 214.711 491.227 215.036C489.7 215.39 490.168 213.62 489.595 212.912C489.471 212.758 489.595 212.443 489.595 211.955C489.595 211.467 489.815 210.548 489.948 209.725Z" fill="#262522"/>
<path d="M473.902 220.089C474.465 222.663 472.432 224.567 473.043 226.988C470.809 225.39 471.134 222.902 473.902 220.089Z" fill="#262522"/>
<path d="M396.347 249.247C395.994 248.749 396.347 247.821 397.187 248.194C398.566 248.634 399.811 249.417 400.804 250.472C401.014 250.74 401.329 251.036 400.967 251.429C400.871 251.551 400.747 251.648 400.606 251.711C400.464 251.774 400.31 251.802 400.155 251.792C398.643 251.383 397.305 250.489 396.347 249.247Z" fill="#262522"/>
<path d="M444.236 198.49C443.978 198.892 443.281 198.596 443.023 198.108C442.95 197.945 442.914 197.769 442.918 197.591C443.019 196.972 443.305 196.398 443.738 195.945C444.171 195.493 444.73 195.182 445.343 195.055C445.868 195.485 447.118 195.151 446.984 196.155C446.793 197.552 444.932 197.39 444.236 198.49Z" fill="#262522"/>
<path d="M455.117 179.179C455.049 179.287 454.958 179.378 454.851 179.446C454.744 179.514 454.623 179.557 454.497 179.572C454.371 179.588 454.243 179.575 454.123 179.536C454.002 179.496 453.892 179.43 453.8 179.342C452.949 178.59 451.941 178.037 450.851 177.725C450.659 177.653 450.494 177.521 450.383 177.349C450.271 177.177 450.218 176.973 450.23 176.768C450.23 176.442 450.688 176.232 451.137 176.26C452.591 176.462 453.953 177.092 455.05 178.069C455.131 178.135 455.197 178.217 455.245 178.31C455.292 178.403 455.32 178.505 455.326 178.609C455.333 178.714 455.317 178.818 455.281 178.916C455.245 179.014 455.189 179.104 455.117 179.179Z" fill="#262522"/>
<path d="M477.75 241.094C477.396 240.969 477.139 240.682 477.158 239.964C477.956 238.747 478.655 237.467 479.248 236.137C479.324 235.983 479.973 236.003 480.279 236.137C480.441 236.204 480.555 236.682 480.498 236.931C480.146 238.314 479.526 239.614 478.675 240.759C478.593 240.923 478.451 241.049 478.279 241.111C478.107 241.173 477.917 241.167 477.75 241.094Z" fill="#262522"/>
<path d="M437.058 233.017C436.428 233.17 435.98 232.586 435.856 232.06C435.77 231.271 435.77 230.476 435.856 229.687C435.989 229.314 435.598 228.529 436.085 227.773C436.362 227.333 436.581 227.094 437.039 227.275C437.497 227.457 437.745 227.706 437.574 228.108C437.134 229.298 437.158 230.61 437.64 231.783C437.684 231.902 437.704 232.029 437.698 232.156C437.693 232.283 437.662 232.407 437.608 232.522C437.553 232.637 437.477 232.74 437.383 232.825C437.288 232.91 437.178 232.975 437.058 233.017Z" fill="#262522"/>
<path d="M379.654 232.96C380.503 234.328 381.315 235.725 382.145 237.103C382.384 237.505 382.393 237.773 381.782 237.859C381.621 237.837 381.463 237.792 381.315 237.725C379.625 236.768 379.014 235.036 378.251 233.438C378.213 233.371 378.194 233.295 378.193 233.219C378.193 233.142 378.213 233.066 378.25 232.999C378.287 232.932 378.341 232.875 378.407 232.835C378.472 232.794 378.547 232.772 378.623 232.768C378.986 232.73 379.434 232.634 379.654 232.96Z" fill="#262522"/>
<path d="M376.751 225.055C376.532 224.902 376.093 224.424 376.503 223.955C376.913 223.486 377.457 223.878 377.744 224.089C379.309 225.199 379.653 227.036 380.435 228.625C380.617 229.007 380.435 229.486 379.662 229.39C379.309 229.314 379.166 228.959 378.937 228.577C378.221 227.409 377.992 225.936 376.751 225.055Z" fill="#262522"/>
<path d="M424.248 230.433C424.111 230.484 423.964 230.503 423.818 230.488C423.672 230.473 423.532 230.425 423.408 230.347C422.454 229.017 421.499 227.649 420.631 226.443C420.831 225.792 420.488 225.256 421.079 225.074C421.291 225.021 421.515 225.043 421.713 225.135C421.911 225.227 422.071 225.385 422.167 225.582C423.074 226.854 423.322 228.452 424.391 229.649C424.44 229.707 424.476 229.775 424.495 229.849C424.515 229.923 424.518 230 424.504 230.075C424.491 230.15 424.461 230.221 424.416 230.283C424.372 230.345 424.315 230.396 424.248 230.433Z" fill="#262522"/>
<path d="M384.206 211.39C384.273 211.629 384.33 212.06 383.91 212.108C383.491 212.156 383.271 211.83 383.128 211.476L381.486 207.534C381.2 206.835 380.78 206.156 381.486 205.246C383.319 206.959 383.586 209.256 384.206 211.39Z" fill="#262522"/>
<path d="M434.386 209.151C434.16 209.044 433.984 208.854 433.897 208.619C433.809 208.385 433.817 208.126 433.918 207.897C434.302 206.965 434.755 206.063 435.273 205.198C435.464 204.873 435.788 204.404 436.294 204.576C436.523 204.668 436.711 204.84 436.823 205.06C436.935 205.28 436.964 205.533 436.905 205.773C436.699 206.884 436.22 207.927 435.512 208.806C435.389 208.982 435.212 209.111 435.008 209.173C434.804 209.236 434.585 209.228 434.386 209.151Z" fill="#262522"/>
<path d="M396.681 240.175C396.404 240.395 396.156 240.5 395.879 240.242C394.712 239.271 393.456 238.412 392.129 237.677C391.938 237.563 391.842 237.323 391.604 237.027C392.186 236.644 392.558 235.897 393.312 236.338C394.653 237.067 395.788 238.124 396.614 239.409C396.786 239.63 397.092 239.869 396.681 240.175Z" fill="#262522"/>
<path d="M443.024 182.729C442.756 182.318 443.11 181.935 443.31 181.772C444.215 181.089 445.173 180.478 446.173 179.945C446.365 179.835 446.588 179.795 446.805 179.831C447.023 179.868 447.221 179.979 447.366 180.146C447.509 180.356 447.548 180.902 447.366 181.007C446.326 181.782 445.572 182.988 444.15 183.217C443.935 183.258 443.713 183.233 443.512 183.146C443.312 183.059 443.142 182.914 443.024 182.729Z" fill="#262522"/>
<path d="M457.962 177.763C458.896 178.059 459.813 178.404 460.711 178.796C460.869 178.864 461.01 178.967 461.124 179.097C461.237 179.227 461.32 179.381 461.366 179.547C461.412 179.713 461.42 179.888 461.389 180.058C461.358 180.228 461.289 180.389 461.188 180.528C460.663 181.265 460.234 180.528 459.785 180.241C459.043 179.731 458.2 179.388 457.313 179.236C456.569 179.141 456.216 178.71 456.235 178.28C456.254 177.849 456.922 177.677 457.962 177.763Z" fill="#262522"/>
<path d="M397.637 216.29C398.667 217.904 399.298 219.741 399.479 221.649C397.503 220.5 397.436 218.328 396.319 216.759C396.272 216.669 396.244 216.57 396.239 216.468C396.233 216.367 396.249 216.265 396.286 216.17C396.323 216.076 396.379 215.99 396.452 215.919C396.525 215.848 396.612 215.794 396.707 215.76C396.803 215.726 396.905 215.713 397.006 215.722C397.107 215.731 397.205 215.762 397.293 215.812C397.381 215.862 397.457 215.931 397.517 216.013C397.576 216.096 397.617 216.19 397.637 216.29Z" fill="#262522"/>
<path d="M428.305 193.792C427.646 194.069 426.902 193.524 427.179 192.835C427.729 191.735 428.601 190.83 429.679 190.242C430.825 190.06 431.044 190.557 430.844 191.198C430.629 191.787 430.291 192.323 429.854 192.77C429.416 193.217 428.888 193.566 428.305 193.792Z" fill="#262522"/>
<path d="M476.66 251.515C476.994 251.475 477.312 251.352 477.587 251.159C477.862 250.965 478.084 250.706 478.235 250.405C478.326 250.193 478.49 250.022 478.697 249.921C478.903 249.821 479.139 249.799 479.361 249.859C479.48 249.928 479.583 250.022 479.662 250.135C479.741 250.247 479.796 250.376 479.821 250.511C479.846 250.646 479.842 250.786 479.809 250.919C479.776 251.053 479.714 251.178 479.628 251.285C478.924 252.258 477.985 253.035 476.899 253.544C476.212 253.86 475.725 253.438 475.629 252.692C475.662 252.414 475.778 252.153 475.962 251.942C476.146 251.732 476.389 251.583 476.66 251.515Z" fill="#262522"/>
<path d="M461.292 215.237C461.531 217.323 460.652 219.122 460.023 221.16C458.725 219.352 459.526 215.916 461.292 215.237Z" fill="#262522"/>
<path d="M369.851 238.73C371.13 239.438 371.368 240.749 371.855 241.859C371.75 242.28 371.96 242.74 371.569 242.922C371.366 242.999 371.144 243.005 370.937 242.939C370.731 242.873 370.553 242.739 370.433 242.558C369.562 241.596 369.046 240.363 368.973 239.065C368.993 238.974 369.036 238.889 369.097 238.819C369.157 238.748 369.235 238.694 369.322 238.661C369.409 238.628 369.503 238.617 369.595 238.629C369.687 238.641 369.775 238.676 369.851 238.73Z" fill="#262522"/>
<path d="M470.571 215.409C470.486 215.668 470.171 216.232 469.617 215.974C469.207 215.782 469.254 215.381 469.254 214.864C469.76 213.907 469.827 212.605 470.676 211.572C471.02 211.151 471.278 210.998 471.707 211.189C472.137 211.38 472.48 211.936 472.137 212.395C471.454 213.307 470.926 214.326 470.571 215.409Z" fill="#262522"/>
<path d="M464.815 242.29C464.964 242.261 465.119 242.29 465.246 242.372C465.374 242.454 465.466 242.582 465.502 242.73C466.17 244.329 466.533 246.04 466.571 247.773C465.302 247.065 463.994 243.859 464.367 242.74C464.452 242.491 464.519 242.309 464.815 242.29Z" fill="#262522"/>
<path d="M414.34 226.615C414.65 227.119 414.891 227.663 415.056 228.232C415.088 228.364 415.092 228.5 415.067 228.633C415.043 228.766 414.99 228.892 414.914 229.003C414.837 229.115 414.738 229.208 414.622 229.278C414.507 229.348 414.378 229.393 414.244 229.409C413.739 229.505 413.605 229.151 413.471 228.816C413.252 228.271 413.013 227.725 412.813 227.17C412.612 226.615 411.734 225.486 412.374 225.18C413.347 224.711 413.863 225.83 414.34 226.615Z" fill="#262522"/>
<path d="M374.594 224.299C374.565 224.372 374.513 224.434 374.447 224.476C374.38 224.518 374.302 224.538 374.224 224.532C374.145 224.527 374.071 224.497 374.01 224.447C373.95 224.396 373.907 224.328 373.888 224.251C373.348 222.678 372.681 221.151 371.893 219.687C371.731 219.304 372.046 219.036 372.437 218.931C372.836 219.161 373.184 219.471 373.46 219.842C373.736 220.212 373.933 220.635 374.041 221.084C374.222 222.108 375.3 223.065 374.594 224.299Z" fill="#262522"/>
<path d="M467.859 220.768C467.88 220.692 467.916 220.622 467.964 220.56C468.013 220.498 468.073 220.447 468.141 220.408C468.21 220.37 468.285 220.346 468.363 220.337C468.44 220.328 468.519 220.335 468.594 220.357C468.976 220.491 468.823 220.864 468.862 221.141C469.005 222.184 468.298 223.113 468.47 224.175C468.556 224.692 468.623 225.524 467.984 225.562C467.344 225.601 467.201 224.749 467.029 224.194C466.987 223.902 466.987 223.606 467.029 223.314C466.695 222.395 467.487 221.639 467.859 220.768Z" fill="#262522"/>
<path d="M438.328 164.844C437.373 164.844 436.419 165.524 435.589 165.246C435.348 165.275 435.104 165.275 434.863 165.246C434.472 165.122 433.909 165.83 433.747 165.189C433.584 164.547 434.195 164.299 434.701 164.165C435.818 163.897 436.944 163.657 438.07 163.428C438.681 163.303 438.786 163.82 438.9 164.193C439.015 164.567 438.681 164.835 438.328 164.844Z" fill="#262522"/>
<path d="M390 216.845C391.613 217.801 391.995 219.419 392.252 221.428C390.792 220.28 390.43 218.711 389.055 218.002C388.578 217.754 388.702 217.179 388.874 216.864C389.103 216.366 389.561 216.596 390 216.845Z" fill="#262522"/>
<path d="M438.413 211.821C438.346 210.72 438.413 209.514 439.548 209.39C440.684 209.265 440.255 210.443 440.264 211.103C440.264 212.06 440.512 213.227 439.052 213.246C437.897 213.266 438.68 212.232 438.413 211.821Z" fill="#262522"/>
<path d="M470.895 181.916C470.103 181.533 468.843 181.256 468.92 180.002C468.92 179.39 469.588 179.275 470.418 179.524C471.134 179.466 472.174 179.524 472.155 180.739C472.155 181.313 471.525 182.203 470.895 181.916Z" fill="#262522"/>
<path d="M381.561 220.414C381.189 220.596 380.989 220.261 380.845 220.041C380.414 219.491 380.105 218.854 379.94 218.174C379.776 217.493 379.759 216.786 379.891 216.098C381.552 216.94 381.59 218.405 382 219.658C382.036 219.816 382.011 219.983 381.929 220.123C381.848 220.263 381.716 220.367 381.561 220.414Z" fill="#262522"/>
<path d="M386.802 187.256C387.308 187.256 387.833 187.409 387.556 187.926C387.191 188.887 386.52 189.701 385.647 190.242C384.788 190.672 384.845 189.887 384.693 189.639C384.511 189.141 386.181 187.275 386.802 187.256Z" fill="#262522"/>
<path d="M452.044 186.892C452.722 186.892 453.18 187.332 452.999 187.954C452.878 188.323 452.666 188.656 452.382 188.92C452.098 189.185 451.752 189.373 451.376 189.466C450.613 189.332 450.355 188.892 450.422 188.27C450.428 188.069 450.476 187.872 450.563 187.691C450.65 187.51 450.774 187.349 450.927 187.219C451.08 187.09 451.259 186.993 451.451 186.937C451.644 186.881 451.846 186.865 452.044 186.892Z" fill="#262522"/>
<path d="M474.179 210.117C473.635 210.232 473.224 209.677 473.377 209.112C473.377 208.395 473.224 207.572 474.179 207.514C474.723 207.514 474.895 208.041 474.895 208.577C474.895 209.112 474.856 209.974 474.179 210.117Z" fill="#262522"/>
<path d="M472.413 245.247C472.68 245.056 472.957 245.381 472.985 245.745C473.071 246.807 473.09 247.821 471.525 247.936C471.535 246.922 471.487 245.907 472.413 245.247Z" fill="#262522"/>
<defs>
<linearGradient id="paint0_linear_20_3134" x1="424.531" y1="300.552" x2="412.229" y2="307.011" gradientUnits="userSpaceOnUse">
<stop stop-color="#FF702C"/>
<stop offset="1" stop-color="#FFC1E6"/>
</linearGradient>
<linearGradient id="paint1_linear_20_3134" x1="411.568" y1="297.675" x2="401.931" y2="302.997" gradientUnits="userSpaceOnUse">
<stop stop-color="#FF702C"/>
<stop offset="1" stop-color="#FFC1E6"/>
</linearGradient>
<linearGradient id="paint2_linear_20_3134" x1="437.002" y1="300.237" x2="424.522" y2="305.832" gradientUnits="userSpaceOnUse">
<stop stop-color="#FF702C"/>
<stop offset="1" stop-color="#FFC1E6"/>
</linearGradient>
<linearGradient id="paint3_linear_20_3134" x1="449.278" y1="296.563" x2="433.317" y2="303.047" gradientUnits="userSpaceOnUse">
<stop stop-color="#FF702C"/>
<stop offset="1" stop-color="#FFC1E6"/>
</linearGradient>
<linearGradient id="paint4_linear_20_3134" x1="487.01" y1="273.84" x2="475.632" y2="279.293" gradientUnits="userSpaceOnUse">
<stop stop-color="#FF702C"/>
<stop offset="1" stop-color="#FFC1E6"/>
</linearGradient>
<linearGradient id="paint5_linear_20_3134" x1="459.016" y1="290.701" x2="440.54" y2="297.451" gradientUnits="userSpaceOnUse">
<stop stop-color="#FF702C"/>
<stop offset="1" stop-color="#FFC1E6"/>
</linearGradient>
<linearGradient id="paint6_linear_20_3134" x1="481.195" y1="278.202" x2="465.062" y2="287.509" gradientUnits="userSpaceOnUse">
<stop stop-color="#FF702C"/>
<stop offset="1" stop-color="#FFC1E6"/>
</linearGradient>
<linearGradient id="paint7_linear_20_3134" x1="475.446" y1="279.224" x2="449.078" y2="289.212" gradientUnits="userSpaceOnUse">
<stop stop-color="#FF702C"/>
<stop offset="1" stop-color="#FFC1E6"/>
</linearGradient>
</defs>
</svg>

===== END FILE: label_studio/core/static_build/images/heidi-500.svg =====


===== FILE: label_studio/core/static_build/images/opossum_broken.df8566d9c026.svg =====
<svg width="234" height="111" viewBox="0 0 234 111" fill="none" xmlns="http://www.w3.org/2000/svg">
<path d="M3.20072 28.993C14.7856 20.1361 31.7852 17.4529 46.1936 18.1557C60.6021 18.8584 75.1383 27.21 88.5068 18.6435C98.1395 12.4756 110.288 -4.69218 123.581 1.22015C127.177 2.81729 127.921 4.51898 132.209 3.84527C135.212 3.37484 137.716 2.10294 141.098 2.77084C144.31 3.35162 146.472 5.18107 150.004 4.62933C153.449 4.0892 155.971 2.48625 159.689 2.68372C166.161 3.03218 171.838 5.25657 178.281 5.77927C185.38 6.36005 188.622 10.6404 191.062 16.9883C193.049 22.1688 190.801 31.984 197.651 33.6799C203.891 35.2248 211.652 29.3124 216.922 34.9169C220.989 39.2728 216.788 47.6476 222.151 50.9871C224.864 52.683 227.316 52.3113 229.704 55.0525C231.734 57.273 232.992 60.0908 233.288 63.0847C233.951 69.2526 228.641 73.5387 226.787 78.9574C224.318 86.2694 220.809 88.8713 213.837 91.6474C207.411 94.2086 204.762 99.9235 199.208 103.733C192.759 108.159 182.464 110.703 174.806 110.325C171.605 110.168 168.357 108.827 165.145 108.38C160.357 107.712 155.401 108.182 150.504 107.991C137.652 107.497 124.412 105.255 111.764 103.054C102.113 101.375 90.5577 98.7271 83.0165 92.5244C76.463 87.1348 72.3264 79.5033 66.3887 73.5329C58.7371 65.8318 48.5292 60.7093 38.0773 58.4327C32.8194 57.2711 27.6195 55.674 22.2919 54.948C17.1327 54.2453 12.8857 53.7864 8.27272 51.0742C4.40917 48.8208 1.20794 46.1957 0.138923 41.7817C-0.784844 38.2332 3.20072 28.993 3.20072 28.993Z" fill="#F5F5F5"/>
<path d="M82.4529 71.8023C83.6614 71.2622 84.6142 72.1856 85.7006 72.3424C86.4792 72.4528 86.4094 73.1323 85.9563 73.504C85.1022 74.1544 85.5438 74.3054 86.026 74.6655C87.9374 76.1814 90.0638 77.3139 91.8358 79.1143C92.074 79.3582 92.4168 79.8345 92.7073 79.3989C93.5904 78.0863 94.3747 78.8762 95.1416 79.3118C96.0886 79.8461 96.9427 80.6592 98.1395 80.1597C98.191 80.1335 98.2477 80.1191 98.3055 80.1175C98.3632 80.116 98.4206 80.1272 98.4735 80.1506C98.5263 80.174 98.5733 80.2088 98.611 80.2525C98.6487 80.2963 98.6762 80.3479 98.6915 80.4036C98.6972 80.6581 98.6329 80.9092 98.5055 81.1296C97.9943 82.204 97.1286 81.7859 96.3617 81.9601C97.5811 82.6068 98.7085 83.4134 99.714 84.3587C100.068 84.6491 100.539 85.1021 100.824 84.109C101.155 82.9474 101.591 82.9474 102.206 83.7837C102.865 84.6911 103.714 85.4442 104.693 85.9907C105.024 86.1708 105.408 86.5366 105.042 86.8909C104.217 87.6924 104.902 87.9944 105.262 88.1802C106.18 88.6681 107.005 89.3418 107.947 89.8064C110.851 91.2874 113.803 92.1702 117.062 91.5488C117.142 91.5234 117.226 91.5169 117.308 91.5299C117.39 91.5429 117.469 91.5749 117.536 91.6234C117.604 91.6719 117.66 91.7356 117.698 91.8094C117.737 91.8831 117.758 91.9649 117.759 92.0482C117.62 93.93 119.026 93.3666 119.752 93.8428C120.141 94.0984 120.682 94.0287 121.135 94.1913C124.086 95.2483 127.026 96.346 130.239 96.4041C130.018 95.922 129.519 95.5097 130.007 94.9057C130.084 94.8057 130.183 94.7236 130.295 94.6648C130.407 94.606 130.531 94.5718 130.658 94.5647C130.784 94.5575 130.911 94.5775 131.029 94.6233C131.147 94.6691 131.254 94.7396 131.343 94.8301C131.897 95.1912 132.554 95.3605 133.214 95.3122C133.719 95.3122 134.283 95.3122 134.335 95.9453C134.399 96.7467 133.702 96.6945 133.173 96.828C135.192 97.7932 137.451 98.1446 139.668 97.8386C139.047 97.5424 138.541 97.3101 138.047 97.0487C137.893 96.966 137.773 96.8315 137.708 96.669C137.643 96.5065 137.638 96.3263 137.693 96.1601C137.827 95.5794 138.187 95.8117 138.448 95.864C139.657 96.0846 140.772 96.8803 142.085 96.4854C142.306 96.4215 142.753 96.7525 142.771 97.2172C142.771 97.9141 142.242 97.8909 141.917 97.9664C141.591 98.0419 141.057 97.8328 140.755 98.3961C142.207 99.0408 143.764 98.6749 145.263 98.8143C146.762 98.9537 148.261 98.6227 149.766 98.4949C149.109 98.1871 148.232 97.9838 148.511 96.9268C148.749 96.0208 149.504 96.6712 149.987 96.7467C151.405 96.9269 152.806 97.2222 154.176 97.6295C155.814 98.1638 157.598 97.5889 159.317 97.5831C161.728 97.5831 164.122 97.0894 166.527 96.9326C168.462 96.8048 170.42 95.9336 172.337 95.1902C173.813 94.6095 175.475 94.0287 176.573 92.8671C177.671 91.7056 181.732 89.6728 182.336 89.4115C183.471 88.9597 184.668 88.6836 185.886 88.5926C188.265 88.323 190.471 87.2202 192.114 85.4796C194.049 83.4817 196.355 82.4421 198.505 81.0657C200.583 79.8126 202.554 78.3886 204.396 76.8086C204.934 76.2952 205.573 75.8996 206.273 75.647C207.122 75.3685 207.885 74.8742 208.486 74.2125C208.265 73.5911 207.394 73.2484 207.952 72.3366C208.149 72.0172 208.533 71.6455 208.875 71.8894C209.578 72.354 209.061 73.1032 208.875 73.9279C209.857 73.3471 210.688 72.9174 211.49 72.4005C214.459 70.4723 217.381 68.4163 220.396 66.5927C221.82 65.7506 222.302 64.1708 223.272 62.9454C221.982 62.9454 221.146 61.8826 219.932 61.8129C217.526 61.6735 215.167 63.0151 212.762 62.5214C212.489 62.4692 207.179 63.5204 205.453 63.41C203.251 63.2648 201.137 64.316 198.801 63.9908C195.158 63.4507 191.347 63.9908 187.6 64.1418C187.071 64.1418 186.473 64.3974 186.223 63.7353C186.157 63.4425 186.186 63.1366 186.305 62.8613C186.424 62.5859 186.627 62.3552 186.885 62.202C188.738 61.174 190.098 59.2981 191.858 58.0959C194.572 56.2432 197.203 54.2047 199.835 52.1603C201.102 51.173 202.252 49.9708 203.501 48.9428C205.825 47.0379 208.149 45.1852 210.444 43.3093L210.328 42.984L208.701 43.4312C204.634 44.5928 200.846 46.7707 196.849 48.2052C192.724 49.692 188.576 50.3541 184.387 50.8652C184.234 50.8726 184.082 50.8486 183.939 50.7946C183.796 50.7407 183.666 50.6579 183.556 50.5516C180.535 48.1472 177.13 46.4861 174.202 43.89C171.791 41.7528 168.933 40.4867 166.324 38.7269C165.354 38.0765 164.651 37.0833 163.797 36.2993C162.536 35.1377 160.747 34.8473 159.892 33.0295C159.871 32.9755 159.838 32.9265 159.796 32.8857C159.754 32.845 159.705 32.8132 159.65 32.7925C159.596 32.7718 159.537 32.7626 159.479 32.7654C159.421 32.7682 159.364 32.783 159.311 32.8088C159.021 32.954 159.311 34.586 159.311 35.1319C159.486 39.4587 163.227 49.4655 163.529 50.8129C163.675 51.4344 163.675 51.9745 163.123 52.2939C162.728 52.532 162.46 52.2591 162.286 51.8583C161.243 49.7417 160.405 47.5306 159.782 45.2549C159.346 43.1209 158.763 41.0193 158.039 38.965C157.387 37.4942 157.088 35.891 157.168 34.284C157.214 33.6625 156.052 32.1467 156.058 31.9609C156.058 30.0966 155.349 30.9387 154.722 31.5137C154.274 31.9202 153.769 32.4313 153.31 31.9609C152.851 31.4904 153.391 30.9387 153.577 30.4276C153.661 30.1214 153.72 29.8086 153.751 29.4925C153.848 29.1771 153.864 28.8427 153.799 28.5193C153.734 28.196 153.59 27.8938 153.38 27.6399C152.897 27.1869 152.421 27.605 151.95 27.9883C151.48 28.3716 150.945 28.662 150.475 28.3019C150.004 27.9419 150.417 27.3437 150.475 26.8558C150.54 26.3961 150.526 25.9287 150.434 25.4736C150.324 24.9741 150.144 24.7534 149.725 25.0147C149.022 25.4561 148.354 25.822 148.035 26.8965C147.547 28.5285 146.948 30.1198 146.414 31.7344C144.671 36.9904 142.626 42.1303 141.847 47.7232C141.801 48.0426 141.847 48.5537 141.376 48.5072C140.906 48.4608 140.749 48.153 140.795 47.6535C140.935 46.6662 140.795 45.6963 140.952 44.6857C141.243 42.8969 142.114 41.3695 142.567 39.6736C143.212 37.3505 143.788 35.0274 144.525 32.7798C145.263 30.5321 145.321 30.5844 143.538 29.4403C143.124 29.2095 142.671 29.0578 142.201 28.9931C139.61 28.4123 136.938 28.6156 134.317 28.3426C132.55 28.2566 130.779 28.2683 129.013 28.3775C126.538 28.3775 124.04 28.9234 121.576 29.1208C118.672 29.359 115.767 29.8468 112.862 30.1604C111.887 30.3082 110.967 30.7087 110.195 31.322C109.446 31.8679 110.026 32.7739 109.904 33.5115C109.178 37.7454 109.806 41.8341 110.201 45.9576C110.474 48.8615 110.782 51.7654 109.986 54.71C109.771 55.4766 109.591 56.2897 108.731 56.2723C108.464 56.2723 107.964 56.22 108.365 55.6915C109.579 54.0188 109.126 52.0442 109.172 50.2844C109.294 46.1144 108.225 42.1187 108.26 37.9196C108.312 36.3457 108.232 34.7702 108.022 33.2095C107.784 31.7169 108.342 29.9746 108.603 28.3542C109.062 25.3226 109.079 25.3226 106.529 26.1647C106.412 26.2285 106.276 26.2501 106.145 26.2257C106.014 26.2014 105.895 26.1327 105.809 26.0311C105.696 25.8907 105.629 25.7192 105.616 25.5396C105.604 25.3601 105.647 25.181 105.739 25.0264C105.945 24.6798 106.125 24.3188 106.279 23.9461C106.587 22.9472 107.087 21.6927 106.645 20.9261C106.204 20.1594 105.286 21.17 104.583 21.3849C104.495 21.3983 104.409 21.4217 104.327 21.4546C103.566 21.8785 103.38 21.4546 103.461 20.6299C103.507 19.5592 103.825 18.5178 104.385 17.604C103.866 17.7918 103.366 18.0291 102.892 18.3126C101.852 18.8933 101.283 20.0549 100.475 20.9493C97.9345 23.6875 95.604 26.6133 93.5033 29.7016C90.7784 33.7671 87.8038 37.5421 85.4218 41.898C85.1487 42.3916 84.8059 42.7517 84.3527 42.4033C83.8996 42.0548 84.1901 41.4856 84.3527 41.1255C84.7652 40.1556 85.2881 39.2554 85.6948 38.4714C84.3702 36.7291 82.6388 36.9614 80.8901 37.4318C79.9721 37.6757 78.9902 37.85 78.4034 38.965C78.2059 39.3367 77.9851 39.7201 78.5371 39.9291C78.8508 40.0453 79.4144 39.7665 79.3505 40.5738C79.3275 40.9032 79.2036 41.2176 78.9958 41.4742C78.7879 41.7309 78.506 41.9173 78.1885 42.0083C76.9161 42.4555 76.2538 43.6287 75.3881 44.7438C75.8167 44.991 76.3172 45.0833 76.8057 45.0052C77.1834 44.9529 77.5378 45.2665 77.6482 45.7485C77.6915 45.9481 77.6671 46.1564 77.5787 46.3405C77.4903 46.5246 77.343 46.6739 77.1601 46.7649C76.6254 47.2267 76.1317 47.7339 75.6844 48.2807C74.8943 49.0938 74.8013 49.7966 75.4346 50.6735C76.0679 51.5505 75.667 52.1371 74.9292 52.6308C74.5557 52.855 74.2235 53.1419 73.9473 53.4787C73.5755 53.9898 72.9422 54.3963 73.802 55.221C74.6619 56.0458 74.2203 57.0737 73.2211 57.4803C71.298 58.2527 71.2515 58.5547 72.2682 60.5061C72.6401 61.2205 73.6161 61.5109 73.4302 62.5331C73.2152 63.863 73.8834 64.4264 74.5457 65.0536C75.206 65.6 75.8363 66.1816 76.4339 66.796C78.0955 68.7358 80.1755 69.9902 81.9823 71.6861C82.0458 71.7416 82.1217 71.7811 82.2035 71.8013C82.2854 71.8215 82.3709 71.8218 82.4529 71.8023ZM208.318 67.4174C208.343 67.156 208.465 66.9134 208.659 66.7365C208.854 66.5595 209.106 66.4607 209.369 66.4591C209.782 66.4591 209.857 66.9354 209.788 67.3884C209.695 68.0446 209.404 68.2944 208.858 68.2653C208.312 68.2363 208.248 67.731 208.318 67.4174ZM211.856 69.3979C211.989 68.7706 212.239 68.4628 212.71 68.5557C213.18 68.6486 213.291 69.3107 213.291 69.7173C213.291 69.9961 212.838 70.4665 212.495 70.3445C212.152 70.2226 211.67 70.0077 211.85 69.3979H211.856ZM96.5244 78.458C95.661 77.2154 94.4927 76.2154 93.1314 75.5541C92.9381 75.4522 92.7885 75.2834 92.7104 75.0793C92.6324 74.8752 92.6313 74.6497 92.7073 74.4448C92.8816 74.0441 93.2534 74.2125 93.5323 74.2706C95.2753 74.561 96.3036 76.1813 97.5992 77.3022C97.6725 77.3737 97.7307 77.459 97.7704 77.5533C97.8102 77.6476 97.8307 77.7488 97.8307 77.8511C97.8307 77.9534 97.8102 78.0546 97.7704 78.1489C97.7307 78.2431 97.6725 78.3285 97.5992 78.3999C97.5426 78.4886 97.4657 78.5624 97.3748 78.6155C97.2839 78.6685 97.1818 78.6991 97.0767 78.7048C96.9717 78.7104 96.8668 78.691 96.7707 78.6481C96.6747 78.6052 96.5902 78.54 96.5244 78.458ZM89.814 68.0853C90.668 68.5499 91.557 68.9913 92.3878 69.5024C92.5972 69.6625 92.7348 69.8988 92.7708 70.1599C92.8067 70.4209 92.7379 70.6856 92.5795 70.8963C92.2774 71.3957 91.7835 71.6629 91.3827 71.0298C90.883 70.24 90.0522 70.0367 89.4247 69.4734C89.082 69.1713 88.3906 69.212 88.5649 68.4802C88.7392 67.7484 89.3608 68.2305 89.814 68.0853ZM153.141 76.8667H153.269C153.966 76.9712 155.088 77.128 154.954 77.8947C154.757 79.0039 153.833 78.0282 153.211 78.1328C152.88 78.1908 152.543 78.1328 152.2 78.2257C151.857 78.3186 151.184 78.487 151.16 77.7959C151.151 77.6519 151.172 77.5075 151.223 77.3724C151.274 77.2374 151.354 77.1148 151.456 77.013C151.558 76.9112 151.682 76.8325 151.817 76.7822C151.952 76.7319 152.097 76.7112 152.241 76.7215C152.543 76.7385 152.842 76.7832 153.136 76.8551L153.141 76.8667ZM130.442 78.76C130.192 78.6555 129.774 78.8123 129.861 78.2141C129.861 78.063 129.91 77.9159 130 77.7946C130.09 77.6732 130.216 77.5841 130.361 77.5404C131.842 77.2964 133.324 77.0874 134.736 76.8783C134.91 76.8601 135.085 76.9106 135.223 77.0191C135.36 77.1275 135.45 77.2853 135.474 77.4591C135.525 77.6319 135.515 77.8174 135.445 77.9837C135.376 78.15 135.25 78.2869 135.09 78.3709C134.37 78.638 133.737 79.3582 132.865 78.8645C132.139 78.4638 131.238 79.1027 130.454 78.76H130.442ZM158.911 84.8872C158.62 84.7188 158.33 84.5562 158.405 84.1322C158.481 83.7082 158.754 83.7141 158.986 83.5514C159.707 83.1391 160.357 83.5805 161.095 83.5514C161.49 83.9696 162.588 83.2785 162.484 84.2658C162.362 85.3693 161.38 85.288 160.654 85.1195C160.073 84.9976 159.445 85.2066 158.899 84.8872H158.911ZM145.548 84.0567C145.194 83.9638 144.804 83.8883 144.769 83.4295C144.735 82.9707 145.141 82.8487 145.49 82.6919C146.138 82.3787 146.869 82.283 147.576 82.4189C148.505 82.6048 149.673 82.5699 149.493 83.6502C149.289 84.8814 148.238 84.109 147.61 84.0044C146.983 83.8999 146.193 84.2368 145.501 84.0567H145.548ZM129.6 82.7325C129.356 84.0451 128.246 83.1449 127.561 83.0926C126.875 83.0403 125.719 82.8196 125.98 81.7162C126.201 80.7869 127.171 81.7162 127.822 81.5013C128.38 81.9949 129.856 81.1644 129.565 82.7325H129.6ZM161.688 91.9669C161.339 92.0482 160.764 91.6185 160.793 90.9273C160.822 90.2362 161.374 90.1781 161.769 90.1897C162.879 90.2304 163.954 90.6137 165.104 90.3872C165.545 90.3059 165.795 90.7124 165.72 91.421C165.295 91.8433 164.727 92.09 164.128 92.1121C163.274 92.1702 162.513 91.7636 161.647 91.9669H161.688ZM131.302 88.581C130.721 88.3777 130.065 88.1686 129.431 87.9189C129.255 87.8494 129.106 87.7247 129.007 87.5635C128.907 87.4023 128.862 87.2132 128.879 87.0245C128.939 86.8442 129.052 86.6863 129.203 86.572C129.355 86.4578 129.538 86.3928 129.728 86.3856C130.458 86.4322 131.166 86.6619 131.784 87.0535C132.214 87.2684 132.946 87.4601 132.731 88.2151C132.516 88.9701 131.808 88.5694 131.262 88.581H131.302ZM143.212 88.337C143.21 88.2153 143.232 88.0943 143.277 87.981C143.321 87.8677 143.388 87.7644 143.473 87.6769C143.557 87.5895 143.659 87.5196 143.771 87.4715C143.882 87.4233 144.003 87.3977 144.125 87.3962C145.287 87.2858 146.448 87.251 147.61 87.1871C148.191 87.3614 148.976 87.3962 148.656 88.4939C148.36 89.4986 147.773 89.0746 147.198 88.8481C146.243 88.5192 145.208 88.4989 144.241 88.7901C143.677 88.9294 143.224 88.9352 143.178 88.337H143.212ZM125.475 83.1623C125.789 83.0345 126.056 83.4179 126.056 83.8186C126.056 84.3064 125.829 84.6898 125.44 84.6956C124.093 84.7149 122.758 84.4373 121.53 83.8825C120.868 83.5921 121.385 83.081 121.635 82.9416C122.038 82.7867 122.464 82.6965 122.895 82.6745C123.674 83.0636 124.464 83.5572 125.434 83.1623H125.475ZM153.362 89.1037C153.06 89.1501 152.851 88.7029 152.95 88.2964C153.101 87.6691 153.531 87.2394 154.025 87.3497C155.297 87.6227 156.592 87.4136 158.062 87.5124C158.103 87.5472 158.399 87.6575 158.481 87.8957C158.603 88.2499 158.266 88.4764 158.051 88.5752C156.488 89.2663 154.908 88.8714 153.345 89.1095L153.362 89.1037ZM139.111 84.9453C138.059 85.2183 137.1 84.8814 136.13 84.5213C135.586 84.3699 135.027 84.2745 134.463 84.2367C134.091 84.1787 133.748 83.987 133.841 83.4817C133.934 82.9765 134.317 82.9474 134.689 82.9823C136.188 83.1217 137.629 83.7489 139.053 83.3656C139.581 83.4237 140.04 83.505 139.982 84.1032C139.943 84.317 139.838 84.5132 139.682 84.6643C139.525 84.8153 139.326 84.9136 139.111 84.9453ZM118.451 80.061C118.718 80.2875 119.392 80.1016 119.189 80.7521C118.985 81.4025 118.265 81.722 117.87 81.5129C116.868 80.9805 115.744 80.7202 114.61 80.7579C114.163 80.7579 113.867 80.4559 113.948 79.8751C113.948 79.7675 113.972 79.6614 114.02 79.5649C114.068 79.4685 114.137 79.3843 114.222 79.3191C114.308 79.2538 114.407 79.2092 114.513 79.1888C114.619 79.1684 114.728 79.1727 114.831 79.2014L116.475 79.4627C117.074 79.6079 117.829 79.5208 118.451 80.061ZM152.973 84.5504C152.543 84.3471 151.811 84.2193 151.445 83.3423C151.352 83.1042 151.52 83.0345 151.602 82.9881C151.93 82.7745 152.324 82.6847 152.712 82.7347C153.101 82.7848 153.459 82.9713 153.722 83.261C153.995 83.5282 154.524 83.6966 154.303 84.2948C154.083 84.893 153.635 84.7072 152.973 84.5446V84.5504ZM143.096 79.1433C142.823 79.0969 142.428 79.1433 142.515 78.5625C142.591 78.1386 142.829 77.9063 143.172 77.9005C143.991 77.9005 144.804 77.9005 145.409 77.9005C145.699 77.9078 145.987 77.9587 146.263 78.0515C146.791 78.3651 147.727 78.5335 147.552 79.3408C147.378 80.1481 146.565 79.6602 146.042 79.5963C145.072 79.4918 144.084 79.3117 143.096 79.1375V79.1433ZM157.998 80.0552C157.998 79.4163 158.579 79.5324 158.893 79.4105C159.747 79.1027 160.578 78.6787 161.502 78.7252C161.646 78.7143 161.79 78.7453 161.917 78.8143C162.043 78.8834 162.147 78.9875 162.216 79.1143C162.397 79.5615 161.949 79.6951 161.728 79.8983C160.808 80.3116 159.827 80.5725 158.823 80.6708C158.504 80.6534 158.016 80.572 157.998 80.0493V80.0552ZM94.4212 68.2189C94.8453 68.3989 94.7291 68.7242 94.6827 69.0842C94.6778 69.168 94.6549 69.2497 94.6155 69.3238C94.5761 69.3978 94.5211 69.4625 94.4543 69.5133C94.3875 69.564 94.3104 69.5997 94.2285 69.6179C94.1466 69.6361 94.0617 69.6363 93.9797 69.6185C93.1599 69.2688 92.3641 68.8652 91.5976 68.4105C91.2955 68.2363 90.9585 67.8298 91.1212 67.4581C91.342 66.9237 91.8184 67.2083 92.4807 67.2548C92.9629 67.4987 93.6776 67.9053 94.4212 68.2189ZM96.9485 71.2273C97.8781 70.722 98.9703 71.146 100.167 72.5515C99.255 73.3123 97.1983 73.1323 96.5767 72.2553C96.1816 71.7036 96.5418 71.448 96.9485 71.2273ZM117.428 75.3915C118.369 75.1534 119.299 74.7759 120.165 75.2695C121.234 75.1069 122.035 75.8213 122.971 75.9723C123.215 76.0129 123.552 76.0129 123.476 76.4659C123.436 76.8202 123.43 77.1396 123.012 77.3081C122.837 77.4094 122.64 77.4681 122.438 77.4792C122.236 77.4903 122.035 77.4535 121.85 77.3719C120.541 76.661 119.005 76.492 117.573 76.9015C117.027 77.0235 116.685 76.9015 116.644 76.2685C116.603 75.6354 116.963 75.5077 117.422 75.3915H117.428ZM109.399 76.3846C109.608 76.5066 109.916 76.6692 109.724 77.0351C109.533 77.401 109.219 77.7495 108.975 77.5462C108.394 77.0758 107.708 77.279 107.156 76.9364C106.866 76.7563 106.302 76.5647 106.459 76.0594C106.527 75.8184 106.687 75.6135 106.904 75.4887C107.121 75.3639 107.379 75.329 107.621 75.3915C108.202 75.7225 108.806 76.0361 109.399 76.3904V76.3846ZM104.832 81.1702C103.74 80.7521 102.991 79.7473 102.206 78.8471C102.065 78.707 101.984 78.5162 101.983 78.3169C101.982 78.1176 102.06 77.926 102.201 77.7843C102.341 77.6426 102.532 77.5624 102.731 77.5613C102.93 77.5602 103.122 77.6383 103.264 77.7785C104.048 78.4929 104.693 79.3989 105.657 79.8286C105.96 79.9622 105.96 80.4501 105.774 80.7927C105.698 80.967 105.557 81.1044 105.381 81.1751C105.205 81.2458 105.007 81.244 104.832 81.1702ZM109.992 81.9949C109.713 81.7684 109.132 81.6871 109.318 81.0947C109.504 80.5023 109.963 80.723 110.352 80.7288C111.671 80.7637 112.769 81.7162 114.204 81.6232C113.942 82.4131 113.588 82.7848 113.228 82.75C112.13 82.5815 110.944 82.779 109.986 82.0007L109.992 81.9949ZM107.668 84.1729C106.281 83.6269 104.904 83.0462 103.537 82.4305C103.427 82.369 103.344 82.2693 103.303 82.1503C103.263 82.0314 103.267 81.9016 103.316 81.7859C103.636 81.0889 104.141 81.3793 104.681 81.4258C105.756 81.8323 106.924 82.2389 108.057 82.7325C108.301 82.8371 108.737 83.052 108.522 83.6327C108.371 84.1322 108.045 84.3239 107.685 84.1671L107.668 84.1729ZM110.218 85.2008C109.846 85.2008 110.178 84.8001 110.16 84.6201C110.102 84.1032 110.439 84.0393 110.741 84.0393C111.322 84.1148 111.938 84.2251 112.664 84.3355C113.245 84.5736 114.105 84.3006 114.756 84.8872C114.953 85.0673 115.209 85.1718 115.098 85.59C114.988 86.0081 114.802 85.8862 114.593 85.9442C113.048 86.4031 111.729 85.288 110.236 85.2067L110.218 85.2008ZM124.034 87.7214C122.774 87.2704 121.469 86.9588 120.141 86.7922C119.874 86.7631 119.456 86.8328 119.56 86.2114C119.648 85.7235 119.921 85.4738 120.327 85.5319C121.019 85.6248 121.704 85.741 122.39 85.8513L124.319 86.1533C124.853 86.2404 125.039 86.6005 124.94 87.2452C124.842 88.0641 124.371 87.8376 124.051 87.7272L124.034 87.7214ZM135.822 89.307C135.861 89.1484 135.959 89.0106 136.096 88.9221C136.234 88.8335 136.4 88.8008 136.56 88.8307C137.616 88.8919 138.665 89.0514 139.692 89.307C140.066 89.432 140.459 89.491 140.854 89.4812C141.167 89.4812 141.702 89.2721 141.719 90.0329C141.737 90.7937 141.266 90.9099 140.854 90.9738C140.423 90.991 139.992 90.9559 139.57 90.8693C138.448 90.7647 137.484 89.9981 136.339 89.9981C136.258 89.9939 136.179 89.9716 136.107 89.9329C136.036 89.8942 135.974 89.8401 135.926 89.7744C135.878 89.7088 135.846 89.6332 135.831 89.5534C135.816 89.4735 135.819 89.3913 135.84 89.3128L135.822 89.307ZM134.347 91.0202C134.547 91.0943 134.72 91.2294 134.839 91.4065C134.959 91.5836 135.021 91.7938 135.015 92.0076C135.015 92.0912 134.998 92.174 134.964 92.2503C134.93 92.3267 134.88 92.3948 134.817 92.4499C134.754 92.5051 134.68 92.546 134.6 92.5699C134.52 92.5938 134.435 92.6001 134.352 92.5884C133.771 92.5187 133.103 92.9194 132.528 92.3502C132.261 92.0889 131.877 91.9611 132.034 91.4675C132.092 91.3154 132.204 91.1901 132.349 91.1161C132.494 91.042 132.661 91.0244 132.819 91.0667C133.336 91.1364 133.835 91.3861 134.364 91.0261L134.347 91.0202ZM129.809 90.9273C129.972 90.9854 130.134 91.0435 130.111 91.3223C130.111 91.4443 130.075 91.5637 130.009 91.6665C129.944 91.7693 129.85 91.8514 129.739 91.903C129.211 92.2109 128.717 92.0192 128.089 91.9495C127.427 92.0889 126.846 91.4616 126.143 91.2758C125.696 91.1538 125.62 90.5324 125.684 90.1142C125.765 89.6031 126.224 89.6554 126.544 89.7658C127.665 90.1375 128.746 90.5556 129.815 90.9331L129.809 90.9273ZM136.078 92.7045C136.903 91.7811 137.821 92.1992 138.681 92.3154C139.453 92.4199 140.226 92.5535 141.005 92.6871C141.249 92.7277 141.586 92.7219 141.493 93.1866C141.444 93.4307 141.317 93.6526 141.132 93.8196C140.203 94.4875 136.903 93.7441 136.095 92.7103L136.078 92.7045ZM148.197 93.5002C147.714 93.3941 147.211 93.4061 146.733 93.535C146.35 93.6396 145.966 93.2737 145.862 92.8323C145.831 92.7368 145.826 92.635 145.846 92.5368C145.866 92.4386 145.912 92.3473 145.978 92.2719C146.044 92.1965 146.128 92.1394 146.223 92.1063C146.318 92.0732 146.419 92.0652 146.518 92.0831C147.767 92.2631 149.109 91.7985 150.271 92.5477C150.573 92.7393 151.16 92.8497 150.951 93.4072C150.865 93.6534 150.689 93.8581 150.459 93.9808C150.228 94.1034 149.96 94.135 149.708 94.0693C149.173 93.959 148.778 93.3666 148.215 93.506L148.197 93.5002ZM115.912 88.128C115.523 87.9247 115.604 87.5472 115.685 87.222C115.836 86.5657 116.266 86.7864 116.539 86.9083C117.512 87.3661 118.46 87.8739 119.38 88.43C119.635 88.5919 119.919 88.7006 120.217 88.7494C120.711 88.8249 121.263 88.9236 121.071 89.7251C120.903 90.4221 120.304 90.2304 119.95 90.3582C118.445 89.8587 117.26 88.8133 115.929 88.128H115.912ZM113.071 91.1364C111.909 90.5556 110.485 89.911 109.416 88.5287C109.326 88.4423 109.265 88.3288 109.244 88.2053C109.224 88.0818 109.243 87.9549 109.3 87.8434C109.469 87.5878 109.724 87.3555 109.992 87.5007C111.38 88.2732 112.6 89.4347 114.14 89.8877C114.43 89.9749 114.471 90.4685 114.297 90.846C114.122 91.2235 113.733 91.3339 113.071 91.1364ZM125.394 93.7383C123.767 93.2388 122.169 92.6116 120.56 92.0366C120.419 91.9982 120.297 91.9082 120.22 91.7844C120.142 91.6607 120.114 91.5122 120.141 91.3687C120.229 90.9099 120.56 91.1074 120.786 91.1306C121.263 91.1829 121.728 91.2758 122.326 91.3687C123.447 91.299 124.476 92.205 125.707 92.2457C126.033 92.2457 126.567 92.1179 126.463 92.9252C126.358 93.7325 125.789 93.8428 125.388 93.7209L125.394 93.7383ZM146.797 95.9336C146.489 96.3808 146.28 96.5783 145.856 96.2415C145.3 95.7544 144.6 95.4626 143.863 95.4109C143.544 95.4109 143.218 95.2425 143.282 94.8301C143.317 94.5223 143.637 94.441 143.927 94.441C144.305 94.441 144.676 94.11 145.031 94.3133C145.597 94.4006 146.124 94.6531 146.547 95.0392C146.745 95.1554 147.244 95.2948 146.791 95.9104L146.797 95.9336ZM157.946 95.7129C158.18 95.7673 158.384 95.9087 158.517 96.1084C158.65 96.3081 158.701 96.551 158.661 96.7874C158.44 97.6644 157.801 97.2172 157.162 97.2288C155.959 96.8396 154.739 95.9743 153.287 95.8872C153.196 95.8614 153.111 95.8174 153.037 95.758C152.963 95.6986 152.902 95.6249 152.858 95.5414C152.813 95.4579 152.786 95.3662 152.778 95.2719C152.77 95.1777 152.781 95.0827 152.81 94.9928C152.879 94.8191 153.013 94.6788 153.182 94.6009C153.352 94.523 153.546 94.5136 153.722 94.5746C155.14 94.8941 156.54 95.3006 157.94 95.6897L157.946 95.7129ZM166.417 94.865C166.417 95.3122 166.301 95.7536 165.894 95.8872C165.226 96.1079 164.546 96.2473 163.872 96.4215C163.332 96.3634 163.059 96.0556 162.995 95.4574C162.902 94.6501 163.489 94.6443 163.849 94.5456C164.435 94.3971 165.04 94.3326 165.644 94.3539C165.958 94.3539 166.446 94.2029 166.417 94.865ZM160.886 93.0762C161.188 93.2446 161.542 93.2679 161.856 93.4131C162.17 93.5583 162.919 93.1866 162.815 93.9938C162.809 94.1495 162.768 94.3018 162.695 94.4394C162.622 94.5769 162.519 94.696 162.393 94.7878C162.267 94.8795 162.122 94.9414 161.969 94.9689C161.815 94.9964 161.658 94.9886 161.508 94.9463L161.124 94.8824C160.137 94.7314 159.271 93.9183 158.15 94.3655C157.871 94.4759 157.447 94.0868 157.406 93.7151C157.359 93.2504 157.813 92.9833 158.115 92.8962C158.567 92.7289 159.05 92.6585 159.531 92.6896C160.012 92.7206 160.482 92.8523 160.909 93.0762H160.886ZM155.936 92.147C154.501 92.5477 153.141 91.7636 151.706 92.1005C151.404 92.1702 151.306 91.8856 151.323 91.4907C151.312 91.2944 151.379 91.1017 151.51 90.9548C151.64 90.8078 151.824 90.7186 152.02 90.7066C152.961 90.5847 153.92 90.3117 154.635 90.6486L156 90.8634C156.331 90.9215 156.802 90.8983 156.744 91.4442C156.726 91.845 156.331 92.0424 155.959 92.1412L155.936 92.147ZM175.498 92.054C175.736 92.5012 175.37 92.7161 175.085 92.8613C173.545 93.603 171.832 93.9103 170.129 93.7499C169.659 93.6976 168.967 93.5873 169.043 93.0472C169.119 92.507 169.758 92.5245 170.251 92.4199C171.727 92.1237 173.267 92.4548 174.673 91.4326C175.254 91.0203 175.347 91.7172 175.521 92.054H175.498ZM177.119 88.4009C177.322 88.8307 177.119 89.1443 176.84 89.4928C176.346 90.1142 175.724 89.9865 175.155 90.1955C174.371 90.4743 173.517 90.1955 172.773 90.8344C172.679 90.8913 172.57 90.9184 172.46 90.9122C172.35 90.906 172.244 90.8667 172.157 90.7996C171.181 89.5277 169.944 90.3233 168.816 90.4453C168.433 90.5246 168.038 90.5246 167.654 90.4453C167.521 90.3873 167.409 90.2875 167.337 90.1608C167.264 90.034 167.235 89.8873 167.254 89.7425C167.254 89.3825 167.445 89.0166 167.678 89.0107C169.34 89.0262 170.987 88.6918 172.511 88.0292C172.692 88.0757 172.79 88.0699 172.86 88.1222C174.115 89.0979 174.603 89.1385 176.114 88.2325C176.584 87.9363 176.91 87.9015 177.142 88.4009H177.119ZM173.238 83.7547C173.216 83.9303 173.148 84.0971 173.041 84.2379C172.934 84.3787 172.791 84.4886 172.628 84.5562C170.96 85.137 169.386 86.072 167.66 86.3856C167.242 86.4611 166.946 86.5134 166.864 86.0139C166.837 85.8169 166.873 85.6164 166.967 85.4411C167.061 85.2658 167.208 85.1247 167.387 85.0382C169.193 84.5554 170.928 83.8368 172.546 82.901C172.616 82.8603 172.721 82.901 172.895 82.901C173.336 82.8777 173.348 83.2378 173.261 83.7257L173.238 83.7547ZM168.433 82.3492C168.137 83.232 167.463 83.3888 166.847 83.5747C166.231 83.7605 165.464 84.6259 165.209 83.5282C165.023 82.7325 165.923 82.4131 166.516 82.1401C166.922 81.9601 167.329 81.7859 167.742 81.6174C168.369 81.3445 168.392 81.8439 168.456 82.3202L168.433 82.3492ZM166.452 80.6824C166.115 80.7463 165.743 81.0831 165.592 80.5023C165.558 80.3236 165.585 80.1384 165.671 79.9778C165.757 79.8171 165.895 79.6907 166.063 79.6196C167.806 78.731 169.548 77.8772 171.698 77.976C169.903 79.3117 168.294 80.3165 166.452 80.6824ZM157.935 76.3498C157.598 76.3498 157.406 76.0942 157.354 75.7109C157.354 75.3218 157.656 75.3683 157.842 75.2812C159.004 74.7526 160.253 74.5494 161.38 73.8118C161.746 73.5678 162.089 73.7595 162.216 74.2009C162.344 74.6423 162.327 75.194 161.967 75.3102C160.607 75.7225 159.306 76.2685 157.935 76.3207V76.3498ZM190.72 76.9015C190.865 77.1919 191.144 77.7088 190.621 78.1328C190.301 78.4351 190.018 78.7744 189.778 79.1433C189.197 79.9448 188.936 80.7056 189.714 81.5071C190.08 81.8846 190.481 82.4131 189.883 83.0868C189.447 83.5805 189.099 83.6676 188.721 83.0055C188.506 82.5931 188.14 82.8545 187.78 82.9648C186.815 83.2843 186.496 82.5525 186.932 81.7336C187.472 80.7347 186.932 80.6011 186.507 80.2061C186.083 79.8112 185.677 79.7125 185.624 79.0039C185.624 78.6555 185.386 78.2663 185.624 77.9992C185.787 77.8366 186.118 77.9295 186.461 77.8947C187.768 79.637 188.704 78.2838 189.68 77.0177C189.999 76.6169 190.452 76.344 190.72 76.8725V76.9015ZM170.449 71.9417C170.844 71.5293 171.361 71.4712 171.611 71.9417C171.693 72.1859 171.687 72.4511 171.595 72.6916C171.503 72.9322 171.33 73.1331 171.106 73.26C169.658 74.2897 168.099 75.1528 166.458 75.8329C166.376 74.9966 166.51 74.5958 167.126 74.2009C168.224 73.4517 169.456 72.9522 170.449 71.9126V71.9417ZM77.927 61.3773C77.317 60.9359 76.1841 61.0811 76.3177 59.6756C76.3932 58.9613 76.8987 59.513 77.166 59.2981C77.7469 59.7569 78.7114 59.542 78.7462 60.7036C78.7637 61.2612 78.2873 61.6445 77.927 61.3773ZM74.1913 61.4354C74.2096 61.3551 74.2439 61.2792 74.2921 61.2124C74.3403 61.1456 74.4014 61.0891 74.4719 61.0463C74.5423 61.0035 74.6206 60.9753 74.7022 60.9633C74.7837 60.9513 74.8668 60.9558 74.9466 60.9766C75.5276 61.116 76.8057 63.0616 76.6895 63.6365C76.5733 64.2115 76.3409 64.3741 75.9343 64.3335C75.3881 64.2754 73.988 61.9987 74.1913 61.4354ZM81.4943 64.0547C81.4171 63.927 81.3661 63.7853 81.3442 63.6377C81.3222 63.4902 81.3298 63.3397 81.3665 63.1951C81.4943 62.8234 81.8429 62.9977 82.0578 63.0732C82.5633 63.2532 82.7434 63.259 83.0978 62.4924C83.6439 61.3308 84.4747 62.3007 84.9686 62.6899C85.6676 63.3576 86.2893 64.1018 86.8219 64.9084C86.9466 65.0376 87.0228 65.2058 87.0377 65.3847C87.0525 65.5636 87.005 65.7421 86.9033 65.8899C86.8514 65.9515 86.786 66.0002 86.7122 66.0324C86.6384 66.0645 86.5582 66.0792 86.4778 66.0753C86.3974 66.0713 86.319 66.0489 86.2487 66.0097C86.1784 65.9705 86.1181 65.9156 86.0725 65.8493C85.6948 65.2163 84.986 65.1233 84.6374 64.4206C84.5392 64.1355 84.334 63.8998 84.0651 63.7633C83.7962 63.6267 83.4848 63.6 83.1966 63.6888C83.6846 64.3102 84.1436 64.8504 84.5851 65.466C84.7247 65.6173 84.8073 65.8124 84.819 66.0179C84.8306 66.2234 84.7706 66.4266 84.649 66.5927C84.3411 67.0225 84.1203 66.8134 83.7718 66.5927C82.8015 66.0003 82.2205 64.9433 81.4943 64.0547ZM81.6976 69.8625C80.7984 69.0818 80.0158 68.1763 79.3737 67.1735C79.2912 67.0206 79.253 66.8478 79.2633 66.6745C79.2735 66.5011 79.3319 66.334 79.4318 66.192C79.5306 65.9713 79.8269 65.8725 79.9431 65.7912C80.3562 66.0014 80.6859 66.3454 80.8784 66.7669C81.2286 67.519 81.7794 68.1601 82.4703 68.6196C82.5861 68.6627 82.6901 68.7325 82.7737 68.8233C82.8574 68.9142 82.9184 69.0235 82.9518 69.1423C82.9852 69.2612 82.9901 69.3863 82.966 69.5074C82.9419 69.6285 82.8895 69.7422 82.8131 69.8392C82.4762 70.3619 82.1276 70.1529 81.7034 69.8392L81.6976 69.8625ZM87.583 70.1413C87.7295 70.0752 87.8956 70.0672 88.0477 70.1189C88.1998 70.1707 88.3265 70.2783 88.4022 70.42C88.8698 71.398 89.5873 72.2354 90.4821 72.8477C90.6971 72.9929 90.7959 73.1962 90.6041 73.5969C90.3485 74.137 90.0232 74.0034 89.9651 73.9918C89.258 73.8707 88.6103 73.5211 88.1212 72.9965C87.6321 72.472 87.3288 71.8015 87.2577 71.0879C87.2577 70.7162 87.2054 70.2284 87.583 70.118V70.1413Z" fill="#A3A3A3"/>
<path d="M184.369 50.5864C182.144 50.447 178.42 59.1355 177.607 61.3134C176.052 65.7993 175.68 70.6097 176.526 75.2811C177.229 79.1143 178.478 83.8302 180.593 87.1755C182.04 89.4695 182.51 89.6089 185.241 89.2082C187.094 88.9352 189.157 88.5751 190.679 87.4078C193.845 84.9743 196.372 82.4305 199.975 80.4384C203.577 78.4464 207.173 76.4137 210.723 74.0499C212.466 72.8883 213.936 71.4364 215.725 70.3387C217.515 69.241 219.664 68.7474 221.256 67.5045C222.418 66.5869 224.242 64.0198 223.853 62.4982C223.342 60.5119 220.326 60.3493 218.334 60.4655C213.506 60.7442 208.05 61.7258 203.228 62.4982C198.243 63.2939 192.689 63.0093 187.297 62.7479C187.809 61.0637 191.905 59.3271 193.357 57.9217C195.161 56.1117 197.076 54.4164 199.091 52.8457C202.67 50.1683 208.666 46.4571 210.949 42.4555C206.418 40.8642 202.206 44.6567 198.226 46.1667C193.578 47.909 189.447 49.2913 184.346 49.7211L184.369 50.5864Z" fill="white"/>
<path d="M58.4291 47.5314C58.4556 45.4505 58.7188 43.3793 59.2135 41.3577C60.1488 37.6117 61.6826 34.5104 64.6108 31.9201C63.9328 31.7639 63.2429 31.6649 62.5483 31.6239C62.1881 31.6239 58.8242 34.4988 58.1561 35.1376C56.7268 36.5141 56.1052 38.4887 55.3034 40.3646C54.3855 42.5019 55.5126 46.8113 55.6346 46.8403C56.4596 47.032 58.4117 48.5362 58.4291 47.5314Z" fill="#F9C2CF"/>
<path d="M66.9172 48.815C68.2826 44.2153 70.7866 40.3357 73.3081 36.5664C74.9988 34.0633 75.1208 34.1271 72.5121 33.5231C71.9834 33.4012 71.4896 32.8378 70.7692 33.6393C67.5215 37.275 65.8308 41.8805 64.541 46.7242C64.0181 48.6757 64.6979 50.5574 64.8373 52.4739C64.8409 52.8728 64.9457 53.2642 65.1418 53.6116C65.3379 53.959 65.6189 54.251 65.9586 54.4602C66.3072 52.4391 66.4002 50.5516 66.9172 48.815Z" fill="#F9C2CF"/>
<path d="M53.6418 43.4021C53.5024 38.9766 55.4196 35.9217 58.2897 33.4011C59.1217 32.8178 59.8321 32.078 60.3813 31.2232C59.0624 31.3452 57.9237 31.3858 56.8547 30.747C56.5119 30.5437 55.9367 30.8341 55.4719 30.9038C55.6695 32.1292 54.7283 31.8621 54.31 32.1176C50.5626 34.3071 49.4239 36.4502 49.4413 41.4565C49.4413 42.0373 48.9765 42.8272 49.5052 43.2395C50.888 44.3256 52.2707 45.4639 54.0137 45.702C54.2867 44.7437 53.6651 44.2036 53.6418 43.4021Z" fill="#F9C2CF"/>
<path d="M37.6995 29.899C36.4794 29.9339 35.4162 30.1546 34.3472 30.0733C32.4067 29.9281 31.1692 31.3278 30.2047 33.2385C30.0246 33.5928 30.0072 35.219 29.8213 35.794C31.9535 35.9101 33.7836 37.0542 35.8287 37.3679C34.5331 34.313 36.5142 32.3035 37.6995 29.899Z" fill="#F9C2CF"/>
<path d="M54.8676 30.7702C50.7252 29.7829 46.7629 29.7074 42.8296 29.5215C41.2261 29.446 39.4483 29.4344 38.1817 31.6995C37.2521 33.3895 36.6072 34.9402 36.6537 36.9265C36.6537 37.6234 36.6944 37.8383 37.2347 37.8906C38.4768 38.0672 39.6783 38.4604 40.7845 39.0521C41.5979 39.4471 42.2196 39.2089 42.3358 37.8906C42.4858 36.2299 42.9139 34.6063 43.6023 33.0875C44.2182 31.7169 46.8733 29.9165 48.2502 30.4914C48.0527 31.0316 47.6402 31.1651 47.2625 31.4439C46.0541 32.3267 44.7817 33.1863 44.3227 34.9867C43.9335 36.5083 43.3351 38.088 43.5094 39.5981C43.643 40.7596 44.9851 40.719 45.7171 41.3404C46.3567 41.7745 47.0551 42.1148 47.7912 42.3509C47.9888 36.7987 49.6039 32.408 54.8676 30.7702Z" fill="#F9C2CF"/>
<path d="M62.8851 50.7954C62.8212 46.1492 64.3027 42.0837 66.2432 38.0531C67.1612 36.1598 68.5672 34.7427 69.6071 32.7099C68.5788 32.5473 67.7131 32.4312 66.8591 32.2685C66.6419 32.2067 66.4113 32.2095 66.1957 32.2765C65.98 32.3436 65.7886 32.472 65.6448 32.6461C64.6342 33.7048 63.6819 34.8177 62.7922 35.9797C61.078 38.6322 60.0627 41.675 59.8408 44.825C59.5735 47.4966 59.7304 50.1333 62.1647 51.3588C62.3971 51.4749 62.6004 51.713 62.8619 51.4981C63.1233 51.2833 62.8909 51.0277 62.8851 50.7954Z" fill="#F9C2CF"/>
<path d="M30.652 30.5031C26.283 30.8457 22.1522 31.0838 18.0679 32.4951L29.1066 35.399C28.0434 33.8251 29.0136 32.3151 30.652 30.5031Z" fill="#F9C2CF"/>
<path d="M72.2973 56.2025C71.1643 54.0478 71.2166 53.8793 73.1978 52.4332C73.4825 52.2241 74.0983 52.0034 73.7265 51.3878C72.7272 49.721 73.6452 48.4839 74.6212 47.4734C75.3823 46.6835 75.0279 46.4047 74.5108 46.0679C73.5871 45.4871 73.68 44.796 74.3307 43.8493C74.9148 42.8863 75.6827 42.0476 76.5907 41.381C77.0613 41.079 76.9219 40.9512 76.7883 40.5272C76.5682 39.9582 76.5405 39.3328 76.7094 38.7466C76.8783 38.1603 77.2345 37.6455 77.7237 37.2807C78.5835 36.514 79.5538 36.6999 80.4601 35.9681C79.2981 35.4744 78.049 35.3873 76.9277 34.8414C76.8644 34.8234 76.7973 34.823 76.7338 34.8405C76.6703 34.8579 76.6128 34.8923 76.5675 34.9401C75.0628 36.8567 73.2966 38.5177 72.1636 40.806C71.7105 41.7294 70.8158 42.0547 70.4555 43.013C69.7642 44.8831 69.0147 46.7299 68.3756 48.6291C67.4592 51.0715 67.4039 53.7534 68.2187 56.2315C68.5209 57.0794 69.2529 58.392 70.0953 57.7067C70.7751 57.1433 71.6349 56.8704 72.2973 56.2025Z" fill="#F9C2CF"/>
<path d="M204.762 49.5642C204.674 49.5516 204.585 49.5615 204.503 49.593C204.421 49.6245 204.348 49.6766 204.291 49.7442C203.344 51.2078 201.816 51.7014 200.695 52.985C205.07 52.3577 209.334 51.8641 213.232 48.6582C212.748 48.5606 212.256 48.5043 211.763 48.4897C209.41 48.5478 207.167 50.2495 204.762 49.5642Z" fill="#F9C2CF"/>
<path d="M181.354 93.0064C181.29 93.3026 181.052 93.866 181.534 93.8544C182.016 93.8427 182.487 93.4072 182.446 92.6173C182.417 92.2688 182.807 91.6009 182.365 91.5835C181.749 91.5719 181.494 92.3443 181.354 93.0064Z" fill="white"/>
<path d="M77.7585 70.4374C80.0824 72.2842 82.4586 74.0847 84.8291 75.8793C87.734 78.0978 90.5982 80.5255 93.6775 82.4188C97.1053 84.5154 100.318 87.0128 103.676 89.2255C105.808 90.631 107.923 92.083 110.352 92.658C112.78 93.2329 115.058 94.0983 117.382 94.8707C121.585 96.3046 125.876 97.4686 130.227 98.3554C133.609 99.0175 137.048 99.3834 140.435 100.016C143.555 100.597 146.71 100.156 149.859 99.9351C152.09 99.7783 154.321 99.4124 156.552 99.3543C160.083 99.1797 163.603 98.8211 167.097 98.2799C169.7 97.9246 172.212 97.077 174.498 95.7825C174.795 95.6141 175.579 94.9753 175.527 96.0904C175.376 99.3137 177.066 100.586 179.146 101.672C181.83 103.077 184.677 101.294 185.398 97.7804C185.822 95.7012 185.566 93.744 185.514 91.7345C185.5 91.472 185.541 91.2094 185.634 90.9636C185.728 90.7179 185.872 90.4943 186.056 90.3073C186.241 90.1203 186.463 89.974 186.708 89.8778C186.953 89.7815 187.215 89.7374 187.478 89.7482C188.523 89.7482 188.268 90.8111 188.186 91.4906C187.878 93.8776 188.436 95.9916 189.174 98.0418C189.755 99.6912 191.237 100.156 192.66 99.2962C194.717 98.0534 195.762 94.5106 194.914 91.8797C194.711 91.2129 194.371 90.5958 193.916 90.0678C193.461 89.5398 192.9 89.1125 192.271 88.8132C191.951 88.6448 190.987 88.5576 191.69 87.7155C192.555 86.6919 193.549 85.7842 194.647 85.0149C198.081 82.6918 201.677 80.7288 205.07 78.2488C208.765 75.5482 212.623 73.1728 216.44 70.7394C219.223 68.968 222.087 67.3825 224.864 65.582C225.643 65.0768 226.845 64.4205 226.485 63.0557C226.189 61.8941 225.416 60.8487 224.19 61.0462C223.694 61.1082 223.19 61.0084 222.755 60.7616C220.966 59.8904 219.112 59.9601 217.189 60.3899C214.941 60.8894 214.912 60.808 214.145 58.3165C214.01 57.9963 213.907 57.6637 213.837 57.3234C213.779 56.7426 213.465 56.7426 213.122 56.6555C212.675 56.5277 212.477 56.8588 212.291 57.2363C211.827 58.0223 211.424 58.8437 211.089 59.693C210.508 61.5108 209.846 60.2737 209.474 59.7917C208.486 58.4385 208.312 58.3688 207.278 59.6581C206.697 60.3608 206.197 61.0171 205.232 60.4828C204.935 60.3996 204.62 60.4108 204.329 60.5149C204.039 60.6189 203.788 60.8107 203.612 61.0636C202.606 62.3006 201.433 62.3936 200.126 62.4284C198.342 62.4807 196.611 62.0916 194.781 62.3239C192.818 62.671 190.805 62.5997 188.872 62.1148C190.406 60.8313 191.719 59.8962 192.869 58.7172C193.839 57.7241 194.943 56.8355 196.03 56.6032C198.162 56.1502 200.166 55.0293 202.299 54.675C204.14 54.3672 205.994 54.3266 207.829 54.1407C210.153 53.8968 212.14 51.9686 214.139 50.4411C214.441 50.2114 214.682 49.9113 214.841 49.5671C215 49.2229 215.072 48.8451 215.051 48.4665C215.031 48.0949 214.896 47.7387 214.667 47.4458C214.437 47.1529 214.123 46.9375 213.767 46.8287C212.797 46.5035 211.809 46.7474 210.822 46.9855C209.59 47.2875 208.376 47.8915 206.981 47.787C209.055 46.0446 211.008 44.4301 212.977 42.8387C213.179 42.6951 213.325 42.4856 213.39 42.2461C213.455 42.0066 213.434 41.7521 213.331 41.5262C213.186 41.0035 212.936 40.7944 212.472 40.8525C211.01 40.9867 209.569 41.2907 208.178 41.7585C204.111 43.2453 200.201 45.5045 196.053 46.8287C191.905 48.1529 187.919 49.5061 183.794 48.2051C182.789 47.8857 182.051 47.0436 181.122 46.5673C179.14 45.4987 177.165 44.6217 175.933 42.1128C174.365 38.9127 174.382 35.5906 175.393 32.2395C176.358 29.0627 178.461 26.757 180.761 24.794C182.452 23.3478 184.125 21.8901 185.799 20.4149C186.05 20.2109 186.25 19.9506 186.382 19.6549C186.515 19.3593 186.575 19.0367 186.56 18.7132C186.472 17.935 185.822 17.8827 185.247 17.7607C184.427 17.5865 183.695 18.3822 182.818 18.1498C183.074 17.6155 183.347 17.1451 183.538 16.634C183.934 15.577 183.504 14.5839 182.597 14.4735C181.981 14.398 181.435 14.5258 181.644 13.312C181.749 12.6847 181.261 11.8658 180.442 12.7312C180.208 12.9486 179.964 13.1541 179.71 13.3468C179.71 11.8774 179.233 11.1108 178.089 11.8193C176.581 12.6318 175.262 13.7541 174.219 15.1124C172.761 17.1683 171.762 19.6366 170.094 21.4487C167.23 24.5616 164.517 27.8779 161.444 30.6889C160.915 31.1709 160.479 31.4206 159.788 31.0431C159.096 30.6656 159.056 29.9861 159.067 29.3356C159.166 26.0161 159.683 22.7222 160.607 19.5321C160.903 18.4751 161.542 17.3019 162.46 17.209C164.023 17.0057 165.365 16.2217 166.742 15.4086C167.283 15.0891 168.113 14.9846 168.02 14.0495C167.927 13.1145 167.283 12.7951 166.568 12.5628C165.853 12.3304 165.017 12.7254 164.18 12.4814C164.877 11.5406 165.214 10.4836 164.802 9.4672C164.43 8.55538 163.524 8.81092 162.844 8.88642C161.978 9.02 162.263 8.27079 162.17 7.8294C161.914 6.51684 161.444 6.23807 160.427 6.94662C159.997 7.24862 159.602 7.52739 159.306 6.94662C158.574 5.50628 157.807 6.31357 157.046 7.02212C153.56 10.2629 151.741 14.9149 149.806 19.3811C148.645 22.0817 147.349 24.7417 146.321 27.512C146.164 27.9476 145.937 28.418 145.571 28.1857C144.026 27.21 142.225 27.6049 140.604 27.1171C139.076 26.6641 137.507 26.7918 135.857 26.5828C136.118 24.1493 137.065 22.2153 138.896 20.8795C140.726 19.5437 142.614 19.1372 144.49 18.3705C145.652 17.8943 145.734 17.0406 145.559 15.9197C145.374 14.6884 144.479 14.6768 143.724 14.4387C143.247 14.2877 142.562 14.4909 142.434 13.7069C142.172 12.2201 141.202 12.313 140.302 12.4117C139.808 12.464 139.57 12.6615 139.465 11.831C139.279 10.3732 138.785 10.2396 137.722 11.1515C137.374 11.4938 137.044 11.8544 136.734 12.2317C136.339 8.85157 136.025 9.38589 134.271 10.4313C134.118 10.5548 133.981 10.6973 133.864 10.8553C131.761 13.0913 130.076 15.8035 128.159 18.2486C126.044 20.955 123.813 23.5104 122.088 26.6176C121.957 26.9102 121.747 27.1602 121.48 27.3389C121.214 27.5176 120.903 27.6178 120.583 27.6281C118.451 27.7559 116.313 28.1799 114.192 28.4064C113.222 28.5109 112.269 27.936 111.252 28.5922C111.026 28.7374 110.131 28.8826 110.247 27.9302C110.381 26.8499 110.189 25.6419 110.532 24.7243C111.502 22.1107 112.089 19.2533 113.803 17.0464C115.064 15.4202 116.661 14.1425 118.317 14.1018C120.153 14.1018 121.634 12.8415 123.337 12.5802C123.674 12.5279 123.668 12.2666 123.79 11.889C124.417 9.93763 123.476 9.42654 122.279 9.11873C121.832 9.00258 121.698 8.78188 121.82 8.2708C122.181 6.7085 121.356 6.32519 120.368 6.2613C119.984 6.2613 119.717 6.22065 119.671 5.7386C119.549 4.57705 118.886 4.57704 118.137 4.73966C117.777 4.82678 117.463 4.9952 117.411 4.30988C117.271 2.50947 117.033 2.39912 115.598 3.20059C113.001 4.62931 111.223 7.33574 108.899 9.2465C106.924 10.925 105.466 13.312 103.601 15.1066C100.086 18.4983 97.0762 22.5115 93.9912 26.4143C91.6324 29.4053 89.5873 32.7564 87.4202 35.9681C86.9961 36.6012 86.6766 36.787 86.0201 36.4211C83.7949 35.1841 81.3722 34.6149 78.9902 33.8599C77.2472 33.2791 75.5972 32.4835 73.7613 32.3441C73.5638 32.3441 66.069 30.4856 65.7902 30.4565C63.5417 30.2242 61.2875 30.0268 59.0507 29.7073C55.0942 29.1266 51.1668 28.3425 47.1521 28.1625C45.3453 28.0812 43.521 27.7617 41.7257 28.0231C35.2768 28.993 28.793 28.8071 22.3324 30.0151C17.3883 30.9386 12.415 31.5368 7.4534 32.2047C7.30808 32.2002 7.16366 32.2291 7.03121 32.2891C6.89877 32.349 6.7818 32.4385 6.68928 32.5506C6.59675 32.6627 6.53112 32.7945 6.4974 32.9359C6.46369 33.0772 6.46279 33.2245 6.49478 33.3662C6.55287 34.2142 7.07576 34.1271 7.65675 34.0516C9.48685 33.8134 11.317 33.645 13.1413 33.4708C14.4485 33.3314 15.6221 34.0516 16.9118 34.0516C18.8941 34.0591 20.8599 34.4108 22.7217 35.0912C26.2599 36.2818 29.8853 36.9148 33.3712 38.2274C36.4272 39.3889 39.5877 40.1033 42.574 41.5785C46.606 43.5647 50.4754 45.9053 54.4319 48.0425C57.3659 49.6281 59.9861 51.806 62.647 53.9432C64.9526 55.7798 67.0912 57.8166 69.0379 60.0298C70.0604 61.1914 74.4178 66.9411 75.4287 68.1955C76.1141 69.0321 76.8961 69.7846 77.7585 70.4374ZM182.446 92.6231C182.487 93.413 182.098 93.8485 181.534 93.8602C180.971 93.8718 181.29 93.2794 181.354 93.0122C181.488 92.3501 181.743 91.5777 182.365 91.5951C182.806 91.6009 182.417 92.2979 182.446 92.6173V92.6231ZM211.774 48.4839C212.268 48.4985 212.76 48.5548 213.244 48.6523C209.34 51.8582 205.081 52.3519 200.707 52.9791C201.828 51.7014 203.356 51.202 204.303 49.7384C204.359 49.6708 204.432 49.6187 204.515 49.5872C204.597 49.5557 204.686 49.5458 204.774 49.5584C207.167 50.2495 209.41 48.5478 211.774 48.4897V48.4839ZM18.0738 32.4777C22.1407 31.078 26.289 30.8282 30.658 30.4856C29.0196 32.2976 28.0435 33.8076 29.1242 35.3699L18.0738 32.4777ZM29.8213 35.7707C30.0073 35.1899 30.0247 33.5695 30.2048 33.2152C31.1692 31.3045 32.4067 29.9106 34.3472 30.05C35.4162 30.1313 36.4794 29.9106 37.6995 29.8758C36.5375 32.2802 34.5273 34.2897 35.8287 37.3388C33.7837 37.0484 31.9536 35.9042 29.8213 35.7881V35.7707ZM45.7113 41.3345C44.9793 40.7538 43.6372 40.7537 43.5036 39.5922C43.3293 38.0822 43.9277 36.5024 44.3169 34.9808C44.7759 33.1804 46.0599 32.3208 47.2567 31.4381C47.6344 31.1651 48.0469 31.0315 48.2444 30.4856C46.8675 29.9048 44.2124 31.711 43.5965 33.0817C42.9081 34.6004 42.48 36.2241 42.33 37.8847C42.2138 39.1856 41.5921 39.4238 40.7787 39.0463C39.6725 38.4545 38.471 38.0613 37.2289 37.8847C36.7002 37.8324 36.6479 37.6175 36.6479 36.9206C36.6014 34.9111 37.2289 33.3662 38.1759 31.6936C39.4192 29.4286 41.197 29.4344 42.8238 29.5157C46.7571 29.7015 50.7194 29.777 54.8618 30.7644C49.6329 32.4022 47.9946 36.7928 47.797 42.3277C47.0588 42.1034 46.3565 41.7748 45.7113 41.352V41.3345ZM49.5051 43.2221C48.9764 42.8097 49.447 42.0605 49.4412 41.4391C49.4412 36.4328 50.5567 34.2897 54.3099 32.1002C54.7456 31.8446 55.6868 32.1001 55.4719 30.8863C55.9366 30.8224 56.5118 30.5262 56.8546 30.7295C57.9236 31.3626 59.0623 31.3103 60.3812 31.2057C59.8321 32.0606 59.1217 32.8003 58.2896 33.3837C55.3847 35.9042 53.4791 38.9591 53.6418 43.3847C53.6418 44.1803 54.2808 44.7263 54.0194 45.7078C52.2764 45.4639 50.8879 44.3313 49.5109 43.2395L49.5051 43.2221ZM55.6287 46.8229C55.5125 46.8229 54.3796 42.4903 55.2976 40.3472C56.0993 38.4771 56.721 36.4966 58.1502 35.1202C58.8183 34.4755 62.1822 31.6355 62.5424 31.6065C63.237 31.6474 63.9269 31.7465 64.6049 31.9027C61.7 34.493 60.143 37.5943 59.2076 41.3403C58.7129 43.3619 58.4498 45.4331 58.4233 47.514C58.4116 48.5362 56.4595 47.032 55.6287 46.8403V46.8229ZM62.1822 51.3297C59.7363 50.1043 59.5794 47.4676 59.8583 44.796C60.0787 41.651 61.0898 38.6125 62.7981 35.9623C63.6878 34.8003 64.6401 33.6874 65.6507 32.6287C65.7945 32.4546 65.986 32.3262 66.2016 32.2591C66.4173 32.1921 66.6478 32.1893 66.865 32.2512C67.719 32.4196 68.6079 32.5299 69.613 32.6925C68.5789 34.7253 67.1613 36.1424 66.2491 38.0357C64.3086 42.0431 62.8271 46.1666 62.891 50.778C62.891 51.0161 63.1467 51.26 62.891 51.4749C62.6354 51.6898 62.4204 51.4691 62.1822 51.353V51.3297ZM64.8606 52.4564C64.7211 50.5399 64.0472 48.6582 64.5643 46.7067C65.8541 41.863 67.5447 37.2575 70.7924 33.6218C71.5129 32.8145 72.0009 33.3779 72.5354 33.5056C75.144 34.0864 75.0278 34.0458 73.3314 36.5489C70.7808 40.3182 68.2826 44.192 66.9405 48.7975C66.4234 50.5399 66.3305 52.4216 66.0109 54.4427C65.6702 54.2384 65.3866 53.9513 65.1865 53.6081C64.9865 53.2649 64.8763 52.8768 64.8664 52.4797L64.8606 52.4564ZM68.2012 56.2199C67.3864 53.7418 67.4417 51.0599 68.3581 48.6175C68.9914 46.7242 69.7409 44.8715 70.438 43.0014C70.7983 42.0373 71.6872 41.712 72.1461 40.7944C73.2791 38.5061 75.0511 36.8451 76.55 34.9285C76.5953 34.8807 76.6528 34.8463 76.7163 34.8289C76.7798 34.8115 76.8469 34.8118 76.9102 34.8298C78.0315 35.4106 79.2865 35.4629 80.4426 35.9565C79.5421 36.6767 78.5718 36.5024 77.7062 37.2691C77.217 37.6339 76.8608 38.1487 76.6919 38.735C76.523 39.3212 76.5507 39.9466 76.7708 40.5156C76.8986 40.9338 77.0438 41.0964 76.5732 41.3694C75.6652 42.036 74.8973 42.8747 74.3132 43.8377C73.6625 44.7844 73.5696 45.4581 74.4933 46.0563C75.0104 46.3931 75.3648 46.6719 74.6037 47.4618C73.6277 48.4781 72.7097 49.7035 73.709 51.3762C74.0808 51.9918 73.4708 52.2125 73.1803 52.4216C71.1991 53.8677 71.1468 54.0362 72.2798 56.1909C71.6407 56.8704 70.7808 57.1259 70.0836 57.6951C69.2412 58.3978 68.5092 57.0853 68.2303 56.2373L68.2012 56.2199ZM74.5224 65.0245C73.86 64.3973 73.1977 63.8339 73.4069 62.5039C73.5754 61.4817 72.5993 61.1914 72.2449 60.477C71.2224 58.5314 71.2747 58.2236 73.1977 57.4511C74.2145 57.0446 74.5921 55.9527 73.7787 55.1919C72.9653 54.4311 73.5521 53.9607 73.924 53.4496C74.2002 53.1127 74.5323 52.8259 74.9058 52.6016C75.6379 52.1022 76.0271 51.5098 75.4113 50.6444C74.7954 49.7791 74.8768 49.0647 75.6611 48.2516C76.1084 47.7047 76.6021 47.1976 77.1368 46.7358C77.3197 46.6448 77.467 46.4954 77.5554 46.3113C77.6438 46.1273 77.6682 45.919 77.6248 45.7194C77.5086 45.2374 77.16 44.9237 76.7824 44.976C76.2939 45.0541 75.7933 44.9618 75.3648 44.7147C76.2247 43.5996 76.8928 42.4264 78.1652 41.9792C78.4827 41.8882 78.7645 41.7017 78.9724 41.4451C79.1803 41.1885 79.3041 40.8741 79.3271 40.5447C79.391 39.7374 78.8275 40.0162 78.5137 39.9C77.9618 39.6909 78.1826 39.3192 78.3801 38.9359C78.9611 37.8208 79.9488 37.6466 80.8667 37.4027C82.6097 36.9322 84.3527 36.6825 85.6715 38.4423C85.2648 39.2263 84.7419 40.1265 84.3294 41.0964C84.1725 41.4565 83.9111 42.0489 84.3294 42.3741C84.7477 42.6994 85.1312 42.3741 85.3984 41.8688C87.7747 37.5072 90.7551 33.7031 93.4799 29.6725C95.5807 26.5841 97.9112 23.6584 100.452 20.9202C101.259 20.0432 101.829 18.8526 102.869 18.2834C103.343 18 103.843 17.7627 104.362 17.5749C103.802 18.4887 103.484 19.53 103.438 20.6007C103.357 21.4196 103.543 21.8494 104.304 21.4254C104.386 21.3925 104.472 21.3692 104.559 21.3557C105.268 21.1467 106.14 20.0606 106.622 20.8969C107.104 21.7332 106.564 22.9122 106.256 23.917C106.102 24.2897 105.922 24.6507 105.715 24.9972C105.623 25.1518 105.58 25.3309 105.593 25.5105C105.605 25.6901 105.672 25.8616 105.785 26.002C105.872 26.1036 105.991 26.1723 106.122 26.1966C106.253 26.2209 106.388 26.1994 106.506 26.1355C109.056 25.2934 109.039 25.2934 108.58 28.3251C108.33 29.9455 107.772 31.6878 107.999 33.1804C108.209 34.7411 108.289 36.3166 108.237 37.8905C108.202 42.0895 109.271 46.0853 109.149 50.2553C109.103 51.9976 109.556 53.9897 108.342 55.6623C107.941 56.2431 108.44 56.2431 108.708 56.2431C109.567 56.2431 109.748 55.4416 109.962 54.6808C110.782 51.7363 110.456 48.8092 110.177 45.9285C109.782 41.7992 109.155 37.7105 109.881 33.4824C110.009 32.739 109.428 31.833 110.172 31.2929C110.944 30.6795 111.863 30.2791 112.838 30.1313C115.743 29.8177 118.648 29.324 121.553 29.0917C124.017 28.8942 126.515 28.3599 128.99 28.3483C130.756 28.2391 132.527 28.2275 134.294 28.3135C136.914 28.5864 139.587 28.3832 142.178 28.9639C142.647 29.0287 143.101 29.1803 143.514 29.4111C145.298 30.5727 145.257 30.474 144.502 32.7506C143.747 35.0273 143.189 37.3446 142.544 39.6445C142.074 41.3403 141.22 42.8678 140.929 44.6566C140.766 45.6671 140.929 46.637 140.772 47.6244C140.702 48.1238 140.917 48.4375 141.353 48.4781C141.789 48.5188 141.777 48.0135 141.824 47.6941C142.602 42.1012 144.653 36.9671 146.39 31.7052C146.925 30.0907 147.523 28.4993 148.011 26.8673C148.331 25.7929 148.999 25.427 149.702 24.9856C150.126 24.7243 150.283 24.9391 150.411 25.4444C150.502 25.8995 150.516 26.3669 150.451 26.8267C150.399 27.3087 150.01 27.9302 150.451 28.2728C150.893 28.6155 151.486 28.3193 151.927 27.9592C152.369 27.5991 152.874 27.1577 153.356 27.6107C153.567 27.8646 153.711 28.1668 153.776 28.4902C153.841 28.8136 153.824 29.148 153.728 29.4634C153.696 29.7794 153.638 30.0922 153.554 30.3985C153.368 30.9095 152.833 31.4671 153.287 31.9317C153.74 32.3963 154.251 31.8911 154.698 31.4845C155.326 30.9037 156.052 30.0674 156.035 31.9317C156.035 32.1001 157.197 33.6218 157.144 34.2548C157.065 35.8618 157.363 37.4651 158.016 38.9359C158.74 40.9902 159.322 43.0918 159.759 45.2257C160.364 47.4591 161.177 49.631 162.187 51.713C162.362 52.1138 162.629 52.3867 163.024 52.1486C163.605 51.8234 163.605 51.2891 163.431 50.6677C163.123 49.3493 159.364 39.3425 159.213 34.9866C159.213 34.4523 158.928 32.8203 159.213 32.6635C159.265 32.6377 159.322 32.6229 159.38 32.6201C159.439 32.6173 159.497 32.6265 159.551 32.6472C159.606 32.6679 159.655 32.6997 159.697 32.7405C159.739 32.7812 159.772 32.8302 159.794 32.8842C160.648 34.7078 162.437 34.9924 163.698 36.154C164.552 36.938 165.255 37.9312 166.225 38.5816C168.834 40.324 171.692 41.6075 174.103 43.7448C177.008 46.335 180.442 48.0019 183.457 50.4063C183.567 50.5126 183.697 50.5954 183.84 50.6493C183.983 50.7033 184.135 50.7273 184.288 50.7199C188.477 50.2146 192.619 49.5584 196.75 48.06C200.747 46.6254 204.553 44.4417 208.602 43.2859L210.229 42.8387L210.345 43.164C208.021 45.0399 205.697 46.8926 203.402 48.7975C202.159 49.8313 201.009 51.0335 199.736 52.0151C197.11 54.0536 194.473 56.0805 191.759 57.9506C190.016 59.1528 188.64 61.0287 186.786 62.0567C186.522 62.2207 186.318 62.4668 186.207 62.7574C186.096 63.0479 186.083 63.3669 186.17 63.6655C186.42 64.3218 187.024 64.0894 187.547 64.072C191.289 63.9384 195.1 63.3809 198.749 63.921C201.073 64.2695 203.199 63.2241 205.401 63.3402C207.144 63.4506 212.437 62.3994 212.71 62.4516C215.121 62.9395 217.474 61.6037 219.879 61.7431C221.093 61.8128 221.93 62.9047 223.22 62.8756C222.25 64.1069 221.767 65.6808 220.344 66.5229C217.323 68.3175 214.406 70.3793 211.437 72.3307C210.636 72.8476 209.805 73.289 208.823 73.8581C208.997 73.0392 209.52 72.2842 208.823 71.8196C208.457 71.5815 208.097 71.9474 207.899 72.2668C207.318 73.1786 208.213 73.5213 208.434 74.1427C207.833 74.8044 207.07 75.2987 206.22 75.5772C205.521 75.8299 204.882 76.2255 204.344 76.7388C202.501 78.3189 200.531 79.7428 198.452 80.9959C196.297 82.3724 193.99 83.412 192.062 85.4098C190.419 87.1504 188.212 88.2532 185.833 88.5228C184.615 88.6138 183.418 88.89 182.284 89.3417C181.703 89.5973 177.665 91.537 176.52 92.7973C175.376 94.0576 173.761 94.5397 172.285 95.1204C170.385 95.8697 168.421 96.7408 166.475 96.8628C164.07 97.0196 161.67 97.5017 159.265 97.5133C157.522 97.5133 155.779 98.094 154.123 97.5597C152.753 97.1524 151.352 96.8571 149.934 96.6769C149.452 96.6014 148.697 95.951 148.459 96.857C148.18 97.9082 149.04 98.1173 149.714 98.4251C148.209 98.5528 146.687 98.8781 145.211 98.7445C143.735 98.6109 142.155 98.971 140.702 98.3264C141.022 97.7456 141.469 97.9953 141.864 97.8966C142.259 97.7979 142.747 97.8501 142.718 97.1474C142.718 96.6828 142.254 96.3517 142.033 96.4156C140.702 96.8105 139.599 96.0148 138.396 95.7942C138.134 95.7477 137.768 95.5154 137.641 96.0904C137.586 96.2565 137.591 96.4367 137.656 96.5992C137.721 96.7617 137.841 96.8962 137.995 96.9789C138.489 97.2403 138.994 97.4668 139.616 97.7688C137.399 98.0748 135.14 97.7234 133.121 96.7582C133.702 96.6247 134.376 96.6769 134.283 95.8755C134.23 95.254 133.667 95.2947 133.161 95.2424C132.502 95.2908 131.844 95.1214 131.29 94.7604C131.202 94.6698 131.095 94.5993 130.977 94.5535C130.858 94.5077 130.732 94.4877 130.605 94.4949C130.479 94.502 130.355 94.5362 130.243 94.595C130.131 94.6538 130.032 94.7359 129.954 94.8359C129.472 95.4166 129.954 95.8522 130.187 96.3343C126.974 96.2762 124.034 95.1727 121.083 94.1215C120.635 93.9589 120.095 94.0286 119.7 93.7731C118.974 93.2968 117.568 93.8602 117.707 91.9784C117.706 91.8952 117.685 91.8133 117.646 91.7396C117.607 91.6658 117.552 91.6021 117.484 91.5536C117.416 91.5051 117.338 91.4731 117.256 91.4601C117.173 91.4472 117.089 91.4536 117.01 91.479C113.751 92.1294 110.793 91.2409 107.894 89.7366C106.959 89.2604 106.151 88.5751 105.21 88.1105C104.85 87.9188 104.164 87.6226 104.989 86.8211C105.355 86.461 104.989 86.101 104.641 85.9209C103.661 85.3744 102.813 84.6213 102.154 83.714C101.538 82.9009 101.102 82.9009 100.771 84.0392C100.481 85.0323 100.016 84.5793 99.6616 84.2889C98.6561 83.3436 97.5287 82.537 96.3093 81.8903C97.0704 81.7161 97.9419 82.1342 98.4532 81.0598C98.5806 80.8394 98.6449 80.5883 98.6391 80.3338C98.6238 80.2781 98.5963 80.2265 98.5586 80.1828C98.5209 80.139 98.4739 80.1042 98.4211 80.0808C98.3682 80.0575 98.3108 80.0462 98.2531 80.0477C98.1953 80.0493 98.1386 80.0637 98.0871 80.0899C96.8903 80.5894 96.0363 79.7821 95.0893 79.242C94.3224 78.8064 93.538 78.0165 92.6549 79.3291C92.3644 79.7647 92.0217 79.2826 91.7834 79.0445C90.0405 77.2499 87.9025 76.1406 85.9736 74.5957C85.4856 74.2124 85.0498 74.0614 85.9039 73.4342C86.357 73.0857 86.4268 72.4062 85.6482 72.2726C84.5618 72.1158 83.609 71.1924 82.4005 71.7325C82.3136 71.7538 82.2228 71.7528 82.1364 71.7294C82.05 71.706 81.971 71.6611 81.9067 71.5989C80.0998 69.903 78.0199 68.6486 76.3583 66.7088C75.7776 66.1218 75.1667 65.5654 74.5282 65.0419L74.5224 65.0245Z" fill="black"/>
<path d="M217.84 81.8787C218.142 81.1411 217.84 80.3338 217.927 79.4917C218.09 78.2604 218.014 77.0118 218.252 75.7631C218.345 75.281 218.31 74.6364 217.788 74.5376C217.265 74.4389 217.061 74.9848 216.986 75.5482C216.945 75.8618 216.893 76.1754 216.841 76.4832C216.521 78.3475 216.887 80.1712 216.771 82.0239C216.724 82.7499 216.12 83.9811 216.817 84.0856C217.515 84.1902 217.695 82.8486 217.84 81.8787Z" fill="black"/>
<path d="M214.743 83.1333C215.365 81.3096 215.522 79.3989 215.905 77.5229C216.004 77.0002 215.957 76.5356 215.475 76.4195C214.993 76.3033 214.697 76.7389 214.609 77.3313C214.476 78.2199 214.331 79.1085 214.191 79.9971C214.034 80.9902 213.872 81.9833 213.726 82.9765C213.674 83.3365 213.662 83.7547 214.087 83.7256C214.336 83.6966 214.58 83.5863 214.743 83.1333Z" fill="black"/>
<path d="M213.477 77.7261C213.541 77.3138 213.616 76.8375 213.105 76.855C212.594 76.8724 212.524 77.157 212.466 77.7726C212.355 79.6833 212.384 81.6522 211.304 83.3713C211.147 83.621 210.909 84.2076 211.408 84.4167C211.798 84.5793 212.053 84.2773 212.251 83.8359C212.808 82.7002 213.172 81.4792 213.326 80.2235C213.645 79.4743 213.32 78.6031 213.477 77.7261Z" fill="black"/>
<path d="M54.2168 55.9993C54.9082 55.3139 54.7687 54.2569 55.0883 53.3683C55.1987 52.9676 55.2393 52.5378 54.8849 52.352C54.5305 52.1661 54.1936 52.3926 54.0425 52.8572C53.7694 53.6878 53.3105 54.4079 53.0606 55.2675C52.8747 55.8831 53.0025 56.0457 53.3569 56.3477C53.8043 56.731 54.0018 56.22 54.2168 55.9993Z" fill="black"/>
<path d="M38.0191 25.4037C38.1172 25.3775 38.2091 25.3321 38.2896 25.2703C38.3701 25.2085 38.4377 25.1315 38.4884 25.0435C38.5391 24.9556 38.572 24.8586 38.5852 24.7579C38.5984 24.6573 38.5916 24.5551 38.5652 24.4571C38.3677 23.4814 38.1179 22.5231 37.8622 21.5532C37.8478 21.4854 37.82 21.4213 37.7806 21.3643C37.7411 21.3074 37.6907 21.2589 37.6323 21.2216C37.574 21.1843 37.5087 21.159 37.4405 21.1471C37.3722 21.1353 37.3023 21.1371 37.2348 21.1524C37.1215 21.1713 37.0163 21.2233 36.9325 21.3018C36.8488 21.3804 36.7902 21.482 36.7642 21.5938C37.0082 22.6218 37.3452 23.6208 37.4672 24.6662C37.5543 25.1714 37.5775 25.5083 38.0191 25.4037Z" fill="black"/>
<path d="M35.5033 44.7902C35.5846 44.5812 35.9797 43.2802 35.0501 43.4196C34.1205 43.559 34.1147 44.5812 34.0624 45.2142C34.1554 45.9111 33.3246 46.7823 34.3529 46.7765C35.3813 46.7707 35.2302 45.5046 35.5033 44.7902Z" fill="black"/>
<path d="M47.0999 24.6256C47.1813 23.917 47.4253 23.2085 46.8792 23.0865C46.333 22.9645 46.0193 23.6034 46.0367 24.248C46.0367 24.5733 45.8566 24.7011 45.7579 24.9276C45.5313 25.4503 44.8806 26.0891 45.4441 26.5189C46.0077 26.9487 46.4957 26.0252 46.8617 25.4677C46.988 25.2024 47.0686 24.9177 47.0999 24.6256Z" fill="black"/>
<path d="M53.4501 26.5073C53.7084 26.1175 53.8606 25.6671 53.8916 25.2005C53.973 24.6198 54.1938 23.9461 53.5547 23.7544C52.782 23.5279 53.0202 24.5036 52.7587 24.8869C52.6019 25.1134 52.567 25.4677 52.4159 25.7C52.1371 26.1472 51.835 26.6699 52.3114 27.001C52.6658 27.2507 53.1247 26.9661 53.4501 26.5073Z" fill="black"/>
<path d="M48.1282 51.0626C47.7041 50.7489 48.564 49.5467 47.7099 49.6687C46.7455 49.8139 46.7629 51.109 46.4957 51.9918C46.3969 52.3112 46.1529 52.9268 46.7339 52.9501C47.7448 52.9617 47.7332 51.7827 48.1282 51.0626Z" fill="black"/>
<path d="M42.2952 48.2051C42.4114 47.5256 42.4811 46.6777 41.9815 46.8287C41.1216 47.0959 40.9996 48.4433 40.3315 49.1518C40.1223 49.3667 40.3315 49.7326 40.6568 49.7326C41.6794 49.8487 41.8363 48.7104 42.2952 48.2051Z" fill="black"/>
<path d="M30.4663 24.0681C30.4741 23.7015 30.3866 23.3392 30.2125 23.0165C30.0384 22.6938 29.7835 22.4218 29.4728 22.227C29.2171 22.076 29.0893 22.4767 29.1126 22.709C29.1881 23.6209 28.9325 24.7534 29.5948 25.3341C29.984 25.6884 30.3268 25.0438 30.4663 24.0681Z" fill="black"/>
<path d="M20.0432 40.9629C20.12 40.5845 20.0465 40.1911 19.8383 39.866C19.6301 39.5408 19.3036 39.3093 18.9277 39.2205C18.6605 39.1625 18.1376 39.4006 18.248 39.7374C18.492 40.4808 18.5269 41.4798 19.288 41.8108C19.7818 42.0083 20.0084 41.2997 20.0432 40.9629Z" fill="black"/>
<path d="M60.6774 56.098C60.811 55.4011 61.0376 54.3963 60.3404 54.2744C59.7594 54.1698 59.8175 55.2152 59.6549 55.8309C59.6549 56.4116 59.1378 57.3583 59.9337 57.5209C60.6309 57.6545 60.5554 56.673 60.6774 56.098Z" fill="black"/>
<path d="M61.9381 25.3747C62.6644 25.5606 63.0536 25.0262 63.1582 24.3467C63.2047 24.0505 63.4255 23.1852 62.9607 23.1852C61.88 23.1852 61.6418 23.8879 61.4211 24.579C61.2584 25.1831 61.5547 25.276 61.9381 25.3747Z" fill="black"/>
<path d="M21.4666 27.1287C21.3504 26.3504 21.0832 25.6535 20.3046 25.5664C19.9851 25.5316 19.7236 25.6303 19.683 25.9149C19.6655 26.3215 19.7738 26.7237 19.9932 27.0666C20.2125 27.4096 20.5323 27.6766 20.9089 27.8314C21.1703 27.9418 21.5305 27.5294 21.4666 27.1287Z" fill="black"/>
<path d="M26.0043 40.9512C26.2134 41.6482 26.1786 42.6471 26.9513 42.8562C27.2592 42.9433 27.6368 42.6703 27.6252 42.078C27.5265 41.3578 27.2999 40.7189 26.684 40.4634C26.3993 40.3356 25.9171 40.6609 26.0043 40.9512Z" fill="black"/>
<path d="M13.4782 28.7084C13.5086 28.5755 13.5101 28.4376 13.4827 28.3041C13.4552 28.1705 13.3994 28.0444 13.319 27.9343C13.2385 27.8242 13.1354 27.7326 13.0166 27.6658C12.8977 27.5989 12.7658 27.5584 12.6299 27.5468C12.049 27.4655 11.8979 28.0812 11.7236 28.5922C11.5493 29.1033 11.6829 29.4344 12.1594 29.3995C12.6358 29.3647 13.3213 29.3647 13.4782 28.7084Z" fill="black"/>
<path d="M189.72 77.0002C188.744 78.2663 187.814 79.6311 186.501 77.8772C186.159 77.9062 185.822 77.8191 185.665 77.9817C185.403 78.2489 185.613 78.638 185.665 78.9864C185.717 79.6892 186.205 79.846 186.548 80.1887C186.891 80.5313 187.507 80.7172 186.972 81.7161C186.531 82.535 186.856 83.261 187.82 82.9474C188.169 82.8312 188.547 82.5757 188.761 82.988C189.122 83.6733 189.47 83.5688 189.923 83.0693C190.504 82.3898 190.121 81.8671 189.755 81.4896C188.976 80.6881 189.215 79.9215 189.819 79.1258C190.059 78.7569 190.342 78.4176 190.661 78.1153C191.184 77.6913 190.905 77.1744 190.76 76.884C190.452 76.3439 189.999 76.6169 189.72 77.0002Z" fill="black"/>
<path d="M172.895 88.093C172.831 88.0408 172.732 88.0466 172.546 88.0001C171.022 88.6627 169.375 88.9971 167.712 88.9816C167.48 88.9816 167.288 89.3533 167.288 89.7134C167.27 89.8581 167.299 90.0049 167.371 90.1316C167.444 90.2583 167.555 90.3582 167.689 90.4162C168.072 90.4955 168.468 90.4955 168.851 90.4162C169.978 90.2942 171.216 89.4985 172.192 90.7704C172.279 90.8376 172.384 90.8769 172.494 90.8831C172.604 90.8893 172.713 90.8622 172.808 90.8053C173.551 90.1722 174.405 90.4452 175.19 90.1664C175.771 89.9631 176.352 90.0909 176.875 89.4637C177.153 89.1094 177.357 88.8016 177.153 88.3718C176.95 87.942 176.572 87.9072 176.16 88.1743C174.661 89.1094 174.156 89.0688 172.895 88.093Z" fill="black"/>
<path d="M84.6431 66.5984C84.7646 66.4322 84.8247 66.2291 84.813 66.0236C84.8014 65.8181 84.7187 65.623 84.5792 65.4717C84.1318 64.8909 83.6728 64.3101 83.1906 63.6945C83.4788 63.6057 83.7903 63.6324 84.0591 63.769C84.328 63.9055 84.5332 64.1412 84.6314 64.4263C84.98 65.129 85.6946 65.2161 86.0665 65.855C86.1121 65.9213 86.1724 65.9762 86.2427 66.0154C86.313 66.0546 86.3914 66.077 86.4718 66.081C86.5522 66.0849 86.6324 66.0702 86.7062 66.0381C86.78 66.0059 86.8454 65.9572 86.8973 65.8956C86.999 65.7477 87.0465 65.5693 87.0317 65.3904C87.0169 65.2115 86.9407 65.0433 86.816 64.9141C86.2834 64.1075 85.6617 63.3633 84.9626 62.6955C84.463 62.3064 83.638 61.3191 83.0918 62.4981C82.7374 63.2647 82.5573 63.2589 82.0519 63.0789C81.8369 63.0034 81.4709 62.8349 81.3605 63.2008C81.3238 63.3454 81.3162 63.4959 81.3382 63.6434C81.3601 63.791 81.4112 63.9327 81.4883 64.0604C82.2146 64.949 82.7897 66.006 83.76 66.61C84.1144 66.8191 84.3351 67.0282 84.6431 66.5984Z" fill="black"/>
<path d="M117.614 76.9073C119.046 76.4978 120.582 76.6668 121.89 77.3777C122.075 77.4593 122.277 77.496 122.479 77.4849C122.681 77.4738 122.877 77.4152 123.052 77.3139C123.47 77.1396 123.476 76.8202 123.517 76.4717C123.563 76.0187 123.255 76.0129 123.011 75.978C122.076 75.827 121.268 75.1127 120.205 75.2753C119.345 74.7816 118.416 75.1591 117.469 75.3973C117.004 75.5134 116.667 75.7109 116.702 76.2801C116.737 76.8492 117.033 77.0293 117.614 76.9073Z" fill="black"/>
<path d="M167.41 85.0091C167.231 85.0956 167.084 85.2367 166.99 85.412C166.896 85.5873 166.86 85.7878 166.887 85.9848C166.969 86.4843 167.265 86.432 167.683 86.3565C169.426 86.0487 170.983 85.0904 172.651 84.5271C172.814 84.4595 172.957 84.3496 173.064 84.2088C173.171 84.068 173.239 83.9012 173.261 83.7256C173.348 83.2377 173.336 82.8719 172.912 82.8835C172.732 82.8835 172.633 82.8254 172.563 82.8835C170.946 83.8148 169.214 84.5295 167.41 85.0091Z" fill="black"/>
<path d="M170.269 92.4199C169.775 92.5186 169.107 92.4547 169.06 93.0471C169.014 93.6395 169.676 93.6976 170.147 93.7498C171.857 93.921 173.581 93.6197 175.132 92.8787C175.416 92.7335 175.782 92.5186 175.544 92.0714C175.37 91.7461 175.277 91.0376 174.713 91.4441C173.29 92.4489 171.745 92.1178 170.269 92.4199Z" fill="black"/>
<path d="M97.599 77.2789C96.3034 76.158 95.2751 74.5318 93.5321 74.2473C93.2532 74.1834 92.8756 74.0149 92.7071 74.4215C92.6311 74.6264 92.6322 74.8519 92.7102 75.056C92.7883 75.2601 92.9379 75.4288 93.1312 75.5308C94.4924 76.1921 95.6608 77.1921 96.5242 78.4347C96.5917 78.5156 96.6777 78.5792 96.7748 78.6202C96.8719 78.6612 96.9774 78.6784 97.0825 78.6705C97.1876 78.6625 97.2893 78.6296 97.3792 78.5744C97.469 78.5193 97.5444 78.4435 97.599 78.3534C97.7399 78.21 97.8188 78.0171 97.8188 77.8161C97.8188 77.6152 97.7399 77.4223 97.599 77.2789Z" fill="black"/>
<path d="M135.09 78.3593C135.25 78.2753 135.375 78.1384 135.445 77.9721C135.515 77.8058 135.525 77.6203 135.473 77.4474C135.45 77.2737 135.36 77.1159 135.222 77.0074C135.085 76.899 134.91 76.8485 134.736 76.8667C133.324 77.0757 131.831 77.2848 130.361 77.5288C130.216 77.5725 130.089 77.6616 129.999 77.7829C129.909 77.9043 129.861 78.0514 129.861 78.2025C129.786 78.7832 130.21 78.6439 130.442 78.7484C131.226 79.091 132.133 78.4522 132.853 78.8587C133.736 79.364 134.37 78.6438 135.09 78.3593Z" fill="black"/>
<path d="M121.1 89.7308C121.297 88.9351 120.74 88.8306 120.246 88.7551C119.948 88.7062 119.664 88.5976 119.409 88.4357C118.489 87.8796 117.541 87.3717 116.568 86.914C116.313 86.7921 115.865 86.5655 115.714 87.2276C115.633 87.5819 115.551 87.9304 115.941 88.1336C117.271 88.8306 118.456 89.876 120.008 90.3696C120.321 90.2361 120.92 90.4219 121.1 89.7308Z" fill="black"/>
<path d="M152.81 94.9637C152.781 95.0536 152.77 95.1486 152.778 95.2429C152.786 95.3371 152.813 95.4288 152.858 95.5123C152.902 95.5958 152.963 95.6695 153.037 95.7289C153.111 95.7884 153.196 95.8323 153.287 95.8581C154.733 95.951 155.959 96.8164 157.162 97.1997C157.801 97.1997 158.44 97.6353 158.661 96.7583C158.701 96.5219 158.649 96.2791 158.517 96.0794C158.384 95.8797 158.18 95.7382 157.946 95.6839C156.54 95.2947 155.14 94.8882 153.728 94.5223C153.548 94.4608 153.35 94.4726 153.179 94.5552C153.007 94.6377 152.875 94.7845 152.81 94.9637Z" fill="black"/>
<path d="M139.058 83.3539C137.635 83.7372 136.194 83.11 134.695 82.9706C134.317 82.9358 133.934 82.9706 133.847 83.4701C133.76 83.9695 134.097 84.167 134.469 84.2251C135.033 84.2629 135.591 84.3582 136.136 84.5097C137.106 84.8756 138.065 85.2124 139.116 84.9336C139.333 84.9027 139.535 84.8041 139.693 84.6518C139.85 84.4995 139.956 84.3014 139.994 84.0857C140.046 83.4991 139.587 83.412 139.058 83.3539Z" fill="black"/>
<path d="M114.128 89.8644C112.589 89.4114 111.374 88.2499 109.98 87.4774C109.713 87.3322 109.457 87.5646 109.289 87.8201C109.231 87.9316 109.212 88.0585 109.233 88.1821C109.254 88.3056 109.314 88.419 109.405 88.5054C110.48 89.8935 111.92 90.5439 113.059 91.1131C113.727 91.3338 114.07 91.2351 114.273 90.8227C114.477 90.4104 114.424 89.9748 114.128 89.8644Z" fill="black"/>
<path d="M157.429 93.7323C157.464 94.0982 157.894 94.4931 158.173 94.3828C159.288 93.9356 160.154 94.7487 161.147 94.8997L161.531 94.9636C161.681 95.0059 161.838 95.0136 161.992 94.9862C162.145 94.9587 162.29 94.8968 162.416 94.805C162.542 94.7133 162.645 94.5942 162.719 94.4566C162.792 94.3191 162.832 94.1668 162.838 94.0111C162.943 93.1922 162.222 93.5813 161.879 93.4303C161.537 93.2793 161.211 93.2619 160.909 93.0935C160.484 92.8775 160.019 92.752 159.543 92.725C159.067 92.698 158.59 92.7701 158.144 92.9367C157.836 93.0006 157.383 93.2677 157.429 93.7323Z" fill="black"/>
<path d="M125.707 92.2224C124.476 92.1817 123.447 91.2757 122.326 91.3454C121.745 91.2524 121.257 91.1595 120.786 91.1073C120.554 91.1073 120.205 90.8866 120.141 91.3454C120.114 91.4889 120.142 91.6373 120.22 91.7611C120.297 91.8849 120.419 91.9749 120.56 92.0133C122.169 92.5941 123.767 93.2155 125.393 93.715C125.794 93.8369 126.358 93.715 126.463 92.8961C126.567 92.0772 126.033 92.234 125.707 92.2224Z" fill="black"/>
<path d="M139.604 90.875C140.026 90.9617 140.458 90.9968 140.888 90.9796C141.301 90.9157 141.766 90.7647 141.754 90.0387C141.742 89.3127 141.202 89.4579 140.888 89.487C140.494 89.4968 140.101 89.4378 139.726 89.3127C138.7 89.0571 137.651 88.8977 136.595 88.8365C136.434 88.8066 136.268 88.8393 136.131 88.9278C135.994 89.0164 135.896 89.1541 135.857 89.3127C135.836 89.3936 135.833 89.4783 135.85 89.5602C135.866 89.6422 135.901 89.7193 135.953 89.7855C136.004 89.8517 136.069 89.9053 136.144 89.9422C136.219 89.979 136.302 89.9982 136.386 89.9981C137.519 89.9748 138.483 90.7705 139.604 90.875Z" fill="black"/>
<path d="M147.151 88.8539C147.732 89.0746 148.313 89.5044 148.61 88.4996C148.935 87.3961 148.174 87.3381 147.564 87.1929C146.402 87.2568 145.24 87.2858 144.078 87.402C143.956 87.4035 143.836 87.429 143.724 87.4772C143.612 87.5254 143.511 87.5952 143.426 87.6827C143.341 87.7701 143.275 87.8735 143.23 87.9868C143.185 88.1001 143.163 88.2211 143.166 88.3428C143.218 88.9236 143.665 88.9236 144.188 88.7958C145.157 88.5034 146.194 88.5237 147.151 88.8539Z" fill="black"/>
<path d="M158.463 87.8955C158.382 87.6632 158.086 87.5471 158.045 87.5122C156.575 87.4135 155.279 87.6226 154.007 87.3496C153.502 87.2334 153.083 87.669 152.932 88.2962C152.833 88.7028 153.043 89.15 153.345 89.1035C154.908 88.8654 156.488 89.2662 158.033 88.575C158.254 88.4821 158.585 88.2324 158.463 87.8955Z" fill="black"/>
<path d="M166.417 75.8154C168.058 75.1353 169.617 74.2723 171.065 73.2426C171.289 73.1157 171.462 72.9147 171.554 72.6742C171.647 72.4336 171.652 72.1684 171.57 71.9242C171.344 71.4422 170.827 71.5002 170.408 71.9242C169.415 72.9638 168.183 73.4633 167.062 74.1951C166.487 74.5784 166.347 74.9791 166.417 75.8154Z" fill="black"/>
<path d="M156.023 90.8633L154.658 90.6484C153.943 90.3116 152.99 90.5846 152.043 90.7065C151.847 90.7185 151.663 90.8077 151.533 90.9546C151.402 91.1016 151.335 91.2943 151.346 91.4906C151.346 91.8855 151.427 92.1759 151.729 92.1004C153.164 91.7635 154.524 92.5476 155.959 92.1468C156.331 92.0423 156.726 91.8448 156.767 91.4441C156.825 90.904 156.354 90.9214 156.023 90.8633Z" fill="black"/>
<path d="M116.481 79.4626L114.837 79.2013C114.733 79.1726 114.624 79.1683 114.519 79.1887C114.413 79.2091 114.314 79.2537 114.228 79.3189C114.143 79.3842 114.073 79.4683 114.026 79.5648C113.978 79.6613 113.954 79.7674 113.954 79.875C113.873 80.4557 114.169 80.7636 114.616 80.7578C115.75 80.7201 116.874 80.9804 117.876 81.5128C118.271 81.7218 119.003 81.3618 119.194 80.7519C119.386 80.1421 118.718 80.2873 118.457 80.0608C117.829 79.5207 117.074 79.6078 116.481 79.4626Z" fill="black"/>
<path d="M164.093 92.1062C164.691 92.0842 165.26 91.8374 165.685 91.4151C165.76 90.7066 165.51 90.3 165.069 90.3813C163.907 90.6078 162.844 90.2303 161.734 90.1838C161.362 90.1838 160.787 90.1838 160.758 90.9214C160.729 91.659 161.31 92.0423 161.653 91.961C162.512 91.7636 163.274 92.1701 164.093 92.1062Z" fill="black"/>
<path d="M108.539 83.6675C108.754 83.0868 108.318 82.8719 108.074 82.7673C106.912 82.2679 105.75 81.8671 104.699 81.4606C104.158 81.4141 103.653 81.1237 103.333 81.8206C103.284 81.9364 103.28 82.0662 103.321 82.1851C103.361 82.3041 103.444 82.4038 103.554 82.4653C104.921 83.0616 106.298 83.6424 107.685 84.2077C108.045 84.3238 108.37 84.1322 108.539 83.6675Z" fill="black"/>
<path d="M141.144 93.8194C141.329 93.6525 141.455 93.4306 141.504 93.1864C141.597 92.7276 141.26 92.7334 141.016 92.6869C140.243 92.5534 139.476 92.4198 138.692 92.3152C137.815 92.1991 136.914 91.7809 136.089 92.7044C136.903 93.744 140.203 94.4873 141.144 93.8194Z" fill="black"/>
<path d="M124.958 87.2742C125.056 86.6295 124.865 86.2695 124.336 86.1823L122.407 85.8803C121.722 85.77 121.036 85.6538 120.345 85.5609C119.938 85.5086 119.665 85.7526 119.578 86.2404C119.473 86.8212 119.891 86.7631 120.159 86.8212C121.486 86.9878 122.792 87.2994 124.051 87.7505C124.371 87.8376 124.841 88.0641 124.958 87.2742Z" fill="black"/>
<path d="M150.968 93.413C151.172 92.8323 150.585 92.7509 150.289 92.5535C149.127 91.8043 147.785 92.2631 146.535 92.0889C146.437 92.071 146.335 92.079 146.24 92.1121C146.146 92.1452 146.061 92.2022 145.995 92.2777C145.929 92.3531 145.883 92.4444 145.863 92.5426C145.843 92.6408 145.848 92.7426 145.879 92.838C145.984 93.2794 146.373 93.6453 146.75 93.5408C147.229 93.4119 147.731 93.3999 148.215 93.5059C148.795 93.3665 149.173 93.9589 149.725 94.0867C149.979 94.1518 150.248 94.1186 150.479 93.9936C150.709 93.8687 150.884 93.6613 150.968 93.413Z" fill="black"/>
<path d="M166.068 79.5963C165.901 79.6674 165.762 79.7938 165.677 79.9545C165.591 80.1151 165.563 80.3003 165.598 80.479C165.743 81.0598 166.12 80.723 166.457 80.6591C168.293 80.3222 169.943 79.3175 171.686 77.9526C169.554 77.8539 167.805 78.7077 166.068 79.5963Z" fill="black"/>
<path d="M88.5648 68.486C88.3905 69.2178 89.0819 69.1771 89.4247 69.4792C90.058 70.0599 90.8888 70.2458 91.3826 71.0356C91.7835 71.6745 92.2773 71.4015 92.5794 70.9021C92.7379 70.6914 92.8066 70.4267 92.7707 70.1657C92.7348 69.9046 92.5971 69.6683 92.3877 69.5082C91.5453 68.9971 90.6447 68.5557 89.8139 68.0911C89.3608 68.2305 88.7565 67.6613 88.5648 68.486Z" fill="black"/>
<path d="M147.576 79.3466C147.744 78.5393 146.815 78.3709 146.286 78.0573C146.01 77.9645 145.722 77.9136 145.432 77.9062C144.851 77.9062 144.014 77.9062 143.195 77.9062C142.852 77.9062 142.614 78.1444 142.538 78.5683C142.428 79.1491 142.823 79.0968 143.119 79.1491C144.107 79.3175 145.089 79.5034 146.088 79.6137C146.588 79.6602 147.407 80.1481 147.576 79.3466Z" fill="black"/>
<path d="M149.452 83.6501C149.632 82.5698 148.464 82.6047 147.535 82.4188C146.828 82.2829 146.097 82.3786 145.449 82.6918C145.1 82.837 144.688 82.9125 144.729 83.4294C144.769 83.9463 145.153 83.9637 145.507 84.0566C146.193 84.2366 146.872 83.8766 147.57 84.0043C148.267 84.1321 149.254 84.8813 149.452 83.6501Z" fill="black"/>
<path d="M82.813 69.8101C82.8894 69.7131 82.9417 69.5994 82.9658 69.4783C82.9899 69.3572 82.9851 69.2321 82.9517 69.1132C82.9183 68.9943 82.8572 68.885 82.7736 68.7942C82.6899 68.7034 82.5859 68.6336 82.4702 68.5905C81.7793 68.1309 81.2285 67.4899 80.8783 66.7378C80.6858 66.3162 80.3561 65.9723 79.9429 65.7621C79.8267 65.8492 79.5362 65.9479 79.4316 66.1628C79.3317 66.3049 79.2734 66.472 79.2631 66.6453C79.2528 66.8187 79.2911 66.9915 79.3735 67.1443C80.0156 68.1471 80.7982 69.0527 81.6975 69.8334C82.1274 70.1528 82.476 70.3619 82.813 69.8101Z" fill="black"/>
<path d="M105.779 80.7985C105.965 80.4558 105.959 79.968 105.663 79.8344C104.699 79.4046 104.048 78.4986 103.269 77.7842C103.132 77.6425 102.943 77.5614 102.745 77.5587C102.547 77.5559 102.357 77.6318 102.215 77.7697C102.073 77.9076 101.992 78.0961 101.989 78.2938C101.987 78.4915 102.063 78.6821 102.2 78.8238C102.985 79.7473 103.734 80.7462 104.827 81.1469C104.999 81.2262 105.196 81.2341 105.375 81.1688C105.553 81.1035 105.699 80.9704 105.779 80.7985Z" fill="black"/>
<path d="M89.9649 73.9685C90.0462 73.9685 90.3425 74.1137 90.604 73.5736C90.7957 73.1728 90.697 72.9928 90.482 72.8244C89.5871 72.2121 88.8697 71.3747 88.4021 70.3967C88.3264 70.255 88.1996 70.1474 88.0475 70.0957C87.8954 70.0439 87.7293 70.0519 87.5829 70.118C87.2052 70.2399 87.2575 70.6987 87.2517 71.053C87.3207 71.7695 87.6238 72.4432 88.1142 72.9702C88.6047 73.4972 89.2551 73.848 89.9649 73.9685Z" fill="black"/>
<path d="M114.628 85.9557C114.843 85.8918 115.046 85.9557 115.133 85.6015C115.22 85.2472 114.988 85.0788 114.791 84.8987C114.134 84.318 113.292 84.5851 112.699 84.347C111.973 84.2308 111.374 84.1205 110.776 84.0508C110.456 84.0101 110.119 84.0856 110.195 84.6316C110.195 84.8348 109.881 85.2123 110.253 85.2123C111.729 85.2878 113.048 86.4029 114.628 85.9557Z" fill="black"/>
<path d="M162.199 74.1776C162.071 73.7362 161.728 73.5445 161.362 73.7885C160.241 74.5261 158.992 74.7293 157.824 75.2578C157.638 75.3392 157.365 75.2985 157.336 75.6876C157.406 76.0709 157.597 76.3381 157.917 76.3265C159.288 76.2742 160.607 75.7457 161.932 75.2927C162.309 75.1707 162.309 74.5667 162.199 74.1776Z" fill="black"/>
<path d="M121.588 82.9415C121.338 83.0809 120.821 83.5862 121.483 83.8823C122.711 84.4371 124.046 84.7147 125.393 84.6954C125.783 84.6954 126.038 84.3063 126.009 83.8185C126.009 83.4177 125.748 83.0344 125.428 83.1622C124.458 83.5513 123.685 83.0634 122.843 82.6743C122.413 82.697 121.99 82.7872 121.588 82.9415Z" fill="black"/>
<path d="M125.713 90.12C125.649 90.5266 125.713 91.1422 126.172 91.2816C126.875 91.4674 127.45 92.0947 128.118 91.9553C128.746 92.0308 129.234 92.2224 129.768 91.9088C129.879 91.8571 129.973 91.7751 130.038 91.6723C130.104 91.5695 130.14 91.4501 130.14 91.328C130.14 91.0493 130.001 90.9912 129.838 90.9331C128.752 90.544 127.671 90.1375 126.585 89.7716C126.253 89.6612 125.794 89.6031 125.713 90.12Z" fill="black"/>
<path d="M113.222 82.7498C113.582 82.8079 113.936 82.413 114.198 81.6231C112.757 81.716 111.665 80.7635 110.346 80.7287C109.957 80.7287 109.48 80.5545 109.312 81.0946C109.143 81.6347 109.707 81.7683 109.986 81.9948C110.944 82.7789 112.129 82.5814 113.222 82.7498Z" fill="black"/>
<path d="M162.478 84.2773C162.582 83.29 161.484 83.9811 161.089 83.563C160.351 83.6036 159.701 83.1622 158.98 83.563C158.736 83.7023 158.434 83.772 158.399 84.1437C158.364 84.5154 158.614 84.7245 158.905 84.8988C159.486 85.2182 160.067 85.0091 160.648 85.1427C161.374 85.3285 162.35 85.3808 162.478 84.2773Z" fill="black"/>
<path d="M132.691 88.2324C132.894 87.4832 132.174 87.2915 131.744 87.0708C131.125 86.6792 130.418 86.4495 129.687 86.403C129.497 86.4101 129.314 86.4751 129.163 86.5894C129.011 86.7036 128.898 86.8615 128.839 87.0418C128.822 87.2305 128.866 87.4196 128.966 87.5808C129.065 87.742 129.214 87.8667 129.391 87.9362C130.024 88.1859 130.675 88.395 131.261 88.5983C131.808 88.5693 132.47 89.0339 132.691 88.2324Z" fill="black"/>
<path d="M125.945 81.722C125.684 82.8254 126.799 83.0461 127.526 83.0984C128.252 83.1507 129.321 84.0451 129.565 82.7383C129.855 81.1702 128.403 82.0007 127.793 81.5129C127.136 81.7394 126.172 80.7927 125.945 81.722Z" fill="black"/>
<path d="M163.878 94.5397C163.518 94.6384 162.931 94.6443 163.024 95.4515C163.088 96.0323 163.361 96.3576 163.901 96.4156C164.575 96.2414 165.255 96.102 165.923 95.8813C166.324 95.7536 166.44 95.3005 166.446 94.8591C166.446 94.1971 165.964 94.3539 165.673 94.3481C165.069 94.3267 164.464 94.3912 163.878 94.5397Z" fill="black"/>
<path d="M161.728 79.8925C161.949 79.6834 162.396 79.5557 162.216 79.1085C162.147 78.9817 162.043 78.8775 161.916 78.8085C161.79 78.7395 161.646 78.7085 161.502 78.7193C160.578 78.6729 159.759 79.0968 158.893 79.4047C158.562 79.5266 157.981 79.4047 157.998 80.0493C157.998 80.5778 158.498 80.6301 158.841 80.6708C159.839 80.5688 160.814 80.306 161.728 79.8925Z" fill="black"/>
<path d="M100.185 72.5514C98.9877 71.1459 97.8954 70.722 96.9659 71.2272C96.5592 71.4479 96.2048 71.7035 96.594 72.2552C97.1983 73.1322 99.2549 73.3122 100.185 72.5514Z" fill="black"/>
<path d="M91.121 67.458C90.9583 67.853 91.2953 68.2363 91.5974 68.4105C92.3639 68.8652 93.1597 69.2688 93.9795 69.6185C94.0615 69.6363 94.1464 69.636 94.2283 69.6179C94.3102 69.5997 94.3873 69.564 94.4541 69.5132C94.5209 69.4624 94.5759 69.3978 94.6153 69.3237C94.6547 69.2497 94.6776 69.168 94.6825 69.0842C94.7289 68.7241 94.8509 68.3989 94.421 68.2188C93.6774 67.9052 92.9627 67.4987 92.4805 67.2548C91.8182 67.2083 91.3418 66.9237 91.121 67.458Z" fill="black"/>
<path d="M76.7067 63.6365C76.7997 63.0558 75.4983 61.116 74.9638 60.9766C74.884 60.9559 74.8009 60.9513 74.7194 60.9633C74.6378 60.9753 74.5595 61.0035 74.4891 61.0463C74.4186 61.0891 74.3575 61.1456 74.3093 61.2124C74.2611 61.2792 74.2268 61.3551 74.2085 61.4354C74.0051 62.0162 75.4053 64.2696 75.9514 64.3393C76.3639 64.3741 76.6312 64.1302 76.7067 63.6365Z" fill="black"/>
<path d="M152.258 76.7389C152.114 76.7286 151.969 76.7493 151.834 76.7996C151.699 76.8499 151.576 76.9286 151.473 77.0304C151.371 77.1322 151.292 77.2548 151.241 77.3898C151.189 77.5249 151.168 77.6693 151.177 77.8133C151.177 78.5045 151.857 78.3128 152.217 78.2431C152.578 78.1734 152.897 78.2025 153.228 78.1502C153.809 78.0457 154.762 79.0214 154.971 77.9121C155.105 77.1513 153.989 76.9944 153.286 76.8841H153.159C152.864 76.808 152.562 76.7594 152.258 76.7389Z" fill="black"/>
<path d="M166.545 82.1168C165.964 82.384 165.052 82.6976 165.237 83.5049C165.493 84.6025 166.306 83.7256 166.876 83.5513C167.445 83.3771 168.166 83.2087 168.462 82.3259C168.398 81.8554 168.375 81.3502 167.776 81.5999C167.358 81.7625 166.951 81.9368 166.545 82.1168Z" fill="black"/>
<path d="M146.524 95.0159C146.101 94.6297 145.574 94.3772 145.008 94.2899C144.653 94.0866 144.281 94.4177 143.904 94.4177C143.613 94.4177 143.294 94.499 143.259 94.8068C143.212 95.2192 143.538 95.3876 143.84 95.3876C144.577 95.4393 145.277 95.731 145.833 96.2181C146.251 96.5608 146.466 96.3575 146.774 95.9103C147.244 95.2946 146.745 95.1553 146.524 95.0159Z" fill="black"/>
<path d="M106.459 76.0361C106.302 76.5413 106.866 76.733 107.156 76.9131C107.708 77.2557 108.417 77.0524 108.975 77.5229C109.219 77.7261 109.556 77.308 109.724 77.0118C109.893 76.7156 109.614 76.4833 109.399 76.3613C108.818 76.0186 108.202 75.6934 107.604 75.3624C107.363 75.3052 107.109 75.3434 106.896 75.469C106.682 75.5945 106.526 75.7978 106.459 76.0361Z" fill="black"/>
<path d="M132.052 91.4674C131.895 91.961 132.278 92.0888 132.545 92.3501C133.126 92.9309 133.766 92.5186 134.37 92.5883C134.453 92.6 134.537 92.5937 134.617 92.5698C134.697 92.5459 134.771 92.505 134.834 92.4498C134.897 92.3947 134.947 92.3266 134.982 92.2502C135.016 92.1739 135.033 92.0911 135.032 92.0075C135.038 91.7937 134.977 91.5835 134.857 91.4064C134.737 91.2293 134.565 91.0942 134.364 91.0201C133.835 91.3802 133.336 91.1247 132.836 91.0608C132.678 91.0189 132.51 91.0373 132.365 91.1124C132.22 91.1876 132.108 91.3142 132.052 91.4674Z" fill="black"/>
<path d="M154.28 84.2889C154.524 83.7081 154.001 83.5281 153.699 83.2551C153.436 82.9654 153.078 82.7789 152.689 82.7288C152.301 82.6788 151.907 82.7686 151.579 82.9822C151.497 83.0286 151.329 83.0983 151.422 83.3365C151.776 84.2192 152.52 84.347 152.95 84.5445C153.635 84.7071 154.071 84.8 154.28 84.2889Z" fill="black"/>
<path d="M78.7405 60.7094C78.6998 59.5478 77.7295 59.7627 77.1602 59.3039C76.8813 59.5188 76.3875 58.967 76.3119 59.6814C76.1667 61.0811 77.3112 60.9359 77.9213 61.3831C78.2873 61.6444 78.7637 61.2611 78.7405 60.7094Z" fill="black"/>
<path d="M209.787 67.3882C209.857 66.941 209.787 66.4648 209.369 66.459C209.106 66.4606 208.853 66.5594 208.659 66.7363C208.465 66.9133 208.343 67.1559 208.317 67.4173C208.277 67.7309 208.358 68.2362 208.864 68.2652C209.369 68.2942 209.694 68.0445 209.787 67.3882Z" fill="black"/>
<path d="M213.279 69.7404C213.279 69.3048 213.279 68.6602 212.698 68.5789C212.117 68.4976 211.978 68.7938 211.844 69.421C211.711 70.0482 212.117 70.2631 212.477 70.3909C212.838 70.5187 213.285 70.0192 213.279 69.7404Z" fill="black"/>
</svg>

===== END FILE: label_studio/core/static_build/images/opossum_broken.df8566d9c026.svg =====


===== FILE: label_studio/core/static_build/images/login-bg.2c7fadf7bd88.svg =====
<svg width="180" height="239" viewBox="0 0 180 239" fill="none" xmlns="http://www.w3.org/2000/svg">
<path fill-rule="evenodd" clip-rule="evenodd" d="M-9.91821e-05 59.8662H119.84V179.706H-9.91821e-05V59.8662ZM59.9197 119.786H119.84V179.706H59.9197V119.786Z" fill="#FF7557"/>
<rect width="60.0546" height="60.0546" transform="matrix(-1 0 0 1 179.765 0)" fill="#FFA663"/>
<path fill-rule="evenodd" clip-rule="evenodd" d="M179.762 239H59.9219V119.16H179.762V239ZM119.842 179.08H59.922V119.16H119.842V179.08Z" fill="#E37BD3"/>
</svg>

===== END FILE: label_studio/core/static_build/images/login-bg.2c7fadf7bd88.svg =====
